Div,Date,Time,HomeTeam,AwayTeam,FTHG,FTAG,HTHG,HTAG,FTR,HTR,B365H,B365D,B365A,B365>2.5,B365<2.5
E0,2022-08-05,20:00:00,Crystal Palace,Arsenal,0,2,0.0,1.0,A,A,4.2,3.6,1.85,2.1,1.72
E0,2022-08-06,12:30:00,Fulham,Liverpool,2,2,1.0,0.0,D,H,11.0,6.0,1.25,1.5,2.62
E0,2022-08-06,15:00:00,Bournemouth,Aston Villa,2,0,1.0,0.0,H,H,3.75,3.5,2.0,2.0,1.8
E0,2022-08-06,15:00:00,Leeds,Wolves,2,1,1.0,1.0,H,D,2.25,3.4,3.2,2.05,1.85
E0,2022-08-06,15:00:00,Newcastle,Nott'm Forest,2,0,0.0,0.0,H,D,1.66,3.8,5.25,2.05,1.85
E0,2022-08-06,15:00:00,Tottenham,Southampton,4,1,2.0,1.0,H,H,1.33,5.5,8.5,1.61,2.3
E0,2022-08-06,17:30:00,Everton,Chelsea,0,1,0.0,1.0,A,A,5.5,4.0,1.61,2.02,1.88
E0,2022-08-07,14:00:00,Leicester,Brentford,2,2,1.0,0.0,D,H,2.0,3.75,3.5,1.72,2.1
E0,2022-08-07,14:00:00,Man United,Brighton,1,2,0.0,2.0,A,A,1.6,4.2,5.25,1.92,1.98
E0,2022-08-07,16:30:00,West Ham,Man City,0,2,0.0,1.0,A,A,8.0,5.0,1.36,1.53,2.5
E0,2022-08-13,12:30:00,Aston Villa,Everton,2,1,1.0,0.0,H,H,1.8,3.5,4.75,2.1,1.72
E0,2022-08-13,15:00:00,Arsenal,Leicester,4,2,2.0,0.0,H,H,1.53,4.33,5.75,1.66,2.2
E0,2022-08-13,15:00:00,Brighton,Newcastle,0,0,0.0,0.0,D,D,2.45,3.2,3.0,2.1,1.72
E0,2022-08-13,15:00:00,Man City,Bournemouth,4,0,3.0,0.0,H,H,1.06,13.0,29.0,1.33,3.4
E0,2022-08-13,15:00:00,Southampton,Leeds,2,2,0.0,0.0,D,D,2.25,3.5,3.1,1.72,2.1
E0,2022-08-13,15:00:00,Wolves,Fulham,0,0,0.0,0.0,D,D,2.3,3.3,3.2,2.1,1.72
E0,2022-08-13,17:30:00,Brentford,Man United,4,0,4.0,0.0,H,H,3.75,3.5,2.0,1.8,2.0
E0,2022-08-14,14:00:00,Nott'm Forest,West Ham,1,0,1.0,0.0,H,H,4.2,3.6,1.85,1.92,1.98
E0,2022-08-14,16:30:00,Chelsea,Tottenham,2,2,1.0,0.0,D,H,2.25,3.4,3.2,1.98,1.92
E0,2022-08-15,20:00:00,Liverpool,Crystal Palace,1,1,0.0,1.0,D,A,1.18,6.75,16.0,1.57,2.37
E0,2022-08-20,12:30:00,Tottenham,Wolves,1,0,0.0,0.0,H,D,1.4,4.75,7.5,1.72,2.1
E0,2022-08-20,15:00:00,Crystal Palace,Aston Villa,3,1,1.0,1.0,H,D,2.5,3.25,2.9,2.2,1.66
E0,2022-08-20,15:00:00,Everton,Nott'm Forest,1,1,0.0,0.0,D,D,1.9,3.6,4.0,2.1,1.72
E0,2022-08-20,15:00:00,Fulham,Brentford,3,2,2.0,1.0,H,H,2.45,3.4,2.9,1.96,1.94
E0,2022-08-20,15:00:00,Leicester,Southampton,1,2,0.0,0.0,A,D,1.83,4.0,4.0,1.61,2.3
E0,2022-08-20,17:30:00,Bournemouth,Arsenal,0,3,0.0,2.0,A,A,8.0,4.75,1.4,1.72,2.1
E0,2022-08-21,14:00:00,Leeds,Chelsea,3,0,2.0,0.0,H,H,5.75,4.5,1.53,1.66,2.2
E0,2022-08-21,14:00:00,West Ham,Brighton,0,2,0.0,1.0,A,A,2.3,3.4,3.1,1.99,1.91
E0,2022-08-21,16:30:00,Newcastle,Man City,3,3,2.0,1.0,D,H,7.5,5.0,1.36,1.66,2.2
E0,2022-08-22,20:00:00,Man United,Liverpool,2,1,1.0,0.0,H,H,5.25,4.33,1.6,1.5,2.62
E0,2022-08-27,12:30:00,Southampton,Man United,0,1,0.0,0.0,A,D,4.2,4.0,1.8,1.57,2.37
E0,2022-08-27,15:00:00,Brentford,Everton,1,1,0.0,1.0,D,A,2.0,3.5,3.75,2.06,1.84
E0,2022-08-27,15:00:00,Brighton,Leeds,1,0,0.0,0.0,H,D,1.9,3.8,3.8,1.88,2.02
E0,2022-08-27,15:00:00,Chelsea,Leicester,2,1,0.0,0.0,H,D,1.4,5.0,7.0,1.61,2.3
E0,2022-08-27,15:00:00,Liverpool,Bournemouth,9,0,5.0,0.0,H,H,1.1,10.0,26.0,1.36,3.2
E0,2022-08-27,15:00:00,Man City,Crystal Palace,4,2,0.0,2.0,H,A,1.18,7.5,13.0,1.44,2.75
E0,2022-08-27,17:30:00,Arsenal,Fulham,2,1,0.0,0.0,H,D,1.3,5.75,9.0,1.5,2.62
E0,2022-08-28,14:00:00,Aston Villa,West Ham,0,1,0.0,0.0,A,D,2.3,3.4,3.1,1.91,1.99
E0,2022-08-28,14:00:00,Wolves,Newcastle,1,1,1.0,0.0,D,H,2.7,3.3,2.7,2.1,1.72
E0,2022-08-28,16:30:00,Nott'm Forest,Tottenham,0,2,0.0,1.0,A,A,7.0,4.6,1.44,1.72,2.1
E0,2022-08-30,19:30:00,Crystal Palace,Brentford,1,1,0.0,0.0,D,D,2.05,3.4,3.6,2.1,1.72
E0,2022-08-30,19:30:00,Fulham,Brighton,2,1,0.0,0.0,H,D,3.1,3.3,2.3,2.01,1.89
E0,2022-08-30,19:45:00,Southampton,Chelsea,2,1,2.0,1.0,H,H,5.25,4.0,1.61,1.72,2.1
E0,2022-08-30,20:00:00,Leeds,Everton,1,1,0.0,1.0,D,A,2.15,3.5,3.3,1.87,2.03
E0,2022-08-31,19:30:00,Arsenal,Aston Villa,2,1,1.0,0.0,H,H,1.45,4.5,6.0,1.72,2.1
E0,2022-08-31,19:30:00,Bournemouth,Wolves,0,0,0.0,0.0,D,D,3.5,3.3,2.15,2.1,1.72
E0,2022-08-31,19:30:00,Man City,Nott'm Forest,6,0,3.0,0.0,H,H,1.06,13.0,29.0,1.22,4.33
E0,2022-08-31,19:45:00,West Ham,Tottenham,1,1,0.0,1.0,D,A,3.6,3.8,1.95,1.72,2.1
E0,2022-08-31,20:00:00,Liverpool,Newcastle,2,1,0.0,1.0,H,A,1.33,5.25,9.0,1.5,2.62
E0,2022-09-01,20:00:00,Leicester,Man United,0,1,0.0,1.0,A,A,3.4,3.75,2.05,1.66,2.2
E0,2022-09-03,12:30:00,Everton,Liverpool,0,0,0.0,0.0,D,D,7.0,4.75,1.4,1.57,2.37
E0,2022-09-03,15:00:00,Brentford,Leeds,5,2,2.0,1.0,H,H,2.1,3.5,3.4,1.72,2.1
E0,2022-09-03,15:00:00,Chelsea,West Ham,2,1,0.0,0.0,H,D,1.55,4.5,5.5,1.72,2.1
E0,2022-09-03,15:00:00,Newcastle,Crystal Palace,0,0,0.0,0.0,D,D,2.0,3.5,3.75,2.0,1.8
E0,2022-09-03,15:00:00,Nott'm Forest,Bournemouth,2,3,2.0,0.0,A,H,1.95,3.5,3.8,2.1,1.72
E0,2022-09-03,15:00:00,Tottenham,Fulham,2,1,1.0,0.0,H,H,1.5,4.5,6.5,1.61,2.3
E0,2022-09-03,15:00:00,Wolves,Southampton,1,0,1.0,0.0,H,H,2.2,3.4,3.25,2.04,1.86
E0,2022-09-03,17:30:00,Aston Villa,Man City,1,1,0.0,0.0,D,D,8.0,5.5,1.33,1.53,2.5
E0,2022-09-04,14:00:00,Brighton,Leicester,5,2,2.0,2.0,H,D,1.83,3.5,4.5,2.01,1.89
E0,2022-09-04,16:30:00,Man United,Arsenal,3,1,1.0,0.0,H,H,2.5,3.5,2.7,1.66,2.2
E0,2022-09-16,20:00:00,Aston Villa,Southampton,1,0,1.0,0.0,H,H,2.1,3.5,3.5,1.88,2.02
E0,2022-09-16,20:00:00,Nott'm Forest,Fulham,2,3,1.0,0.0,A,H,2.75,3.3,2.62,1.93,1.97
E0,2022-09-17,12:30:00,Wolves,Man City,0,3,0.0,2.0,A,A,9.5,5.0,1.33,1.57,2.37
E0,2022-09-17,15:00:00,Newcastle,Bournemouth,1,1,0.0,0.0,D,D,1.44,4.4,7.5,1.87,2.03
E0,2022-09-17,17:30:00,Tottenham,Leicester,6,2,2.0,2.0,H,D,1.45,4.5,7.0,1.57,2.37
E0,2022-09-18,12:00:00,Brentford,Arsenal,0,3,0.0,2.0,A,A,4.2,3.8,1.8,1.66,2.2
E0,2022-09-18,14:15:00,Everton,West Ham,1,0,0.0,0.0,H,D,2.9,3.25,2.5,2.06,1.84
E0,2022-10-01,12:30:00,Arsenal,Tottenham,3,1,1.0,1.0,H,D,2.05,3.75,3.3,1.72,2.1
E0,2022-10-01,15:00:00,Bournemouth,Brentford,0,0,0.0,0.0,D,D,3.3,3.4,2.2,2.02,1.88
E0,2022-10-01,15:00:00,Crystal Palace,Chelsea,1,2,1.0,1.0,A,D,4.2,3.6,1.85,2.1,1.72
E0,2022-10-01,15:00:00,Fulham,Newcastle,1,4,0.0,3.0,A,A,3.0,3.4,2.37,1.91,1.99
E0,2022-10-01,15:00:00,Liverpool,Brighton,3,3,1.0,2.0,D,A,1.33,5.25,8.5,1.53,2.5
E0,2022-10-01,15:00:00,Southampton,Everton,1,2,0.0,0.0,A,D,2.15,3.4,3.4,2.04,1.86
E0,2022-10-01,17:30:00,West Ham,Wolves,2,0,1.0,0.0,H,H,1.95,3.5,4.2,2.2,1.66
E0,2022-10-02,14:00:00,Man City,Man United,6,3,4.0,0.0,H,H,1.33,5.75,7.5,1.44,2.75
E0,2022-10-02,16:30:00,Leeds,Aston Villa,0,0,0.0,0.0,D,D,2.35,3.4,3.0,1.8,2.0
E0,2022-10-03,20:00:00,Leicester,Nott'm Forest,4,0,3.0,0.0,H,H,1.75,4.0,4.33,1.66,2.2
E0,2022-10-08,15:00:00,Bournemouth,Leicester,2,1,0.0,1.0,H,A,3.6,3.4,2.05,1.8,2.0
E0,2022-10-08,15:00:00,Chelsea,Wolves,3,0,1.0,0.0,H,H,1.4,4.5,8.0,1.87,2.03
E0,2022-10-08,15:00:00,Man City,Southampton,4,0,2.0,0.0,H,H,1.11,10.0,17.0,1.25,4.0
E0,2022-10-08,15:00:00,Newcastle,Brentford,5,1,2.0,0.0,H,H,1.83,3.8,4.2,1.72,2.1
E0,2022-10-08,17:30:00,Brighton,Tottenham,0,1,0.0,1.0,A,A,2.8,3.4,2.5,1.88,2.02
E0,2022-10-09,14:00:00,Crystal Palace,Leeds,2,1,1.0,1.0,H,D,2.05,3.5,3.6,1.86,2.04
E0,2022-10-09,14:00:00,West Ham,Fulham,3,1,1.0,1.0,H,D,1.72,3.8,4.75,1.8,2.0
E0,2022-10-09,16:30:00,Arsenal,Liverpool,3,2,2.0,1.0,H,H,2.5,3.6,2.62,1.57,2.37
E0,2022-10-09,19:00:00,Everton,Man United,1,2,1.0,2.0,A,A,3.6,3.5,2.05,1.88,2.02
E0,2022-10-10,20:00:00,Nott'm Forest,Aston Villa,1,1,1.0,1.0,D,D,3.3,3.4,2.2,2.03,1.87
E0,2022-10-14,20:00:00,Brentford,Brighton,2,0,1.0,0.0,H,H,3.1,3.4,2.3,1.97,1.93
E0,2022-10-15,12:30:00,Leicester,Crystal Palace,0,0,0.0,0.0,D,D,2.3,3.4,3.1,1.89,2.01
E0,2022-10-15,15:00:00,Fulham,Bournemouth,2,2,1.0,2.0,D,A,1.85,3.75,4.0,1.96,1.94
E0,2022-10-15,15:00:00,Wolves,Nott'm Forest,1,0,0.0,0.0,H,D,1.7,3.75,5.0,2.06,1.84
E0,2022-10-15,17:30:00,Tottenham,Everton,2,0,0.0,0.0,H,D,1.5,4.5,6.5,1.72,2.1
E0,2022-10-16,14:00:00,Aston Villa,Chelsea,0,2,0.0,1.0,A,A,4.33,3.75,1.8,2.03,1.87
E0,2022-10-16,14:00:00,Leeds,Arsenal,0,1,0.0,1.0,A,A,6.0,4.2,1.55,1.61,2.3
E0,2022-10-16,14:00:00,Man United,Newcastle,0,0,0.0,0.0,D,D,1.95,3.8,3.5,1.72,2.1
E0,2022-10-16,14:00:00,Southampton,West Ham,1,1,1.0,0.0,D,H,2.9,3.4,2.4,2.0,1.9
E0,2022-10-16,16:30:00,Liverpool,Man City,1,0,0.0,0.0,H,D,3.6,4.0,1.9,1.44,2.75
E0,2022-10-18,19:30:00,Brighton,Nott'm Forest,0,0,0.0,0.0,D,D,1.4,4.75,7.0,1.72,2.1
E0,2022-10-18,20:15:00,Crystal Palace,Wolves,2,1,0.0,1.0,H,A,2.25,3.1,3.4,2.5,1.53
E0,2022-10-19,19:30:00,Bournemouth,Southampton,0,1,0.0,1.0,A,A,2.62,3.3,2.62,2.0,1.8
E0,2022-10-19,19:30:00,Brentford,Chelsea,0,0,0.0,0.0,D,D,4.75,3.8,1.72,1.88,2.02
E0,2022-10-19,19:30:00,Liverpool,West Ham,1,0,1.0,0.0,H,H,1.4,5.0,7.0,1.5,2.62
E0,2022-10-19,19:30:00,Newcastle,Everton,1,0,1.0,0.0,H,H,1.6,3.8,5.75,1.92,1.98
E0,2022-10-19,20:15:00,Man United,Tottenham,2,0,0.0,0.0,H,D,2.45,3.5,2.75,1.72,2.1
E0,2022-10-20,19:30:00,Fulham,Aston Villa,3,0,1.0,0.0,H,H,2.9,3.3,2.5,2.0,1.9
E0,2022-10-20,20:15:00,Leicester,Leeds,2,0,2.0,0.0,H,H,2.25,3.6,3.0,1.72,2.1
E0,2022-10-22,12:30:00,Nott'm Forest,Liverpool,1,0,0.0,0.0,H,D,11.0,6.0,1.25,1.5,2.62
E0,2022-10-22,15:00:00,Everton,Crystal Palace,3,0,1.0,0.0,H,H,2.6,3.2,2.87,2.2,1.66
E0,2022-10-22,15:00:00,Man City,Brighton,3,1,2.0,0.0,H,H,1.2,7.0,13.0,1.44,2.75
E0,2022-10-22,17:30:00,Chelsea,Man United,1,1,0.0,0.0,D,D,2.05,3.5,3.5,1.91,1.99
E0,2022-10-23,14:00:00,Aston Villa,Brentford,4,0,3.0,0.0,H,H,2.1,3.5,3.5,1.94,1.96
E0,2022-10-23,14:00:00,Leeds,Fulham,2,3,1.0,1.0,A,D,2.05,3.5,3.6,1.72,2.1
E0,2022-10-23,14:00:00,Southampton,Arsenal,1,1,0.0,1.0,D,A,6.0,4.0,1.57,1.66,2.2
E0,2022-10-23,14:00:00,Wolves,Leicester,0,4,0.0,2.0,A,A,2.25,3.25,3.25,2.0,1.9
E0,2022-10-23,16:30:00,Tottenham,Newcastle,1,2,0.0,2.0,A,A,2.05,3.5,3.5,1.92,1.98
E0,2022-10-24,20:00:00,West Ham,Bournemouth,2,0,1.0,0.0,H,H,1.55,4.0,6.0,2.01,1.89
E0,2022-10-29,12:30:00,Leicester,Man City,0,1,0.0,0.0,A,D,10.0,6.5,1.25,1.44,2.75
E0,2022-10-29,15:00:00,Bournemouth,Tottenham,2,3,1.0,0.0,A,H,5.0,3.8,1.7,1.96,1.94
E0,2022-10-29,15:00:00,Brentford,Wolves,1,1,0.0,0.0,D,D,2.2,3.4,3.3,2.01,1.89
E0,2022-10-29,15:00:00,Brighton,Chelsea,4,1,3.0,0.0,H,H,3.0,3.3,2.4,2.1,1.72
E0,2022-10-29,15:00:00,Crystal Palace,Southampton,1,0,1.0,0.0,H,H,1.9,3.6,4.0,2.06,1.84
E0,2022-10-29,15:00:00,Newcastle,Aston Villa,4,0,1.0,0.0,H,H,1.8,3.75,4.5,1.94,1.96
E0,2022-10-29,17:30:00,Fulham,Everton,0,0,0.0,0.0,D,D,2.37,3.4,3.0,1.87,2.03
E0,2022-10-29,19:45:00,Liverpool,Leeds,1,2,1.0,1.0,A,D,1.3,6.0,9.0,1.36,3.2
E0,2022-10-30,14:00:00,Arsenal,Nott'm Forest,5,0,1.0,0.0,H,H,1.2,7.0,12.0,1.5,2.62
E0,2022-10-30,16:15:00,Man United,West Ham,1,0,1.0,0.0,H,H,1.66,4.0,4.8,1.86,2.04
E0,2022-11-05,15:00:00,Leeds,Bournemouth,4,3,1.0,2.0,H,A,1.72,3.8,4.75,1.8,2.0
E0,2022-11-05,15:00:00,Man City,Fulham,2,1,1.0,1.0,H,D,1.11,9.5,19.0,1.28,3.75
E0,2022-11-05,15:00:00,Nott'm Forest,Brentford,2,2,1.0,1.0,D,D,2.75,3.3,2.6,2.03,1.87
E0,2022-11-05,15:00:00,Wolves,Brighton,2,3,2.0,2.0,A,D,3.3,3.3,2.25,2.1,1.72
E0,2022-11-05,17:30:00,Everton,Leicester,0,2,0.0,1.0,A,A,2.4,3.3,3.0,2.0,1.8
E0,2022-11-06,12:00:00,Chelsea,Arsenal,0,1,0.0,0.0,A,D,2.55,3.4,2.7,1.93,1.97
E0,2022-11-06,14:00:00,Aston Villa,Man United,3,1,2.0,1.0,H,H,3.3,3.8,2.1,1.94,1.96
E0,2022-11-06,14:00:00,Southampton,Newcastle,1,4,0.0,1.0,A,A,4.0,3.6,1.9,1.95,1.95
E0,2022-11-06,14:00:00,West Ham,Crystal Palace,1,2,1.0,1.0,A,D,1.9,3.4,4.2,2.1,1.72
E0,2022-11-06,16:30:00,Tottenham,Liverpool,1,2,0.0,2.0,A,A,3.3,3.6,2.1,1.66,2.2
E0,2022-11-12,12:30:00,Man City,Brentford,1,2,1.0,1.0,A,D,1.14,8.0,17.0,1.36,3.2
E0,2022-11-12,15:00:00,Bournemouth,Everton,3,0,2.0,0.0,H,H,2.8,3.25,2.6,2.1,1.72
E0,2022-11-12,15:00:00,Liverpool,Southampton,3,1,3.0,1.0,H,H,1.25,6.5,11.0,1.4,3.0
E0,2022-11-12,15:00:00,Nott'm Forest,Crystal Palace,1,0,0.0,0.0,H,D,3.1,3.1,2.45,2.2,1.66
E0,2022-11-12,15:00:00,Tottenham,Leeds,4,3,1.0,2.0,H,A,1.65,4.2,4.75,1.61,2.3
E0,2022-11-12,15:00:00,West Ham,Leicester,0,2,0.0,1.0,A,A,2.05,3.4,3.75,1.99,1.91
E0,2022-11-12,17:30:00,Newcastle,Chelsea,1,0,0.0,0.0,H,D,2.35,3.4,3.0,1.98,1.92
E0,2022-11-12,19:45:00,Wolves,Arsenal,0,2,0.0,0.0,A,D,6.0,4.2,1.55,1.8,2.0
E0,2022-11-13,14:00:00,Brighton,Aston Villa,1,2,1.0,1.0,A,D,1.83,3.75,4.2,1.96,1.94
E0,2022-11-13,16:30:00,Fulham,Man United,1,2,0.0,1.0,A,A,3.8,3.8,1.9,1.61,2.3
E0,2022-12-26,12:30:00,Brentford,Tottenham,2,2,1.0,0.0,D,H,4.0,3.6,1.91,1.8,2.0
E0,2022-12-26,15:00:00,Crystal Palace,Fulham,0,3,0.0,1.0,A,A,2.05,3.6,3.5,2.02,1.88
E0,2022-12-26,15:00:00,Everton,Wolves,1,2,1.0,1.0,A,D,2.3,3.25,3.2,2.2,1.67
E0,2022-12-26,15:00:00,Leicester,Newcastle,0,3,0.0,3.0,A,A,3.25,3.5,2.2,1.86,2.04
E0,2022-12-26,15:00:00,Southampton,Brighton,1,3,0.0,2.0,A,A,3.3,3.5,2.15,1.94,1.96
E0,2022-12-26,17:30:00,Aston Villa,Liverpool,1,3,0.0,2.0,A,A,4.75,4.0,1.7,1.67,2.2
E0,2022-12-26,20:00:00,Arsenal,West Ham,3,1,0.0,1.0,H,A,1.5,4.33,6.5,1.73,2.1
E0,2022-12-27,17:30:00,Chelsea,Bournemouth,2,0,2.0,0.0,H,H,1.3,5.5,10.0,1.67,2.2
E0,2022-12-27,20:00:00,Man United,Nott'm Forest,3,0,2.0,0.0,H,H,1.29,5.5,11.0,1.67,2.2
E0,2022-12-28,20:00:00,Leeds,Man City,1,3,0.0,1.0,A,A,9.5,6.0,1.29,1.44,2.75
E0,2022-12-30,19:45:00,West Ham,Brentford,0,2,0.0,2.0,A,A,2.0,3.6,3.6,1.98,1.95
E0,2022-12-30,20:00:00,Liverpool,Leicester,2,1,2.0,1.0,H,H,1.29,6.0,9.5,1.44,2.75
E0,2022-12-31,12:30:00,Wolves,Man United,0,1,0.0,0.0,A,D,4.0,3.6,1.91,2.03,1.9
E0,2022-12-31,15:00:00,Bournemouth,Crystal Palace,0,2,0.0,2.0,A,A,2.8,3.3,2.5,2.1,1.73
E0,2022-12-31,15:00:00,Fulham,Southampton,2,1,1.0,0.0,H,H,1.95,3.6,3.75,1.73,2.1
E0,2022-12-31,15:00:00,Man City,Everton,1,1,1.0,0.0,D,H,1.13,9.0,19.0,1.36,3.2
E0,2022-12-31,15:00:00,Newcastle,Leeds,0,0,0.0,0.0,D,D,1.45,4.5,7.0,1.62,2.3
E0,2022-12-31,17:30:00,Brighton,Arsenal,2,4,0.0,2.0,A,A,3.4,3.5,2.1,1.89,2.04
E0,2023-01-01,14:00:00,Tottenham,Aston Villa,0,2,0.0,0.0,A,D,1.67,4.0,5.0,1.8,2.0
E0,2023-01-01,16:30:00,Nott'm Forest,Chelsea,1,1,0.0,1.0,D,A,5.0,3.8,1.7,2.02,1.91
E0,2023-01-02,17:30:00,Brentford,Liverpool,3,1,2.0,0.0,H,H,5.5,4.33,1.55,1.57,2.38
E0,2023-01-03,19:45:00,Arsenal,Newcastle,0,0,0.0,0.0,D,D,1.8,3.8,4.33,1.8,2.0
E0,2023-01-03,19:45:00,Everton,Brighton,1,4,0.0,1.0,A,A,3.5,3.5,2.1,2.02,1.88
E0,2023-01-03,19:45:00,Leicester,Fulham,0,1,0.0,1.0,A,A,2.2,3.6,3.1,1.73,2.1
E0,2023-01-03,20:00:00,Man United,Bournemouth,3,0,1.0,0.0,H,H,1.29,5.5,11.0,1.53,2.5
E0,2023-01-04,19:30:00,Southampton,Nott'm Forest,0,1,0.0,1.0,A,A,2.0,3.5,3.8,2.06,1.84
E0,2023-01-04,19:45:00,Leeds,West Ham,2,2,1.0,1.0,D,D,2.6,3.5,2.6,1.8,2.0
E0,2023-01-04,20:00:00,Aston Villa,Wolves,1,1,0.0,1.0,D,A,1.95,3.6,4.0,2.08,1.82
E0,2023-01-04,20:00:00,Crystal Palace,Tottenham,0,4,0.0,0.0,A,D,3.4,3.5,2.15,1.92,1.98
E0,2023-01-05,20:00:00,Chelsea,Man City,0,1,0.0,0.0,A,D,5.0,4.0,1.67,1.8,2.0
E0,2023-01-12,20:00:00,Fulham,Chelsea,2,1,1.0,0.0,H,H,3.3,3.5,2.15,1.87,2.03
E0,2023-01-13,20:00:00,Aston Villa,Leeds,2,1,1.0,0.0,H,H,1.91,3.6,4.0,1.8,2.0
E0,2023-01-14,12:30:00,Man United,Man City,2,1,0.0,0.0,H,D,4.2,3.6,1.85,1.73,2.1
E0,2023-01-14,15:00:00,Brighton,Liverpool,3,0,0.0,0.0,H,D,3.4,3.6,2.1,1.57,2.38
E0,2023-01-14,15:00:00,Everton,Southampton,1,2,1.0,0.0,A,H,2.25,3.25,3.3,2.1,1.73
E0,2023-01-14,15:00:00,Nott'm Forest,Leicester,2,0,0.0,0.0,H,D,2.7,3.3,2.63,2.03,1.87
E0,2023-01-14,15:00:00,Wolves,West Ham,1,0,0.0,0.0,H,D,2.63,3.3,2.7,2.2,1.67
E0,2023-01-14,17:30:00,Brentford,Bournemouth,2,0,1.0,0.0,H,H,1.65,4.0,5.25,1.8,2.0
E0,2023-01-15,14:00:00,Chelsea,Crystal Palace,1,0,0.0,0.0,H,D,1.62,4.0,5.25,2.02,1.88
E0,2023-01-15,14:00:00,Newcastle,Fulham,1,0,0.0,0.0,H,D,1.5,4.33,6.5,1.73,2.1
E0,2023-01-15,16:30:00,Tottenham,Arsenal,0,2,0.0,2.0,A,A,3.1,3.6,2.2,1.8,2.0
E0,2023-01-18,20:00:00,Crystal Palace,Man United,1,1,0.0,1.0,D,A,4.5,3.6,1.8,1.97,1.93
E0,2023-01-19,20:00:00,Man City,Tottenham,4,2,0.0,2.0,H,A,1.36,5.0,8.5,1.53,2.5
E0,2023-01-21,12:30:00,Liverpool,Chelsea,0,0,0.0,0.0,D,D,1.85,3.75,4.0,1.73,2.1
E0,2023-01-21,15:00:00,Bournemouth,Nott'm Forest,1,1,1.0,0.0,D,H,2.75,3.1,2.75,2.3,1.62
E0,2023-01-21,15:00:00,Leicester,Brighton,2,2,1.0,1.0,D,D,3.6,3.5,2.05,1.86,2.04
E0,2023-01-21,15:00:00,Southampton,Aston Villa,0,1,0.0,0.0,A,D,2.88,3.25,2.55,2.1,1.73
E0,2023-01-21,15:00:00,West Ham,Everton,2,0,2.0,0.0,H,H,1.8,3.75,4.75,2.1,1.73
E0,2023-01-21,17:30:00,Crystal Palace,Newcastle,0,0,0.0,0.0,D,D,4.4,3.5,1.85,2.1,1.73
E0,2023-01-22,14:00:00,Leeds,Brentford,0,0,0.0,0.0,D,D,2.38,3.6,2.88,1.67,2.2
E0,2023-01-22,14:00:00,Man City,Wolves,3,0,1.0,0.0,H,H,1.2,8.0,11.0,1.5,2.63
E0,2023-01-22,16:30:00,Arsenal,Man United,3,2,1.0,1.0,H,D,1.8,3.8,4.2,1.73,2.1
E0,2023-01-23,20:00:00,Fulham,Tottenham,0,1,0.0,1.0,A,A,3.3,3.6,2.1,1.73,2.1
E0,2023-02-03,20:00:00,Chelsea,Fulham,0,0,0.0,0.0,D,D,1.62,4.0,5.25,1.91,1.99
E0,2023-02-04,12:30:00,Everton,Arsenal,1,0,0.0,0.0,H,D,8.5,4.5,1.4,1.87,2.03
E0,2023-02-04,15:00:00,Aston Villa,Leicester,2,4,2.0,3.0,A,A,1.95,3.6,3.8,1.94,1.96
E0,2023-02-04,15:00:00,Brentford,Southampton,3,0,2.0,0.0,H,H,1.85,3.6,4.2,2.04,1.86
E0,2023-02-04,15:00:00,Brighton,Bournemouth,1,0,0.0,0.0,H,D,1.33,5.25,8.5,1.73,2.1
E0,2023-02-04,15:00:00,Man United,Crystal Palace,2,1,1.0,0.0,H,H,1.4,4.75,8.0,1.88,2.02
E0,2023-02-04,15:00:00,Wolves,Liverpool,3,0,2.0,0.0,H,H,4.0,3.8,1.85,1.8,2.0
E0,2023-02-04,17:30:00,Newcastle,West Ham,1,1,1.0,1.0,D,D,1.6,3.8,6.0,2.0,1.8
E0,2023-02-05,14:00:00,Nott'm Forest,Leeds,1,0,1.0,0.0,H,H,2.63,3.3,2.7,1.94,1.96
E0,2023-02-05,16:30:00,Tottenham,Man City,1,0,1.0,0.0,H,H,4.33,4.2,1.73,1.67,2.2
E0,2023-02-08,20:00:00,Man United,Leeds,2,2,0.0,1.0,D,A,1.45,5.0,6.0,1.57,2.38
E0,2023-02-11,12:30:00,West Ham,Chelsea,1,1,1.0,1.0,D,D,3.3,3.3,2.25,2.2,1.67
E0,2023-02-11,15:00:00,Arsenal,Brentford,1,1,0.0,0.0,D,D,1.44,4.75,7.0,1.73,2.1
E0,2023-02-11,15:00:00,Crystal Palace,Brighton,1,1,0.0,0.0,D,D,3.8,3.5,2.0,2.0,1.8
E0,2023-02-11,15:00:00,Fulham,Nott'm Forest,2,0,1.0,0.0,H,H,1.91,3.5,4.33,2.1,1.73
E0,2023-02-11,15:00:00,Leicester,Tottenham,4,1,3.0,1.0,H,H,3.4,3.6,2.1,1.73,2.1
E0,2023-02-11,15:00:00,Southampton,Wolves,1,2,1.0,0.0,A,H,2.9,3.2,2.55,2.3,1.62
E0,2023-02-11,17:30:00,Bournemouth,Newcastle,1,1,1.0,1.0,D,D,6.5,4.0,1.53,2.04,1.86
E0,2023-02-12,14:00:00,Leeds,Man United,0,2,0.0,0.0,A,D,3.75,3.8,1.91,1.67,2.2
E0,2023-02-12,16:30:00,Man City,Aston Villa,3,1,3.0,0.0,H,H,1.25,6.5,11.0,1.5,2.63
E0,2023-02-13,20:00:00,Liverpool,Everton,2,0,1.0,0.0,H,H,1.5,4.33,6.5,1.73,2.1
E0,2023-02-15,19:30:00,Arsenal,Man City,1,3,1.0,1.0,A,D,2.9,3.5,2.35,1.88,2.02
E0,2023-02-18,12:30:00,Aston Villa,Arsenal,2,4,2.0,1.0,A,H,4.5,3.6,1.5,2.02,1.88
E0,2023-02-18,15:00:00,Brentford,Crystal Palace,1,1,0.0,0.0,D,D,1.83,3.5,4.5,2.1,1.73
E0,2023-02-18,15:00:00,Brighton,Fulham,0,1,0.0,0.0,A,D,1.65,3.8,5.5,1.73,2.1
E0,2023-02-18,15:00:00,Chelsea,Southampton,0,1,0.0,1.0,A,A,1.4,4.75,8.5,1.98,1.92
E0,2023-02-18,15:00:00,Everton,Leeds,1,0,0.0,0.0,H,D,2.4,3.3,3.0,2.1,1.73
E0,2023-02-18,15:00:00,Nott'm Forest,Man City,1,1,0.0,1.0,D,A,8.5,5.5,1.3,1.62,2.3
E0,2023-02-18,15:00:00,Wolves,Bournemouth,0,1,0.0,0.0,A,D,1.67,3.6,6.0,2.1,1.73
E0,2023-02-18,17:30:00,Newcastle,Liverpool,0,2,0.0,2.0,A,A,2.5,3.5,2.7,1.8,2.0
E0,2023-02-19,14:00:00,Man United,Leicester,3,0,1.0,0.0,H,H,1.62,4.33,5.25,1.62,2.3
E0,2023-02-19,16:30:00,Tottenham,West Ham,2,0,0.0,0.0,H,D,1.75,3.6,4.75,1.88,2.02
E0,2023-02-24,20:00:00,Fulham,Wolves,1,1,0.0,1.0,D,A,2.5,3.2,3.0,2.2,1.67
E0,2023-02-25,15:00:00,Everton,Aston Villa,0,2,0.0,0.0,A,D,2.5,3.2,3.0,2.3,1.62
E0,2023-02-25,15:00:00,Leeds,Southampton,1,0,0.0,0.0,H,D,1.95,3.5,4.0,2.05,1.85
E0,2023-02-25,15:00:00,Leicester,Arsenal,0,1,0.0,0.0,A,D,4.75,4.0,1.7,1.67,2.2
E0,2023-02-25,15:00:00,West Ham,Nott'm Forest,4,0,0.0,0.0,H,D,1.75,3.6,5.0,2.2,1.67
E0,2023-02-25,17:30:00,Bournemouth,Man City,1,4,0.0,3.0,A,A,10.0,5.75,1.29,1.57,2.38
E0,2023-02-25,19:45:00,Crystal Palace,Liverpool,0,0,0.0,0.0,D,D,4.75,3.8,1.73,1.85,2.05
E0,2023-02-26,13:30:00,Tottenham,Chelsea,2,0,0.0,0.0,H,D,2.55,3.25,2.9,2.08,1.82
E0,2023-03-01,19:45:00,Arsenal,Everton,4,0,2.0,0.0,H,H,1.36,4.75,10.0,1.85,2.05
E0,2023-03-01,20:00:00,Liverpool,Wolves,2,0,0.0,0.0,H,D,1.5,4.75,6.0,1.73,2.1
E0,2023-03-04,12:30:00,Man City,Newcastle,2,0,1.0,0.0,H,H,1.45,4.5,7.0,1.73,2.1
E0,2023-03-04,15:00:00,Arsenal,Bournemouth,3,2,0.0,1.0,H,A,1.22,7.0,12.0,1.57,2.38
E0,2023-03-04,15:00:00,Aston Villa,Crystal Palace,1,0,1.0,0.0,H,H,2.05,3.3,3.8,2.3,1.62
E0,2023-03-04,15:00:00,Brighton,West Ham,4,0,1.0,0.0,H,H,1.8,3.6,4.5,1.95,1.95
E0,2023-03-04,15:00:00,Chelsea,Leeds,1,0,0.0,0.0,H,D,1.62,4.0,5.5,1.95,1.95
E0,2023-03-04,15:00:00,Wolves,Tottenham,1,0,0.0,0.0,H,D,3.3,3.4,2.2,2.1,1.73
E0,2023-03-04,17:30:00,Southampton,Leicester,1,0,1.0,0.0,H,H,2.75,3.3,2.6,2.06,1.84
E0,2023-03-05,14:00:00,Nott'm Forest,Everton,2,2,1.0,2.0,D,A,2.7,3.0,2.88,2.5,1.53
E0,2023-03-05,16:30:00,Liverpool,Man United,7,0,1.0,0.0,H,H,2.38,3.6,2.88,1.67,2.2
E0,2023-03-06,20:00:00,Brentford,Fulham,3,2,1.0,1.0,H,D,1.95,3.6,3.75,1.94,1.96
E0,2023-03-11,12:30:00,Bournemouth,Liverpool,1,0,1.0,0.0,H,H,7.5,5.0,1.4,1.62,2.3
E0,2023-03-11,15:00:00,Everton,Brentford,1,0,1.0,0.0,H,H,2.7,3.25,2.7,2.2,1.67
E0,2023-03-11,15:00:00,Leeds,Brighton,2,2,1.0,1.0,D,D,3.75,3.6,1.95,1.89,2.04
E0,2023-03-11,15:00:00,Leicester,Chelsea,1,3,1.0,2.0,A,A,3.75,3.5,1.95,2.02,1.91
E0,2023-03-11,15:00:00,Tottenham,Nott'm Forest,3,1,2.0,0.0,H,H,1.44,4.75,7.0,1.88,2.05
E0,2023-03-11,17:30:00,Crystal Palace,Man City,0,1,0.0,0.0,A,D,9.0,4.75,1.36,1.8,2.0
E0,2023-03-12,14:00:00,Fulham,Arsenal,0,3,0.0,3.0,A,A,6.0,4.0,1.57,1.85,2.08
E0,2023-03-12,14:00:00,Man United,Southampton,0,0,0.0,0.0,D,D,1.36,5.0,9.0,1.62,2.3
E0,2023-03-12,14:00:00,West Ham,Aston Villa,1,1,1.0,1.0,D,D,2.2,3.3,3.4,2.08,1.85
E0,2023-03-12,16:30:00,Newcastle,Wolves,2,1,1.0,0.0,H,H,1.65,3.75,5.5,2.2,1.67
E0,2023-03-15,19:30:00,Brighton,Crystal Palace,1,0,1.0,0.0,H,H,1.44,4.2,8.0,1.93,1.97
E0,2023-03-15,19:30:00,Southampton,Brentford,0,2,0.0,1.0,A,A,2.88,3.25,2.5,2.1,1.73
E0,2023-03-17,20:00:00,Nott'm Forest,Newcastle,1,2,1.0,1.0,A,D,5.5,3.8,1.62,2.07,1.83
E0,2023-03-18,15:00:00,Aston Villa,Bournemouth,3,0,1.0,0.0,H,H,1.7,3.8,5.0,1.97,1.93
E0,2023-03-18,15:00:00,Brentford,Leicester,1,1,1.0,0.0,D,H,1.91,3.6,3.75,1.89,2.01
E0,2023-03-18,15:00:00,Southampton,Tottenham,3,3,0.0,1.0,D,A,4.75,3.6,1.75,2.06,1.84
E0,2023-03-18,15:00:00,Wolves,Leeds,2,4,0.0,1.0,A,A,2.25,3.2,3.3,2.2,1.67
E0,2023-03-18,17:30:00,Chelsea,Everton,2,2,0.0,0.0,D,D,1.5,4.2,7.5,2.1,1.73
E0,2023-03-19,14:00:00,Arsenal,Crystal Palace,4,1,2.0,0.0,H,H,1.25,5.5,15.0,1.73,2.1
E0,2023-04-01,12:30:00,Man City,Liverpool,4,1,1.0,1.0,H,D,1.62,4.2,5.0,1.67,2.2
E0,2023-04-01,15:00:00,Arsenal,Leeds,4,1,1.0,0.0,H,H,1.29,6.0,9.0,1.53,2.5
E0,2023-04-01,15:00:00,Bournemouth,Fulham,2,1,0.0,1.0,H,A,2.55,3.3,2.8,2.0,1.8
E0,2023-04-01,15:00:00,Brighton,Brentford,3,3,2.0,2.0,D,D,1.67,4.0,5.0,1.73,2.1
E0,2023-04-01,15:00:00,Crystal Palace,Leicester,2,1,0.0,0.0,H,D,2.5,3.25,2.9,2.1,1.73
E0,2023-04-01,15:00:00,Nott'm Forest,Wolves,1,1,1.0,0.0,D,H,3.0,3.1,2.55,2.38,1.57
E0,2023-04-01,17:30:00,Chelsea,Aston Villa,0,2,0.0,1.0,A,A,1.67,3.8,5.25,1.97,1.93
E0,2023-04-02,14:00:00,West Ham,Southampton,1,0,1.0,0.0,H,H,1.73,3.6,5.0,2.0,1.8
E0,2023-04-02,16:30:00,Newcastle,Man United,2,0,0.0,0.0,H,D,2.4,3.4,2.9,1.95,1.95
E0,2023-04-03,20:00:00,Everton,Tottenham,1,1,0.0,0.0,D,D,3.4,3.3,2.2,2.1,1.73
E0,2023-04-04,19:45:00,Bournemouth,Brighton,0,2,0.0,1.0,A,A,6.0,4.2,1.53,1.8,2.0
E0,2023-04-04,19:45:00,Leeds,Nott'm Forest,2,1,2.0,1.0,H,H,1.7,3.75,5.0,1.98,1.92
E0,2023-04-04,19:45:00,Leicester,Aston Villa,1,2,1.0,1.0,A,D,2.55,3.3,2.75,1.99,1.91
E0,2023-04-04,20:00:00,Chelsea,Liverpool,0,0,0.0,0.0,D,D,2.2,3.4,3.25,1.95,1.95
E0,2023-04-05,20:00:00,Man United,Brentford,1,0,1.0,0.0,H,H,1.65,4.0,5.0,1.73,2.1
E0,2023-04-05,20:00:00,West Ham,Newcastle,1,5,1.0,2.0,A,A,3.6,3.25,2.15,2.1,1.73
E0,2023-04-08,12:30:00,Man United,Everton,2,0,1.0,0.0,H,H,1.5,4.33,6.5,1.86,2.04
E0,2023-04-08,15:00:00,Aston Villa,Nott'm Forest,2,0,0.0,0.0,H,D,1.6,4.2,5.25,1.94,1.96
E0,2023-04-08,15:00:00,Brentford,Newcastle,1,2,1.0,0.0,A,H,3.6,3.4,2.05,2.03,1.87
E0,2023-04-08,15:00:00,Fulham,West Ham,0,1,0.0,1.0,A,A,2.8,3.25,2.63,2.2,1.67
E0,2023-04-08,15:00:00,Leicester,Bournemouth,0,1,0.0,1.0,A,A,1.83,3.75,4.2,1.88,2.02
E0,2023-04-08,15:00:00,Tottenham,Brighton,2,1,1.0,1.0,H,D,2.55,3.5,2.7,1.85,2.05
E0,2023-04-08,15:00:00,Wolves,Chelsea,1,0,1.0,0.0,H,H,4.2,3.5,1.91,2.2,1.67
E0,2023-04-08,17:30:00,Southampton,Man City,1,4,0.0,1.0,A,A,11.0,6.0,1.25,1.62,2.3
E0,2023-04-09,14:00:00,Leeds,Crystal Palace,1,5,1.0,1.0,A,D,2.1,3.4,3.6,2.1,1.73
E0,2023-04-09,16:30:00,Liverpool,Arsenal,2,2,1.0,2.0,D,A,2.88,3.6,2.38,1.62,2.3
E0,2023-04-15,12:30:00,Aston Villa,Newcastle,3,0,1.0,0.0,H,H,3.6,3.4,2.05,2.07,1.83
E0,2023-04-15,15:00:00,Chelsea,Brighton,1,2,1.0,1.0,A,D,2.63,3.4,2.63,1.94,1.96
E0,2023-04-15,15:00:00,Everton,Fulham,1,3,1.0,1.0,A,D,2.05,3.4,3.7,2.2,1.67
E0,2023-04-15,15:00:00,Southampton,Crystal Palace,0,2,0.0,0.0,A,D,2.8,3.1,2.7,2.3,1.62
E0,2023-04-15,15:00:00,Tottenham,Bournemouth,2,3,1.0,1.0,A,D,1.45,4.5,7.0,1.67,2.2
E0,2023-04-15,15:00:00,Wolves,Brentford,2,0,1.0,0.0,H,H,2.45,3.1,3.0,2.2,1.67
E0,2023-04-15,17:30:00,Man City,Leicester,3,1,3.0,0.0,H,H,1.14,8.5,15.0,1.33,3.4
E0,2023-04-16,14:00:00,West Ham,Arsenal,2,2,1.0,2.0,D,A,6.0,4.2,1.55,1.8,2.0
E0,2023-04-16,16:30:00,Nott'm Forest,Man United,0,2,0.0,1.0,A,A,5.5,4.0,1.62,1.8,2.0
E0,2023-04-17,20:00:00,Leeds,Liverpool,1,6,0.0,2.0,A,A,4.2,4.2,1.73,1.57,2.38
E0,2023-04-21,20:00:00,Arsenal,Southampton,3,3,1.0,2.0,D,A,1.2,7.0,13.0,1.5,2.63
E0,2023-04-22,12:30:00,Fulham,Leeds,2,1,0.0,0.0,H,D,2.3,3.4,3.1,1.92,1.98
E0,2023-04-22,15:00:00,Brentford,Aston Villa,1,1,0.0,0.0,D,D,2.5,3.25,2.88,2.0,1.9
E0,2023-04-22,15:00:00,Crystal Palace,Everton,0,0,0.0,0.0,D,D,2.05,3.2,3.75,2.3,1.62
E0,2023-04-22,15:00:00,Leicester,Wolves,2,1,1.0,1.0,H,D,2.38,3.3,3.0,2.1,1.73
E0,2023-04-22,15:00:00,Liverpool,Nott'm Forest,3,2,0.0,0.0,H,D,1.17,7.5,17.0,1.44,2.75
E0,2023-04-23,14:00:00,Bournemouth,West Ham,0,4,0.0,3.0,A,A,2.88,3.2,2.55,2.1,1.73
E0,2023-04-23,14:00:00,Newcastle,Tottenham,6,1,5.0,0.0,H,H,1.83,3.75,4.2,1.86,2.04
E0,2023-04-25,19:30:00,Wolves,Crystal Palace,2,0,1.0,0.0,H,H,2.45,3.2,3.0,2.5,1.53
E0,2023-04-25,19:45:00,Aston Villa,Fulham,1,0,1.0,0.0,H,H,1.75,4.0,4.2,1.81,2.09
E0,2023-04-25,20:00:00,Leeds,Leicester,1,1,1.0,0.0,D,H,2.3,3.5,3.0,1.73,2.1
E0,2023-04-26,19:30:00,Nott'm Forest,Brighton,3,1,1.0,1.0,H,D,6.0,4.2,1.53,1.73,2.1
E0,2023-04-26,19:45:00,Chelsea,Brentford,0,2,0.0,1.0,A,A,1.7,4.0,4.75,2.0,1.9
E0,2023-04-26,19:45:00,West Ham,Liverpool,1,2,1.0,1.0,A,D,3.9,3.9,1.85,1.67,2.2
E0,2023-04-26,20:00:00,Man City,Arsenal,4,1,2.0,0.0,H,H,1.55,4.5,5.25,1.62,2.3
E0,2023-04-27,19:45:00,Everton,Newcastle,1,4,0.0,1.0,A,A,4.75,3.6,1.73,2.0,1.8
E0,2023-04-27,19:45:00,Southampton,Bournemouth,0,1,0.0,0.0,A,D,2.25,3.4,3.2,2.03,1.87
E0,2023-04-27,20:15:00,Tottenham,Man United,2,2,0.0,2.0,D,A,2.8,3.6,2.4,1.67,2.2
E0,2023-04-29,12:30:00,Crystal Palace,West Ham,4,3,3.0,2.0,H,H,2.63,3.25,2.75,2.2,1.67
E0,2023-04-29,15:00:00,Brentford,Nott'm Forest,2,1,0.0,1.0,H,A,1.65,3.8,5.5,1.99,1.91
E0,2023-04-29,15:00:00,Brighton,Wolves,6,0,4.0,0.0,H,H,1.5,4.33,6.5,1.85,2.05
E0,2023-04-30,14:00:00,Bournemouth,Leeds,4,1,2.0,1.0,H,H,2.55,3.5,2.7,1.8,2.0
E0,2023-04-30,14:00:00,Fulham,Man City,1,2,1.0,2.0,A,A,12.0,6.0,1.25,1.53,2.5
E0,2023-04-30,14:00:00,Man United,Aston Villa,1,0,1.0,0.0,H,H,1.73,3.9,4.6,1.67,2.2
E0,2023-04-30,14:00:00,Newcastle,Southampton,3,1,0.0,1.0,H,A,1.3,5.25,10.0,1.73,2.1
E0,2023-04-30,16:30:00,Liverpool,Tottenham,4,3,3.0,1.0,H,H,1.53,4.5,5.75,1.5,2.63
E0,2023-05-01,20:00:00,Leicester,Everton,2,2,2.0,1.0,D,H,2.0,3.5,3.75,2.07,1.83
E0,2023-05-02,20:00:00,Arsenal,Chelsea,3,1,3.0,0.0,H,H,1.6,4.0,5.5,1.73,2.1
E0,2023-05-03,20:00:00,Liverpool,Fulham,1,0,1.0,0.0,H,H,1.25,5.75,11.0,1.44,2.75
E0,2023-05-03,20:00:00,Man City,West Ham,3,0,0.0,0.0,H,D,1.2,7.0,13.0,1.44,2.75
E0,2023-05-04,20:00:00,Brighton,Man United,1,0,0.0,0.0,H,D,1.95,3.5,3.75,1.57,2.38
E0,2023-05-06,15:00:00,Bournemouth,Chelsea,1,3,1.0,1.0,A,D,3.3,3.5,2.15,1.99,1.91
E0,2023-05-06,15:00:00,Man City,Leeds,2,1,2.0,0.0,H,H,1.17,8.5,15.0,1.3,3.5
E0,2023-05-06,15:00:00,Tottenham,Crystal Palace,1,0,1.0,0.0,H,H,1.8,3.8,4.2,1.73,2.1
E0,2023-05-06,15:00:00,Wolves,Aston Villa,1,0,1.0,0.0,H,H,2.88,3.3,2.5,2.2,1.67
E0,2023-05-06,17:30:00,Liverpool,Brentford,1,0,1.0,0.0,H,H,1.44,5.0,6.0,1.5,2.63
E0,2023-05-07,16:30:00,Newcastle,Arsenal,0,2,0.0,1.0,A,A,2.45,3.75,2.63,1.62,2.3
E0,2023-05-07,19:00:00,West Ham,Man United,1,0,1.0,0.0,H,H,3.4,3.75,2.05,1.73,2.1
E0,2023-05-08,15:00:00,Fulham,Leicester,5,3,3.0,0.0,H,H,2.63,3.5,2.6,1.86,2.04
E0,2023-05-08,17:30:00,Brighton,Everton,1,5,0.0,3.0,A,A,1.33,5.25,9.0,1.57,2.38
E0,2023-05-08,20:00:00,Nott'm Forest,Southampton,4,3,3.0,1.0,H,H,2.1,3.6,3.4,2.03,1.87
E0,2023-05-13,12:30:00,Leeds,Newcastle,2,2,1.0,1.0,D,D,4.33,4.2,1.7,1.62,2.3
E0,2023-05-13,15:00:00,Aston Villa,Tottenham,2,1,1.0,0.0,H,H,2.25,3.6,2.9,1.73,2.1
E0,2023-05-13,15:00:00,Chelsea,Nott'm Forest,2,2,0.0,1.0,D,A,1.5,4.5,6.0,1.86,2.04
E0,2023-05-13,15:00:00,Crystal Palace,Bournemouth,2,0,1.0,0.0,H,H,1.83,3.6,4.2,1.94,1.96
E0,2023-05-13,15:00:00,Man United,Wolves,2,0,1.0,0.0,H,H,1.36,5.0,7.5,1.67,2.2
E0,2023-05-13,15:00:00,Southampton,Fulham,0,2,0.0,0.0,A,D,2.75,3.3,2.5,1.91,1.99
E0,2023-05-14,14:00:00,Brentford,West Ham,2,0,2.0,0.0,H,H,2.0,3.5,3.6,2.0,1.9
E0,2023-05-14,14:00:00,Everton,Man City,0,3,0.0,2.0,A,A,9.0,4.75,1.36,1.67,2.2
E0,2023-05-14,16:30:00,Arsenal,Brighton,0,3,0.0,0.0,A,D,1.73,4.2,4.2,1.53,2.5
E0,2023-05-15,20:00:00,Leicester,Liverpool,0,3,0.0,2.0,A,A,5.25,4.33,1.57,1.5,2.63
E0,2023-05-18,19:30:00,Newcastle,Brighton,4,1,2.0,0.0,H,H,2.0,3.8,3.5,1.62,2.3
E0,2023-05-20,12:30:00,Tottenham,Brentford,1,3,1.0,0.0,A,H,1.83,3.9,4.0,1.73,2.1
E0,2023-05-20,15:00:00,Bournemouth,Man United,0,1,0.0,1.0,A,A,6.0,4.75,1.5,1.57,2.38
E0,2023-05-20,15:00:00,Fulham,Crystal Palace,2,2,1.0,1.0,D,D,2.45,3.4,2.9,2.05,1.85
E0,2023-05-20,15:00:00,Liverpool,Aston Villa,1,1,0.0,1.0,D,A,1.45,5.0,6.25,1.53,2.5
E0,2023-05-20,15:00:00,Wolves,Everton,1,1,1.0,0.0,D,H,2.75,3.3,2.6,2.1,1.73
E0,2023-05-20,17:30:00,Nott'm Forest,Arsenal,1,0,1.0,0.0,H,H,5.25,4.33,1.57,1.57,2.38
E0,2023-05-21,13:30:00,West Ham,Leeds,3,1,1.0,1.0,H,D,2.4,3.5,2.88,1.8,2.0
E0,2023-05-21,14:00:00,Brighton,Southampton,3,1,2.0,0.0,H,H,1.22,7.0,11.0,1.4,3.0
E0,2023-05-21,16:00:00,Man City,Chelsea,1,0,1.0,0.0,H,H,1.25,6.0,11.0,1.5,2.63
E0,2023-05-22,20:00:00,Newcastle,Leicester,0,0,0.0,0.0,D,D,1.36,5.5,7.0,1.5,2.63
E0,2023-05-24,20:00:00,Brighton,Man City,1,1,1.0,1.0,D,D,4.0,4.33,1.75,1.53,2.5
E0,2023-05-25,20:00:00,Man United,Chelsea,4,1,2.0,0.0,H,H,1.6,4.33,5.0,1.57,2.38
E0,2023-05-28,16:30:00,Arsenal,Wolves,5,0,3.0,0.0,H,H,1.36,5.25,8.0,1.44,2.75
E0,2023-05-28,16:30:00,Aston Villa,Brighton,2,1,2.0,1.0,H,H,2.0,3.6,3.5,1.53,2.5
E0,2023-05-28,16:30:00,Brentford,Man City,1,0,0.0,0.0,H,D,3.8,4.0,1.83,1.62,2.3
E0,2023-05-28,16:30:00,Chelsea,Newcastle,1,1,1.0,1.0,D,D,2.9,3.5,2.38,1.73,2.1
E0,2023-05-28,16:30:00,Crystal Palace,Nott'm Forest,1,1,0.0,1.0,D,A,1.67,4.0,5.0,1.67,2.2
E0,2023-05-28,16:30:00,Everton,Bournemouth,1,0,0.0,0.0,H,D,1.5,4.5,6.5,1.67,2.2
E0,2023-05-28,16:30:00,Leeds,Tottenham,1,4,0.0,1.0,A,A,2.75,3.8,2.3,1.5,2.63
E0,2023-05-28,16:30:00,Leicester,West Ham,2,1,1.0,0.0,H,H,1.91,3.8,3.6,1.67,2.2
E0,2023-05-28,16:30:00,Man United,Fulham,2,1,1.0,1.0,H,D,1.5,4.33,6.0,1.5,2.63
E0,2023-05-28,16:30:00,Southampton,Liverpool,4,4,2.0,2.0,D,D,6.5,4.75,1.44,1.4,3.0
E1,2022-07-29,20:00:00,Huddersfield,Burnley,0,1,0.0,1.0,A,A,2.9,3.2,2.5,2.2,1.66
E1,2022-07-30,15:00:00,Blackburn,QPR,1,0,1.0,0.0,H,H,2.0,3.5,3.75,1.98,1.88
E1,2022-07-30,15:00:00,Blackpool,Reading,1,0,1.0,0.0,H,H,1.95,3.5,4.0,2.0,1.85
E1,2022-07-30,15:00:00,Cardiff,Norwich,1,0,0.0,0.0,H,D,3.1,3.4,2.3,2.1,1.72
E1,2022-07-30,15:00:00,Hull,Bristol City,2,1,0.0,1.0,H,A,2.37,3.25,3.1,1.95,1.9
E1,2022-07-30,15:00:00,Luton,Birmingham,0,0,0.0,0.0,D,D,1.83,3.5,4.33,2.0,1.8
E1,2022-07-30,15:00:00,Millwall,Stoke,2,0,1.0,0.0,H,H,2.3,3.25,3.2,2.3,1.61
E1,2022-07-30,15:00:00,Rotherham,Swansea,1,1,1.0,1.0,D,D,2.62,3.5,2.55,1.95,1.9
E1,2022-07-30,15:00:00,Wigan,Preston,0,0,0.0,0.0,D,D,2.4,3.3,3.0,2.2,1.66
E1,2022-07-30,17:30:00,Middlesbrough,West Brom,1,1,1.0,0.0,D,H,2.25,3.4,3.25,2.1,1.72
E1,2022-07-31,12:00:00,Sunderland,Coventry,1,1,1.0,0.0,D,H,2.62,3.5,2.6,2.02,1.83
E1,2022-08-01,20:00:00,Watford,Sheffield United,1,0,0.0,0.0,H,D,2.3,3.25,3.25,2.1,1.72
E1,2022-08-05,19:45:00,Birmingham,Huddersfield,2,1,2.0,0.0,H,H,2.37,3.25,3.1,2.2,1.66
E1,2022-08-06,12:30:00,Norwich,Wigan,1,1,0.0,1.0,D,A,1.66,3.6,5.25,2.0,1.8
E1,2022-08-06,15:00:00,Bristol City,Sunderland,2,3,1.0,1.0,A,D,2.45,3.25,2.9,2.1,1.72
E1,2022-08-06,15:00:00,Burnley,Luton,1,1,0.0,1.0,D,A,1.75,3.75,4.6,2.0,1.85
E1,2022-08-06,15:00:00,Preston,Hull,0,0,0.0,0.0,D,D,1.95,3.4,4.0,2.1,1.72
E1,2022-08-06,15:00:00,QPR,Middlesbrough,3,2,3.0,1.0,H,H,3.0,3.3,2.4,2.0,1.8
E1,2022-08-06,15:00:00,Reading,Cardiff,2,1,1.0,1.0,H,D,2.5,3.25,2.9,2.2,1.66
E1,2022-08-06,15:00:00,Sheffield United,Millwall,2,0,2.0,0.0,H,H,1.83,3.5,4.5,2.2,1.66
E1,2022-08-06,15:00:00,Stoke,Blackpool,2,0,1.0,0.0,H,H,2.05,3.4,3.75,2.1,1.72
E1,2022-08-06,15:00:00,Swansea,Blackburn,0,3,0.0,1.0,A,A,2.4,3.25,3.1,2.1,1.72
E1,2022-08-08,20:00:00,West Brom,Watford,1,1,1.0,1.0,D,D,2.37,3.1,3.2,2.2,1.66
E1,2022-08-12,20:00:00,Watford,Burnley,1,0,1.0,0.0,H,H,2.3,3.3,3.1,2.1,1.72
E1,2022-08-13,12:30:00,Cardiff,Birmingham,1,0,1.0,0.0,H,H,2.25,3.3,3.3,2.2,1.66
E1,2022-08-13,15:00:00,Blackpool,Swansea,0,1,0.0,0.0,A,D,2.4,3.3,3.0,2.13,1.75
E1,2022-08-13,15:00:00,Huddersfield,Stoke,3,1,1.0,0.0,H,H,2.7,3.2,2.75,2.2,1.66
E1,2022-08-13,15:00:00,Hull,Norwich,2,1,1.0,0.0,H,H,3.6,3.4,2.05,2.0,1.8
E1,2022-08-13,15:00:00,Luton,Preston,0,1,0.0,1.0,A,A,2.25,3.3,3.25,2.1,1.72
E1,2022-08-13,15:00:00,Millwall,Coventry,3,2,1.0,2.0,H,A,2.45,3.2,3.0,2.37,1.57
E1,2022-08-13,15:00:00,Rotherham,Reading,4,0,4.0,0.0,H,H,2.15,3.3,3.5,2.1,1.72
E1,2022-08-13,15:00:00,Sunderland,QPR,2,2,2.0,0.0,D,H,2.1,3.5,3.5,2.0,1.85
E1,2022-08-13,15:00:00,Wigan,Bristol City,1,1,0.0,1.0,D,A,2.2,3.3,3.4,2.0,1.85
E1,2022-08-14,14:00:00,Middlesbrough,Sheffield United,2,2,1.0,1.0,D,D,2.45,3.3,2.9,2.1,1.72
E1,2022-08-14,15:00:00,Blackburn,West Brom,2,1,1.0,0.0,H,H,2.75,3.3,2.6,2.1,1.72
E1,2022-08-16,19:45:00,Birmingham,Watford,1,1,1.0,0.0,D,H,3.6,3.4,2.0,2.1,1.72
E1,2022-08-16,19:45:00,Bristol City,Luton,2,0,2.0,0.0,H,H,2.62,3.4,2.55,2.02,1.83
E1,2022-08-16,19:45:00,Burnley,Hull,1,1,1.0,1.0,D,D,1.53,4.0,6.5,2.05,1.8
E1,2022-08-16,19:45:00,Norwich,Huddersfield,2,1,2.0,0.0,H,H,1.57,3.8,6.0,1.9,1.95
E1,2022-08-16,19:45:00,Preston,Rotherham,0,0,0.0,0.0,D,D,1.95,3.3,4.0,2.2,1.66
E1,2022-08-16,19:45:00,Swansea,Millwall,2,2,2.0,0.0,D,H,2.5,3.2,3.0,2.3,1.61
E1,2022-08-16,20:00:00,QPR,Blackpool,0,1,0.0,1.0,A,A,2.0,3.6,3.75,1.95,1.9
E1,2022-08-17,19:45:00,Stoke,Middlesbrough,2,2,1.0,1.0,D,D,2.7,3.2,2.75,2.2,1.66
E1,2022-08-17,20:00:00,Reading,Blackburn,3,0,1.0,0.0,H,H,3.2,3.2,2.3,2.1,1.72
E1,2022-08-17,20:00:00,Sheffield United,Sunderland,2,1,1.0,0.0,H,H,1.75,3.6,4.75,2.1,1.72
E1,2022-08-17,20:00:00,West Brom,Cardiff,0,0,0.0,0.0,D,D,1.6,4.0,5.5,2.05,1.8
E1,2022-08-19,20:00:00,Norwich,Millwall,2,0,0.0,0.0,H,D,1.95,3.4,4.2,2.2,1.66
E1,2022-08-20,15:00:00,Birmingham,Wigan,0,1,0.0,0.0,A,D,2.55,3.25,2.8,2.2,1.66
E1,2022-08-20,15:00:00,Burnley,Blackpool,3,3,3.0,1.0,D,H,1.57,4.0,6.0,1.98,1.88
E1,2022-08-20,15:00:00,Preston,Watford,0,0,0.0,0.0,D,D,2.62,3.1,2.8,2.3,1.61
E1,2022-08-20,15:00:00,QPR,Rotherham,1,1,1.0,1.0,D,D,2.1,3.5,3.6,2.02,1.83
E1,2022-08-20,15:00:00,Reading,Middlesbrough,1,0,1.0,0.0,H,H,3.3,3.6,2.1,1.98,1.88
E1,2022-08-20,15:00:00,Sheffield United,Blackburn,3,0,1.0,0.0,H,H,1.75,3.6,4.75,2.0,1.8
E1,2022-08-20,15:00:00,Stoke,Sunderland,0,1,0.0,1.0,A,A,2.1,3.4,3.5,2.02,1.83
E1,2022-08-20,15:00:00,Swansea,Luton,0,2,0.0,1.0,A,A,2.45,3.2,3.1,2.2,1.66
E1,2022-08-20,15:00:00,West Brom,Hull,5,2,1.0,0.0,H,H,1.55,4.2,6.0,1.98,1.88
E1,2022-08-21,12:00:00,Bristol City,Cardiff,2,0,1.0,0.0,H,H,2.2,3.3,3.4,1.95,1.9
E1,2022-08-26,20:00:00,Luton,Sheffield United,1,1,1.0,0.0,D,H,3.25,3.2,2.3,2.2,1.66
E1,2022-08-27,12:30:00,Sunderland,Norwich,0,1,0.0,0.0,A,D,3.2,3.3,2.3,1.98,1.88
E1,2022-08-27,15:00:00,Blackburn,Stoke,0,1,0.0,1.0,A,A,2.5,3.2,2.9,2.2,1.66
E1,2022-08-27,15:00:00,Blackpool,Bristol City,3,3,1.0,1.0,D,D,2.25,3.3,3.3,1.98,1.88
E1,2022-08-27,15:00:00,Cardiff,Preston,0,0,0.0,0.0,D,D,2.75,3.0,2.87,2.5,1.53
E1,2022-08-27,15:00:00,Huddersfield,West Brom,2,2,2.0,1.0,D,H,4.2,3.5,1.95,2.1,1.72
E1,2022-08-27,15:00:00,Hull,Coventry,3,2,2.0,1.0,H,H,3.0,3.4,2.37,2.0,1.8
E1,2022-08-27,15:00:00,Middlesbrough,Swansea,2,1,2.0,0.0,H,H,1.75,3.75,4.75,2.0,1.85
E1,2022-08-27,15:00:00,Millwall,Reading,0,1,0.0,1.0,A,A,1.85,3.4,4.75,2.1,1.72
E1,2022-08-27,15:00:00,Rotherham,Birmingham,2,0,1.0,0.0,H,H,2.0,3.3,4.0,2.2,1.66
E1,2022-08-27,15:00:00,Watford,QPR,2,3,1.0,2.0,A,A,1.9,3.4,4.33,2.1,1.72
E1,2022-08-27,15:00:00,Wigan,Burnley,1,5,1.0,2.0,A,A,3.25,3.1,2.37,2.2,1.66
E1,2022-08-30,19:45:00,Birmingham,Norwich,1,2,0.0,0.0,A,D,4.5,3.5,1.83,2.0,1.85
E1,2022-08-30,19:45:00,Burnley,Millwall,2,0,0.0,0.0,H,D,1.85,3.3,4.75,2.2,1.66
E1,2022-08-30,19:45:00,Cardiff,Luton,1,2,0.0,0.0,A,D,2.55,3.2,2.9,2.5,1.53
E1,2022-08-30,19:45:00,QPR,Hull,3,1,3.0,0.0,H,H,1.8,3.6,4.33,1.9,1.95
E1,2022-08-30,19:45:00,Sheffield United,Reading,4,0,1.0,0.0,H,H,1.57,4.0,6.0,1.8,2.0
E1,2022-08-30,19:45:00,Wigan,West Brom,1,1,1.0,1.0,D,D,3.75,3.4,2.05,2.1,1.72
E1,2022-08-30,20:00:00,Watford,Middlesbrough,2,1,1.0,1.0,H,D,2.5,3.25,2.9,2.1,1.72
E1,2022-08-31,19:45:00,Bristol City,Huddersfield,2,0,1.0,0.0,H,H,1.9,3.6,4.0,1.98,1.88
E1,2022-08-31,19:45:00,Coventry,Preston,0,1,0.0,0.0,A,D,2.25,3.1,3.5,2.2,1.66
E1,2022-08-31,19:45:00,Stoke,Swansea,1,1,0.0,1.0,D,A,2.1,3.5,3.6,1.98,1.88
E1,2022-08-31,19:45:00,Sunderland,Rotherham,3,0,0.0,0.0,H,D,2.1,3.4,3.6,2.1,1.72
E1,2022-08-31,20:00:00,Blackpool,Blackburn,0,1,0.0,1.0,A,A,2.4,3.3,3.0,2.02,1.83
E1,2022-09-02,20:00:00,West Brom,Burnley,1,1,0.0,1.0,D,A,2.15,3.3,3.6,2.02,1.83
E1,2022-09-03,15:00:00,Blackburn,Bristol City,2,3,0.0,1.0,A,A,2.15,3.5,3.3,1.98,1.88
E1,2022-09-03,15:00:00,Luton,Wigan,1,2,1.0,0.0,A,H,2.1,3.3,3.6,2.3,1.61
E1,2022-09-03,15:00:00,Millwall,Cardiff,2,0,0.0,0.0,H,D,2.05,3.2,4.0,2.5,1.53
E1,2022-09-03,15:00:00,Norwich,Coventry,3,0,2.0,0.0,H,H,1.75,3.6,4.75,2.0,1.85
E1,2022-09-03,15:00:00,Preston,Birmingham,0,1,0.0,1.0,A,A,1.66,3.6,5.75,2.2,1.66
E1,2022-09-03,15:00:00,Rotherham,Watford,1,1,1.0,1.0,D,D,3.25,3.3,2.25,2.2,1.66
E1,2022-09-03,15:00:00,Swansea,QPR,1,0,1.0,0.0,H,H,2.37,3.3,3.0,2.0,1.85
E1,2022-09-04,12:00:00,Reading,Stoke,2,1,1.0,1.0,H,D,2.9,3.2,2.5,2.2,1.66
E1,2022-09-04,15:00:00,Huddersfield,Blackpool,0,1,0.0,1.0,A,A,2.5,3.25,2.87,2.1,1.77
E1,2022-09-04,15:00:00,Hull,Sheffield United,0,2,0.0,1.0,A,A,4.2,3.5,1.9,1.93,1.93
E1,2022-09-05,20:00:00,Middlesbrough,Sunderland,1,0,1.0,0.0,H,H,1.72,3.6,5.0,1.98,1.88
E1,2022-09-13,19:45:00,Blackburn,Watford,2,0,1.0,0.0,H,H,2.9,3.25,2.5,2.2,1.66
E1,2022-09-13,19:45:00,Huddersfield,Wigan,1,2,0.0,1.0,A,A,2.62,3.25,2.75,2.2,1.66
E1,2022-09-13,19:45:00,Hull,Stoke,0,3,0.0,2.0,A,A,2.75,3.25,2.62,2.1,1.72
E1,2022-09-13,19:45:00,Middlesbrough,Cardiff,2,3,0.0,3.0,A,A,1.7,3.6,5.25,2.1,1.72
E1,2022-09-13,19:45:00,Swansea,Sheffield United,0,1,0.0,0.0,A,D,3.4,3.4,2.15,2.0,1.85
E1,2022-09-13,20:00:00,Preston,Burnley,1,1,1.0,1.0,D,D,3.0,3.25,2.4,2.2,1.66
E1,2022-09-14,19:45:00,Luton,Coventry,2,2,2.0,1.0,D,H,2.1,3.4,3.5,2.05,1.8
E1,2022-09-14,19:45:00,Millwall,QPR,0,2,0.0,0.0,A,D,2.25,3.25,3.3,2.2,1.66
E1,2022-09-14,19:45:00,Norwich,Bristol City,3,2,2.0,1.0,H,H,1.65,4.0,5.25,1.72,2.1
E1,2022-09-14,19:45:00,Rotherham,Blackpool,3,0,1.0,0.0,H,H,2.3,3.2,3.25,2.0,1.8
E1,2022-09-14,20:00:00,Reading,Sunderland,0,3,0.0,2.0,A,A,2.6,3.25,2.75,2.1,1.72
E1,2022-09-14,20:00:00,West Brom,Birmingham,2,3,1.0,1.0,A,D,1.44,4.33,8.0,1.85,2.0
E1,2022-09-17,12:30:00,Swansea,Hull,3,0,0.0,0.0,H,D,1.8,3.6,4.75,1.93,1.93
E1,2022-09-17,15:00:00,Birmingham,Coventry,0,0,0.0,0.0,D,D,2.87,3.25,2.55,2.0,1.8
E1,2022-09-17,15:00:00,Burnley,Bristol City,2,1,1.0,1.0,H,D,1.66,3.8,5.25,1.66,2.2
E1,2022-09-17,15:00:00,Huddersfield,Cardiff,1,0,1.0,0.0,H,H,2.7,3.1,2.8,2.2,1.66
E1,2022-09-17,15:00:00,Luton,Blackburn,2,0,0.0,0.0,H,D,2.3,3.25,3.3,2.1,1.72
E1,2022-09-17,15:00:00,Millwall,Blackpool,2,1,1.0,1.0,H,D,2.0,3.4,4.0,2.1,1.72
E1,2022-09-17,15:00:00,Norwich,West Brom,1,1,0.0,1.0,D,A,2.15,3.5,3.3,1.83,2.02
E1,2022-09-17,15:00:00,Preston,Sheffield United,0,2,0.0,1.0,A,A,3.2,3.3,2.3,2.3,1.61
E1,2022-09-17,15:00:00,QPR,Stoke,0,0,0.0,0.0,D,D,2.4,3.3,3.0,2.0,1.85
E1,2022-09-17,15:00:00,Watford,Sunderland,2,2,1.0,1.0,D,D,2.0,3.5,3.75,2.0,1.8
E1,2022-09-17,15:00:00,Wigan,Reading,0,1,0.0,0.0,A,D,2.05,3.4,3.8,2.2,1.66
E1,2022-09-17,19:45:00,Middlesbrough,Rotherham,0,0,0.0,0.0,D,D,1.61,4.0,5.75,1.98,1.88
E1,2022-09-30,20:00:00,Hull,Luton,0,2,0.0,2.0,A,A,3.2,3.25,2.3,2.1,1.72
E1,2022-10-01,15:00:00,Blackburn,Millwall,2,1,0.0,0.0,H,D,2.3,3.25,3.3,2.2,1.66
E1,2022-10-01,15:00:00,Blackpool,Norwich,0,1,0.0,1.0,A,A,4.2,3.6,1.85,1.93,1.93
E1,2022-10-01,15:00:00,Bristol City,QPR,1,2,0.0,2.0,A,A,2.3,3.4,3.25,1.83,2.02
E1,2022-10-01,15:00:00,Cardiff,Burnley,1,1,0.0,0.0,D,D,3.0,3.25,2.45,2.1,1.72
E1,2022-10-01,15:00:00,Coventry,Middlesbrough,1,0,1.0,0.0,H,H,2.9,3.3,2.45,1.95,1.9
E1,2022-10-01,15:00:00,Reading,Huddersfield,3,1,2.0,0.0,H,H,2.15,3.25,3.6,2.2,1.66
E1,2022-10-01,15:00:00,Rotherham,Wigan,0,2,0.0,1.0,A,A,2.25,3.3,3.2,2.2,1.66
E1,2022-10-01,15:00:00,Sheffield United,Birmingham,1,1,0.0,0.0,D,D,1.44,4.75,7.0,1.83,2.02
E1,2022-10-01,15:00:00,Sunderland,Preston,0,0,0.0,0.0,D,D,2.3,3.2,3.3,2.2,1.66
E1,2022-10-01,15:00:00,West Brom,Swansea,2,3,0.0,1.0,A,A,1.72,3.75,4.75,1.9,1.95
E1,2022-10-02,12:00:00,Stoke,Watford,0,4,0.0,1.0,A,A,2.5,3.25,2.9,2.1,1.72
E1,2022-10-04,19:45:00,Bristol City,Coventry,0,0,0.0,0.0,D,D,2.0,3.5,3.8,1.72,2.1
E1,2022-10-04,19:45:00,Luton,Huddersfield,3,3,3.0,2.0,D,H,1.75,3.4,5.25,2.2,1.66
E1,2022-10-04,19:45:00,Sheffield United,QPR,0,1,0.0,0.0,A,D,1.7,3.6,5.25,1.93,1.93
E1,2022-10-04,19:45:00,Sunderland,Blackpool,0,0,0.0,0.0,D,D,1.9,3.5,4.0,2.0,1.85
E1,2022-10-04,20:00:00,Cardiff,Blackburn,1,0,0.0,0.0,H,D,2.3,3.4,3.1,2.2,1.66
E1,2022-10-04,20:00:00,Reading,Norwich,1,1,0.0,0.0,D,D,4.2,3.5,1.85,2.0,1.85
E1,2022-10-05,19:45:00,Burnley,Stoke,1,1,0.0,0.0,D,D,1.72,3.6,5.25,1.93,1.93
E1,2022-10-05,19:45:00,Hull,Wigan,2,1,1.0,1.0,H,D,2.62,3.25,2.75,2.1,1.72
E1,2022-10-05,19:45:00,Middlesbrough,Birmingham,1,0,1.0,0.0,H,H,1.65,3.75,5.75,2.02,1.83
E1,2022-10-05,19:45:00,Rotherham,Millwall,1,1,1.0,1.0,D,D,2.6,3.2,2.75,2.2,1.66
E1,2022-10-05,19:45:00,Watford,Swansea,1,2,1.0,0.0,A,H,1.9,3.4,4.2,2.02,1.83
E1,2022-10-05,20:00:00,Preston,West Brom,1,0,1.0,0.0,H,H,3.1,3.3,2.4,2.3,1.61
E1,2022-10-07,20:00:00,QPR,Reading,2,1,1.0,1.0,H,D,1.95,3.4,3.8,2.02,1.83
E1,2022-10-08,15:00:00,Birmingham,Bristol City,3,0,2.0,0.0,H,H,2.7,3.25,2.6,1.95,1.9
E1,2022-10-08,15:00:00,Blackburn,Rotherham,3,0,1.0,0.0,H,H,1.9,3.4,4.2,2.02,1.83
E1,2022-10-08,15:00:00,Blackpool,Watford,3,1,1.0,1.0,H,D,3.2,3.4,2.25,2.1,1.72
E1,2022-10-08,15:00:00,Coventry,Burnley,0,1,0.0,1.0,A,A,3.1,3.3,2.37,2.0,1.85
E1,2022-10-08,15:00:00,Millwall,Middlesbrough,2,0,1.0,0.0,H,H,2.7,3.2,2.7,2.2,1.66
E1,2022-10-08,15:00:00,Norwich,Preston,2,3,1.0,1.0,A,D,1.7,3.6,5.25,2.1,1.72
E1,2022-10-08,15:00:00,Stoke,Sheffield United,3,1,2.0,1.0,H,H,2.9,3.4,2.4,2.1,1.72
E1,2022-10-08,15:00:00,Swansea,Sunderland,2,1,2.0,0.0,H,H,2.2,3.4,3.3,2.0,1.85
E1,2022-10-08,15:00:00,West Brom,Luton,0,0,0.0,0.0,D,D,1.95,3.6,3.8,1.98,1.88
E1,2022-10-08,15:00:00,Wigan,Cardiff,1,3,0.0,1.0,A,A,2.5,3.1,3.1,2.3,1.61
E1,2022-10-09,12:00:00,Huddersfield,Hull,2,0,1.0,0.0,H,H,2.37,3.3,3.1,2.02,1.83
E1,2022-10-11,19:45:00,Wigan,Blackburn,1,0,0.0,0.0,H,D,2.87,3.1,2.6,2.3,1.61
E1,2022-10-12,19:45:00,Bristol City,Preston,2,1,0.0,0.0,H,D,2.45,3.2,3.2,2.2,1.66
E1,2022-10-15,12:30:00,Luton,QPR,3,1,1.0,0.0,H,H,2.1,3.4,3.5,2.1,1.72
E1,2022-10-15,12:30:00,Rotherham,Huddersfield,2,1,1.0,1.0,H,D,2.15,3.3,3.5,2.1,1.72
E1,2022-10-15,15:00:00,Bristol City,Millwall,1,2,0.0,1.0,A,A,2.4,3.2,3.0,2.05,1.8
E1,2022-10-15,15:00:00,Burnley,Swansea,4,0,3.0,0.0,H,H,1.75,3.75,4.6,1.95,1.9
E1,2022-10-15,15:00:00,Cardiff,Coventry,0,1,0.0,1.0,A,A,2.2,3.3,3.4,2.1,1.72
E1,2022-10-15,15:00:00,Middlesbrough,Blackburn,1,2,1.0,2.0,A,A,2.0,3.4,3.75,2.1,1.72
E1,2022-10-15,15:00:00,Preston,Stoke,0,2,0.0,0.0,A,D,2.37,3.2,3.1,2.3,1.61
E1,2022-10-15,15:00:00,Reading,West Brom,0,2,0.0,1.0,A,A,3.4,3.5,2.1,2.1,1.72
E1,2022-10-15,15:00:00,Sheffield United,Blackpool,3,3,2.0,2.0,D,D,1.57,4.0,6.0,1.85,2.0
E1,2022-10-15,15:00:00,Sunderland,Wigan,2,1,0.0,1.0,H,A,2.15,3.3,3.5,2.2,1.66
E1,2022-10-15,19:45:00,Watford,Norwich,2,1,2.0,1.0,H,H,2.75,3.3,2.55,2.0,1.85
E1,2022-10-16,15:00:00,Hull,Birmingham,0,2,0.0,1.0,A,A,2.6,3.3,2.75,2.1,1.72
E1,2022-10-18,19:45:00,Huddersfield,Preston,0,1,0.0,0.0,A,D,2.7,3.1,2.75,2.3,1.61
E1,2022-10-18,19:45:00,Norwich,Luton,0,1,0.0,0.0,A,D,1.9,3.5,4.0,2.0,1.85
E1,2022-10-18,19:45:00,Swansea,Reading,3,2,1.0,2.0,H,A,2.05,3.4,3.8,2.1,1.72
E1,2022-10-18,20:00:00,Blackburn,Sunderland,2,0,1.0,0.0,H,H,2.25,3.2,3.4,2.2,1.66
E1,2022-10-18,20:00:00,Stoke,Rotherham,0,1,0.0,1.0,A,A,1.9,3.5,4.2,2.05,1.8
E1,2022-10-18,20:00:00,West Brom,Bristol City,0,2,0.0,2.0,A,A,1.7,3.8,5.0,1.72,2.1
E1,2022-10-19,19:45:00,Birmingham,Burnley,1,1,0.0,0.0,D,D,3.6,3.3,2.1,2.1,1.72
E1,2022-10-19,19:45:00,Blackpool,Hull,1,3,1.0,2.0,A,A,2.05,3.4,3.75,2.05,1.8
E1,2022-10-19,19:45:00,Coventry,Sheffield United,1,0,0.0,0.0,H,D,2.9,3.1,2.6,2.02,1.83
E1,2022-10-19,19:45:00,QPR,Cardiff,3,0,2.0,0.0,H,H,2.15,3.4,3.4,2.1,1.72
E1,2022-10-19,19:45:00,Wigan,Middlesbrough,1,4,1.0,1.0,A,D,2.8,3.25,2.6,2.3,1.61
E1,2022-10-19,20:00:00,Millwall,Watford,3,0,3.0,0.0,H,H,2.6,3.2,2.8,2.2,1.66
E1,2022-10-22,12:30:00,Blackpool,Preston,4,2,1.0,1.0,H,D,2.62,3.2,2.8,2.2,1.66
E1,2022-10-22,15:00:00,Blackburn,Birmingham,2,1,2.0,0.0,H,H,2.05,3.25,3.75,2.1,1.72
E1,2022-10-22,15:00:00,Middlesbrough,Huddersfield,0,0,0.0,0.0,D,D,1.66,3.75,5.5,2.0,1.85
E1,2022-10-22,15:00:00,Millwall,West Brom,2,1,1.0,1.0,H,D,2.75,3.1,2.75,2.2,1.66
E1,2022-10-22,15:00:00,QPR,Wigan,2,1,2.0,1.0,H,H,1.95,3.5,4.0,2.1,1.72
E1,2022-10-22,15:00:00,Reading,Bristol City,2,0,0.0,0.0,H,D,2.5,3.25,2.9,2.02,1.83
E1,2022-10-22,15:00:00,Rotherham,Hull,2,4,1.0,1.0,A,D,2.25,3.3,3.3,2.2,1.66
E1,2022-10-22,15:00:00,Sheffield United,Norwich,2,2,0.0,2.0,D,A,2.3,3.3,3.25,1.93,1.93
E1,2022-10-22,15:00:00,Stoke,Coventry,0,2,0.0,0.0,A,D,2.15,3.3,3.5,2.0,1.85
E1,2022-10-22,15:00:00,Sunderland,Burnley,2,4,2.0,0.0,A,H,3.2,3.25,2.3,2.02,1.83
E1,2022-10-23,12:00:00,Swansea,Cardiff,2,0,1.0,0.0,H,H,2.1,3.3,3.5,2.02,1.83
E1,2022-10-23,12:00:00,Watford,Luton,4,0,2.0,0.0,H,H,2.2,3.3,3.4,2.1,1.72
E1,2022-10-25,19:45:00,Coventry,Rotherham,2,2,0.0,1.0,D,A,1.72,3.5,5.25,2.1,1.72
E1,2022-10-25,20:00:00,Burnley,Norwich,1,0,0.0,0.0,H,D,2.1,3.4,3.5,1.9,1.95
E1,2022-10-28,20:00:00,Birmingham,QPR,2,0,2.0,0.0,H,H,2.25,3.3,3.2,2.1,1.72
E1,2022-10-29,12:00:00,Bristol City,Swansea,1,1,1.0,0.0,D,H,2.3,3.4,3.1,1.93,1.93
E1,2022-10-29,12:30:00,West Brom,Sheffield United,0,2,0.0,2.0,A,A,2.2,3.3,3.4,2.1,1.72
E1,2022-10-29,15:00:00,Burnley,Reading,2,1,0.0,0.0,H,D,1.61,4.0,5.5,1.9,1.95
E1,2022-10-29,15:00:00,Cardiff,Rotherham,1,0,0.0,0.0,H,D,1.9,3.25,4.33,2.2,1.66
E1,2022-10-29,15:00:00,Coventry,Blackpool,1,2,1.0,0.0,A,H,1.95,3.4,4.0,2.0,1.8
E1,2022-10-29,15:00:00,Huddersfield,Millwall,1,0,1.0,0.0,H,H,3.0,3.25,2.4,2.2,1.66
E1,2022-10-29,15:00:00,Hull,Blackburn,0,1,0.0,1.0,A,A,2.5,3.2,2.9,2.2,1.66
E1,2022-10-29,15:00:00,Luton,Sunderland,1,1,1.0,0.0,D,H,2.0,3.3,4.0,2.1,1.72
E1,2022-10-29,15:00:00,Norwich,Stoke,3,1,1.0,0.0,H,H,2.0,3.3,4.0,1.95,1.9
E1,2022-10-29,15:00:00,Preston,Middlesbrough,2,1,1.0,1.0,H,D,2.8,3.0,2.75,2.3,1.61
E1,2022-10-29,15:00:00,Wigan,Watford,0,1,0.0,0.0,A,D,3.1,3.25,2.37,2.2,1.66
E1,2022-11-01,19:45:00,Coventry,Blackburn,1,0,1.0,0.0,H,H,2.4,3.2,3.1,2.2,1.66
E1,2022-11-01,19:45:00,Hull,Middlesbrough,1,3,0.0,1.0,A,A,3.1,3.3,2.37,2.2,1.66
E1,2022-11-01,19:45:00,Luton,Reading,0,0,0.0,0.0,D,D,1.95,3.4,4.2,2.2,1.66
E1,2022-11-01,19:45:00,Preston,Swansea,1,0,1.0,0.0,H,H,2.4,3.25,3.0,2.2,1.66
E1,2022-11-01,20:00:00,Bristol City,Sheffield United,0,1,0.0,0.0,A,D,3.3,3.4,2.2,1.85,2.0
E1,2022-11-01,20:00:00,West Brom,Blackpool,1,0,0.0,0.0,H,D,1.66,4.0,5.0,1.83,2.02
E1,2022-11-02,19:45:00,Birmingham,Millwall,0,0,0.0,0.0,D,D,2.5,3.2,2.9,2.3,1.61
E1,2022-11-02,19:45:00,Burnley,Rotherham,3,2,1.0,1.0,H,D,1.45,4.33,8.0,1.83,2.02
E1,2022-11-02,19:45:00,Cardiff,Watford,1,2,1.0,1.0,A,D,2.9,3.2,2.5,2.1,1.72
E1,2022-11-02,19:45:00,Huddersfield,Sunderland,0,2,0.0,0.0,A,D,2.62,3.3,2.7,2.2,1.66
E1,2022-11-02,19:45:00,Norwich,QPR,0,0,0.0,0.0,D,D,1.95,3.6,4.0,1.85,2.0
E1,2022-11-02,19:45:00,Wigan,Stoke,0,1,0.0,0.0,A,D,2.7,3.3,2.62,2.2,1.66
E1,2022-11-04,20:00:00,Reading,Preston,1,2,0.0,0.0,A,D,2.3,3.1,3.3,2.5,1.53
E1,2022-11-05,12:30:00,Sheffield United,Burnley,5,2,1.0,2.0,H,A,2.4,3.3,3.0,2.0,1.85
E1,2022-11-05,15:00:00,Blackburn,Huddersfield,1,0,1.0,0.0,H,H,1.83,3.5,4.75,2.1,1.72
E1,2022-11-05,15:00:00,Blackpool,Luton,0,1,0.0,0.0,A,D,2.8,3.3,2.55,2.0,1.85
E1,2022-11-05,15:00:00,Middlesbrough,Bristol City,1,1,0.0,1.0,D,A,1.8,3.6,4.75,1.9,1.95
E1,2022-11-05,15:00:00,Millwall,Hull,0,0,0.0,0.0,D,D,1.83,3.6,4.5,2.2,1.66
E1,2022-11-05,15:00:00,QPR,West Brom,0,1,0.0,0.0,A,D,2.5,3.6,2.7,2.02,1.83
E1,2022-11-05,15:00:00,Rotherham,Norwich,1,2,0.0,1.0,A,A,4.2,3.5,1.95,2.02,1.83
E1,2022-11-05,15:00:00,Stoke,Birmingham,1,2,0.0,1.0,A,A,2.05,3.5,3.6,2.2,1.66
E1,2022-11-05,15:00:00,Sunderland,Cardiff,0,1,0.0,0.0,A,D,2.2,3.2,3.5,2.2,1.66
E1,2022-11-05,15:00:00,Swansea,Wigan,2,2,1.0,2.0,D,A,1.9,3.5,4.33,2.1,1.72
E1,2022-11-05,15:00:00,Watford,Coventry,0,1,0.0,0.0,A,D,1.9,3.5,4.33,1.93,1.93
E1,2022-11-08,19:45:00,Birmingham,Swansea,2,2,1.0,2.0,D,A,2.7,3.25,2.7,2.2,1.66
E1,2022-11-08,19:45:00,Blackpool,Middlesbrough,0,3,0.0,1.0,A,A,3.2,3.4,2.25,2.02,1.83
E1,2022-11-08,19:45:00,Cardiff,Hull,2,3,0.0,1.0,A,A,2.05,3.25,3.8,2.2,1.66
E1,2022-11-08,19:45:00,Coventry,Wigan,2,0,0.0,0.0,H,D,1.9,3.5,4.0,2.1,1.72
E1,2022-11-08,19:45:00,QPR,Huddersfield,1,2,1.0,2.0,A,A,1.7,3.75,5.25,2.0,1.85
E1,2022-11-08,19:45:00,Sheffield United,Rotherham,0,1,0.0,1.0,A,A,1.33,5.5,8.0,1.66,2.2
E1,2022-11-08,19:45:00,Stoke,Luton,2,0,2.0,0.0,H,H,1.95,3.4,4.0,2.2,1.66
E1,2022-11-08,20:00:00,Watford,Reading,2,0,1.0,0.0,H,H,1.8,3.5,4.5,2.1,1.72
E1,2022-11-11,20:00:00,Birmingham,Sunderland,1,2,0.0,1.0,A,A,2.2,3.3,3.4,2.2,1.66
E1,2022-11-12,15:00:00,Bristol City,Watford,0,0,0.0,0.0,D,D,3.0,3.4,2.37,2.0,1.85
E1,2022-11-12,15:00:00,Cardiff,Sheffield United,0,1,0.0,0.0,A,D,3.2,3.3,2.3,2.02,1.83
E1,2022-11-12,15:00:00,Coventry,QPR,2,0,1.0,0.0,H,H,2.37,3.25,3.1,2.1,1.72
E1,2022-11-12,15:00:00,Huddersfield,Swansea,0,0,0.0,0.0,D,D,3.1,3.3,2.37,2.1,1.72
E1,2022-11-12,15:00:00,Hull,Reading,1,2,1.0,1.0,A,D,2.45,3.2,3.0,2.2,1.66
E1,2022-11-12,15:00:00,Luton,Rotherham,1,1,0.0,1.0,D,A,1.7,3.75,5.25,1.95,1.9
E1,2022-11-12,15:00:00,Norwich,Middlesbrough,1,2,1.0,0.0,A,H,2.2,3.3,3.4,1.95,1.9
E1,2022-11-12,15:00:00,Preston,Millwall,2,4,2.0,2.0,A,D,2.55,3.0,3.1,2.62,1.5
E1,2022-11-12,15:00:00,West Brom,Stoke,2,0,1.0,0.0,H,H,1.95,3.5,4.0,2.0,1.85
E1,2022-11-12,15:00:00,Wigan,Blackpool,2,1,0.0,1.0,H,A,2.25,3.4,3.2,2.02,1.83
E1,2022-11-13,12:30:00,Burnley,Blackburn,3,0,0.0,0.0,H,D,1.72,3.6,5.25,1.98,1.88
E1,2022-12-03,12:30:00,Sunderland,Millwall,3,0,0.0,0.0,H,D,2.5,3.25,2.87,2.2,1.66
E1,2022-12-10,12:00:00,Blackburn,Preston,1,4,0.0,1.0,A,A,2.25,3.2,3.4,2.3,1.62
E1,2022-12-10,12:30:00,Rotherham,Bristol City,1,3,1.0,2.0,A,A,3.0,3.25,2.4,2.05,1.8
E1,2022-12-10,14:00:00,Reading,Coventry,1,0,0.0,0.0,H,D,2.5,3.2,3.0,2.2,1.67
E1,2022-12-10,15:00:00,Blackpool,Birmingham,0,0,0.0,0.0,D,D,2.75,3.3,2.63,2.1,1.73
E1,2022-12-10,15:00:00,Middlesbrough,Luton,2,1,1.0,1.0,H,D,1.83,3.6,4.33,2.02,1.83
E1,2022-12-10,15:00:00,Millwall,Wigan,1,1,1.0,1.0,D,D,1.91,3.4,4.33,2.2,1.67
E1,2022-12-10,15:00:00,Sheffield United,Huddersfield,1,0,1.0,0.0,H,H,1.45,4.33,7.0,1.8,2.0
E1,2022-12-10,15:00:00,Stoke,Cardiff,2,2,2.0,1.0,D,H,2.05,3.3,3.8,2.1,1.73
E1,2022-12-10,15:00:00,Swansea,Norwich,0,1,0.0,1.0,A,A,2.45,3.4,2.88,1.9,1.95
E1,2022-12-11,13:00:00,QPR,Burnley,0,3,0.0,2.0,A,A,3.1,3.4,2.3,2.0,1.85
E1,2022-12-11,15:00:00,Watford,Hull,0,0,0.0,0.0,D,D,1.7,3.6,5.5,2.0,1.85
E1,2022-12-12,20:00:00,Sunderland,West Brom,1,2,1.0,0.0,A,H,2.9,3.25,2.5,2.1,1.73
E1,2022-12-16,20:00:00,Birmingham,Reading,3,2,3.0,0.0,H,H,2.05,3.2,4.0,2.63,1.5
E1,2022-12-17,15:00:00,Bristol City,Stoke,1,2,1.0,1.0,A,D,2.6,3.25,2.8,2.0,1.85
E1,2022-12-17,15:00:00,Burnley,Middlesbrough,3,1,0.0,0.0,H,D,2.05,3.4,3.75,1.98,1.88
E1,2022-12-17,15:00:00,Cardiff,Blackpool,1,1,1.0,0.0,D,H,1.83,3.5,4.5,2.1,1.73
E1,2022-12-17,15:00:00,Coventry,Swansea,3,3,1.0,0.0,D,H,2.4,3.25,3.0,2.05,1.8
E1,2022-12-17,15:00:00,Huddersfield,Watford,0,2,0.0,0.0,A,D,3.75,3.3,2.1,2.2,1.67
E1,2022-12-17,15:00:00,Hull,Sunderland,1,1,0.0,0.0,D,D,2.6,3.2,2.8,2.2,1.67
E1,2022-12-17,15:00:00,Preston,QPR,0,1,0.0,0.0,A,D,2.3,3.25,3.2,2.2,1.67
E1,2022-12-17,15:00:00,West Brom,Rotherham,3,0,1.0,0.0,H,H,1.44,4.5,7.5,1.85,2.0
E1,2022-12-17,17:30:00,Norwich,Blackburn,0,2,0.0,1.0,A,A,1.8,3.7,4.5,1.98,1.88
E1,2022-12-19,20:00:00,Wigan,Sheffield United,1,2,0.0,1.0,A,A,3.8,3.3,2.05,2.1,1.73
E1,2022-12-21,19:45:00,Coventry,West Brom,1,0,0.0,0.0,H,D,3.0,3.2,2.45,2.2,1.67
E1,2022-12-26,12:00:00,Watford,Millwall,0,2,0.0,1.0,A,A,2.1,3.3,3.75,2.2,1.67
E1,2022-12-26,12:30:00,Sunderland,Blackburn,2,1,1.0,1.0,H,D,2.3,3.3,3.2,2.2,1.67
E1,2022-12-26,15:00:00,Bristol City,West Brom,0,2,0.0,1.0,A,A,3.1,3.3,2.38,2.05,1.8
E1,2022-12-26,15:00:00,Hull,Blackpool,1,1,0.0,1.0,D,A,2.1,3.4,3.75,2.1,1.73
E1,2022-12-26,15:00:00,Middlesbrough,Wigan,4,1,1.0,0.0,H,H,1.67,3.75,5.5,2.02,1.83
E1,2022-12-26,15:00:00,Preston,Huddersfield,1,2,1.0,0.0,A,H,1.83,3.5,4.5,2.2,1.67
E1,2022-12-26,15:00:00,Rotherham,Stoke,2,2,1.0,0.0,D,H,3.2,3.3,2.3,2.1,1.73
E1,2022-12-26,15:00:00,Sheffield United,Coventry,3,1,1.0,0.0,H,H,1.67,3.8,5.25,2.0,1.85
E1,2022-12-26,17:15:00,Cardiff,QPR,0,0,0.0,0.0,D,D,2.4,3.3,3.0,2.2,1.67
E1,2022-12-26,19:45:00,Luton,Norwich,2,1,0.0,0.0,H,D,2.6,3.3,2.75,2.1,1.73
E1,2022-12-27,17:15:00,Reading,Swansea,2,1,1.0,0.0,H,H,2.8,3.3,2.55,2.1,1.73
E1,2022-12-27,20:00:00,Burnley,Birmingham,3,0,2.0,0.0,H,H,1.6,3.8,6.0,2.0,1.85
E1,2022-12-29,18:00:00,QPR,Luton,0,3,0.0,1.0,A,A,2.25,3.25,3.3,2.1,1.73
E1,2022-12-29,19:45:00,Blackburn,Middlesbrough,1,2,1.0,0.0,A,H,3.2,3.2,2.38,2.1,1.73
E1,2022-12-29,19:45:00,Coventry,Cardiff,0,0,0.0,0.0,D,D,2.15,3.3,3.4,2.2,1.67
E1,2022-12-29,19:45:00,Huddersfield,Rotherham,2,0,1.0,0.0,H,H,2.1,3.25,3.8,2.2,1.67
E1,2022-12-29,19:45:00,Millwall,Bristol City,0,0,0.0,0.0,D,D,1.91,3.4,4.2,2.05,1.8
E1,2022-12-29,19:45:00,Wigan,Sunderland,1,4,1.0,1.0,A,D,2.63,3.25,2.7,2.2,1.67
E1,2022-12-29,20:00:00,West Brom,Preston,2,0,1.0,0.0,H,H,1.75,3.5,5.0,2.1,1.73
E1,2022-12-29,20:15:00,Blackpool,Sheffield United,1,2,0.0,1.0,A,A,4.75,3.75,1.73,1.9,1.95
E1,2022-12-30,19:45:00,Birmingham,Hull,0,1,0.0,0.0,A,D,1.95,3.3,4.0,2.2,1.67
E1,2022-12-30,19:45:00,Norwich,Reading,1,1,0.0,0.0,D,D,1.73,3.5,5.25,1.98,1.88
E1,2022-12-30,19:45:00,Stoke,Burnley,0,1,0.0,0.0,A,D,3.2,3.25,2.3,2.0,1.8
E1,2022-12-30,19:45:00,Swansea,Watford,4,0,1.0,0.0,H,H,2.25,3.3,3.25,2.1,1.73
E1,2023-01-01,12:00:00,Blackburn,Cardiff,1,0,0.0,0.0,H,D,2.3,3.3,3.2,2.1,1.73
E1,2023-01-01,15:00:00,Blackpool,Sunderland,1,1,1.0,0.0,D,H,3.0,3.25,2.45,1.98,1.88
E1,2023-01-01,15:00:00,Coventry,Bristol City,1,1,1.0,1.0,D,D,1.95,3.5,4.0,1.98,1.88
E1,2023-01-01,15:00:00,Huddersfield,Luton,1,2,1.0,1.0,A,D,2.88,3.4,2.45,2.2,1.67
E1,2023-01-01,15:00:00,Millwall,Rotherham,3,0,1.0,0.0,H,H,1.57,3.8,6.5,2.1,1.73
E1,2023-01-02,15:00:00,Birmingham,Middlesbrough,1,3,0.0,0.0,A,D,3.1,3.4,2.3,2.1,1.73
E1,2023-01-02,15:00:00,Norwich,Watford,0,1,0.0,0.0,A,D,1.91,3.6,3.8,1.98,1.88
E1,2023-01-02,15:00:00,Stoke,Preston,0,1,0.0,0.0,A,D,2.1,3.4,3.6,2.2,1.67
E1,2023-01-02,15:00:00,Swansea,Burnley,1,2,1.0,2.0,A,A,3.0,3.4,2.38,2.05,1.8
E1,2023-01-02,15:00:00,West Brom,Reading,1,0,0.0,0.0,H,D,1.67,4.0,5.0,1.95,1.9
E1,2023-01-02,15:00:00,Wigan,Hull,1,4,0.0,1.0,A,A,2.45,3.3,2.88,2.1,1.73
E1,2023-01-02,20:00:00,QPR,Sheffield United,1,1,1.0,0.0,D,H,3.1,3.4,2.3,2.1,1.73
E1,2023-01-14,12:30:00,Rotherham,Blackburn,4,0,1.0,0.0,H,H,3.4,3.4,2.15,2.1,1.73
E1,2023-01-14,15:00:00,Bristol City,Birmingham,4,2,2.0,1.0,H,H,2.25,3.3,3.3,2.1,1.73
E1,2023-01-14,15:00:00,Burnley,Coventry,1,0,0.0,0.0,H,D,1.7,3.8,5.0,1.93,1.93
E1,2023-01-14,15:00:00,Cardiff,Wigan,1,1,0.0,0.0,D,D,1.95,3.4,4.0,2.3,1.62
E1,2023-01-14,15:00:00,Hull,Huddersfield,1,1,0.0,1.0,D,A,1.95,3.4,4.2,2.3,1.62
E1,2023-01-14,15:00:00,Luton,West Brom,2,3,2.0,1.0,A,H,3.0,3.2,2.45,2.2,1.67
E1,2023-01-14,15:00:00,Middlesbrough,Millwall,1,0,0.0,0.0,H,D,1.95,3.5,4.0,2.1,1.73
E1,2023-01-14,15:00:00,Preston,Norwich,0,4,0.0,3.0,A,A,2.88,3.3,2.5,2.1,1.73
E1,2023-01-14,15:00:00,Reading,QPR,2,2,2.0,0.0,D,H,2.7,3.2,2.75,2.2,1.67
E1,2023-01-14,15:00:00,Sheffield United,Stoke,3,1,2.0,1.0,H,H,1.73,3.75,5.0,2.02,1.83
E1,2023-01-14,15:00:00,Sunderland,Swansea,1,3,0.0,0.0,A,D,2.6,3.3,2.75,2.0,1.85
E1,2023-01-14,15:00:00,Watford,Blackpool,2,0,0.0,0.0,H,D,1.8,3.75,4.33,1.95,1.9
E1,2023-01-20,19:45:00,Sheffield United,Hull,1,0,1.0,0.0,H,H,1.7,3.75,5.25,2.0,1.85
E1,2023-01-20,20:00:00,Burnley,West Brom,2,1,0.0,1.0,H,A,2.25,3.1,3.5,2.3,1.62
E1,2023-01-21,12:30:00,Coventry,Norwich,2,4,2.0,3.0,A,A,2.8,3.4,2.5,1.9,1.95
E1,2023-01-21,15:00:00,Birmingham,Preston,1,2,0.0,2.0,A,A,2.4,3.1,3.2,2.63,1.5
E1,2023-01-21,15:00:00,Bristol City,Blackburn,1,1,0.0,0.0,D,D,2.2,3.4,3.3,2.02,1.83
E1,2023-01-21,15:00:00,Cardiff,Millwall,0,1,0.0,1.0,A,A,3.1,3.1,2.45,2.5,1.53
E1,2023-01-21,15:00:00,QPR,Swansea,1,1,1.0,0.0,D,H,2.7,3.3,2.7,2.02,1.83
E1,2023-01-21,15:00:00,Stoke,Reading,4,0,1.0,0.0,H,H,1.85,3.5,4.33,2.2,1.67
E1,2023-01-21,15:00:00,Watford,Rotherham,1,1,0.0,1.0,D,A,1.55,4.2,6.0,1.93,1.93
E1,2023-01-21,15:00:00,Wigan,Luton,0,2,0.0,1.0,A,A,2.9,3.2,2.55,2.2,1.67
E1,2023-01-22,12:00:00,Sunderland,Middlesbrough,2,0,0.0,0.0,H,D,2.88,3.4,2.5,2.02,1.83
E1,2023-01-28,15:00:00,Coventry,Huddersfield,2,0,0.0,0.0,H,D,1.8,3.6,4.5,2.1,1.73
E1,2023-01-28,15:00:00,Hull,QPR,3,0,1.0,0.0,H,H,2.5,3.4,2.8,2.1,1.73
E1,2023-01-28,15:00:00,Middlesbrough,Watford,2,0,2.0,0.0,H,H,1.91,3.4,4.33,2.1,1.73
E1,2023-01-31,19:45:00,Luton,Cardiff,1,0,0.0,0.0,H,D,2.0,3.4,4.2,2.3,1.62
E1,2023-02-03,20:00:00,West Brom,Coventry,1,0,1.0,0.0,H,H,1.85,3.5,4.5,2.05,1.8
E1,2023-02-04,12:30:00,Norwich,Burnley,0,3,0.0,1.0,A,A,2.6,3.3,2.75,2.0,1.85
E1,2023-02-04,12:30:00,Rotherham,Sheffield United,0,0,0.0,0.0,D,D,5.0,4.0,1.67,1.95,1.9
E1,2023-02-04,15:00:00,Huddersfield,QPR,1,1,1.0,1.0,D,D,3.1,3.25,2.38,2.3,1.62
E1,2023-02-04,15:00:00,Hull,Cardiff,1,0,0.0,0.0,H,D,2.15,3.3,3.5,2.2,1.67
E1,2023-02-04,15:00:00,Luton,Stoke,1,0,1.0,0.0,H,H,2.25,3.3,3.3,2.2,1.67
E1,2023-02-04,15:00:00,Middlesbrough,Blackpool,3,0,1.0,0.0,H,H,1.53,4.0,6.5,1.8,2.0
E1,2023-02-04,15:00:00,Millwall,Sunderland,1,1,0.0,0.0,D,D,2.05,3.4,3.75,2.2,1.67
E1,2023-02-04,15:00:00,Preston,Bristol City,1,2,0.0,2.0,A,A,2.45,3.2,3.0,2.2,1.67
E1,2023-02-04,15:00:00,Reading,Watford,2,2,0.0,1.0,D,A,2.8,3.3,2.55,2.2,1.67
E1,2023-02-04,15:00:00,Swansea,Birmingham,3,4,2.0,1.0,A,H,1.83,3.5,4.5,2.1,1.73
E1,2023-02-06,20:00:00,Blackburn,Wigan,0,0,0.0,0.0,D,D,1.95,3.3,4.0,2.2,1.67
E1,2023-02-07,19:45:00,Blackpool,Huddersfield,2,2,0.0,1.0,D,A,2.25,3.25,3.25,2.3,1.62
E1,2023-02-10,20:00:00,Birmingham,West Brom,2,0,1.0,0.0,H,H,3.8,3.4,2.0,2.2,1.67
E1,2023-02-11,15:00:00,Blackpool,Rotherham,0,0,0.0,0.0,D,D,2.15,3.3,3.4,2.02,1.83
E1,2023-02-11,15:00:00,Bristol City,Norwich,1,0,1.0,0.0,H,H,2.9,3.4,2.4,1.9,1.95
E1,2023-02-11,15:00:00,Burnley,Preston,3,0,1.0,0.0,H,H,1.55,4.0,6.0,2.1,1.73
E1,2023-02-11,15:00:00,Cardiff,Middlesbrough,1,3,1.0,2.0,A,A,3.6,3.4,2.1,2.1,1.73
E1,2023-02-11,15:00:00,Coventry,Luton,1,1,1.0,1.0,D,D,2.25,3.4,3.2,2.1,1.73
E1,2023-02-11,15:00:00,QPR,Millwall,1,2,0.0,1.0,A,A,2.7,3.1,2.8,2.2,1.67
E1,2023-02-11,15:00:00,Sheffield United,Swansea,3,0,2.0,0.0,H,H,1.83,3.6,4.33,1.95,1.9
E1,2023-02-11,15:00:00,Stoke,Hull,0,0,0.0,0.0,D,D,2.05,3.3,3.8,2.2,1.67
E1,2023-02-11,15:00:00,Sunderland,Reading,1,0,0.0,0.0,H,D,1.85,3.5,4.5,2.1,1.73
E1,2023-02-11,15:00:00,Watford,Blackburn,1,1,0.0,1.0,D,A,1.91,3.4,4.33,2.1,1.73
E1,2023-02-11,15:00:00,Wigan,Huddersfield,1,0,0.0,0.0,H,D,2.25,3.2,3.4,2.38,1.57
E1,2023-02-14,19:45:00,Birmingham,Cardiff,0,2,0.0,0.0,A,D,2.25,3.2,3.4,2.3,1.62
E1,2023-02-14,19:45:00,Coventry,Millwall,1,0,0.0,0.0,H,D,2.55,3.2,2.9,2.2,1.67
E1,2023-02-14,19:45:00,Norwich,Hull,3,1,1.0,1.0,H,D,1.8,3.75,4.33,1.95,1.9
E1,2023-02-14,19:45:00,QPR,Sunderland,0,3,0.0,1.0,A,A,2.4,3.3,3.0,2.05,1.8
E1,2023-02-14,20:00:00,Burnley,Watford,1,1,0.0,1.0,D,A,1.67,3.8,5.25,1.95,1.9
E1,2023-02-14,20:00:00,Reading,Rotherham,2,1,0.0,1.0,H,A,1.95,3.3,4.2,2.2,1.67
E1,2023-02-15,19:45:00,Bristol City,Wigan,1,1,1.0,0.0,D,H,1.95,3.4,4.0,2.1,1.73
E1,2023-02-15,19:45:00,Preston,Luton,1,1,0.0,0.0,D,D,2.88,3.0,2.7,2.38,1.57
E1,2023-02-15,19:45:00,Stoke,Huddersfield,3,0,1.0,0.0,H,H,1.83,3.4,4.75,2.3,1.62
E1,2023-02-15,19:45:00,Swansea,Blackpool,2,1,1.0,0.0,H,H,1.67,4.0,5.0,1.85,2.0
E1,2023-02-15,20:00:00,Sheffield United,Middlesbrough,1,3,1.0,1.0,A,D,2.05,3.4,3.75,2.1,1.73
E1,2023-02-15,20:00:00,West Brom,Blackburn,1,1,0.0,0.0,D,D,1.67,3.8,5.5,2.02,1.83
E1,2023-02-17,20:00:00,Cardiff,Reading,1,0,0.0,0.0,H,D,1.95,3.25,4.2,2.3,1.62
E1,2023-02-18,12:30:00,Millwall,Sheffield United,3,2,1.0,1.0,H,D,2.7,3.4,2.55,2.1,1.73
E1,2023-02-18,15:00:00,Blackburn,Swansea,1,0,0.0,0.0,H,D,2.7,3.4,2.63,2.0,1.85
E1,2023-02-18,15:00:00,Blackpool,Stoke,1,0,1.0,0.0,H,H,3.0,3.3,2.38,2.1,1.73
E1,2023-02-18,15:00:00,Huddersfield,Birmingham,2,1,1.0,1.0,H,D,2.6,3.3,2.7,2.3,1.62
E1,2023-02-18,15:00:00,Hull,Preston,0,0,0.0,0.0,D,D,2.1,3.4,3.5,2.3,1.62
E1,2023-02-18,15:00:00,Luton,Burnley,0,1,0.0,0.0,A,D,3.3,3.3,2.2,2.2,1.67
E1,2023-02-18,15:00:00,Middlesbrough,QPR,3,1,0.0,0.0,H,D,1.55,4.2,5.75,1.88,1.98
E1,2023-02-18,15:00:00,Rotherham,Coventry,0,2,0.0,0.0,A,D,3.4,3.4,2.15,2.1,1.73
E1,2023-02-18,15:00:00,Sunderland,Bristol City,1,1,0.0,0.0,D,D,2.0,3.4,3.75,2.1,1.73
E1,2023-02-18,15:00:00,Wigan,Norwich,0,0,0.0,0.0,D,D,3.5,3.6,2.05,2.1,1.73
E1,2023-02-20,20:00:00,Watford,West Brom,3,2,1.0,0.0,H,H,2.63,3.4,2.55,2.1,1.73
E1,2023-02-21,19:45:00,Blackburn,Blackpool,1,0,1.0,0.0,H,H,2.0,3.5,3.8,2.1,1.73
E1,2023-02-21,19:45:00,Millwall,Burnley,1,1,0.0,0.0,D,D,3.3,3.2,2.38,2.5,1.53
E1,2023-02-21,19:45:00,Norwich,Birmingham,3,1,2.0,0.0,H,H,1.65,4.0,5.25,2.0,1.85
E1,2023-02-21,19:45:00,Rotherham,Sunderland,2,1,1.0,0.0,H,H,3.8,3.25,2.1,2.1,1.73
E1,2023-02-21,19:45:00,Swansea,Stoke,1,3,1.0,2.0,A,A,2.2,3.25,3.5,2.1,1.73
E1,2023-02-25,12:30:00,Coventry,Sunderland,2,1,1.0,0.0,H,H,2.2,3.3,3.25,2.1,1.73
E1,2023-02-25,15:00:00,Birmingham,Luton,0,1,0.0,0.0,A,D,2.9,3.2,2.55,2.3,1.62
E1,2023-02-25,15:00:00,Bristol City,Hull,1,0,0.0,0.0,H,D,2.38,3.2,3.1,2.2,1.67
E1,2023-02-25,15:00:00,Burnley,Huddersfield,4,0,3.0,0.0,H,H,1.36,4.5,10.0,1.95,1.9
E1,2023-02-25,15:00:00,Norwich,Cardiff,2,0,2.0,0.0,H,H,1.7,3.75,5.0,2.05,1.8
E1,2023-02-25,15:00:00,Preston,Wigan,2,1,0.0,1.0,H,A,2.25,3.2,3.3,2.38,1.57
E1,2023-02-25,15:00:00,QPR,Blackburn,1,3,1.0,2.0,A,A,2.15,3.2,3.6,2.2,1.67
E1,2023-02-25,15:00:00,Reading,Blackpool,3,1,1.0,0.0,H,H,2.1,3.5,3.5,2.1,1.73
E1,2023-02-25,15:00:00,Sheffield United,Watford,1,0,0.0,0.0,H,D,1.85,3.6,3.8,2.02,1.83
E1,2023-02-25,15:00:00,Stoke,Millwall,0,1,0.0,1.0,A,A,2.4,3.2,3.0,2.38,1.57
E1,2023-02-25,15:00:00,West Brom,Middlesbrough,2,0,2.0,0.0,H,H,2.3,3.3,3.0,2.02,1.83
E1,2023-02-27,20:00:00,Swansea,Rotherham,1,1,1.0,0.0,D,H,1.55,3.8,6.5,1.95,1.9
E1,2023-02-28,19:45:00,Preston,Coventry,0,0,0.0,0.0,D,D,2.7,3.3,2.63,2.3,1.62
E1,2023-02-28,20:00:00,Luton,Millwall,2,2,0.0,1.0,D,A,2.2,3.1,3.6,2.63,1.5
E1,2023-03-03,20:00:00,Hull,West Brom,2,0,1.0,0.0,H,H,3.5,3.2,2.2,2.3,1.62
E1,2023-03-04,12:30:00,Blackburn,Sheffield United,1,0,1.0,0.0,H,H,3.7,3.5,2.0,2.1,1.77
E1,2023-03-04,12:30:00,Cardiff,Bristol City,2,0,0.0,0.0,H,D,2.2,3.3,3.3,2.3,1.62
E1,2023-03-04,15:00:00,Blackpool,Burnley,0,0,0.0,0.0,D,D,6.5,3.8,1.6,2.02,1.83
E1,2023-03-04,15:00:00,Huddersfield,Coventry,0,4,0.0,1.0,A,A,3.3,3.2,2.25,2.3,1.62
E1,2023-03-04,15:00:00,Luton,Swansea,1,0,1.0,0.0,H,H,2.0,3.3,4.0,2.1,1.73
E1,2023-03-04,15:00:00,Middlesbrough,Reading,5,0,2.0,0.0,H,H,1.45,4.5,6.5,1.85,2.0
E1,2023-03-04,15:00:00,Millwall,Norwich,2,3,1.0,1.0,A,D,2.6,3.1,2.88,2.2,1.67
E1,2023-03-04,15:00:00,Rotherham,QPR,3,1,1.0,0.0,H,H,3.0,3.2,2.5,2.1,1.73
E1,2023-03-04,15:00:00,Sunderland,Stoke,1,5,0.0,1.0,A,A,2.25,3.25,3.25,2.1,1.73
E1,2023-03-04,15:00:00,Watford,Preston,0,0,0.0,0.0,D,D,1.83,3.5,4.5,2.2,1.67
E1,2023-03-04,15:00:00,Wigan,Birmingham,1,1,0.0,1.0,D,A,2.25,3.2,3.3,2.38,1.57
E1,2023-03-07,19:45:00,Huddersfield,Bristol City,0,0,0.0,0.0,D,D,3.0,3.2,2.4,2.38,1.57
E1,2023-03-07,20:00:00,Reading,Sheffield United,0,1,0.0,0.0,A,D,4.75,3.6,1.75,1.98,1.88
E1,2023-03-07,20:00:00,West Brom,Wigan,1,0,1.0,0.0,H,H,1.57,4.0,6.0,2.1,1.73
E1,2023-03-10,20:00:00,Stoke,Blackburn,3,2,2.0,0.0,H,H,2.0,3.4,3.8,2.3,1.62
E1,2023-03-11,12:30:00,Bristol City,Blackpool,2,0,0.0,0.0,H,D,1.95,3.6,4.0,2.05,1.8
E1,2023-03-11,15:00:00,Birmingham,Rotherham,2,0,2.0,0.0,H,H,1.91,3.5,4.2,2.2,1.67
E1,2023-03-11,15:00:00,Burnley,Wigan,3,0,1.0,0.0,H,H,1.33,5.25,8.5,2.0,1.85
E1,2023-03-11,15:00:00,Coventry,Hull,1,1,0.0,0.0,D,D,1.95,3.3,4.1,2.2,1.67
E1,2023-03-11,15:00:00,Preston,Cardiff,2,0,0.0,0.0,H,D,2.4,3.3,3.0,2.5,1.53
E1,2023-03-11,15:00:00,QPR,Watford,1,0,1.0,0.0,H,H,3.2,3.25,2.3,2.1,1.73
E1,2023-03-11,15:00:00,Reading,Millwall,0,1,0.0,1.0,A,A,3.5,3.5,2.1,2.3,1.62
E1,2023-03-11,15:00:00,Sheffield United,Luton,0,1,0.0,0.0,A,D,1.95,3.5,4.0,2.2,1.67
E1,2023-03-11,15:00:00,Swansea,Middlesbrough,1,3,1.0,0.0,A,H,3.25,3.6,2.15,1.98,1.88
E1,2023-03-11,15:00:00,West Brom,Huddersfield,1,0,1.0,0.0,H,H,1.4,4.75,7.5,1.93,1.93
E1,2023-03-12,12:00:00,Norwich,Sunderland,0,1,0.0,1.0,A,A,1.83,3.75,4.2,1.98,1.88
E1,2023-03-14,19:45:00,Blackpool,QPR,6,1,4.0,1.0,H,H,2.5,3.1,3.1,2.38,1.57
E1,2023-03-14,19:45:00,Millwall,Swansea,2,1,0.0,0.0,H,D,1.95,3.5,3.8,2.2,1.67
E1,2023-03-14,19:45:00,Rotherham,Preston,1,2,1.0,2.0,A,A,2.7,3.2,2.75,2.3,1.62
E1,2023-03-14,19:45:00,Watford,Birmingham,3,0,2.0,0.0,H,H,1.83,3.6,4.33,2.38,1.57
E1,2023-03-14,19:45:00,Wigan,Coventry,1,1,0.0,0.0,D,D,3.5,3.3,2.15,2.3,1.62
E1,2023-03-14,20:00:00,Middlesbrough,Stoke,1,1,1.0,1.0,D,D,1.7,3.8,5.0,1.9,1.95
E1,2023-03-15,19:45:00,Blackburn,Reading,2,1,1.0,0.0,H,H,1.75,3.6,4.75,2.1,1.73
E1,2023-03-15,19:45:00,Cardiff,West Brom,1,1,0.0,1.0,D,A,3.1,3.25,2.38,2.3,1.62
E1,2023-03-15,19:45:00,Huddersfield,Norwich,1,1,0.0,1.0,D,A,4.33,3.6,1.85,2.2,1.67
E1,2023-03-15,19:45:00,Hull,Burnley,1,3,0.0,1.0,A,A,4.5,3.5,1.83,2.3,1.62
E1,2023-03-15,19:45:00,Luton,Bristol City,1,0,1.0,0.0,H,H,1.85,3.5,4.5,2.1,1.73
E1,2023-03-15,20:00:00,Sunderland,Sheffield United,1,2,1.0,1.0,A,D,3.3,3.25,2.25,2.02,1.83
E1,2023-03-18,15:00:00,Blackpool,Coventry,1,4,1.0,2.0,A,A,3.3,3.3,2.25,2.1,1.73
E1,2023-03-18,15:00:00,Middlesbrough,Preston,4,0,1.0,0.0,H,H,1.55,3.8,6.5,2.02,1.83
E1,2023-03-18,15:00:00,Millwall,Huddersfield,0,1,0.0,0.0,A,D,1.53,3.75,8.0,2.2,1.67
E1,2023-03-18,15:00:00,QPR,Birmingham,0,1,0.0,1.0,A,A,2.38,3.3,3.1,2.2,1.67
E1,2023-03-18,15:00:00,Reading,Hull,1,1,1.0,1.0,D,D,2.75,3.4,2.5,2.38,1.57
E1,2023-03-18,15:00:00,Stoke,Norwich,0,0,0.0,0.0,D,D,2.45,3.3,2.9,2.0,1.8
E1,2023-03-18,15:00:00,Sunderland,Luton,1,1,0.0,0.0,D,D,2.6,3.3,2.7,2.2,1.67
E1,2023-03-18,15:00:00,Watford,Wigan,1,1,1.0,0.0,D,H,1.7,3.6,5.25,2.2,1.67
E1,2023-03-19,12:30:00,Swansea,Bristol City,2,0,1.0,0.0,H,H,2.15,3.3,3.4,2.0,1.8
E1,2023-03-31,20:00:00,Burnley,Sunderland,0,0,0.0,0.0,D,D,1.45,4.33,7.5,1.8,2.0
E1,2023-04-01,12:30:00,Luton,Watford,2,0,1.0,0.0,H,H,2.15,3.25,3.6,2.38,1.57
E1,2023-04-01,12:30:00,Preston,Blackpool,3,1,2.0,0.0,H,H,2.1,3.2,3.8,2.2,1.67
E1,2023-04-01,15:00:00,Birmingham,Blackburn,1,0,0.0,0.0,H,D,2.6,3.2,2.88,2.38,1.57
E1,2023-04-01,15:00:00,Bristol City,Reading,1,1,1.0,0.0,D,H,1.75,3.5,5.0,2.3,1.62
E1,2023-04-01,15:00:00,Cardiff,Swansea,2,3,1.0,2.0,A,A,2.45,3.2,3.0,2.2,1.67
E1,2023-04-01,15:00:00,Coventry,Stoke,0,4,0.0,2.0,A,A,2.38,3.3,3.1,2.05,1.8
E1,2023-04-01,15:00:00,Huddersfield,Middlesbrough,4,2,0.0,1.0,H,A,5.0,3.75,1.7,2.02,1.83
E1,2023-04-01,15:00:00,Hull,Rotherham,0,0,0.0,0.0,D,D,1.91,3.5,4.2,2.2,1.67
E1,2023-04-01,15:00:00,Norwich,Sheffield United,0,1,0.0,0.0,A,D,2.55,3.3,2.8,2.02,1.83
E1,2023-04-01,15:00:00,West Brom,Millwall,0,0,0.0,0.0,D,D,1.85,3.5,4.5,2.3,1.62
E1,2023-04-01,15:00:00,Wigan,QPR,1,0,1.0,0.0,H,H,2.4,3.3,3.0,2.3,1.62
E1,2023-04-07,12:30:00,Millwall,Luton,0,0,0.0,0.0,D,D,2.6,3.0,3.0,2.63,1.5
E1,2023-04-07,13:00:00,Rotherham,West Brom,3,1,1.0,1.0,H,D,5.0,3.5,1.75,2.2,1.67
E1,2023-04-07,15:00:00,Blackburn,Norwich,0,2,0.0,1.0,A,A,2.88,3.2,2.6,2.1,1.73
E1,2023-04-07,15:00:00,Blackpool,Cardiff,1,3,0.0,3.0,A,A,2.8,3.2,2.6,2.3,1.62
E1,2023-04-07,15:00:00,QPR,Preston,0,2,0.0,0.0,A,D,2.45,3.2,3.0,2.38,1.57
E1,2023-04-07,15:00:00,Reading,Birmingham,1,1,1.0,1.0,D,D,2.9,3.0,2.63,2.63,1.5
E1,2023-04-07,15:00:00,Sheffield United,Wigan,1,0,1.0,0.0,H,H,1.45,4.2,7.0,1.93,1.93
E1,2023-04-07,15:00:00,Stoke,Bristol City,1,2,1.0,0.0,A,H,1.8,3.6,4.5,2.05,1.8
E1,2023-04-07,15:00:00,Swansea,Coventry,0,0,0.0,0.0,D,D,2.3,3.25,3.25,2.05,1.8
E1,2023-04-07,15:00:00,Watford,Huddersfield,2,3,1.0,1.0,A,D,1.67,3.6,5.5,2.2,1.67
E1,2023-04-07,17:30:00,Sunderland,Hull,4,4,2.0,2.0,D,D,2.0,3.3,4.0,2.1,1.73
E1,2023-04-07,20:00:00,Middlesbrough,Burnley,1,2,0.0,1.0,A,A,2.7,3.4,2.55,2.05,1.8
E1,2023-04-10,12:30:00,Huddersfield,Blackburn,2,2,2.0,0.0,D,H,2.8,3.25,2.55,2.2,1.67
E1,2023-04-10,15:00:00,Birmingham,Stoke,0,0,0.0,0.0,D,D,3.2,3.25,2.3,2.2,1.67
E1,2023-04-10,15:00:00,Cardiff,Sunderland,0,1,0.0,0.0,A,D,2.45,3.25,2.9,2.2,1.67
E1,2023-04-10,15:00:00,Coventry,Watford,2,2,0.0,2.0,D,A,2.4,3.25,3.0,2.2,1.67
E1,2023-04-10,15:00:00,Hull,Millwall,1,0,0.0,0.0,H,D,3.0,3.25,2.45,2.38,1.57
E1,2023-04-10,15:00:00,Luton,Blackpool,3,1,1.0,1.0,H,D,1.53,4.0,7.0,2.0,1.8
E1,2023-04-10,15:00:00,Norwich,Rotherham,0,0,0.0,0.0,D,D,1.55,4.0,6.5,1.93,1.93
E1,2023-04-10,15:00:00,Preston,Reading,2,1,0.0,0.0,H,D,1.95,3.25,4.0,2.2,1.67
E1,2023-04-10,15:00:00,West Brom,QPR,2,2,2.0,1.0,D,H,1.6,3.75,6.5,2.0,1.85
E1,2023-04-10,15:00:00,Wigan,Swansea,0,2,0.0,2.0,A,A,3.0,3.25,2.4,2.1,1.73
E1,2023-04-10,17:30:00,Bristol City,Middlesbrough,2,2,1.0,0.0,D,H,3.6,3.5,2.05,1.9,1.95
E1,2023-04-10,20:00:00,Burnley,Sheffield United,2,0,0.0,0.0,H,D,2.1,3.5,3.5,2.05,1.8
E1,2023-04-14,20:00:00,Middlesbrough,Norwich,5,1,4.0,1.0,H,H,1.91,3.75,3.8,1.8,2.0
E1,2023-04-15,12:30:00,Sheffield United,Cardiff,4,1,1.0,1.0,H,D,1.55,4.0,6.25,2.02,1.83
E1,2023-04-15,15:00:00,Blackpool,Wigan,1,0,1.0,0.0,H,H,2.3,3.2,3.3,2.1,1.73
E1,2023-04-15,15:00:00,Millwall,Preston,2,0,1.0,0.0,H,H,1.85,3.3,4.5,2.5,1.53
E1,2023-04-15,15:00:00,QPR,Coventry,0,3,0.0,1.0,A,A,2.9,3.1,2.6,2.1,1.73
E1,2023-04-15,15:00:00,Reading,Burnley,0,0,0.0,0.0,D,D,7.0,4.0,1.53,2.1,1.73
E1,2023-04-15,15:00:00,Rotherham,Luton,0,2,0.0,1.0,A,A,4.33,3.3,1.95,2.3,1.62
E1,2023-04-15,15:00:00,Stoke,West Brom,1,2,1.0,0.0,A,H,2.3,3.2,3.3,2.1,1.73
E1,2023-04-15,15:00:00,Sunderland,Birmingham,2,1,1.0,1.0,H,D,1.91,3.5,4.33,2.1,1.73
E1,2023-04-15,15:00:00,Swansea,Huddersfield,1,0,0.0,0.0,H,D,1.7,3.8,5.0,1.93,1.93
E1,2023-04-15,15:00:00,Watford,Bristol City,2,0,1.0,0.0,H,H,1.95,3.5,4.0,2.0,1.8
E1,2023-04-15,19:45:00,Blackburn,Hull,0,0,0.0,0.0,D,D,1.85,3.5,4.33,2.1,1.73
E1,2023-04-18,19:45:00,Blackpool,West Brom,0,2,0.0,1.0,A,A,3.8,3.6,1.91,2.0,1.85
E1,2023-04-18,19:45:00,Rotherham,Burnley,2,2,1.0,1.0,D,D,5.5,3.8,1.65,2.1,1.73
E1,2023-04-18,19:45:00,Sheffield United,Bristol City,1,0,0.0,0.0,H,D,1.5,4.2,6.5,1.85,2.0
E1,2023-04-18,19:45:00,Stoke,Wigan,0,1,0.0,0.0,A,D,1.55,3.8,6.5,2.02,1.83
E1,2023-04-18,19:45:00,Sunderland,Huddersfield,1,1,1.0,0.0,D,H,1.67,3.75,5.5,2.1,1.73
E1,2023-04-18,20:00:00,Millwall,Birmingham,0,1,0.0,1.0,A,A,1.7,3.6,5.25,2.3,1.62
E1,2023-04-19,19:45:00,Blackburn,Coventry,1,1,1.0,0.0,D,H,2.45,3.3,2.88,2.02,1.82
E1,2023-04-19,19:45:00,QPR,Norwich,1,1,1.0,0.0,D,H,3.4,3.4,2.15,2.05,1.8
E1,2023-04-19,19:45:00,Swansea,Preston,4,2,3.0,0.0,H,H,2.1,3.4,3.5,2.1,1.73
E1,2023-04-19,19:45:00,Watford,Cardiff,1,3,1.0,3.0,A,A,1.95,3.4,4.2,2.2,1.67
E1,2023-04-19,20:00:00,Middlesbrough,Hull,3,1,0.0,1.0,H,A,1.45,4.5,6.5,1.67,2.2
E1,2023-04-19,20:00:00,Reading,Luton,1,1,0.0,0.0,D,D,4.75,3.4,1.8,2.3,1.62
E1,2023-04-22,15:00:00,Birmingham,Blackpool,0,1,0.0,0.0,A,D,2.15,3.25,3.6,2.1,1.73
E1,2023-04-22,15:00:00,Bristol City,Rotherham,2,1,1.0,0.0,H,H,2.0,3.5,3.75,1.98,1.88
E1,2023-04-22,15:00:00,Burnley,QPR,1,2,0.0,0.0,A,D,1.36,4.75,9.5,1.8,2.0
E1,2023-04-22,15:00:00,Cardiff,Stoke,1,1,1.0,1.0,D,D,2.4,3.25,3.0,2.1,1.73
E1,2023-04-22,15:00:00,Coventry,Reading,2,1,1.0,0.0,H,H,1.53,4.0,7.0,2.1,1.73
E1,2023-04-22,15:00:00,Hull,Watford,1,0,1.0,0.0,H,H,2.5,3.25,2.88,2.1,1.73
E1,2023-04-22,15:00:00,Norwich,Swansea,0,3,0.0,2.0,A,A,2.0,3.4,3.75,1.88,1.98
E1,2023-04-22,15:00:00,Wigan,Millwall,2,1,1.0,1.0,H,D,3.8,3.4,2.0,2.38,1.57
E1,2023-04-22,17:30:00,Preston,Blackburn,1,1,0.0,0.0,D,D,2.6,3.1,2.9,2.2,1.67
E1,2023-04-23,12:00:00,West Brom,Sunderland,1,2,1.0,0.0,A,H,1.91,3.5,4.2,1.95,1.9
E1,2023-04-24,20:00:00,Luton,Middlesbrough,2,1,0.0,1.0,H,A,2.25,3.5,3.1,2.05,1.8
E1,2023-04-25,20:00:00,Blackburn,Burnley,0,1,0.0,0.0,A,D,3.4,3.4,2.15,2.1,1.73
E1,2023-04-26,20:00:00,Sheffield United,West Brom,2,0,0.0,0.0,H,D,2.05,3.3,3.8,2.02,1.82
E1,2023-04-27,20:00:00,Rotherham,Cardiff,1,2,1.0,1.0,A,D,2.8,3.0,2.7,2.3,1.62
E1,2023-04-28,20:00:00,Blackpool,Millwall,2,3,1.0,1.0,A,D,3.3,3.4,2.2,2.0,1.8
E1,2023-04-29,15:00:00,Bristol City,Burnley,1,2,0.0,1.0,A,A,3.75,3.5,2.0,1.98,1.88
E1,2023-04-29,15:00:00,Coventry,Birmingham,2,0,2.0,0.0,H,H,1.5,4.33,6.5,1.93,1.93
E1,2023-04-29,15:00:00,Hull,Swansea,1,1,1.0,1.0,D,D,3.8,3.6,1.95,1.85,2.0
E1,2023-04-29,15:00:00,Reading,Wigan,1,1,0.0,0.0,D,D,2.6,3.25,2.8,2.1,1.73
E1,2023-04-29,15:00:00,Sheffield United,Preston,4,1,1.0,0.0,H,H,1.8,3.8,4.2,1.9,1.95
E1,2023-04-29,15:00:00,Stoke,QPR,0,1,0.0,0.0,A,D,1.91,3.6,4.0,2.02,1.82
E1,2023-04-29,15:00:00,Sunderland,Watford,2,2,0.0,1.0,D,A,1.8,3.6,4.5,1.93,1.93
E1,2023-04-29,17:30:00,West Brom,Norwich,2,1,1.0,1.0,H,D,2.1,3.5,3.5,1.85,2.0
E1,2023-04-30,12:00:00,Cardiff,Huddersfield,1,2,0.0,0.0,A,D,2.3,3.2,3.3,2.2,1.67
E1,2023-05-01,13:00:00,Rotherham,Middlesbrough,1,0,0.0,0.0,H,D,3.75,3.3,2.05,1.95,1.9
E1,2023-05-01,17:30:00,Blackburn,Luton,1,1,0.0,0.0,D,D,2.3,3.4,3.1,1.88,1.98
E1,2023-05-04,19:45:00,Huddersfield,Sheffield United,1,0,0.0,0.0,H,D,3.2,3.0,2.45,2.1,1.73
E1,2023-05-08,15:00:00,Birmingham,Sheffield United,1,2,0.0,0.0,A,D,4.0,3.5,1.91,1.98,1.88
E1,2023-05-08,15:00:00,Burnley,Cardiff,3,0,2.0,0.0,H,H,1.33,4.75,10.0,1.67,2.2
E1,2023-05-08,15:00:00,Huddersfield,Reading,2,0,0.0,0.0,H,D,2.1,3.4,3.5,1.85,2.0
E1,2023-05-08,15:00:00,Luton,Hull,0,0,0.0,0.0,D,D,1.62,3.8,5.5,1.93,1.93
E1,2023-05-08,15:00:00,Middlesbrough,Coventry,1,1,1.0,1.0,D,D,2.55,3.6,2.63,1.8,2.0
E1,2023-05-08,15:00:00,Millwall,Blackburn,3,4,3.0,1.0,A,H,1.91,3.75,3.8,1.9,1.95
E1,2023-05-08,15:00:00,Norwich,Blackpool,0,1,0.0,1.0,A,A,1.53,4.0,6.5,1.67,2.2
E1,2023-05-08,15:00:00,Preston,Sunderland,0,3,0.0,0.0,A,D,4.0,3.5,1.91,1.8,2.05
E1,2023-05-08,15:00:00,QPR,Bristol City,0,2,0.0,1.0,A,A,2.25,3.5,3.0,1.73,2.1
E1,2023-05-08,15:00:00,Swansea,West Brom,3,2,1.0,1.0,H,D,3.2,3.4,2.2,1.8,2.0
E1,2023-05-08,15:00:00,Watford,Stoke,2,0,0.0,0.0,H,D,2.38,3.2,3.0,1.73,2.1
E1,2023-05-08,15:00:00,Wigan,Rotherham,0,0,0.0,0.0,D,D,2.05,3.8,3.25,1.88,1.98
E2,2022-07-30,15:00:00,Accrington,Charlton,2,2,0.0,1.0,D,A,2.55,3.4,2.7,1.9,1.95
E2,2022-07-30,15:00:00,Bristol Rvs,Forest Green,1,2,0.0,0.0,A,D,2.3,3.3,3.2,1.93,1.93
E2,2022-07-30,15:00:00,Cambridge,Milton Keynes Dons,1,0,1.0,0.0,H,H,4.0,3.5,1.9,2.05,1.8
E2,2022-07-30,15:00:00,Cheltenham,Peterboro,2,3,2.0,0.0,A,H,3.1,3.4,2.3,1.73,2.15
E2,2022-07-30,15:00:00,Derby,Oxford,1,0,0.0,0.0,H,D,2.2,3.4,3.3,1.93,1.93
E2,2022-07-30,15:00:00,Ipswich,Bolton,1,1,1.0,1.0,D,D,1.9,3.4,4.2,2.05,1.8
E2,2022-07-30,15:00:00,Lincoln,Exeter,1,1,0.0,1.0,D,A,2.37,3.2,3.2,1.98,1.88
E2,2022-07-30,15:00:00,Morecambe,Shrewsbury,0,0,0.0,0.0,D,D,2.9,3.3,2.45,2.15,1.73
E2,2022-07-30,15:00:00,Plymouth,Barnsley,1,0,1.0,0.0,H,H,2.1,3.4,3.6,2.0,1.85
E2,2022-07-30,15:00:00,Port Vale,Fleetwood Town,2,1,2.0,1.0,H,H,1.95,3.4,4.0,2.13,1.75
E2,2022-07-30,15:00:00,Sheffield Weds,Portsmouth,3,3,1.0,0.0,D,H,1.66,4.0,5.0,1.95,1.9
E2,2022-07-30,15:00:00,Wycombe,Burton,3,0,3.0,0.0,H,H,1.75,3.6,4.75,1.93,1.93
E2,2022-08-06,15:00:00,Barnsley,Cheltenham,1,0,0.0,0.0,H,D,1.8,3.4,5.0,2.0,1.85
E2,2022-08-06,15:00:00,Bolton,Wycombe,3,0,2.0,0.0,H,H,2.37,3.3,3.0,2.07,1.72
E2,2022-08-06,15:00:00,Burton,Bristol Rvs,0,4,0.0,4.0,A,A,2.7,3.25,2.7,2.07,1.72
E2,2022-08-06,15:00:00,Charlton,Derby,1,0,0.0,0.0,H,D,2.75,3.2,2.62,2.1,1.7
E2,2022-08-06,15:00:00,Exeter,Port Vale,4,0,2.0,0.0,H,H,2.4,3.2,3.1,2.1,1.7
E2,2022-08-06,15:00:00,Fleetwood Town,Plymouth,2,1,1.0,1.0,H,D,3.0,3.6,2.25,1.98,1.88
E2,2022-08-06,15:00:00,Forest Green,Ipswich,1,2,0.0,2.0,A,A,3.8,3.4,2.0,2.1,1.77
E2,2022-08-06,15:00:00,Milton Keynes Dons,Sheffield Weds,0,1,0.0,1.0,A,A,3.2,3.2,2.3,2.1,1.7
E2,2022-08-06,15:00:00,Oxford,Cambridge,1,0,0.0,0.0,H,D,1.7,3.75,5.25,1.83,2.02
E2,2022-08-06,15:00:00,Peterboro,Morecambe,3,0,2.0,0.0,H,H,1.44,4.33,7.5,1.85,2.0
E2,2022-08-06,15:00:00,Portsmouth,Lincoln,0,0,0.0,0.0,D,D,1.75,3.75,4.75,1.85,2.0
E2,2022-08-06,15:00:00,Shrewsbury,Accrington,0,1,0.0,0.0,A,D,2.25,3.4,3.2,2.1,1.77
E2,2022-08-13,12:30:00,Bristol Rvs,Oxford,1,0,1.0,0.0,H,H,2.8,3.4,2.5,1.9,1.95
E2,2022-08-13,15:00:00,Accrington,Burton,4,4,0.0,2.0,D,A,1.95,3.5,4.0,1.9,1.95
E2,2022-08-13,15:00:00,Cambridge,Exeter,2,1,0.0,1.0,H,A,2.87,3.3,2.5,2.02,1.83
E2,2022-08-13,15:00:00,Cheltenham,Portsmouth,0,2,0.0,1.0,A,A,3.2,3.5,2.2,1.95,1.85
E2,2022-08-13,15:00:00,Derby,Barnsley,2,1,2.0,0.0,H,H,1.85,3.5,4.5,2.15,1.66
E2,2022-08-13,15:00:00,Ipswich,Milton Keynes Dons,3,0,2.0,0.0,H,H,1.75,3.6,5.0,2.1,1.77
E2,2022-08-13,15:00:00,Lincoln,Forest Green,1,1,0.0,0.0,D,D,2.37,3.4,2.9,2.02,1.83
E2,2022-08-13,15:00:00,Morecambe,Fleetwood Town,1,1,1.0,0.0,D,H,2.4,3.3,3.0,2.02,1.83
E2,2022-08-13,15:00:00,Plymouth,Peterboro,2,0,1.0,0.0,H,H,2.45,3.4,2.8,1.88,1.98
E2,2022-08-13,15:00:00,Port Vale,Bolton,0,0,0.0,0.0,D,D,3.2,3.4,2.25,2.0,1.85
E2,2022-08-13,15:00:00,Sheffield Weds,Charlton,1,0,0.0,0.0,H,D,1.61,4.0,5.5,2.05,1.75
E2,2022-08-13,15:00:00,Wycombe,Shrewsbury,1,2,0.0,0.0,A,D,1.95,3.5,4.0,2.1,1.7
E2,2022-08-16,19:45:00,Barnsley,Bristol Rvs,3,0,2.0,0.0,H,H,1.95,3.5,3.6,2.02,1.83
E2,2022-08-16,19:45:00,Bolton,Morecambe,1,0,1.0,0.0,H,H,1.55,4.33,5.75,1.75,2.05
E2,2022-08-16,19:45:00,Burton,Ipswich,0,1,0.0,0.0,A,D,5.25,3.8,1.66,2.0,1.85
E2,2022-08-16,19:45:00,Charlton,Plymouth,5,1,3.0,0.0,H,H,2.3,3.4,3.1,1.95,1.9
E2,2022-08-16,19:45:00,Exeter,Wycombe,3,1,2.0,0.0,H,H,2.45,3.4,2.87,2.05,1.75
E2,2022-08-16,19:45:00,Fleetwood Town,Cheltenham,0,0,0.0,0.0,D,D,2.15,3.4,3.3,1.95,1.9
E2,2022-08-16,19:45:00,Milton Keynes Dons,Port Vale,2,1,1.0,0.0,H,H,2.2,3.4,3.25,2.3,1.6
E2,2022-08-16,19:45:00,Oxford,Lincoln,1,2,0.0,2.0,A,A,1.85,3.6,4.0,2.0,1.85
E2,2022-08-16,19:45:00,Peterboro,Sheffield Weds,2,0,0.0,0.0,H,D,2.9,3.25,2.5,2.05,1.8
E2,2022-08-16,19:45:00,Portsmouth,Cambridge,4,1,1.0,1.0,H,D,1.61,3.8,5.75,1.93,1.93
E2,2022-08-16,19:45:00,Shrewsbury,Derby,0,0,0.0,0.0,D,D,3.3,3.2,2.25,2.35,1.57
E2,2022-08-20,15:00:00,Barnsley,Wycombe,0,3,0.0,1.0,A,A,2.25,3.4,3.1,2.05,1.8
E2,2022-08-20,15:00:00,Bolton,Sheffield Weds,0,2,0.0,2.0,A,A,2.75,3.5,2.5,2.02,1.83
E2,2022-08-20,15:00:00,Burton,Port Vale,0,2,0.0,0.0,A,D,2.87,3.25,2.5,1.98,1.88
E2,2022-08-20,15:00:00,Charlton,Cambridge,1,1,1.0,0.0,D,H,1.66,4.0,5.0,2.0,1.85
E2,2022-08-20,15:00:00,Exeter,Cheltenham,0,1,0.0,0.0,A,D,1.7,3.8,5.0,1.83,2.02
E2,2022-08-20,15:00:00,Fleetwood Town,Derby,0,0,0.0,0.0,D,D,3.6,3.3,2.1,2.07,1.72
E2,2022-08-20,15:00:00,Forest Green,Plymouth,0,3,0.0,2.0,A,A,2.62,3.3,2.62,2.0,1.85
E2,2022-08-20,15:00:00,Milton Keynes Dons,Accrington,1,1,1.0,0.0,D,H,2.0,3.6,3.6,1.83,2.02
E2,2022-08-20,15:00:00,Oxford,Morecambe,1,1,0.0,0.0,D,D,1.5,4.5,6.0,1.66,2.15
E2,2022-08-20,15:00:00,Peterboro,Lincoln,4,0,3.0,0.0,H,H,1.8,4.0,4.0,1.72,2.07
E2,2022-08-20,15:00:00,Portsmouth,Bristol Rvs,3,1,1.0,0.0,H,H,1.7,3.8,5.0,1.88,1.98
E2,2022-08-20,15:00:00,Shrewsbury,Ipswich,0,3,0.0,1.0,A,A,3.6,3.3,2.1,2.25,1.61
E2,2022-08-27,15:00:00,Accrington,Exeter,0,0,0.0,0.0,D,D,2.75,3.5,2.5,1.72,2.07
E2,2022-08-27,15:00:00,Bristol Rvs,Shrewsbury,1,1,0.0,0.0,D,D,2.5,3.3,2.9,2.05,1.8
E2,2022-08-27,15:00:00,Cambridge,Burton,4,3,1.0,2.0,H,A,2.15,3.6,3.2,1.85,2.0
E2,2022-08-27,15:00:00,Cheltenham,Oxford,1,2,0.0,0.0,A,D,3.25,3.5,2.2,1.75,2.05
E2,2022-08-27,15:00:00,Derby,Peterboro,2,1,0.0,0.0,H,D,1.9,3.6,3.8,1.85,2.0
E2,2022-08-27,15:00:00,Ipswich,Barnsley,2,2,1.0,1.0,D,D,1.61,3.9,5.75,2.05,1.8
E2,2022-08-27,15:00:00,Lincoln,Fleetwood Town,2,2,2.0,1.0,D,H,2.15,3.4,3.4,1.98,1.88
E2,2022-08-27,15:00:00,Morecambe,Milton Keynes Dons,0,4,0.0,2.0,A,A,3.4,3.4,2.15,2.1,1.77
E2,2022-08-27,15:00:00,Plymouth,Bolton,2,0,1.0,0.0,H,H,2.37,3.3,3.0,2.02,1.83
E2,2022-08-27,15:00:00,Port Vale,Portsmouth,0,1,0.0,1.0,A,A,2.87,3.4,2.45,1.98,1.88
E2,2022-08-27,15:00:00,Sheffield Weds,Forest Green,5,0,4.0,0.0,H,H,1.61,4.0,5.5,1.93,1.93
E2,2022-08-27,15:00:00,Wycombe,Charlton,1,1,1.0,1.0,D,D,2.25,3.4,3.2,1.98,1.88
E2,2022-09-03,15:00:00,Accrington,Ipswich,0,2,0.0,0.0,A,D,4.2,3.6,1.85,2.0,1.85
E2,2022-09-03,15:00:00,Bolton,Charlton,3,1,2.0,1.0,H,H,2.2,3.4,3.25,2.02,1.83
E2,2022-09-03,15:00:00,Bristol Rvs,Morecambe,2,2,1.0,1.0,D,D,2.0,3.6,3.6,1.95,1.9
E2,2022-09-03,15:00:00,Cambridge,Lincoln,2,0,2.0,0.0,H,H,2.4,3.5,2.8,2.02,1.83
E2,2022-09-03,15:00:00,Derby,Plymouth,2,3,2.0,0.0,A,H,1.85,3.5,4.5,2.05,1.75
E2,2022-09-03,15:00:00,Exeter,Milton Keynes Dons,1,0,0.0,0.0,H,D,2.15,3.5,3.3,2.1,1.7
E2,2022-09-03,15:00:00,Fleetwood Town,Wycombe,1,1,0.0,1.0,D,A,2.75,3.5,2.5,2.0,1.85
E2,2022-09-03,15:00:00,Forest Green,Shrewsbury,0,2,0.0,1.0,A,A,2.7,3.2,2.7,2.15,1.66
E2,2022-09-03,15:00:00,Oxford,Burton,2,1,0.0,0.0,H,D,1.6,4.1,5.5,1.7,2.1
E2,2022-09-03,15:00:00,Port Vale,Cheltenham,2,2,2.0,1.0,D,H,1.9,3.75,3.75,2.02,1.83
E2,2022-09-03,15:00:00,Portsmouth,Peterboro,2,1,1.0,1.0,H,D,2.1,3.5,3.25,1.93,1.93
E2,2022-09-03,15:00:00,Sheffield Weds,Barnsley,0,2,0.0,1.0,A,A,1.61,4.0,5.5,1.98,1.88
E2,2022-09-06,19:45:00,Forest Green,Accrington,2,1,1.0,0.0,H,H,2.3,3.4,2.9,1.85,2.0
E2,2022-09-13,19:45:00,Barnsley,Port Vale,1,1,1.0,0.0,D,H,2.1,3.4,3.6,2.1,1.7
E2,2022-09-13,19:45:00,Burton,Portsmouth,0,2,0.0,0.0,A,D,4.0,3.6,1.9,1.75,2.05
E2,2022-09-13,19:45:00,Charlton,Forest Green,1,1,1.0,1.0,D,D,1.7,4.0,4.75,1.88,1.98
E2,2022-09-13,19:45:00,Cheltenham,Cambridge,2,1,0.0,1.0,H,A,3.0,3.5,2.3,1.95,1.9
E2,2022-09-13,19:45:00,Ipswich,Bristol Rvs,2,0,1.0,0.0,H,H,1.33,5.0,9.5,1.72,2.07
E2,2022-09-13,19:45:00,Lincoln,Derby,2,0,1.0,0.0,H,H,4.5,3.5,1.83,2.15,1.66
E2,2022-09-13,19:45:00,Milton Keynes Dons,Bolton,0,2,0.0,1.0,A,A,3.0,3.4,2.37,2.15,1.66
E2,2022-09-13,19:45:00,Morecambe,Sheffield Weds,0,3,0.0,0.0,A,D,8.5,4.5,1.4,1.88,1.98
E2,2022-09-13,19:45:00,Peterboro,Fleetwood Town,0,1,0.0,1.0,A,A,1.6,4.33,5.0,1.72,2.07
E2,2022-09-13,19:45:00,Plymouth,Oxford,1,0,0.0,0.0,H,D,1.95,3.5,4.0,1.88,1.98
E2,2022-09-13,19:45:00,Shrewsbury,Exeter,3,2,2.0,2.0,H,D,3.1,3.1,2.45,2.3,1.6
E2,2022-09-13,19:45:00,Wycombe,Accrington,1,0,1.0,0.0,H,H,1.95,3.6,3.8,1.72,2.07
E2,2022-09-17,15:00:00,Accrington,Cheltenham,1,0,1.0,0.0,H,H,1.9,3.5,4.0,1.8,2.0
E2,2022-09-17,15:00:00,Bolton,Peterboro,1,0,0.0,0.0,H,D,2.2,3.25,3.4,1.85,2.0
E2,2022-09-17,15:00:00,Bristol Rvs,Lincoln,3,6,1.0,3.0,A,A,2.7,3.5,2.55,1.98,1.88
E2,2022-09-17,15:00:00,Cambridge,Barnsley,0,3,0.0,1.0,A,A,2.87,3.25,2.5,2.0,1.85
E2,2022-09-17,15:00:00,Derby,Wycombe,2,1,0.0,1.0,H,A,1.9,3.5,4.0,1.95,1.9
E2,2022-09-17,15:00:00,Exeter,Burton,0,2,0.0,0.0,A,D,1.61,3.75,6.0,1.85,2.0
E2,2022-09-17,15:00:00,Fleetwood Town,Charlton,1,1,1.0,0.0,D,H,3.1,3.3,2.37,2.02,1.83
E2,2022-09-17,15:00:00,Forest Green,Morecambe,1,2,1.0,1.0,A,D,1.9,3.5,4.0,1.98,1.88
E2,2022-09-17,15:00:00,Oxford,Milton Keynes Dons,1,2,0.0,1.0,A,A,1.95,3.6,4.0,2.0,1.85
E2,2022-09-17,15:00:00,Port Vale,Shrewsbury,2,1,1.0,1.0,H,D,2.25,3.3,3.3,2.35,1.57
E2,2022-09-17,15:00:00,Portsmouth,Plymouth,2,2,1.0,0.0,D,H,1.9,3.5,4.0,1.75,2.05
E2,2022-09-17,15:00:00,Sheffield Weds,Ipswich,2,2,0.0,1.0,D,A,2.62,3.25,2.75,2.1,1.7
E2,2022-09-24,12:30:00,Forest Green,Exeter,0,4,0.0,3.0,A,A,3.4,3.3,2.2,2.0,1.85
E2,2022-09-24,15:00:00,Barnsley,Charlton,3,1,1.0,0.0,H,H,2.25,3.3,3.25,2.05,1.8
E2,2022-09-24,15:00:00,Bristol Rvs,Accrington,0,1,0.0,0.0,A,D,2.8,3.4,2.5,1.85,2.0
E2,2022-09-24,15:00:00,Morecambe,Cambridge,1,2,1.0,1.0,A,D,3.1,3.3,2.37,2.05,1.75
E2,2022-09-24,15:00:00,Peterboro,Port Vale,3,0,2.0,0.0,H,H,1.9,3.6,4.0,1.93,1.93
E2,2022-09-24,15:00:00,Sheffield Weds,Wycombe,3,1,2.0,1.0,H,H,1.61,3.8,6.0,1.95,1.9
E2,2022-09-24,15:00:00,Shrewsbury,Burton,2,1,1.0,0.0,H,H,1.95,3.4,4.0,2.1,1.7
E2,2022-09-25,12:30:00,Plymouth,Ipswich,2,1,0.0,1.0,H,A,3.25,3.3,2.25,2.05,1.8
E2,2022-10-01,15:00:00,Accrington,Morecambe,3,1,0.0,0.0,H,D,1.66,3.6,5.25,1.88,1.98
E2,2022-10-01,15:00:00,Bolton,Lincoln,2,0,1.0,0.0,H,H,1.6,3.8,6.0,1.98,1.88
E2,2022-10-01,15:00:00,Burton,Forest Green,3,2,1.0,0.0,H,H,1.85,3.6,4.2,1.95,1.9
E2,2022-10-01,15:00:00,Cambridge,Derby,0,2,0.0,1.0,A,A,3.5,3.4,2.15,2.02,1.83
E2,2022-10-01,15:00:00,Charlton,Oxford,1,1,0.0,1.0,D,A,2.2,3.4,3.3,1.98,1.88
E2,2022-10-01,15:00:00,Cheltenham,Shrewsbury,2,0,1.0,0.0,H,H,2.8,3.1,2.7,2.25,1.61
E2,2022-10-01,15:00:00,Exeter,Bristol Rvs,2,2,0.0,0.0,D,D,1.6,3.8,5.75,1.73,2.15
E2,2022-10-01,15:00:00,Fleetwood Town,Barnsley,0,1,0.0,0.0,A,D,3.2,3.3,2.25,2.07,1.72
E2,2022-10-01,15:00:00,Ipswich,Portsmouth,3,2,1.0,1.0,H,D,1.8,3.5,4.75,1.95,1.9
E2,2022-10-01,15:00:00,Milton Keynes Dons,Peterboro,2,3,0.0,2.0,A,A,3.0,3.5,2.3,2.02,1.83
E2,2022-10-01,15:00:00,Port Vale,Sheffield Weds,0,1,0.0,0.0,A,D,4.0,3.4,1.95,2.02,1.83
E2,2022-10-01,15:00:00,Wycombe,Plymouth,0,1,0.0,1.0,A,A,2.7,3.25,2.75,1.88,1.98
E2,2022-10-04,19:45:00,Burton,Fleetwood Town,0,1,0.0,1.0,A,A,2.05,3.75,3.4,1.93,1.93
E2,2022-10-04,19:45:00,Cheltenham,Bolton,1,0,0.0,0.0,H,D,4.2,3.4,1.9,2.05,1.75
E2,2022-10-04,19:45:00,Ipswich,Cambridge,3,0,0.0,0.0,H,D,1.3,5.0,11.0,1.75,2.05
E2,2022-10-04,19:45:00,Plymouth,Sheffield Weds,2,1,1.0,1.0,H,D,2.9,3.3,2.37,1.93,1.93
E2,2022-10-08,15:00:00,Barnsley,Exeter,0,2,0.0,1.0,A,A,2.2,3.4,3.25,1.95,1.9
E2,2022-10-08,15:00:00,Bristol Rvs,Cambridge,2,1,1.0,1.0,H,D,2.6,3.5,2.62,1.72,2.07
E2,2022-10-08,15:00:00,Derby,Port Vale,1,2,1.0,0.0,A,H,1.66,3.8,5.5,2.15,1.73
E2,2022-10-08,15:00:00,Forest Green,Bolton,1,0,1.0,0.0,H,H,4.5,3.6,1.8,1.98,1.88
E2,2022-10-08,15:00:00,Lincoln,Charlton,0,0,0.0,0.0,D,D,2.6,3.5,2.6,1.93,1.93
E2,2022-10-08,15:00:00,Morecambe,Ipswich,1,2,1.0,0.0,A,H,8.5,4.33,1.4,1.9,1.95
E2,2022-10-08,15:00:00,Oxford,Wycombe,0,1,0.0,1.0,A,A,2.25,3.4,3.2,1.95,1.9
E2,2022-10-08,15:00:00,Peterboro,Burton,1,1,0.0,0.0,D,D,1.5,4.33,6.5,1.61,2.25
E2,2022-10-08,15:00:00,Plymouth,Accrington,3,0,1.0,0.0,H,H,1.72,3.8,4.75,1.75,2.05
E2,2022-10-08,15:00:00,Portsmouth,Fleetwood Town,1,1,1.0,1.0,D,D,1.57,4.0,6.0,1.9,1.95
E2,2022-10-08,15:00:00,Sheffield Weds,Cheltenham,3,0,1.0,0.0,H,H,1.4,4.75,8.0,1.7,2.1
E2,2022-10-08,15:00:00,Shrewsbury,Milton Keynes Dons,2,1,2.0,0.0,H,H,2.25,3.3,3.2,2.25,1.61
E2,2022-10-11,19:45:00,Charlton,Exeter,4,2,2.0,1.0,H,H,2.4,3.4,2.9,1.85,2.0
E2,2022-10-11,19:45:00,Milton Keynes Dons,Bristol Rvs,0,1,0.0,0.0,A,D,2.2,3.4,3.3,1.95,1.9
E2,2022-10-11,19:45:00,Peterboro,Forest Green,4,1,2.0,1.0,H,H,1.44,4.75,7.0,1.6,2.3
E2,2022-10-15,15:00:00,Accrington,Derby,0,3,0.0,2.0,A,A,3.1,3.5,2.25,1.9,1.95
E2,2022-10-15,15:00:00,Bolton,Barnsley,0,0,0.0,0.0,D,D,2.2,3.3,3.3,2.05,1.8
E2,2022-10-15,15:00:00,Burton,Morecambe,1,1,1.0,0.0,D,H,1.7,3.75,5.0,1.8,2.0
E2,2022-10-15,15:00:00,Cambridge,Sheffield Weds,0,2,0.0,1.0,A,A,4.75,4.0,1.72,1.9,1.95
E2,2022-10-15,15:00:00,Cheltenham,Bristol Rvs,1,4,0.0,4.0,A,A,2.37,3.5,2.9,2.0,1.85
E2,2022-10-15,15:00:00,Exeter,Oxford,2,4,0.0,3.0,A,A,2.25,3.4,3.2,1.98,1.88
E2,2022-10-15,15:00:00,Fleetwood Town,Shrewsbury,0,1,0.0,1.0,A,A,2.37,3.2,3.1,2.3,1.6
E2,2022-10-15,15:00:00,Ipswich,Lincoln,0,1,0.0,1.0,A,A,1.36,4.75,9.0,1.9,1.95
E2,2022-10-15,15:00:00,Milton Keynes Dons,Plymouth,1,4,0.0,3.0,A,A,3.3,3.5,2.15,1.85,2.0
E2,2022-10-15,15:00:00,Port Vale,Forest Green,2,2,0.0,2.0,D,A,1.8,3.6,4.5,2.0,1.85
E2,2022-10-15,15:00:00,Wycombe,Peterboro,3,1,1.0,1.0,H,D,2.87,3.5,2.4,1.8,2.05
E2,2022-10-17,20:00:00,Charlton,Portsmouth,3,0,2.0,0.0,H,H,2.6,3.4,2.7,1.98,1.88
E2,2022-10-21,20:00:00,Ipswich,Derby,1,0,0.0,0.0,H,D,1.75,3.75,4.5,2.05,1.75
E2,2022-10-22,13:00:00,Lincoln,Sheffield Weds,1,1,0.0,1.0,D,A,4.75,3.6,1.75,2.02,1.83
E2,2022-10-22,15:00:00,Accrington,Bolton,2,3,1.0,0.0,A,H,3.0,3.25,2.4,1.93,1.93
E2,2022-10-22,15:00:00,Bristol Rvs,Plymouth,2,2,0.0,2.0,D,A,3.3,3.5,2.2,1.8,2.05
E2,2022-10-22,15:00:00,Burton,Cheltenham,1,0,0.0,0.0,H,D,2.1,3.4,3.6,1.95,1.9
E2,2022-10-22,15:00:00,Cambridge,Port Vale,0,1,0.0,0.0,A,D,2.7,3.4,2.62,2.1,1.7
E2,2022-10-22,15:00:00,Exeter,Fleetwood Town,2,1,1.0,1.0,H,D,1.9,3.6,4.2,2.02,1.83
E2,2022-10-22,15:00:00,Forest Green,Portsmouth,0,1,0.0,1.0,A,A,4.33,3.6,1.85,1.88,1.98
E2,2022-10-22,15:00:00,Milton Keynes Dons,Wycombe,0,1,0.0,1.0,A,A,2.8,3.4,2.55,2.05,1.8
E2,2022-10-22,15:00:00,Morecambe,Barnsley,1,0,1.0,0.0,H,H,4.33,3.5,1.9,2.0,1.85
E2,2022-10-22,15:00:00,Oxford,Peterboro,1,2,0.0,2.0,A,A,2.45,3.6,2.75,1.8,2.05
E2,2022-10-22,15:00:00,Shrewsbury,Charlton,0,1,0.0,0.0,A,D,2.8,3.2,2.62,2.1,1.7
E2,2022-10-25,19:45:00,Barnsley,Lincoln,0,1,0.0,1.0,A,A,1.8,3.8,4.2,1.9,1.95
E2,2022-10-25,19:45:00,Bolton,Burton,2,1,0.0,0.0,H,D,1.66,3.75,5.25,1.8,2.0
E2,2022-10-25,19:45:00,Charlton,Milton Keynes Dons,0,2,0.0,0.0,A,D,1.66,3.8,4.75,1.95,1.9
E2,2022-10-25,19:45:00,Cheltenham,Morecambe,1,0,1.0,0.0,H,H,2.1,3.4,3.4,2.07,1.72
E2,2022-10-25,19:45:00,Derby,Exeter,0,0,0.0,0.0,D,D,1.9,3.6,4.0,1.88,1.98
E2,2022-10-25,19:45:00,Fleetwood Town,Forest Green,1,1,0.0,1.0,D,A,1.95,3.5,4.0,1.98,1.88
E2,2022-10-25,19:45:00,Peterboro,Accrington,3,1,1.0,1.0,H,D,1.72,4.0,4.75,1.65,2.2
E2,2022-10-25,19:45:00,Plymouth,Shrewsbury,2,1,0.0,1.0,H,A,1.66,3.6,5.5,1.88,1.98
E2,2022-10-25,19:45:00,Port Vale,Ipswich,2,3,1.0,2.0,A,A,4.33,3.3,1.9,2.15,1.66
E2,2022-10-25,19:45:00,Portsmouth,Oxford,1,1,0.0,1.0,D,A,2.25,3.5,3.1,1.8,2.05
E2,2022-10-25,19:45:00,Wycombe,Cambridge,2,3,1.0,2.0,A,A,1.9,3.75,3.8,1.72,2.07
E2,2022-10-26,20:00:00,Sheffield Weds,Bristol Rvs,1,1,1.0,0.0,D,H,1.5,4.33,6.5,1.66,2.15
E2,2022-10-29,15:00:00,Barnsley,Forest Green,2,0,1.0,0.0,H,H,1.61,4.0,5.5,1.98,1.88
E2,2022-10-29,15:00:00,Bolton,Oxford,1,3,0.0,1.0,A,A,2.05,3.5,3.6,1.93,1.93
E2,2022-10-29,15:00:00,Charlton,Ipswich,4,4,0.0,1.0,D,A,3.8,3.5,1.95,2.0,1.85
E2,2022-10-29,15:00:00,Cheltenham,Milton Keynes Dons,0,0,0.0,0.0,D,D,2.5,3.4,2.87,2.25,1.61
E2,2022-10-29,15:00:00,Derby,Bristol Rvs,4,2,4.0,2.0,H,H,1.72,3.8,4.75,1.75,2.05
E2,2022-10-29,15:00:00,Fleetwood Town,Accrington,3,0,0.0,0.0,H,D,2.25,3.4,3.2,1.95,1.9
E2,2022-10-29,15:00:00,Peterboro,Cambridge,1,0,1.0,0.0,H,H,1.5,4.33,6.5,1.7,2.1
E2,2022-10-29,15:00:00,Port Vale,Lincoln,1,0,0.0,0.0,H,D,1.9,3.5,4.0,2.2,1.65
E2,2022-10-29,15:00:00,Portsmouth,Shrewsbury,1,1,1.0,1.0,D,D,1.66,3.8,5.0,2.07,1.72
E2,2022-10-29,15:00:00,Sheffield Weds,Burton,4,2,2.0,0.0,H,H,1.5,4.2,6.5,1.75,2.05
E2,2022-10-29,15:00:00,Wycombe,Morecambe,1,1,1.0,0.0,D,H,1.5,4.33,6.5,1.65,2.2
E2,2022-10-31,20:00:00,Plymouth,Exeter,4,2,1.0,1.0,H,D,1.95,3.6,3.8,1.85,2.0
E2,2022-11-01,19:45:00,Lincoln,Accrington,1,1,0.0,0.0,D,D,2.5,3.4,2.75,1.93,1.93
E2,2022-11-01,19:45:00,Morecambe,Derby,1,1,1.0,0.0,D,H,4.5,3.4,1.8,1.98,1.88
E2,2022-11-01,19:45:00,Oxford,Fleetwood Town,1,1,0.0,1.0,D,A,1.75,3.6,4.75,1.98,1.88
E2,2022-11-01,19:45:00,Wycombe,Port Vale,2,2,1.0,1.0,D,D,2.25,3.4,3.0,1.95,1.9
E2,2022-11-09,19:45:00,Shrewsbury,Oxford,1,1,0.0,1.0,D,A,2.87,3.3,2.5,2.07,1.72
E2,2022-11-12,15:00:00,Accrington,Sheffield Weds,0,1,0.0,1.0,A,A,5.5,4.0,1.6,1.72,2.07
E2,2022-11-12,15:00:00,Bristol Rvs,Fleetwood Town,2,2,0.0,1.0,D,A,2.2,3.3,3.4,1.93,1.93
E2,2022-11-12,15:00:00,Burton,Charlton,3,3,2.0,2.0,D,D,2.8,3.4,2.5,1.9,1.95
E2,2022-11-12,15:00:00,Cambridge,Bolton,0,0,0.0,0.0,D,D,3.75,3.5,2.0,1.98,1.88
E2,2022-11-12,15:00:00,Exeter,Peterboro,3,2,1.0,1.0,H,D,3.0,3.4,2.37,1.83,2.02
E2,2022-11-12,15:00:00,Forest Green,Wycombe,0,2,0.0,2.0,A,A,3.6,3.6,2.0,1.85,2.0
E2,2022-11-12,15:00:00,Ipswich,Cheltenham,1,1,1.0,1.0,D,D,1.28,5.5,11.0,1.75,2.05
E2,2022-11-12,15:00:00,Lincoln,Plymouth,1,1,1.0,1.0,D,D,3.2,3.3,2.3,1.88,1.98
E2,2022-11-12,15:00:00,Milton Keynes Dons,Derby,1,3,1.0,1.0,A,D,3.8,3.5,2.0,1.98,1.88
E2,2022-11-12,15:00:00,Morecambe,Portsmouth,1,1,1.0,0.0,D,H,5.0,3.6,1.75,1.95,1.9
E2,2022-11-12,15:00:00,Oxford,Port Vale,4,0,2.0,0.0,H,H,2.25,3.3,3.3,2.05,1.75
E2,2022-11-12,15:00:00,Shrewsbury,Barnsley,0,1,0.0,1.0,A,A,3.2,3.2,2.4,2.25,1.61
E2,2022-11-18,20:00:00,Portsmouth,Derby,0,0,0.0,0.0,D,D,2.37,3.4,2.9,1.95,1.9
E2,2022-11-19,12:00:00,Exeter,Ipswich,0,2,0.0,1.0,A,A,5.0,3.6,1.72,1.75,2.05
E2,2022-11-19,15:00:00,Barnsley,Milton Keynes Dons,3,1,1.0,1.0,H,D,1.8,3.5,4.75,2.15,1.66
E2,2022-11-19,15:00:00,Bristol Rvs,Peterboro,1,0,0.0,0.0,H,D,3.0,3.6,2.25,1.7,2.1
E2,2022-11-19,15:00:00,Burton,Plymouth,2,2,1.0,0.0,D,H,2.8,3.6,2.37,1.8,2.0
E2,2022-11-19,15:00:00,Cambridge,Accrington,0,1,0.0,1.0,A,A,2.37,3.5,2.87,1.93,1.93
E2,2022-11-19,15:00:00,Cheltenham,Wycombe,1,0,1.0,0.0,H,H,3.5,3.4,2.1,2.02,1.83
E2,2022-11-19,15:00:00,Fleetwood Town,Bolton,1,2,1.0,0.0,A,H,3.2,3.4,2.25,2.02,1.83
E2,2022-11-19,15:00:00,Lincoln,Morecambe,2,1,1.0,0.0,H,H,1.85,3.6,4.33,2.02,1.83
E2,2022-11-19,15:00:00,Oxford,Forest Green,1,1,1.0,0.0,D,H,1.53,4.2,6.0,1.72,2.07
E2,2022-11-19,15:00:00,Port Vale,Charlton,1,0,0.0,0.0,H,D,2.37,3.4,3.0,2.05,1.75
E2,2022-11-19,15:00:00,Sheffield Weds,Shrewsbury,1,0,1.0,0.0,H,H,1.45,4.5,7.0,1.88,1.98
E2,2022-12-02,19:45:00,Bolton,Bristol Rvs,1,1,0.0,1.0,D,A,1.72,3.6,5.0,1.75,2.05
E2,2022-12-02,19:45:00,Charlton,Cheltenham,0,1,0.0,0.0,A,D,1.7,3.6,5.25,1.9,1.95
E2,2022-12-02,19:45:00,Ipswich,Fleetwood Town,1,1,1.0,0.0,D,H,1.3,5.0,10.0,1.66,2.15
E2,2022-12-02,19:45:00,Morecambe,Exeter,1,1,1.0,1.0,D,D,3.5,3.75,2.0,1.9,1.95
E2,2022-12-02,19:45:00,Peterboro,Barnsley,1,2,1.0,1.0,A,D,2.25,3.4,3.25,1.93,1.93
E2,2022-12-02,19:45:00,Plymouth,Port Vale,0,2,0.0,0.0,A,D,2.1,3.5,3.4,1.9,1.95
E2,2022-12-03,12:30:00,Derby,Sheffield Weds,0,0,0.0,0.0,D,D,3.0,3.4,2.3,2.05,1.75
E2,2022-12-03,12:30:00,Milton Keynes Dons,Burton,1,1,0.0,1.0,D,A,2.25,3.3,3.25,2.05,1.8
E2,2022-12-03,12:30:00,Shrewsbury,Lincoln,2,0,1.0,0.0,H,H,2.3,3.25,3.2,2.15,1.66
E2,2022-12-03,13:00:00,Forest Green,Cambridge,2,1,1.0,0.0,H,H,2.55,3.3,2.8,2.1,1.7
E2,2022-12-03,15:00:00,Accrington,Oxford,1,1,0.0,0.0,D,D,3.2,3.4,2.2,1.85,2.0
E2,2022-12-04,12:30:00,Wycombe,Portsmouth,2,0,1.0,0.0,H,H,2.45,3.5,2.8,1.9,1.95
E2,2022-12-10,12:30:00,Ipswich,Peterboro,2,1,1.0,1.0,H,D,1.6,3.75,5.75,1.9,1.95
E2,2022-12-10,12:30:00,Shrewsbury,Bolton,3,2,1.0,1.0,H,D,3.6,3.2,2.15,2.15,1.67
E2,2022-12-10,14:00:00,Burton,Derby,1,1,0.0,1.0,D,A,3.3,3.3,2.25,2.0,1.85
E2,2022-12-10,14:00:00,Forest Green,Cheltenham,1,0,0.0,0.0,H,D,2.4,3.25,3.1,2.08,1.73
E2,2022-12-10,15:00:00,Bristol Rvs,Port Vale,1,0,0.0,0.0,H,D,2.5,3.25,2.9,2.0,1.85
E2,2022-12-10,15:00:00,Cambridge,Plymouth,0,0,0.0,0.0,D,D,3.2,3.5,2.2,1.85,2.0
E2,2022-12-10,15:00:00,Exeter,Sheffield Weds,1,1,0.0,0.0,D,D,3.75,3.5,1.95,1.98,1.88
E2,2022-12-10,15:00:00,Lincoln,Wycombe,0,0,0.0,0.0,D,D,2.88,3.25,2.55,2.08,1.73
E2,2022-12-10,15:00:00,Milton Keynes Dons,Fleetwood Town,1,2,0.0,0.0,A,D,2.2,3.25,3.4,2.1,1.7
E2,2022-12-17,15:00:00,Barnsley,Burton,2,0,1.0,0.0,H,H,1.91,3.6,3.75,1.95,1.9
E2,2022-12-17,15:00:00,Bolton,Exeter,2,0,2.0,0.0,H,H,2.05,3.5,3.6,1.93,1.93
E2,2022-12-17,15:00:00,Charlton,Bristol Rvs,1,2,1.0,0.0,A,H,2.2,3.5,3.25,1.88,1.98
E2,2022-12-17,15:00:00,Derby,Forest Green,4,0,2.0,0.0,H,H,1.44,4.5,7.5,1.73,2.08
E2,2022-12-17,15:00:00,Plymouth,Morecambe,2,1,0.0,0.0,H,D,1.53,4.33,6.0,1.67,2.15
E2,2022-12-17,15:00:00,Portsmouth,Milton Keynes Dons,0,2,0.0,1.0,A,A,1.95,3.5,4.0,2.0,1.85
E2,2022-12-17,15:00:00,Sheffield Weds,Oxford,0,0,0.0,0.0,D,D,1.7,3.8,5.0,1.8,2.0
E2,2022-12-17,15:00:00,Wycombe,Ipswich,1,0,1.0,0.0,H,H,4.2,3.6,1.85,1.95,1.9
E2,2022-12-26,15:00:00,Accrington,Barnsley,1,1,0.0,1.0,D,A,3.3,3.4,2.2,2.02,1.83
E2,2022-12-26,15:00:00,Burton,Lincoln,3,0,3.0,0.0,H,H,2.2,3.4,3.3,2.02,1.83
E2,2022-12-26,15:00:00,Cambridge,Shrewsbury,2,1,0.0,0.0,H,D,2.75,3.3,2.6,2.2,1.65
E2,2022-12-26,15:00:00,Charlton,Peterboro,1,1,0.0,0.0,D,D,2.63,3.4,2.63,1.95,1.9
E2,2022-12-26,15:00:00,Cheltenham,Plymouth,0,1,0.0,0.0,A,D,3.25,3.4,2.2,1.93,1.93
E2,2022-12-26,15:00:00,Exeter,Portsmouth,0,0,0.0,0.0,D,D,2.7,3.4,2.63,1.98,1.88
E2,2022-12-26,15:00:00,Fleetwood Town,Sheffield Weds,1,2,1.0,1.0,A,D,4.75,3.75,1.75,2.05,1.8
E2,2022-12-26,15:00:00,Ipswich,Oxford,3,0,2.0,0.0,H,H,1.57,4.2,5.75,1.75,2.05
E2,2022-12-26,15:00:00,Milton Keynes Dons,Forest Green,1,0,0.0,0.0,H,D,1.85,3.6,4.33,2.0,1.85
E2,2022-12-26,15:00:00,Port Vale,Morecambe,1,0,1.0,0.0,H,H,1.57,4.0,6.0,2.08,1.73
E2,2022-12-26,15:00:00,Wycombe,Bristol Rvs,2,1,1.0,1.0,H,D,2.0,3.5,3.75,1.95,1.9
E2,2022-12-27,15:00:00,Bolton,Derby,0,0,0.0,0.0,D,D,2.4,3.4,2.9,2.02,1.83
E2,2022-12-29,19:45:00,Barnsley,Fleetwood Town,2,1,0.0,0.0,H,D,1.62,3.75,5.75,1.95,1.9
E2,2022-12-29,19:45:00,Bristol Rvs,Exeter,3,4,0.0,2.0,A,A,2.3,3.3,3.1,2.0,1.85
E2,2022-12-29,19:45:00,Forest Green,Burton,1,2,0.0,1.0,A,A,2.6,3.5,2.6,1.9,1.95
E2,2022-12-29,19:45:00,Morecambe,Accrington,2,0,2.0,0.0,H,H,3.3,3.2,2.3,2.0,1.85
E2,2022-12-29,19:45:00,Oxford,Charlton,3,1,2.0,0.0,H,H,1.91,3.5,4.0,1.85,2.0
E2,2022-12-29,19:45:00,Peterboro,Milton Keynes Dons,2,0,1.0,0.0,H,H,1.73,3.75,4.75,1.85,2.0
E2,2022-12-29,19:45:00,Plymouth,Wycombe,1,0,1.0,0.0,H,H,2.1,3.4,3.6,1.8,2.05
E2,2022-12-29,19:45:00,Portsmouth,Ipswich,2,2,1.0,1.0,D,D,4.0,3.4,1.95,2.05,1.75
E2,2022-12-29,19:45:00,Sheffield Weds,Port Vale,2,0,1.0,0.0,H,H,1.6,4.0,5.5,2.02,1.83
E2,2022-12-29,19:45:00,Shrewsbury,Cheltenham,0,1,0.0,1.0,A,A,1.95,3.25,4.5,2.3,1.6
E2,2022-12-30,19:45:00,Derby,Cambridge,1,0,0.0,0.0,H,D,1.5,4.2,6.5,2.0,1.8
E2,2022-12-30,19:45:00,Lincoln,Bolton,1,1,1.0,0.0,D,H,3.25,3.3,2.15,2.0,1.85
E2,2023-01-01,15:00:00,Bristol Rvs,Cheltenham,2,1,2.0,0.0,H,H,1.85,3.5,4.5,1.9,1.95
E2,2023-01-01,15:00:00,Forest Green,Port Vale,1,3,1.0,0.0,A,H,3.3,3.4,2.2,2.02,1.83
E2,2023-01-01,15:00:00,Morecambe,Burton,5,0,2.0,0.0,H,H,3.1,3.5,2.25,1.95,1.9
E2,2023-01-01,15:00:00,Oxford,Exeter,0,1,0.0,0.0,A,D,1.91,3.6,3.8,1.98,1.88
E2,2023-01-01,15:00:00,Peterboro,Wycombe,0,3,0.0,1.0,A,A,1.91,3.6,4.0,1.9,1.95
E2,2023-01-01,15:00:00,Plymouth,Milton Keynes Dons,3,1,2.0,1.0,H,H,1.75,3.8,4.5,1.9,1.95
E2,2023-01-01,15:00:00,Portsmouth,Charlton,1,3,1.0,1.0,A,D,1.95,3.6,3.8,1.95,1.9
E2,2023-01-01,15:00:00,Shrewsbury,Fleetwood Town,0,3,0.0,2.0,A,A,2.2,3.3,3.4,2.15,1.67
E2,2023-01-02,15:00:00,Barnsley,Bolton,0,3,0.0,2.0,A,A,2.2,3.4,3.3,2.1,1.7
E2,2023-01-02,15:00:00,Derby,Accrington,4,0,3.0,0.0,H,H,1.62,4.0,5.5,1.93,1.93
E2,2023-01-02,15:00:00,Lincoln,Ipswich,1,1,0.0,0.0,D,D,5.0,4.33,1.62,1.8,2.0
E2,2023-01-02,15:00:00,Sheffield Weds,Cambridge,5,0,2.0,0.0,H,H,1.33,5.0,9.5,1.67,2.15
E2,2023-01-07,15:00:00,Bolton,Plymouth,0,0,0.0,0.0,D,D,2.1,3.5,3.4,1.88,1.98
E2,2023-01-07,15:00:00,Cambridge,Bristol Rvs,1,2,1.0,2.0,A,A,3.1,3.4,2.3,2.0,1.8
E2,2023-01-07,15:00:00,Charlton,Lincoln,2,1,2.0,0.0,H,H,1.95,3.4,4.0,2.05,1.75
E2,2023-01-07,15:00:00,Morecambe,Cheltenham,2,1,1.0,1.0,H,D,2.6,3.2,2.8,2.02,1.83
E2,2023-01-14,15:00:00,Accrington,Bristol Rvs,2,0,0.0,0.0,H,D,2.88,3.5,2.38,1.9,1.95
E2,2023-01-14,15:00:00,Bolton,Portsmouth,3,0,1.0,0.0,H,H,2.05,3.6,3.5,2.02,1.83
E2,2023-01-14,15:00:00,Burton,Shrewsbury,0,4,0.0,2.0,A,A,2.3,3.2,3.3,2.1,1.7
E2,2023-01-14,15:00:00,Charlton,Barnsley,2,0,1.0,0.0,H,H,2.7,3.4,2.6,1.93,1.93
E2,2023-01-14,15:00:00,Cheltenham,Derby,2,3,1.0,2.0,A,A,4.75,3.75,1.75,2.05,1.8
E2,2023-01-14,15:00:00,Exeter,Forest Green,1,1,0.0,0.0,D,D,1.67,4.0,5.0,1.9,1.95
E2,2023-01-14,15:00:00,Fleetwood Town,Oxford,1,2,1.0,0.0,A,H,2.9,3.6,2.25,1.95,1.9
E2,2023-01-14,15:00:00,Ipswich,Plymouth,1,1,0.0,0.0,D,D,1.53,4.33,6.0,1.83,2.02
E2,2023-01-14,15:00:00,Milton Keynes Dons,Lincoln,0,0,0.0,0.0,D,D,2.0,3.3,4.0,2.1,1.7
E2,2023-01-14,15:00:00,Wycombe,Sheffield Weds,0,1,0.0,1.0,A,A,3.5,3.4,2.1,1.95,1.9
E2,2023-01-16,20:00:00,Port Vale,Peterboro,0,2,0.0,0.0,A,D,2.7,3.4,2.6,2.0,1.85
E2,2023-01-21,15:00:00,Barnsley,Accrington,3,1,3.0,0.0,H,H,1.62,4.0,5.5,1.9,1.95
E2,2023-01-21,15:00:00,Derby,Bolton,2,1,1.0,0.0,H,H,1.95,3.6,3.8,2.05,1.75
E2,2023-01-21,15:00:00,Forest Green,Milton Keynes Dons,1,2,1.0,1.0,A,D,2.75,3.4,2.55,1.98,1.88
E2,2023-01-21,15:00:00,Oxford,Ipswich,2,1,1.0,1.0,H,D,3.8,3.5,1.95,1.93,1.93
E2,2023-01-21,15:00:00,Plymouth,Cheltenham,4,2,2.0,1.0,H,H,1.53,4.2,6.0,1.9,1.95
E2,2023-01-21,15:00:00,Portsmouth,Exeter,2,0,0.0,0.0,H,D,2.15,3.4,3.4,2.02,1.83
E2,2023-01-21,15:00:00,Sheffield Weds,Fleetwood Town,1,0,1.0,0.0,H,H,1.4,4.75,8.0,1.8,2.05
E2,2023-01-21,15:00:00,Shrewsbury,Cambridge,5,1,2.0,0.0,H,H,1.83,3.6,4.33,2.15,1.67
E2,2023-01-24,19:45:00,Bolton,Forest Green,1,0,1.0,0.0,H,H,1.45,4.5,6.5,1.85,2.0
E2,2023-01-24,19:45:00,Fleetwood Town,Portsmouth,0,2,0.0,1.0,A,A,3.0,3.2,2.45,2.05,1.75
E2,2023-01-24,19:45:00,Ipswich,Morecambe,4,0,4.0,0.0,H,H,1.2,7.0,12.0,1.6,2.3
E2,2023-01-24,19:45:00,Milton Keynes Dons,Shrewsbury,0,1,0.0,0.0,A,D,2.4,3.2,3.1,2.35,1.57
E2,2023-01-24,19:45:00,Port Vale,Derby,1,2,0.0,0.0,A,D,3.8,3.4,2.0,2.25,1.62
E2,2023-01-24,19:45:00,Wycombe,Oxford,2,0,2.0,0.0,H,H,2.25,3.3,3.3,1.85,2.0
E2,2023-01-28,12:30:00,Charlton,Bolton,1,2,0.0,1.0,A,A,2.7,3.2,2.75,2.02,1.83
E2,2023-01-28,15:00:00,Burton,Oxford,2,0,1.0,0.0,H,H,2.75,3.75,2.4,1.75,2.05
E2,2023-01-28,15:00:00,Cheltenham,Port Vale,0,0,0.0,0.0,D,D,2.9,3.3,2.45,2.25,1.62
E2,2023-01-28,15:00:00,Lincoln,Cambridge,0,0,0.0,0.0,D,D,2.1,3.3,3.6,2.15,1.67
E2,2023-01-28,15:00:00,Milton Keynes Dons,Exeter,0,2,0.0,1.0,A,A,2.6,3.3,2.75,2.05,1.75
E2,2023-01-28,15:00:00,Morecambe,Bristol Rvs,5,1,1.0,0.0,H,H,3.2,3.4,2.25,2.0,1.85
E2,2023-01-28,15:00:00,Peterboro,Portsmouth,2,1,2.0,0.0,H,H,2.05,3.5,3.6,1.88,1.98
E2,2023-01-28,15:00:00,Shrewsbury,Forest Green,2,1,0.0,1.0,H,A,1.85,3.4,4.5,2.1,1.7
E2,2023-02-01,19:45:00,Oxford,Barnsley,1,2,0.0,1.0,A,A,2.63,3.4,2.63,1.95,1.9
E2,2023-02-04,15:00:00,Accrington,Lincoln,0,3,0.0,1.0,A,A,2.25,3.3,3.3,2.02,1.83
E2,2023-02-04,15:00:00,Bolton,Cheltenham,1,0,0.0,0.0,H,D,1.5,4.2,6.5,1.93,1.93
E2,2023-02-04,15:00:00,Bristol Rvs,Milton Keynes Dons,0,2,0.0,1.0,A,A,2.2,3.5,3.2,1.98,1.88
E2,2023-02-04,15:00:00,Cambridge,Ipswich,1,1,1.0,0.0,D,H,7.5,4.75,1.4,1.85,2.0
E2,2023-02-04,15:00:00,Derby,Morecambe,5,0,1.0,0.0,H,H,1.33,5.0,10.0,1.7,2.1
E2,2023-02-04,15:00:00,Exeter,Charlton,1,2,1.0,2.0,A,A,2.38,3.4,3.0,2.0,1.85
E2,2023-02-04,15:00:00,Fleetwood Town,Burton,2,3,0.0,0.0,A,D,2.15,3.3,3.5,2.08,1.73
E2,2023-02-04,15:00:00,Forest Green,Peterboro,0,2,0.0,0.0,A,D,4.2,3.8,1.83,1.75,2.05
E2,2023-02-04,15:00:00,Oxford,Shrewsbury,0,1,0.0,0.0,A,D,2.05,3.4,3.5,2.02,1.83
E2,2023-02-04,15:00:00,Port Vale,Wycombe,0,3,0.0,1.0,A,A,2.6,3.5,2.63,2.08,1.73
E2,2023-02-04,15:00:00,Portsmouth,Barnsley,1,1,0.0,0.0,D,D,2.4,3.5,2.88,1.95,1.9
E2,2023-02-04,15:00:00,Sheffield Weds,Plymouth,1,0,1.0,0.0,H,H,1.7,3.8,5.0,2.05,1.75
E2,2023-02-07,19:45:00,Port Vale,Accrington,1,1,0.0,0.0,D,D,1.83,3.5,4.5,2.05,1.75
E2,2023-02-11,15:00:00,Barnsley,Cambridge,2,0,1.0,0.0,H,H,1.5,4.0,7.0,1.88,1.98
E2,2023-02-11,15:00:00,Burton,Exeter,1,0,0.0,0.0,H,D,2.6,3.4,2.7,1.9,1.95
E2,2023-02-11,15:00:00,Charlton,Fleetwood Town,1,2,1.0,1.0,A,D,1.91,3.5,4.2,1.83,2.02
E2,2023-02-11,15:00:00,Cheltenham,Accrington,0,0,0.0,0.0,D,D,2.1,3.4,3.6,2.1,1.7
E2,2023-02-11,15:00:00,Ipswich,Sheffield Weds,2,2,1.0,2.0,D,A,2.15,3.5,3.4,2.05,1.8
E2,2023-02-11,15:00:00,Lincoln,Bristol Rvs,1,0,1.0,0.0,H,H,2.25,3.4,3.2,2.02,1.83
E2,2023-02-11,15:00:00,Milton Keynes Dons,Oxford,1,1,1.0,0.0,D,H,2.6,3.4,2.7,2.08,1.73
E2,2023-02-11,15:00:00,Morecambe,Forest Green,1,1,0.0,0.0,D,D,2.5,3.4,2.8,2.05,1.75
E2,2023-02-11,15:00:00,Peterboro,Bolton,0,5,0.0,2.0,A,A,2.2,3.5,3.2,1.98,1.88
E2,2023-02-11,15:00:00,Plymouth,Portsmouth,3,1,1.0,0.0,H,H,2.05,3.6,3.5,1.9,1.95
E2,2023-02-11,15:00:00,Shrewsbury,Port Vale,3,2,3.0,1.0,H,H,2.38,3.2,3.2,2.3,1.6
E2,2023-02-11,15:00:00,Wycombe,Derby,3,2,1.0,0.0,H,H,3.3,3.5,2.15,1.98,1.88
E2,2023-02-14,19:45:00,Accrington,Wycombe,0,2,0.0,1.0,A,A,3.6,3.4,2.1,1.98,1.88
E2,2023-02-14,19:45:00,Bolton,Milton Keynes Dons,5,0,3.0,0.0,H,H,1.67,3.8,5.5,2.0,1.85
E2,2023-02-14,19:45:00,Bristol Rvs,Ipswich,0,0,0.0,0.0,D,D,5.5,4.0,1.62,1.8,2.0
E2,2023-02-14,19:45:00,Cambridge,Cheltenham,1,2,0.0,0.0,A,D,2.4,3.25,3.0,2.15,1.67
E2,2023-02-14,19:45:00,Derby,Lincoln,1,1,0.0,1.0,D,A,1.44,4.33,7.5,2.0,1.85
E2,2023-02-14,19:45:00,Exeter,Shrewsbury,0,0,0.0,0.0,D,D,2.2,3.4,3.3,2.2,1.65
E2,2023-02-14,19:45:00,Fleetwood Town,Peterboro,1,0,1.0,0.0,H,H,3.3,3.5,2.15,1.9,1.95
E2,2023-02-14,19:45:00,Forest Green,Charlton,0,1,0.0,1.0,A,A,3.1,3.3,2.38,2.0,1.85
E2,2023-02-14,19:45:00,Oxford,Plymouth,1,3,1.0,1.0,A,D,2.8,3.4,2.5,1.9,1.95
E2,2023-02-14,19:45:00,Port Vale,Barnsley,1,3,1.0,2.0,A,A,3.0,3.3,2.38,2.15,1.67
E2,2023-02-14,19:45:00,Portsmouth,Burton,1,0,0.0,0.0,H,D,1.75,3.75,5.0,1.93,1.93
E2,2023-02-14,19:45:00,Sheffield Weds,Morecambe,3,0,2.0,0.0,H,H,1.25,6.5,10.0,1.65,2.2
E2,2023-02-18,15:00:00,Accrington,Shrewsbury,1,0,1.0,0.0,H,H,3.1,3.3,2.3,2.3,1.6
E2,2023-02-18,15:00:00,Bristol Rvs,Burton,1,2,1.0,1.0,A,D,2.2,3.4,3.4,1.88,1.98
E2,2023-02-18,15:00:00,Cambridge,Oxford,1,0,1.0,0.0,H,H,3.25,3.5,2.15,2.05,1.75
E2,2023-02-18,15:00:00,Cheltenham,Barnsley,0,4,0.0,3.0,A,A,3.4,3.3,2.2,2.1,1.7
E2,2023-02-18,15:00:00,Derby,Charlton,2,0,1.0,0.0,H,H,1.57,4.0,6.0,1.88,1.98
E2,2023-02-18,15:00:00,Ipswich,Forest Green,4,0,2.0,0.0,H,H,1.29,6.0,9.0,1.62,2.25
E2,2023-02-18,15:00:00,Lincoln,Portsmouth,0,0,0.0,0.0,D,D,2.8,3.25,2.6,2.1,1.7
E2,2023-02-18,15:00:00,Morecambe,Peterboro,0,3,0.0,3.0,A,A,4.75,4.0,1.7,1.73,2.08
E2,2023-02-18,15:00:00,Plymouth,Fleetwood Town,0,0,0.0,0.0,D,D,1.6,4.2,5.5,1.9,1.95
E2,2023-02-18,15:00:00,Port Vale,Exeter,1,0,0.0,0.0,H,D,2.38,3.25,3.1,2.1,1.7
E2,2023-02-18,15:00:00,Sheffield Weds,Milton Keynes Dons,5,2,1.0,2.0,H,A,1.45,4.5,7.5,1.95,1.9
E2,2023-02-18,15:00:00,Wycombe,Bolton,1,0,1.0,0.0,H,H,3.0,3.4,2.38,1.95,1.9
E2,2023-02-21,19:45:00,Fleetwood Town,Cambridge,1,0,0.0,0.0,H,D,2.2,3.3,3.4,2.15,1.67
E2,2023-02-21,19:45:00,Morecambe,Port Vale,1,0,0.0,0.0,H,D,3.5,3.2,2.2,2.3,1.6
E2,2023-02-25,12:30:00,Oxford,Bristol Rvs,0,3,0.0,2.0,A,A,1.91,3.75,3.8,1.83,2.02
E2,2023-02-25,15:00:00,Barnsley,Derby,4,1,3.0,1.0,H,H,3.0,3.3,2.4,2.08,1.73
E2,2023-02-25,15:00:00,Bolton,Port Vale,2,1,2.0,1.0,H,H,1.62,4.0,5.25,2.02,1.83
E2,2023-02-25,15:00:00,Burton,Accrington,0,0,0.0,0.0,D,D,1.83,4.0,4.0,1.9,1.95
E2,2023-02-25,15:00:00,Charlton,Sheffield Weds,0,1,0.0,1.0,A,A,3.8,3.5,1.95,1.98,1.88
E2,2023-02-25,15:00:00,Exeter,Cambridge,2,0,1.0,0.0,H,H,1.83,3.4,4.5,2.15,1.67
E2,2023-02-25,15:00:00,Fleetwood Town,Morecambe,1,0,1.0,0.0,H,H,1.75,3.6,4.75,2.02,1.83
E2,2023-02-25,15:00:00,Forest Green,Lincoln,1,1,0.0,1.0,D,A,2.88,3.25,2.5,2.2,1.7
E2,2023-02-25,15:00:00,Milton Keynes Dons,Ipswich,0,1,0.0,1.0,A,A,6.0,4.0,1.6,2.1,1.77
E2,2023-02-25,15:00:00,Peterboro,Plymouth,5,2,2.0,1.0,H,H,2.05,3.75,3.4,1.85,2.0
E2,2023-02-25,15:00:00,Portsmouth,Cheltenham,4,0,3.0,0.0,H,H,1.75,3.6,4.75,1.98,1.88
E2,2023-02-25,15:00:00,Shrewsbury,Wycombe,2,0,1.0,0.0,H,H,2.7,3.2,2.7,2.2,1.65
E2,2023-02-28,19:45:00,Derby,Cheltenham,2,0,1.0,0.0,H,H,1.33,4.75,10.0,1.75,2.05
E2,2023-02-28,19:45:00,Lincoln,Milton Keynes Dons,1,1,1.0,0.0,D,H,2.25,3.2,3.3,2.4,1.53
E2,2023-02-28,19:45:00,Peterboro,Charlton,0,0,0.0,0.0,D,D,1.65,4.0,5.25,1.73,2.08
E2,2023-02-28,19:45:00,Portsmouth,Bolton,3,1,0.0,0.0,H,D,2.63,3.4,2.63,2.08,1.73
E2,2023-03-04,12:30:00,Morecambe,Bolton,0,0,0.0,0.0,D,D,5.25,3.8,1.67,1.83,2.02
E2,2023-03-04,15:00:00,Accrington,Forest Green,2,1,1.0,1.0,H,D,2.25,3.3,3.25,2.15,1.67
E2,2023-03-04,15:00:00,Bristol Rvs,Barnsley,0,0,0.0,0.0,D,D,3.75,3.4,2.05,2.05,1.75
E2,2023-03-04,15:00:00,Cambridge,Portsmouth,0,1,0.0,0.0,A,D,3.6,3.5,2.0,2.0,1.85
E2,2023-03-04,15:00:00,Cheltenham,Fleetwood Town,1,0,0.0,0.0,H,D,2.55,3.2,2.88,2.25,1.68
E2,2023-03-04,15:00:00,Derby,Shrewsbury,2,2,2.0,0.0,D,H,1.65,4.0,5.25,2.08,1.73
E2,2023-03-04,15:00:00,Ipswich,Burton,4,0,3.0,0.0,H,H,1.33,5.0,10.0,1.65,2.2
E2,2023-03-04,15:00:00,Lincoln,Oxford,1,0,1.0,0.0,H,H,2.7,3.1,2.8,2.2,1.65
E2,2023-03-04,15:00:00,Plymouth,Charlton,2,0,0.0,0.0,H,D,1.91,3.6,4.0,1.73,2.08
E2,2023-03-04,15:00:00,Port Vale,Milton Keynes Dons,1,0,1.0,0.0,H,H,1.95,3.3,4.2,2.25,1.62
E2,2023-03-04,15:00:00,Sheffield Weds,Peterboro,1,0,0.0,0.0,H,D,1.7,4.0,4.75,1.85,1.95
E2,2023-03-04,15:00:00,Wycombe,Exeter,1,1,1.0,0.0,D,H,2.0,3.6,3.6,2.05,1.75
E2,2023-03-07,19:45:00,Barnsley,Portsmouth,3,1,2.0,0.0,H,H,1.95,3.4,4.0,2.2,1.65
E2,2023-03-07,19:45:00,Cambridge,Morecambe,1,1,1.0,1.0,D,D,2.0,3.4,4.0,2.4,1.53
E2,2023-03-07,19:45:00,Cheltenham,Lincoln,0,0,0.0,0.0,D,D,2.55,3.0,3.0,2.7,1.44
E2,2023-03-07,19:45:00,Ipswich,Accrington,3,0,1.0,0.0,H,H,1.2,6.5,15.0,1.57,2.35
E2,2023-03-07,19:45:00,Peterboro,Shrewsbury,2,1,1.0,1.0,H,D,1.73,3.75,5.0,2.08,1.73
E2,2023-03-07,19:45:00,Wycombe,Fleetwood Town,2,0,1.0,0.0,H,H,1.8,3.6,4.5,1.98,1.88
E2,2023-03-07,20:00:00,Plymouth,Derby,2,1,0.0,1.0,H,A,2.6,3.6,2.55,1.95,1.9
E2,2023-03-11,15:00:00,Barnsley,Plymouth,3,0,0.0,0.0,H,D,2.05,3.4,3.6,1.9,1.95
E2,2023-03-11,15:00:00,Bolton,Ipswich,0,2,0.0,1.0,A,A,3.6,3.4,2.1,2.05,1.8
E2,2023-03-11,15:00:00,Burton,Wycombe,2,1,2.0,0.0,H,H,2.88,3.4,2.45,2.0,1.8
E2,2023-03-11,15:00:00,Charlton,Accrington,1,1,1.0,1.0,D,D,1.7,3.6,5.25,1.93,1.93
E2,2023-03-11,15:00:00,Exeter,Lincoln,2,1,1.0,1.0,H,D,2.05,3.3,3.8,2.25,1.62
E2,2023-03-11,15:00:00,Fleetwood Town,Port Vale,1,1,0.0,0.0,D,D,2.88,3.3,2.45,2.15,1.67
E2,2023-03-11,15:00:00,Forest Green,Bristol Rvs,1,3,1.0,2.0,A,A,2.88,3.2,2.55,2.0,1.85
E2,2023-03-11,15:00:00,Milton Keynes Dons,Cambridge,1,0,1.0,0.0,H,H,2.2,3.3,3.4,2.25,1.62
E2,2023-03-11,15:00:00,Oxford,Derby,2,3,1.0,2.0,A,A,3.6,3.5,2.0,1.98,1.88
E2,2023-03-11,15:00:00,Peterboro,Cheltenham,0,3,0.0,2.0,A,A,1.55,4.33,5.75,1.8,2.0
E2,2023-03-11,15:00:00,Portsmouth,Sheffield Weds,0,1,0.0,1.0,A,A,4.0,3.3,2.0,2.05,1.75
E2,2023-03-11,15:00:00,Shrewsbury,Morecambe,3,1,2.0,1.0,H,H,1.65,3.6,6.0,2.15,1.67
E2,2023-03-14,19:45:00,Accrington,Portsmouth,1,3,0.0,1.0,A,A,3.5,3.2,2.25,2.35,1.57
E2,2023-03-14,19:45:00,Bristol Rvs,Wycombe,0,2,0.0,1.0,A,A,3.0,3.4,2.38,1.88,1.98
E2,2023-03-14,19:45:00,Burton,Peterboro,2,5,1.0,3.0,A,A,3.2,3.4,2.25,2.0,1.85
E2,2023-03-14,19:45:00,Morecambe,Charlton,1,4,0.0,3.0,A,A,3.3,3.3,2.2,2.0,1.8
E2,2023-03-17,19:45:00,Sheffield Weds,Bolton,1,1,1.0,1.0,D,D,1.83,3.5,4.5,2.2,1.65
E2,2023-03-18,13:00:00,Lincoln,Peterboro,0,3,0.0,1.0,A,A,3.1,3.5,2.25,2.02,1.83
E2,2023-03-18,15:00:00,Accrington,Milton Keynes Dons,0,1,0.0,1.0,A,A,2.6,3.3,2.7,2.1,1.7
E2,2023-03-18,15:00:00,Bristol Rvs,Portsmouth,0,2,0.0,1.0,A,A,3.0,3.5,2.3,1.95,1.9
E2,2023-03-18,15:00:00,Cambridge,Charlton,1,2,0.0,2.0,A,A,2.6,3.5,2.63,2.2,1.65
E2,2023-03-18,15:00:00,Cheltenham,Exeter,3,1,1.0,0.0,H,H,2.8,3.2,2.55,2.25,1.62
E2,2023-03-18,15:00:00,Derby,Fleetwood Town,0,2,0.0,2.0,A,A,1.44,4.33,7.5,1.9,1.95
E2,2023-03-18,15:00:00,Ipswich,Shrewsbury,2,0,1.0,0.0,H,H,1.4,4.5,8.5,1.98,1.88
E2,2023-03-18,15:00:00,Morecambe,Oxford,1,1,0.0,1.0,D,A,3.6,3.6,1.95,2.1,1.7
E2,2023-03-18,15:00:00,Plymouth,Forest Green,2,0,1.0,0.0,H,H,1.4,5.25,7.5,1.65,2.2
E2,2023-03-18,15:00:00,Port Vale,Burton,2,3,1.0,1.0,A,D,1.91,3.6,4.0,2.1,1.7
E2,2023-03-18,15:00:00,Wycombe,Barnsley,0,1,0.0,0.0,A,D,2.8,3.6,2.3,1.98,1.88
E2,2023-03-21,19:45:00,Accrington,Plymouth,0,2,0.0,1.0,A,A,5.0,3.8,1.67,1.83,2.02
E2,2023-03-21,20:00:00,Barnsley,Sheffield Weds,4,2,2.0,1.0,H,H,2.75,3.2,2.63,2.25,1.62
E2,2023-03-25,15:00:00,Charlton,Wycombe,1,1,1.0,0.0,D,H,2.6,3.25,2.7,2.0,1.85
E2,2023-03-25,15:00:00,Exeter,Accrington,5,0,1.0,0.0,H,H,1.7,3.75,5.0,1.98,1.88
E2,2023-03-25,15:00:00,Fleetwood Town,Lincoln,2,1,1.0,1.0,H,D,2.3,3.1,3.3,2.35,1.57
E2,2023-03-25,15:00:00,Milton Keynes Dons,Morecambe,1,0,0.0,0.0,H,D,1.75,3.5,5.0,2.05,1.75
E2,2023-03-25,15:00:00,Peterboro,Derby,2,0,0.0,0.0,H,D,2.55,3.5,2.63,1.93,1.93
E2,2023-03-25,15:00:00,Portsmouth,Port Vale,2,2,0.0,2.0,D,A,2.0,3.5,3.75,2.2,1.65
E2,2023-03-26,13:00:00,Forest Green,Sheffield Weds,1,0,1.0,0.0,H,H,8.0,4.2,1.44,2.0,1.85
E2,2023-03-28,19:45:00,Exeter,Barnsley,3,1,1.0,1.0,H,D,3.1,3.3,2.3,2.05,1.75
E2,2023-03-29,19:45:00,Cheltenham,Sheffield Weds,2,2,0.0,0.0,D,D,5.25,3.5,1.73,2.15,1.67
E2,2023-04-01,15:00:00,Barnsley,Morecambe,5,0,3.0,0.0,H,H,1.36,4.5,10.0,1.85,2.0
E2,2023-04-01,15:00:00,Charlton,Shrewsbury,6,0,3.0,0.0,H,H,2.25,3.2,3.4,2.15,1.67
E2,2023-04-01,15:00:00,Cheltenham,Burton,0,0,0.0,0.0,D,D,2.3,3.25,3.2,1.98,1.88
E2,2023-04-01,15:00:00,Derby,Ipswich,0,2,0.0,1.0,A,A,3.5,3.25,2.2,2.08,1.73
E2,2023-04-01,15:00:00,Fleetwood Town,Exeter,2,2,2.0,1.0,D,H,2.8,3.25,2.63,2.08,1.73
E2,2023-04-01,15:00:00,Peterboro,Oxford,0,0,0.0,0.0,D,D,1.8,3.75,4.5,1.85,2.0
E2,2023-04-01,15:00:00,Port Vale,Cambridge,0,2,0.0,0.0,A,D,1.8,3.5,4.75,2.25,1.62
E2,2023-04-01,15:00:00,Portsmouth,Forest Green,1,0,0.0,0.0,H,D,1.57,3.8,6.5,1.98,1.88
E2,2023-04-01,15:00:00,Sheffield Weds,Lincoln,1,1,1.0,1.0,D,D,1.44,4.33,8.5,1.95,1.9
E2,2023-04-01,15:00:00,Wycombe,Milton Keynes Dons,2,2,1.0,1.0,D,D,1.91,3.6,4.0,2.05,1.8
E2,2023-04-07,15:00:00,Accrington,Port Vale,3,0,2.0,0.0,H,H,3.2,3.4,2.25,2.15,1.67
E2,2023-04-07,15:00:00,Bristol Rvs,Charlton,1,0,0.0,0.0,H,D,2.5,3.4,2.8,1.85,2.0
E2,2023-04-07,15:00:00,Burton,Barnsley,2,1,0.0,0.0,H,D,3.75,3.6,1.95,1.95,1.9
E2,2023-04-07,15:00:00,Cambridge,Fleetwood Town,2,1,1.0,0.0,H,H,2.2,3.3,3.4,2.2,1.65
E2,2023-04-07,15:00:00,Exeter,Bolton,0,1,0.0,1.0,A,A,2.9,3.3,2.45,2.1,1.7
E2,2023-04-07,15:00:00,Forest Green,Derby,0,2,0.0,1.0,A,A,5.75,4.0,1.6,2.05,1.75
E2,2023-04-07,15:00:00,Ipswich,Wycombe,4,0,2.0,0.0,H,H,1.4,4.75,8.5,1.73,2.08
E2,2023-04-07,15:00:00,Lincoln,Cheltenham,2,0,1.0,0.0,H,H,2.4,3.2,3.1,2.4,1.53
E2,2023-04-07,15:00:00,Milton Keynes Dons,Portsmouth,1,1,0.0,1.0,D,A,2.6,3.4,2.63,2.2,1.65
E2,2023-04-07,15:00:00,Morecambe,Plymouth,1,3,1.0,0.0,A,H,5.25,4.0,1.62,1.73,2.08
E2,2023-04-07,15:00:00,Oxford,Sheffield Weds,1,1,0.0,1.0,D,A,3.6,3.3,2.1,2.05,1.75
E2,2023-04-07,15:00:00,Shrewsbury,Peterboro,0,3,0.0,1.0,A,A,3.25,3.25,2.3,2.15,1.67
E2,2023-04-10,15:00:00,Barnsley,Shrewsbury,2,1,2.0,0.0,H,H,1.55,3.75,7.0,2.08,1.73
E2,2023-04-10,15:00:00,Bolton,Cambridge,1,1,0.0,0.0,D,D,1.57,3.75,7.0,2.02,1.83
E2,2023-04-10,15:00:00,Charlton,Burton,3,2,2.0,1.0,H,H,1.91,3.5,4.2,1.9,1.95
E2,2023-04-10,15:00:00,Cheltenham,Ipswich,1,1,0.0,0.0,D,D,7.5,3.8,1.53,1.9,1.95
E2,2023-04-10,15:00:00,Derby,Milton Keynes Dons,1,1,1.0,0.0,D,H,1.67,3.75,5.5,2.05,1.8
E2,2023-04-10,15:00:00,Fleetwood Town,Bristol Rvs,1,2,1.0,0.0,A,H,2.2,3.25,3.5,1.93,1.93
E2,2023-04-10,15:00:00,Peterboro,Exeter,3,1,2.0,0.0,H,H,1.8,3.5,4.75,1.9,1.95
E2,2023-04-10,15:00:00,Plymouth,Lincoln,0,2,0.0,1.0,A,A,1.7,3.75,5.25,1.9,1.95
E2,2023-04-10,15:00:00,Port Vale,Oxford,0,0,0.0,0.0,D,D,2.63,3.2,2.75,2.1,1.7
E2,2023-04-10,15:00:00,Portsmouth,Morecambe,0,0,0.0,0.0,D,D,1.4,4.33,8.5,1.83,2.02
E2,2023-04-10,15:00:00,Sheffield Weds,Accrington,3,0,1.0,0.0,H,H,1.25,5.5,13.0,1.73,2.08
E2,2023-04-10,15:00:00,Wycombe,Forest Green,2,0,1.0,0.0,H,H,1.53,4.0,6.5,1.8,2.0
E2,2023-04-15,12:00:00,Exeter,Plymouth,0,1,0.0,0.0,A,D,2.8,3.5,2.38,1.85,2.0
E2,2023-04-15,12:30:00,Cambridge,Peterboro,2,0,1.0,0.0,H,H,3.75,3.5,2.0,2.08,1.73
E2,2023-04-15,15:00:00,Accrington,Fleetwood Town,2,5,0.0,2.0,A,A,2.6,3.3,2.75,2.1,1.7
E2,2023-04-15,15:00:00,Bristol Rvs,Derby,1,1,0.0,1.0,D,A,4.33,3.6,1.83,1.95,1.9
E2,2023-04-15,15:00:00,Burton,Sheffield Weds,3,2,3.0,1.0,H,H,5.5,4.0,1.62,1.85,2.0
E2,2023-04-15,15:00:00,Forest Green,Barnsley,1,5,0.0,3.0,A,A,7.5,4.0,1.5,2.02,1.83
E2,2023-04-15,15:00:00,Ipswich,Charlton,6,0,2.0,0.0,H,H,1.3,6.0,8.0,1.67,2.15
E2,2023-04-15,15:00:00,Lincoln,Port Vale,3,2,2.0,2.0,H,D,2.55,3.3,2.8,2.25,1.62
E2,2023-04-15,15:00:00,Milton Keynes Dons,Cheltenham,2,2,1.0,1.0,D,D,2.05,3.2,4.0,2.3,1.6
E2,2023-04-15,15:00:00,Morecambe,Wycombe,1,0,0.0,0.0,H,D,4.2,3.5,1.91,1.98,1.88
E2,2023-04-15,15:00:00,Oxford,Bolton,0,1,0.0,1.0,A,A,2.75,3.2,2.7,2.08,1.73
E2,2023-04-15,15:00:00,Shrewsbury,Portsmouth,1,1,0.0,0.0,D,D,3.1,3.2,2.45,2.25,1.62
E2,2023-04-18,19:45:00,Accrington,Peterboro,1,2,0.0,2.0,A,A,4.75,3.8,1.73,1.88,1.98
E2,2023-04-18,19:45:00,Bristol Rvs,Sheffield Weds,1,2,0.0,2.0,A,A,4.75,3.8,1.73,1.9,1.95
E2,2023-04-18,19:45:00,Burton,Bolton,1,1,0.0,1.0,D,A,3.4,3.5,2.1,2.05,1.8
E2,2023-04-18,19:45:00,Cambridge,Wycombe,1,2,0.0,2.0,A,A,2.6,3.25,2.8,2.2,1.65
E2,2023-04-18,19:45:00,Exeter,Derby,1,2,0.0,0.0,A,D,3.4,3.3,2.2,2.05,1.8
E2,2023-04-18,19:45:00,Forest Green,Fleetwood Town,0,0,0.0,0.0,D,D,3.3,3.3,2.2,2.25,1.62
E2,2023-04-18,19:45:00,Ipswich,Port Vale,2,1,0.0,1.0,H,A,1.18,7.0,15.0,1.65,2.2
E2,2023-04-18,19:45:00,Lincoln,Barnsley,0,0,0.0,0.0,D,D,4.33,3.4,1.91,2.15,1.67
E2,2023-04-18,19:45:00,Milton Keynes Dons,Charlton,0,1,0.0,0.0,A,D,2.4,3.3,3.0,2.02,1.83
E2,2023-04-18,19:45:00,Oxford,Portsmouth,1,1,1.0,1.0,D,D,2.2,3.3,3.4,2.02,1.83
E2,2023-04-18,19:45:00,Shrewsbury,Plymouth,1,2,0.0,0.0,A,D,4.2,3.5,1.91,2.05,1.75
E2,2023-04-22,15:00:00,Barnsley,Oxford,2,0,1.0,0.0,H,H,1.62,3.8,5.75,1.98,1.88
E2,2023-04-22,15:00:00,Bolton,Shrewsbury,1,0,0.0,0.0,H,D,1.53,4.0,7.5,2.08,1.73
E2,2023-04-22,15:00:00,Charlton,Morecambe,2,3,1.0,1.0,A,D,1.7,3.8,4.75,1.82,2.02
E2,2023-04-22,15:00:00,Cheltenham,Forest Green,3,1,3.0,0.0,H,H,1.7,3.6,5.25,2.2,1.65
E2,2023-04-22,15:00:00,Derby,Burton,1,0,0.0,0.0,H,D,1.5,4.2,7.0,1.7,2.1
E2,2023-04-22,15:00:00,Fleetwood Town,Milton Keynes Dons,1,0,1.0,0.0,H,H,2.38,3.4,3.0,2.15,1.67
E2,2023-04-22,15:00:00,Peterboro,Ipswich,0,3,0.0,1.0,A,A,4.0,3.6,1.91,2.0,1.85
E2,2023-04-22,15:00:00,Plymouth,Cambridge,3,1,1.0,1.0,H,D,1.67,3.8,5.25,1.9,1.95
E2,2023-04-22,15:00:00,Port Vale,Bristol Rvs,2,0,2.0,0.0,H,H,2.2,3.4,3.25,2.0,1.85
E2,2023-04-22,15:00:00,Portsmouth,Accrington,1,0,0.0,0.0,H,D,1.65,3.75,5.5,1.98,1.88
E2,2023-04-22,15:00:00,Sheffield Weds,Exeter,2,1,0.0,0.0,H,D,1.36,4.75,9.0,1.9,1.95
E2,2023-04-22,15:00:00,Wycombe,Lincoln,0,2,0.0,1.0,A,A,1.7,3.6,5.25,2.0,1.85
E2,2023-04-25,19:45:00,Barnsley,Ipswich,0,3,0.0,2.0,A,A,3.8,3.5,2.0,2.02,1.82
E2,2023-04-25,19:45:00,Bolton,Accrington,0,1,0.0,1.0,A,A,1.5,4.5,6.5,1.73,2.08
E2,2023-04-25,19:45:00,Lincoln,Burton,0,1,0.0,0.0,A,D,2.0,3.4,3.8,2.02,1.82
E2,2023-04-25,19:45:00,Oxford,Cheltenham,4,0,1.0,0.0,H,H,1.6,3.8,6.5,1.98,1.88
E2,2023-04-25,19:45:00,Plymouth,Bristol Rvs,2,0,0.0,0.0,H,D,1.44,4.5,7.0,1.65,2.2
E2,2023-04-29,15:00:00,Accrington,Cambridge,1,2,0.0,1.0,A,A,2.6,3.4,2.7,2.05,1.75
E2,2023-04-29,15:00:00,Bolton,Fleetwood Town,2,0,1.0,0.0,H,H,1.57,4.33,5.5,1.93,1.93
E2,2023-04-29,15:00:00,Charlton,Port Vale,3,2,1.0,0.0,H,H,2.25,3.3,3.3,2.05,1.75
E2,2023-04-29,15:00:00,Derby,Portsmouth,1,1,0.0,1.0,D,A,1.53,4.2,6.5,1.88,1.98
E2,2023-04-29,15:00:00,Forest Green,Oxford,0,3,0.0,1.0,A,A,6.0,4.0,1.57,1.98,1.88
E2,2023-04-29,15:00:00,Ipswich,Exeter,6,0,5.0,0.0,H,H,1.18,6.5,17.0,1.6,2.3
E2,2023-04-29,15:00:00,Milton Keynes Dons,Barnsley,4,4,0.0,1.0,D,A,2.75,3.3,2.63,2.02,1.82
E2,2023-04-29,15:00:00,Morecambe,Lincoln,3,2,0.0,1.0,H,A,2.3,3.5,3.0,2.08,1.73
E2,2023-04-29,15:00:00,Peterboro,Bristol Rvs,0,0,0.0,0.0,D,D,1.4,4.75,7.5,1.6,2.3
E2,2023-04-29,15:00:00,Plymouth,Burton,1,0,1.0,0.0,H,H,1.4,4.5,8.0,1.62,2.25
E2,2023-04-29,15:00:00,Shrewsbury,Sheffield Weds,0,3,0.0,1.0,A,A,6.5,4.0,1.53,2.02,1.82
E2,2023-04-29,15:00:00,Wycombe,Cheltenham,0,3,0.0,1.0,A,A,1.73,3.8,4.75,1.8,2.05
E2,2023-05-02,19:45:00,Shrewsbury,Bristol Rvs,2,1,1.0,0.0,H,H,2.3,3.4,3.0,2.05,1.75
E2,2023-05-03,19:45:00,Burton,Cambridge,1,0,1.0,0.0,H,H,3.2,3.4,2.25,2.1,1.7
E2,2023-05-07,12:00:00,Barnsley,Peterboro,0,2,0.0,1.0,A,A,2.6,3.8,2.4,1.65,2.2
E2,2023-05-07,12:00:00,Bristol Rvs,Bolton,2,3,1.0,1.0,A,D,2.9,3.6,2.3,1.8,2.0
E2,2023-05-07,12:00:00,Burton,Milton Keynes Dons,0,0,0.0,0.0,D,D,3.6,3.5,2.05,1.88,1.98
E2,2023-05-07,12:00:00,Cambridge,Forest Green,2,0,2.0,0.0,H,H,1.44,4.33,7.5,1.75,2.05
E2,2023-05-07,12:00:00,Cheltenham,Charlton,2,2,0.0,1.0,D,A,2.45,3.75,2.6,1.67,2.15
E2,2023-05-07,12:00:00,Exeter,Morecambe,3,2,0.0,0.0,H,D,2.45,3.6,2.7,1.67,2.15
E2,2023-05-07,12:00:00,Fleetwood Town,Ipswich,2,2,0.0,0.0,D,D,7.0,5.0,1.4,1.67,2.15
E2,2023-05-07,12:00:00,Lincoln,Shrewsbury,1,0,0.0,0.0,H,D,2.05,3.6,3.4,1.85,2.0
E2,2023-05-07,12:00:00,Oxford,Accrington,1,2,1.0,0.0,A,H,1.6,4.2,5.25,1.67,2.15
E2,2023-05-07,12:00:00,Port Vale,Plymouth,1,3,1.0,2.0,A,A,4.33,4.0,1.75,1.8,2.05
E2,2023-05-07,12:00:00,Portsmouth,Wycombe,2,2,1.0,1.0,D,D,2.05,3.6,3.4,1.82,2.02
E2,2023-05-07,12:00:00,Sheffield Weds,Derby,1,0,1.0,0.0,H,H,2.55,3.5,2.6,1.95,1.9
E3,2022-07-30,15:00:00,AFC Wimbledon,Gillingham,2,0,1.0,0.0,H,H,2.37,3.3,3.1,2.25,1.61
E3,2022-07-30,15:00:00,Bradford,Doncaster,0,0,0.0,0.0,D,D,1.85,3.6,4.2,1.9,1.95
E3,2022-07-30,15:00:00,Carlisle,Crawley Town,1,0,1.0,0.0,H,H,2.4,3.2,3.0,2.05,1.75
E3,2022-07-30,15:00:00,Harrogate,Swindon,3,0,1.0,0.0,H,H,3.4,3.5,2.1,1.65,2.2
E3,2022-07-30,15:00:00,Leyton Orient,Grimsby,2,0,0.0,0.0,H,D,2.2,3.25,3.4,2.07,1.72
E3,2022-07-30,15:00:00,Northampton,Colchester,3,2,1.0,1.0,H,D,1.7,3.8,5.0,2.1,1.7
E3,2022-07-30,15:00:00,Rochdale,Crewe,1,2,0.0,2.0,A,A,2.15,3.3,3.5,2.05,1.8
E3,2022-07-30,15:00:00,Salford,Mansfield,2,0,2.0,0.0,H,H,2.62,3.2,2.75,2.15,1.66
E3,2022-07-30,15:00:00,Stockport,Barrow,2,3,0.0,3.0,A,A,1.55,4.2,6.0,1.85,2.0
E3,2022-07-30,15:00:00,Sutton,Newport County,1,1,1.0,1.0,D,D,2.25,3.3,3.25,2.05,1.8
E3,2022-07-30,15:00:00,Tranmere,Stevenage,1,2,0.0,1.0,A,A,1.95,3.5,3.8,2.2,1.65
E3,2022-07-30,15:00:00,Walsall,Hartlepool,4,0,2.0,0.0,H,H,2.25,3.3,3.3,2.2,1.65
E3,2022-08-06,15:00:00,Barrow,Bradford,3,2,0.0,0.0,H,D,3.4,3.2,2.3,2.2,1.65
E3,2022-08-06,15:00:00,Colchester,Carlisle,1,1,1.0,1.0,D,D,2.2,3.2,3.5,2.1,1.7
E3,2022-08-06,15:00:00,Crawley Town,Leyton Orient,0,1,0.0,0.0,A,D,2.8,3.3,2.5,2.05,1.8
E3,2022-08-06,15:00:00,Crewe,Harrogate,3,0,2.0,0.0,H,H,2.25,3.3,3.25,2.07,1.72
E3,2022-08-06,15:00:00,Doncaster,Sutton,2,1,0.0,1.0,H,A,2.8,3.25,2.55,2.1,1.77
E3,2022-08-06,15:00:00,Gillingham,Rochdale,1,0,1.0,0.0,H,H,2.25,3.3,3.3,2.02,1.83
E3,2022-08-06,15:00:00,Grimsby,Northampton,1,1,0.0,0.0,D,D,3.1,3.3,2.37,2.15,1.66
E3,2022-08-06,15:00:00,Hartlepool,AFC Wimbledon,0,0,0.0,0.0,D,D,2.7,3.1,2.75,2.15,1.66
E3,2022-08-06,15:00:00,Mansfield,Tranmere,1,0,0.0,0.0,H,D,1.8,3.6,4.75,2.05,1.75
E3,2022-08-06,15:00:00,Newport County,Walsall,0,1,0.0,0.0,A,D,2.1,3.25,3.75,2.25,1.61
E3,2022-08-06,15:00:00,Stevenage,Stockport,2,1,0.0,0.0,H,D,2.9,3.25,2.45,2.07,1.72
E3,2022-08-06,15:00:00,Swindon,Salford,0,0,0.0,0.0,D,D,2.2,3.4,3.3,1.98,1.88
E3,2022-08-13,15:00:00,AFC Wimbledon,Doncaster,2,2,0.0,0.0,D,D,1.95,3.6,3.8,2.02,1.83
E3,2022-08-13,15:00:00,Bradford,Newport County,2,0,1.0,0.0,H,H,2.3,3.3,3.2,2.2,1.7
E3,2022-08-13,15:00:00,Carlisle,Swindon,1,1,1.0,1.0,D,D,2.55,3.3,2.8,2.05,1.8
E3,2022-08-13,15:00:00,Harrogate,Crawley Town,0,0,0.0,0.0,D,D,2.25,3.3,3.2,1.9,1.95
E3,2022-08-13,15:00:00,Leyton Orient,Mansfield,1,0,0.0,0.0,H,D,2.7,3.3,2.62,2.1,1.77
E3,2022-08-13,15:00:00,Northampton,Hartlepool,2,1,1.0,1.0,H,D,1.85,3.6,4.2,2.2,1.65
E3,2022-08-13,15:00:00,Rochdale,Grimsby,0,1,0.0,0.0,A,D,2.37,3.4,3.0,2.05,1.8
E3,2022-08-13,15:00:00,Salford,Crewe,3,0,1.0,0.0,H,H,1.85,3.6,4.33,2.05,1.8
E3,2022-08-13,15:00:00,Stockport,Colchester,1,0,0.0,0.0,H,D,1.66,4.0,5.0,1.93,1.93
E3,2022-08-13,15:00:00,Sutton,Barrow,1,0,0.0,0.0,H,D,1.95,3.4,4.2,2.15,1.73
E3,2022-08-13,15:00:00,Tranmere,Gillingham,3,0,1.0,0.0,H,H,2.45,3.2,3.0,2.3,1.6
E3,2022-08-13,15:00:00,Walsall,Stevenage,1,1,1.0,0.0,D,H,2.6,3.2,2.8,2.2,1.65
E3,2022-08-16,19:45:00,Barrow,Walsall,2,1,2.0,0.0,H,H,2.55,3.0,3.0,2.4,1.53
E3,2022-08-16,19:45:00,Colchester,Bradford,1,0,0.0,0.0,H,D,3.25,3.5,2.15,2.05,1.75
E3,2022-08-16,19:45:00,Crawley Town,Northampton,2,3,1.0,2.0,A,A,3.2,3.3,2.3,2.05,1.8
E3,2022-08-16,19:45:00,Crewe,Sutton,1,0,1.0,0.0,H,H,2.55,3.3,2.8,2.02,1.83
E3,2022-08-16,19:45:00,Doncaster,Stockport,2,1,1.0,0.0,H,H,4.5,3.5,1.83,1.88,1.98
E3,2022-08-16,19:45:00,Gillingham,Harrogate,0,2,0.0,1.0,A,A,2.15,3.3,3.5,2.1,1.7
E3,2022-08-16,19:45:00,Hartlepool,Tranmere,0,0,0.0,0.0,D,D,2.7,3.0,2.87,2.35,1.57
E3,2022-08-16,19:45:00,Mansfield,AFC Wimbledon,5,2,2.0,2.0,H,D,1.75,3.6,4.75,2.05,1.75
E3,2022-08-16,19:45:00,Newport County,Salford,2,3,0.0,0.0,A,D,2.55,3.25,2.87,2.2,1.65
E3,2022-08-16,19:45:00,Stevenage,Rochdale,1,0,1.0,0.0,H,H,1.85,3.6,4.33,2.07,1.72
E3,2022-08-16,19:45:00,Swindon,Leyton Orient,1,1,1.0,1.0,D,D,2.5,3.3,2.87,2.0,1.85
E3,2022-08-20,13:00:00,Hartlepool,Bradford,1,3,1.0,1.0,A,D,3.6,3.6,2.0,2.0,1.85
E3,2022-08-20,15:00:00,Barrow,Harrogate,1,0,1.0,0.0,H,H,2.25,3.25,3.4,2.05,1.75
E3,2022-08-20,15:00:00,Colchester,Leyton Orient,1,3,0.0,1.0,A,A,3.2,3.3,2.25,2.1,1.7
E3,2022-08-20,15:00:00,Crawley Town,AFC Wimbledon,0,2,0.0,2.0,A,A,2.37,3.3,3.0,2.15,1.66
E3,2022-08-20,15:00:00,Crewe,Northampton,2,2,2.0,1.0,D,H,3.2,3.4,2.25,2.07,1.72
E3,2022-08-20,15:00:00,Doncaster,Salford,2,1,1.0,1.0,H,D,3.4,3.2,2.25,2.07,1.72
E3,2022-08-20,15:00:00,Gillingham,Walsall,0,0,0.0,0.0,D,D,2.37,3.3,3.1,2.4,1.53
E3,2022-08-20,15:00:00,Grimsby,Sutton,0,0,0.0,0.0,D,D,2.15,3.4,3.4,2.05,1.75
E3,2022-08-20,15:00:00,Mansfield,Stockport,2,1,0.0,0.0,H,D,2.2,3.6,3.1,1.98,1.88
E3,2022-08-20,15:00:00,Newport County,Tranmere,2,1,2.0,1.0,H,H,2.0,3.5,3.75,2.2,1.65
E3,2022-08-20,15:00:00,Stevenage,Carlisle,2,1,2.0,1.0,H,H,1.83,3.75,4.2,2.1,1.7
E3,2022-08-20,15:00:00,Swindon,Rochdale,3,0,1.0,0.0,H,H,1.95,3.6,3.8,1.93,1.93
E3,2022-08-27,15:00:00,AFC Wimbledon,Barrow,0,1,0.0,1.0,A,A,2.45,3.4,2.87,2.15,1.66
E3,2022-08-27,15:00:00,Bradford,Crewe,0,0,0.0,0.0,D,D,1.8,3.5,4.75,1.98,1.88
E3,2022-08-27,15:00:00,Carlisle,Gillingham,1,0,0.0,0.0,H,D,2.3,3.2,3.25,2.25,1.61
E3,2022-08-27,15:00:00,Harrogate,Newport County,0,4,0.0,4.0,A,A,2.75,3.3,2.55,2.07,1.72
E3,2022-08-27,15:00:00,Leyton Orient,Hartlepool,4,2,2.0,1.0,H,H,1.65,3.75,5.5,2.1,1.7
E3,2022-08-27,15:00:00,Northampton,Doncaster,0,1,0.0,0.0,A,D,1.9,3.6,4.0,1.88,1.98
E3,2022-08-27,15:00:00,Rochdale,Crawley Town,1,1,0.0,1.0,D,A,2.3,3.3,3.2,2.02,1.83
E3,2022-08-27,15:00:00,Salford,Stevenage,1,0,0.0,0.0,H,D,2.37,3.25,3.1,2.1,1.7
E3,2022-08-27,15:00:00,Stockport,Swindon,1,1,0.0,0.0,D,D,1.8,4.0,4.2,1.9,1.95
E3,2022-08-27,15:00:00,Sutton,Mansfield,2,1,1.0,0.0,H,H,2.8,3.4,2.5,2.1,1.7
E3,2022-08-27,15:00:00,Tranmere,Colchester,2,0,1.0,0.0,H,H,2.0,3.3,4.0,2.1,1.7
E3,2022-08-27,15:00:00,Walsall,Grimsby,1,2,1.0,0.0,A,H,2.3,3.2,3.25,2.25,1.61
E3,2022-09-03,15:00:00,Bradford,Walsall,2,1,2.0,0.0,H,H,1.95,3.4,4.0,2.15,1.66
E3,2022-09-03,15:00:00,Carlisle,Rochdale,3,3,1.0,1.0,D,D,2.2,3.25,3.5,2.1,1.7
E3,2022-09-03,15:00:00,Colchester,Hartlepool,1,1,0.0,1.0,D,A,2.15,3.3,3.5,2.05,1.75
E3,2022-09-03,15:00:00,Crewe,Stevenage,1,2,1.0,0.0,A,H,3.0,3.25,2.45,2.1,1.7
E3,2022-09-03,15:00:00,Doncaster,Mansfield,1,3,1.0,1.0,A,D,3.3,3.3,2.25,1.95,1.9
E3,2022-09-03,15:00:00,Gillingham,Swindon,0,0,0.0,0.0,D,D,2.62,3.2,2.75,2.15,1.66
E3,2022-09-03,15:00:00,Leyton Orient,Tranmere,2,0,1.0,0.0,H,H,1.8,3.5,4.75,2.1,1.7
E3,2022-09-03,15:00:00,Newport County,Grimsby,0,2,0.0,0.0,A,D,2.1,3.4,3.5,2.05,1.75
E3,2022-09-03,15:00:00,Northampton,Barrow,3,1,1.0,1.0,H,D,1.95,3.4,4.0,2.25,1.61
E3,2022-09-03,15:00:00,Salford,Crawley Town,2,2,1.0,1.0,D,D,1.75,3.75,4.75,1.95,1.9
E3,2022-09-03,15:00:00,Stockport,AFC Wimbledon,1,0,1.0,0.0,H,H,1.8,3.6,4.5,2.0,1.85
E3,2022-09-03,15:00:00,Sutton,Harrogate,2,1,1.0,1.0,H,D,1.85,3.5,4.2,2.07,1.72
E3,2022-09-13,19:45:00,AFC Wimbledon,Northampton,0,2,0.0,1.0,A,A,2.55,3.1,3.0,2.35,1.57
E3,2022-09-13,19:45:00,Barrow,Doncaster,2,0,1.0,0.0,H,H,2.0,3.75,3.5,1.93,1.93
E3,2022-09-13,19:45:00,Crawley Town,Stockport,3,2,2.0,1.0,H,H,4.0,3.5,1.95,2.1,1.7
E3,2022-09-13,19:45:00,Grimsby,Gillingham,1,1,1.0,1.0,D,D,1.8,3.5,4.75,2.15,1.66
E3,2022-09-13,19:45:00,Harrogate,Salford,0,1,0.0,0.0,A,D,3.3,3.5,2.2,2.05,1.75
E3,2022-09-13,19:45:00,Hartlepool,Crewe,1,1,1.0,0.0,D,H,2.8,3.25,2.55,2.1,1.7
E3,2022-09-13,19:45:00,Mansfield,Carlisle,0,0,0.0,0.0,D,D,1.57,4.0,5.75,1.9,1.95
E3,2022-09-13,19:45:00,Rochdale,Leyton Orient,0,1,0.0,1.0,A,A,3.1,3.5,2.25,2.1,1.7
E3,2022-09-13,19:45:00,Stevenage,Newport County,1,0,0.0,0.0,H,D,1.85,3.3,4.5,2.25,1.61
E3,2022-09-13,19:45:00,Swindon,Sutton,3,2,2.0,2.0,H,D,2.2,3.4,3.3,2.05,1.75
E3,2022-09-13,19:45:00,Tranmere,Bradford,1,2,0.0,1.0,A,A,2.55,3.1,3.0,2.25,1.61
E3,2022-09-13,19:45:00,Walsall,Colchester,1,1,0.0,1.0,D,A,1.75,3.6,4.5,2.2,1.65
E3,2022-09-17,15:00:00,Bradford,Stevenage,3,0,1.0,0.0,H,H,2.5,3.25,2.87,2.25,1.61
E3,2022-09-17,15:00:00,Carlisle,AFC Wimbledon,2,1,1.0,0.0,H,H,2.2,3.3,3.4,2.1,1.7
E3,2022-09-17,15:00:00,Colchester,Grimsby,0,1,0.0,0.0,A,D,3.0,3.25,2.37,2.07,1.72
E3,2022-09-17,15:00:00,Crewe,Crawley Town,1,0,0.0,0.0,H,D,2.2,3.25,3.5,2.07,1.72
E3,2022-09-17,15:00:00,Doncaster,Swindon,0,1,0.0,0.0,A,D,2.6,3.25,2.75,2.05,1.8
E3,2022-09-17,15:00:00,Gillingham,Mansfield,0,2,0.0,2.0,A,A,4.0,3.3,2.0,2.15,1.66
E3,2022-09-17,15:00:00,Leyton Orient,Walsall,1,0,0.0,0.0,H,D,1.85,3.6,4.2,2.25,1.61
E3,2022-09-17,15:00:00,Newport County,Barrow,0,2,0.0,1.0,A,A,2.3,3.2,3.25,2.35,1.57
E3,2022-09-17,15:00:00,Northampton,Rochdale,3,0,1.0,0.0,H,H,1.8,3.5,4.75,2.1,1.7
E3,2022-09-17,15:00:00,Salford,Tranmere,0,1,0.0,1.0,A,A,1.75,3.6,4.75,2.2,1.65
E3,2022-09-17,15:00:00,Stockport,Harrogate,0,0,0.0,0.0,D,D,1.57,3.8,6.5,1.9,1.95
E3,2022-09-17,15:00:00,Sutton,Hartlepool,2,0,0.0,0.0,H,D,1.61,3.8,5.75,2.05,1.75
E3,2022-09-24,14:00:00,Northampton,Stockport,2,1,0.0,1.0,H,A,2.45,3.3,2.9,2.02,1.83
E3,2022-09-24,15:00:00,Barrow,Leyton Orient,0,2,0.0,1.0,A,A,2.7,3.1,2.8,2.25,1.61
E3,2022-09-24,15:00:00,Bradford,AFC Wimbledon,2,2,1.0,0.0,D,H,1.83,3.6,4.33,2.05,1.8
E3,2022-09-24,15:00:00,Colchester,Rochdale,0,1,0.0,1.0,A,A,2.2,3.5,3.2,2.1,1.7
E3,2022-09-24,15:00:00,Crewe,Mansfield,1,2,0.0,0.0,A,D,3.3,3.4,2.2,2.02,1.83
E3,2022-09-24,15:00:00,Doncaster,Crawley Town,4,1,1.0,1.0,H,D,2.15,3.5,3.3,1.95,1.9
E3,2022-09-24,15:00:00,Grimsby,Swindon,1,2,1.0,2.0,A,A,2.25,3.4,3.2,2.0,1.85
E3,2022-09-24,15:00:00,Hartlepool,Gillingham,0,0,0.0,0.0,D,D,2.7,3.25,2.7,2.2,1.65
E3,2022-09-24,15:00:00,Newport County,Carlisle,1,1,1.0,0.0,D,H,2.2,3.4,3.3,2.0,1.8
E3,2022-09-24,15:00:00,Stevenage,Harrogate,1,0,0.0,0.0,H,D,1.57,4.0,6.0,2.02,1.83
E3,2022-09-24,15:00:00,Sutton,Salford,1,2,0.0,0.0,A,D,2.37,3.3,3.0,2.07,1.72
E3,2022-09-24,15:00:00,Walsall,Tranmere,0,1,0.0,0.0,A,D,2.1,3.4,3.6,2.25,1.61
E3,2022-09-27,19:45:00,Grimsby,Carlisle,1,2,0.0,2.0,A,A,2.0,3.2,4.0,2.15,1.66
E3,2022-09-30,19:45:00,Mansfield,Hartlepool,2,2,0.0,0.0,D,D,1.4,4.33,9.0,1.83,2.02
E3,2022-10-01,13:00:00,Harrogate,Bradford,1,2,0.0,1.0,A,A,3.5,3.3,2.15,2.0,1.85
E3,2022-10-01,15:00:00,AFC Wimbledon,Colchester,2,1,0.0,1.0,H,A,2.2,3.3,3.4,2.15,1.66
E3,2022-10-01,15:00:00,Carlisle,Crewe,0,0,0.0,0.0,D,D,1.95,3.3,4.2,2.05,1.75
E3,2022-10-01,15:00:00,Crawley Town,Stevenage,1,2,0.0,1.0,A,A,4.2,3.6,1.83,2.1,1.7
E3,2022-10-01,15:00:00,Gillingham,Sutton,1,0,0.0,0.0,H,D,3.1,3.25,2.37,2.25,1.61
E3,2022-10-01,15:00:00,Leyton Orient,Newport County,1,2,0.0,2.0,A,A,1.8,3.6,4.5,2.15,1.66
E3,2022-10-01,15:00:00,Rochdale,Doncaster,1,2,1.0,1.0,A,D,2.3,3.3,3.2,2.02,1.83
E3,2022-10-01,15:00:00,Salford,Grimsby,1,1,1.0,1.0,D,D,2.0,3.3,4.0,2.1,1.7
E3,2022-10-01,15:00:00,Stockport,Walsall,1,1,1.0,0.0,D,H,1.83,3.5,4.5,2.1,1.7
E3,2022-10-01,15:00:00,Swindon,Northampton,1,2,0.0,0.0,A,D,2.45,3.2,3.1,2.07,1.72
E3,2022-10-01,15:00:00,Tranmere,Barrow,1,0,1.0,0.0,H,H,2.7,3.1,2.8,2.4,1.53
E3,2022-10-04,19:45:00,Hartlepool,Doncaster,2,1,1.0,0.0,H,H,2.4,3.4,2.9,2.0,1.85
E3,2022-10-04,19:45:00,Stevenage,Sutton,3,0,1.0,0.0,H,H,1.75,3.6,4.75,2.05,1.75
E3,2022-10-04,19:45:00,Swindon,Newport County,1,0,0.0,0.0,H,D,2.25,3.4,3.2,1.9,1.95
E3,2022-10-04,19:45:00,Walsall,Northampton,1,0,1.0,0.0,H,H,2.5,3.2,2.9,2.3,1.6
E3,2022-10-08,15:00:00,Barrow,Mansfield,0,1,0.0,0.0,A,D,3.1,3.2,2.37,2.15,1.66
E3,2022-10-08,15:00:00,Bradford,Stockport,0,1,0.0,1.0,A,A,2.4,3.4,2.9,2.1,1.7
E3,2022-10-08,15:00:00,Colchester,Harrogate,2,1,2.0,0.0,H,H,2.0,3.25,4.0,2.05,1.75
E3,2022-10-08,15:00:00,Crewe,Gillingham,1,1,1.0,1.0,D,D,2.2,3.2,3.4,2.25,1.61
E3,2022-10-08,15:00:00,Doncaster,Leyton Orient,1,1,0.0,1.0,D,A,3.4,3.3,2.2,2.05,1.75
E3,2022-10-08,15:00:00,Grimsby,Crawley Town,3,0,1.0,0.0,H,H,1.72,3.8,4.75,1.95,1.9
E3,2022-10-08,15:00:00,Hartlepool,Carlisle,1,3,1.0,0.0,A,H,3.2,3.3,2.3,2.1,1.7
E3,2022-10-08,15:00:00,Newport County,Rochdale,0,1,0.0,1.0,A,A,2.0,3.5,3.8,2.1,1.7
E3,2022-10-08,15:00:00,Northampton,Salford,0,1,0.0,1.0,A,A,2.5,3.5,2.75,2.1,1.7
E3,2022-10-08,15:00:00,Stevenage,Swindon,2,0,1.0,0.0,H,H,1.83,3.3,5.0,2.02,1.83
E3,2022-10-08,15:00:00,Sutton,Tranmere,0,2,0.0,2.0,A,A,2.2,3.3,3.4,2.1,1.7
E3,2022-10-08,15:00:00,Walsall,AFC Wimbledon,3,1,1.0,1.0,H,D,2.15,3.2,3.6,2.3,1.6
E3,2022-10-14,19:45:00,Tranmere,Crewe,3,0,1.0,0.0,H,H,2.0,3.2,4.2,2.35,1.57
E3,2022-10-15,12:30:00,Harrogate,Hartlepool,2,1,2.0,0.0,H,H,2.3,3.3,3.2,2.05,1.75
E3,2022-10-15,13:00:00,Mansfield,Walsall,2,1,1.0,1.0,H,D,1.66,3.6,5.5,2.13,1.75
E3,2022-10-15,15:00:00,AFC Wimbledon,Sutton,0,1,0.0,1.0,A,A,2.5,3.3,2.75,2.2,1.65
E3,2022-10-15,15:00:00,Carlisle,Doncaster,3,0,1.0,0.0,H,H,1.9,3.6,4.0,2.1,1.7
E3,2022-10-15,15:00:00,Crawley Town,Newport County,2,1,1.0,0.0,H,H,3.2,3.5,2.25,2.07,1.72
E3,2022-10-15,15:00:00,Gillingham,Stevenage,1,1,1.0,1.0,D,D,3.8,3.4,1.95,2.25,1.61
E3,2022-10-15,15:00:00,Leyton Orient,Northampton,0,0,0.0,0.0,D,D,1.95,3.4,4.2,2.1,1.7
E3,2022-10-15,15:00:00,Rochdale,Barrow,2,1,1.0,0.0,H,H,2.62,3.2,2.75,2.2,1.65
E3,2022-10-15,15:00:00,Salford,Bradford,0,1,0.0,1.0,A,A,2.2,3.4,3.25,2.05,1.8
E3,2022-10-15,15:00:00,Stockport,Grimsby,1,3,1.0,2.0,A,A,1.9,3.5,4.0,2.1,1.7
E3,2022-10-15,15:00:00,Swindon,Colchester,1,0,0.0,0.0,H,D,2.0,3.5,3.8,1.98,1.88
E3,2022-10-22,15:00:00,Carlisle,Leyton Orient,2,3,1.0,2.0,A,A,2.75,3.2,2.6,2.3,1.6
E3,2022-10-22,15:00:00,Crawley Town,Mansfield,3,2,2.0,2.0,H,D,4.75,3.6,1.75,1.98,1.88
E3,2022-10-22,15:00:00,Crewe,Doncaster,1,1,1.0,0.0,D,H,2.25,3.25,3.1,2.05,1.8
E3,2022-10-22,15:00:00,Gillingham,Barrow,1,1,0.0,1.0,D,A,2.7,3.1,2.7,2.6,1.47
E3,2022-10-22,15:00:00,Grimsby,Bradford,0,0,0.0,0.0,D,D,2.3,3.3,3.0,2.05,1.8
E3,2022-10-22,15:00:00,Harrogate,Tranmere,1,1,1.0,0.0,D,H,3.0,3.2,2.4,2.1,1.7
E3,2022-10-22,15:00:00,Newport County,Colchester,1,0,1.0,0.0,H,H,2.15,3.3,3.25,2.05,1.8
E3,2022-10-22,15:00:00,Rochdale,AFC Wimbledon,1,2,0.0,1.0,A,A,2.25,3.25,3.3,2.15,1.66
E3,2022-10-22,15:00:00,Salford,Stockport,0,2,0.0,1.0,A,A,2.7,3.25,2.7,2.1,1.7
E3,2022-10-22,15:00:00,Stevenage,Northampton,2,3,1.0,1.0,A,D,1.85,3.6,4.2,2.2,1.65
E3,2022-10-22,15:00:00,Sutton,Walsall,1,1,0.0,0.0,D,D,2.37,3.25,3.1,2.35,1.57
E3,2022-10-22,15:00:00,Swindon,Hartlepool,2,1,2.0,1.0,H,H,1.66,3.8,5.25,1.93,1.93
E3,2022-10-25,19:45:00,AFC Wimbledon,Crewe,1,1,1.0,0.0,D,H,2.25,3.3,3.3,1.98,1.88
E3,2022-10-25,19:45:00,Barrow,Grimsby,1,0,0.0,0.0,H,D,2.7,3.1,2.87,2.15,1.66
E3,2022-10-25,19:45:00,Bradford,Swindon,1,1,1.0,0.0,D,H,2.4,3.4,2.87,1.95,1.9
E3,2022-10-25,19:45:00,Colchester,Crawley Town,2,2,1.0,1.0,D,D,2.37,3.3,3.1,2.05,1.75
E3,2022-10-25,19:45:00,Doncaster,Stevenage,0,1,0.0,1.0,A,A,3.4,3.3,2.2,2.1,1.7
E3,2022-10-25,19:45:00,Hartlepool,Salford,0,2,0.0,1.0,A,A,3.5,3.25,2.2,2.1,1.7
E3,2022-10-25,19:45:00,Leyton Orient,Gillingham,2,0,0.0,0.0,H,D,1.7,3.5,5.5,2.15,1.66
E3,2022-10-25,19:45:00,Mansfield,Newport County,0,0,0.0,0.0,D,D,1.75,3.6,4.75,1.93,1.93
E3,2022-10-25,19:45:00,Northampton,Sutton,2,2,2.0,0.0,D,H,2.37,3.2,3.2,2.4,1.53
E3,2022-10-25,19:45:00,Stockport,Carlisle,2,0,1.0,0.0,H,H,1.9,3.4,4.0,2.25,1.61
E3,2022-10-25,19:45:00,Tranmere,Rochdale,1,1,1.0,1.0,D,D,1.8,3.5,5.0,2.15,1.66
E3,2022-10-25,19:45:00,Walsall,Harrogate,3,1,3.0,0.0,H,H,1.9,3.5,4.2,2.15,1.66
E3,2022-10-29,14:00:00,Northampton,Newport County,1,1,0.0,1.0,D,A,2.2,3.3,3.4,2.15,1.66
E3,2022-10-29,15:00:00,AFC Wimbledon,Harrogate,3,2,1.0,0.0,H,H,2.15,3.4,3.4,2.05,1.8
E3,2022-10-29,15:00:00,Barrow,Crewe,3,0,2.0,0.0,H,H,1.9,3.3,4.33,2.25,1.61
E3,2022-10-29,15:00:00,Bradford,Crawley Town,1,1,0.0,0.0,D,D,1.8,3.75,4.5,1.85,2.0
E3,2022-10-29,15:00:00,Colchester,Stevenage,1,1,1.0,1.0,D,D,3.6,3.5,2.05,2.1,1.7
E3,2022-10-29,15:00:00,Doncaster,Gillingham,1,0,0.0,0.0,H,D,2.25,3.3,3.3,2.2,1.65
E3,2022-10-29,15:00:00,Hartlepool,Grimsby,2,1,0.0,1.0,H,A,3.4,3.3,2.2,2.0,1.85
E3,2022-10-29,15:00:00,Leyton Orient,Salford,1,0,1.0,0.0,H,H,1.95,3.5,4.0,2.1,1.7
E3,2022-10-29,15:00:00,Mansfield,Swindon,2,5,2.0,2.0,A,D,1.9,3.6,4.0,2.0,1.85
E3,2022-10-29,15:00:00,Stockport,Sutton,3,0,1.0,0.0,H,H,1.7,3.6,5.25,2.05,1.8
E3,2022-10-29,15:00:00,Tranmere,Carlisle,0,2,0.0,1.0,A,A,2.1,3.4,3.5,2.15,1.66
E3,2022-10-29,15:00:00,Walsall,Rochdale,1,0,1.0,0.0,H,H,2.0,3.5,3.75,2.25,1.61
E3,2022-11-01,19:45:00,Barrow,Colchester,3,1,2.0,0.0,H,H,1.9,3.4,4.2,2.25,1.61
E3,2022-11-01,19:45:00,Tranmere,Stockport,0,0,0.0,0.0,D,D,2.8,3.25,2.55,2.25,1.61
E3,2022-11-08,19:45:00,AFC Wimbledon,Leyton Orient,2,0,2.0,0.0,H,H,3.25,3.4,2.25,2.1,1.7
E3,2022-11-08,19:45:00,Harrogate,Carlisle,3,3,1.0,1.0,D,D,3.2,3.5,2.2,2.07,1.72
E3,2022-11-08,19:45:00,Mansfield,Bradford,1,2,0.0,1.0,A,A,,,,,
E3,2022-11-08,19:45:00,Rochdale,Salford,1,0,0.0,0.0,H,D,2.75,3.4,2.55,2.1,1.7
E3,2022-11-12,15:00:00,Carlisle,Walsall,0,0,0.0,0.0,D,D,2.3,3.2,3.25,2.25,1.61
E3,2022-11-12,15:00:00,Crawley Town,Barrow,1,0,1.0,0.0,H,H,3.4,3.25,2.2,2.05,1.75
E3,2022-11-12,15:00:00,Crewe,Colchester,1,0,0.0,0.0,H,D,2.2,3.3,3.4,2.1,1.7
E3,2022-11-12,15:00:00,Gillingham,Northampton,0,2,0.0,1.0,A,A,3.0,3.1,2.55,2.5,1.5
E3,2022-11-12,15:00:00,Grimsby,Doncaster,1,3,0.0,1.0,A,A,1.95,3.6,3.8,2.0,1.85
E3,2022-11-12,15:00:00,Harrogate,Leyton Orient,0,2,0.0,2.0,A,A,3.8,3.4,2.0,2.05,1.75
E3,2022-11-12,15:00:00,Newport County,Stockport,1,2,1.0,0.0,A,H,3.3,3.3,2.25,2.15,1.66
E3,2022-11-12,15:00:00,Rochdale,Mansfield,0,1,0.0,0.0,A,D,3.4,3.3,2.2,2.05,1.75
E3,2022-11-12,15:00:00,Salford,AFC Wimbledon,0,0,0.0,0.0,D,D,1.9,3.4,4.0,2.07,1.72
E3,2022-11-12,15:00:00,Stevenage,Hartlepool,1,0,0.0,0.0,H,D,1.53,4.2,6.25,2.0,1.85
E3,2022-11-12,15:00:00,Sutton,Bradford,0,2,0.0,1.0,A,A,2.6,3.3,2.75,2.1,1.7
E3,2022-11-12,15:00:00,Swindon,Tranmere,1,1,1.0,1.0,D,D,2.25,3.4,3.2,2.02,1.83
E3,2022-11-19,15:00:00,Barrow,Hartlepool,3,1,3.0,0.0,H,H,1.6,3.75,6.0,2.05,1.75
E3,2022-11-19,15:00:00,Bradford,Northampton,1,3,0.0,2.0,A,A,2.2,3.3,3.4,2.15,1.66
E3,2022-11-19,15:00:00,Colchester,Doncaster,3,0,1.0,0.0,H,H,2.4,3.3,3.0,2.1,1.7
E3,2022-11-19,15:00:00,Grimsby,Stevenage,1,1,0.0,0.0,D,D,3.0,3.2,2.45,2.25,1.61
E3,2022-11-19,15:00:00,Harrogate,Mansfield,3,0,3.0,0.0,H,H,3.9,3.6,1.95,1.93,1.93
E3,2022-11-19,15:00:00,Newport County,Gillingham,2,0,1.0,0.0,H,H,1.95,3.2,4.33,2.3,1.6
E3,2022-11-19,15:00:00,Salford,Carlisle,1,4,0.0,1.0,A,A,2.37,3.25,3.1,2.1,1.7
E3,2022-11-19,15:00:00,Stockport,Leyton Orient,1,2,1.0,1.0,A,D,2.2,3.3,3.4,2.15,1.66
E3,2022-11-19,15:00:00,Sutton,Rochdale,1,0,1.0,0.0,H,H,2.15,3.3,3.5,2.07,1.72
E3,2022-11-19,15:00:00,Swindon,Crewe,0,1,0.0,1.0,A,A,1.8,3.75,4.5,1.85,2.0
E3,2022-11-19,15:00:00,Tranmere,AFC Wimbledon,0,2,0.0,1.0,A,A,2.0,3.3,4.0,2.15,1.66
E3,2022-11-19,15:00:00,Walsall,Crawley Town,2,1,1.0,1.0,H,D,1.83,3.5,4.5,2.2,1.65
E3,2022-11-22,19:45:00,Crawley Town,Gillingham,0,0,0.0,0.0,D,D,2.3,3.1,3.4,2.25,1.61
E3,2022-12-02,19:45:00,Crewe,Newport County,1,2,1.0,0.0,A,H,2.8,3.25,2.55,2.35,1.57
E3,2022-12-02,19:45:00,Doncaster,Walsall,0,2,0.0,0.0,A,D,2.62,3.1,2.87,2.25,1.61
E3,2022-12-02,19:45:00,Stevenage,Barrow,5,0,1.0,0.0,H,H,1.9,3.3,4.33,2.2,1.65
E3,2022-12-03,12:30:00,AFC Wimbledon,Grimsby,1,0,0.0,0.0,H,D,3.1,3.3,2.37,2.15,1.66
E3,2022-12-03,12:30:00,Gillingham,Salford,0,3,0.0,0.0,A,D,3.4,3.3,2.15,2.4,1.53
E3,2022-12-03,12:30:00,Leyton Orient,Bradford,3,0,2.0,0.0,H,H,2.3,3.2,3.25,2.2,1.65
E3,2022-12-03,13:00:00,Carlisle,Sutton,1,1,1.0,1.0,D,D,2.37,3.2,3.2,2.15,1.66
E3,2022-12-03,15:00:00,Crawley Town,Swindon,2,0,0.0,0.0,H,D,3.6,3.75,1.95,1.9,1.95
E3,2022-12-03,15:00:00,Hartlepool,Stockport,0,5,0.0,2.0,A,A,7.0,4.2,1.5,2.05,1.75
E3,2022-12-03,15:00:00,Mansfield,Colchester,2,1,1.0,1.0,H,D,1.9,3.75,4.0,1.9,1.9
E3,2022-12-03,15:00:00,Northampton,Tranmere,0,0,0.0,0.0,D,D,2.7,3.1,2.8,2.4,1.53
E3,2022-12-03,15:00:00,Rochdale,Harrogate,1,4,1.0,1.0,A,D,2.37,3.4,3.0,2.0,1.85
E3,2022-12-09,19:45:00,Crawley Town,Hartlepool,0,2,0.0,0.0,A,D,1.95,3.6,3.6,1.88,1.98
E3,2022-12-10,15:00:00,Grimsby,Tranmere,2,1,1.0,0.0,H,H,2.45,3.1,3.1,2.25,1.62
E3,2022-12-10,15:00:00,Newport County,Doncaster,0,1,0.0,0.0,A,D,2.1,3.4,3.5,2.15,1.67
E3,2022-12-10,15:00:00,Stevenage,Mansfield,0,0,0.0,0.0,D,D,2.1,3.4,3.6,2.05,1.75
E3,2022-12-10,15:00:00,Sutton,Colchester,1,0,1.0,0.0,H,H,2.0,3.5,3.8,2.1,1.7
E3,2022-12-10,15:00:00,Swindon,AFC Wimbledon,0,0,0.0,0.0,D,D,2.0,3.6,3.6,1.98,1.88
E3,2022-12-17,15:00:00,Barrow,Swindon,0,1,0.0,1.0,A,A,2.4,3.6,2.75,2.02,1.83
E3,2022-12-17,15:00:00,Leyton Orient,Sutton,2,0,0.0,0.0,H,D,1.91,3.4,4.33,2.25,1.62
E3,2022-12-20,19:45:00,Northampton,Carlisle,2,1,0.0,0.0,H,D,2.1,3.3,3.6,2.15,1.67
E3,2022-12-26,15:00:00,AFC Wimbledon,Newport County,1,1,0.0,0.0,D,D,2.5,3.2,2.9,2.2,1.65
E3,2022-12-26,15:00:00,Carlisle,Bradford,1,0,1.0,0.0,H,H,2.45,3.2,3.0,2.1,1.7
E3,2022-12-26,15:00:00,Crawley Town,Sutton,1,2,0.0,0.0,A,D,3.1,3.2,2.4,2.1,1.7
E3,2022-12-26,15:00:00,Gillingham,Colchester,0,1,0.0,1.0,A,A,2.38,3.1,3.25,2.5,1.5
E3,2022-12-26,15:00:00,Harrogate,Grimsby,3,2,1.0,1.0,H,D,2.88,3.3,2.5,2.02,1.83
E3,2022-12-26,15:00:00,Mansfield,Northampton,1,1,0.0,0.0,D,D,2.05,3.5,3.6,2.1,1.77
E3,2022-12-26,15:00:00,Rochdale,Hartlepool,1,2,0.0,1.0,A,A,2.0,3.5,3.8,2.02,1.83
E3,2022-12-26,15:00:00,Salford,Barrow,1,1,1.0,0.0,D,H,2.38,3.2,3.2,2.25,1.62
E3,2022-12-26,15:00:00,Stockport,Crewe,2,0,0.0,0.0,H,D,1.45,4.2,8.0,1.98,1.88
E3,2022-12-26,15:00:00,Swindon,Walsall,1,2,1.0,1.0,A,D,2.25,3.1,3.5,2.2,1.65
E3,2022-12-26,15:00:00,Tranmere,Doncaster,3,0,1.0,0.0,H,H,2.0,3.3,4.0,2.15,1.67
E3,2022-12-27,12:30:00,Leyton Orient,Stevenage,0,0,0.0,0.0,D,D,2.25,3.1,3.5,2.4,1.53
E3,2022-12-29,19:00:00,Crewe,Carlisle,0,3,0.0,1.0,A,A,3.5,3.25,2.2,2.1,1.7
E3,2022-12-29,19:45:00,Barrow,Tranmere,1,2,1.0,1.0,A,D,2.45,2.9,3.3,2.4,1.53
E3,2022-12-29,19:45:00,Bradford,Harrogate,1,0,1.0,0.0,H,H,1.8,3.6,4.5,1.88,1.98
E3,2022-12-29,19:45:00,Colchester,AFC Wimbledon,1,2,0.0,0.0,A,D,2.63,3.25,2.75,2.35,1.57
E3,2022-12-29,19:45:00,Doncaster,Rochdale,4,3,3.0,2.0,H,H,2.1,3.3,3.8,2.15,1.67
E3,2022-12-29,19:45:00,Grimsby,Salford,1,4,1.0,4.0,A,A,2.15,3.1,3.8,2.1,1.7
E3,2022-12-29,19:45:00,Hartlepool,Mansfield,1,2,1.0,0.0,A,H,3.8,3.5,2.0,2.05,1.8
E3,2022-12-29,19:45:00,Northampton,Swindon,1,2,0.0,1.0,A,A,2.1,3.4,3.6,2.0,1.85
E3,2022-12-29,19:45:00,Sutton,Gillingham,2,1,1.0,0.0,H,H,1.91,3.1,4.75,2.7,1.44
E3,2022-12-29,19:45:00,Walsall,Stockport,0,2,0.0,1.0,A,A,3.75,3.2,2.15,2.35,1.57
E3,2022-12-30,19:45:00,Newport County,Leyton Orient,0,0,0.0,0.0,D,D,3.0,3.25,2.45,2.25,1.62
E3,2022-12-30,19:45:00,Stevenage,Crawley Town,3,1,2.0,0.0,H,H,1.53,4.0,6.5,1.85,2.0
E3,2023-01-01,15:00:00,Bradford,Salford,3,2,2.0,1.0,H,H,2.0,3.5,3.75,2.08,1.73
E3,2023-01-01,15:00:00,Colchester,Swindon,1,0,1.0,0.0,H,H,3.1,3.4,2.3,2.08,1.73
E3,2023-01-01,15:00:00,Crewe,Tranmere,1,0,1.0,0.0,H,H,3.0,3.3,2.3,2.15,1.67
E3,2023-01-01,15:00:00,Doncaster,Carlisle,2,1,1.0,0.0,H,H,2.63,3.4,2.63,2.05,1.75
E3,2023-01-01,15:00:00,Grimsby,Stockport,1,0,0.0,0.0,H,D,3.5,3.5,2.1,2.05,1.75
E3,2023-01-01,15:00:00,Hartlepool,Harrogate,3,3,1.0,1.0,D,D,2.5,3.4,2.8,1.98,1.88
E3,2023-01-01,15:00:00,Sutton,AFC Wimbledon,2,1,1.0,1.0,H,D,2.2,3.25,3.5,2.35,1.57
E3,2023-01-01,15:00:00,Walsall,Mansfield,2,1,1.0,0.0,H,H,2.5,3.4,2.8,2.1,1.7
E3,2023-01-02,15:00:00,Barrow,Rochdale,0,0,0.0,0.0,D,D,1.85,3.5,4.33,2.15,1.67
E3,2023-01-02,15:00:00,Newport County,Crawley Town,2,2,0.0,1.0,D,A,1.6,3.8,6.0,2.05,1.75
E3,2023-01-02,15:00:00,Northampton,Leyton Orient,1,0,0.0,0.0,H,D,2.5,3.4,2.8,2.2,1.65
E3,2023-01-02,15:00:00,Stevenage,Gillingham,1,0,1.0,0.0,H,H,1.44,4.2,9.0,2.08,1.73
E3,2023-01-07,12:30:00,Salford,Northampton,2,1,2.0,1.0,H,H,2.8,3.2,2.6,2.25,1.62
E3,2023-01-07,15:00:00,Crewe,AFC Wimbledon,0,0,0.0,0.0,D,D,2.9,3.2,2.5,2.15,1.67
E3,2023-01-07,15:00:00,Harrogate,Colchester,1,3,0.0,2.0,A,A,2.15,3.4,3.4,2.1,1.7
E3,2023-01-07,15:00:00,Leyton Orient,Doncaster,1,0,0.0,0.0,H,D,1.7,3.6,5.25,2.05,1.75
E3,2023-01-07,15:00:00,Mansfield,Barrow,2,3,2.0,1.0,A,H,1.91,3.5,4.2,2.15,1.67
E3,2023-01-07,15:00:00,Rochdale,Newport County,1,1,1.0,0.0,D,H,3.4,3.25,2.25,2.15,1.67
E3,2023-01-07,15:00:00,Tranmere,Sutton,2,2,1.0,1.0,D,D,2.2,3.2,3.5,2.25,1.62
E3,2023-01-10,19:45:00,Bradford,Rochdale,1,2,1.0,0.0,A,H,1.8,3.75,4.33,2.02,1.83
E3,2023-01-14,15:00:00,AFC Wimbledon,Bradford,0,0,0.0,0.0,D,D,2.75,3.3,2.6,2.1,1.7
E3,2023-01-14,15:00:00,Carlisle,Newport County,2,0,1.0,0.0,H,H,2.15,3.3,3.5,2.2,1.65
E3,2023-01-14,15:00:00,Gillingham,Hartlepool,2,0,1.0,0.0,H,H,2.15,3.2,3.6,2.4,1.53
E3,2023-01-14,15:00:00,Harrogate,Stevenage,1,1,0.0,0.0,D,D,4.2,3.5,1.91,2.08,1.73
E3,2023-01-14,15:00:00,Leyton Orient,Barrow,0,0,0.0,0.0,D,D,1.91,3.4,4.33,2.4,1.53
E3,2023-01-14,15:00:00,Mansfield,Crewe,1,1,1.0,0.0,D,H,1.5,4.2,7.0,1.98,1.88
E3,2023-01-14,15:00:00,Rochdale,Colchester,1,2,1.0,1.0,A,D,2.2,3.3,3.4,2.1,1.7
E3,2023-01-14,15:00:00,Salford,Sutton,2,0,2.0,0.0,H,H,2.4,3.2,3.1,2.15,1.67
E3,2023-01-14,15:00:00,Stockport,Northampton,2,0,1.0,0.0,H,H,1.8,3.5,4.75,2.1,1.7
E3,2023-01-14,15:00:00,Swindon,Grimsby,5,0,1.0,0.0,H,H,2.55,3.1,3.0,2.08,1.73
E3,2023-01-14,15:00:00,Tranmere,Walsall,1,1,0.0,0.0,D,D,2.4,3.1,3.2,2.5,1.5
E3,2023-01-21,15:00:00,Colchester,Gillingham,0,2,0.0,2.0,A,A,2.38,3.0,3.4,2.6,1.48
E3,2023-01-21,15:00:00,Hartlepool,Rochdale,2,0,0.0,0.0,H,D,2.4,3.2,3.1,2.1,1.7
E3,2023-01-21,15:00:00,Stevenage,Leyton Orient,3,0,2.0,0.0,H,H,2.1,3.25,3.75,2.35,1.57
E3,2023-01-24,19:45:00,Carlisle,Hartlepool,3,1,2.0,1.0,H,H,1.6,3.6,6.5,1.98,1.88
E3,2023-01-24,19:45:00,Colchester,Salford,1,1,0.0,0.0,D,D,2.88,3.25,2.5,2.15,1.67
E3,2023-01-24,19:45:00,Stockport,Bradford,0,0,0.0,0.0,D,D,1.65,3.8,5.75,2.05,1.75
E3,2023-01-28,15:00:00,AFC Wimbledon,Stockport,1,0,0.0,0.0,H,D,4.2,3.5,1.91,2.2,1.65
E3,2023-01-28,15:00:00,Barrow,Northampton,0,2,0.0,0.0,A,D,2.55,3.1,3.0,2.4,1.53
E3,2023-01-28,15:00:00,Crawley Town,Salford,3,2,2.0,0.0,H,H,3.4,3.3,2.2,2.05,1.75
E3,2023-01-28,15:00:00,Harrogate,Sutton,0,1,0.0,1.0,A,A,2.9,3.4,2.4,2.05,1.8
E3,2023-01-28,15:00:00,Hartlepool,Colchester,1,2,0.0,1.0,A,A,2.55,3.25,2.8,2.15,1.67
E3,2023-01-28,15:00:00,Mansfield,Doncaster,4,1,2.0,0.0,H,H,1.8,3.6,4.75,1.95,1.9
E3,2023-01-28,15:00:00,Rochdale,Carlisle,0,1,0.0,1.0,A,A,3.75,3.5,2.0,2.08,1.73
E3,2023-01-28,15:00:00,Swindon,Gillingham,3,3,1.0,3.0,D,A,1.83,3.5,4.5,2.15,1.67
E3,2023-01-28,15:00:00,Tranmere,Leyton Orient,1,0,0.0,0.0,H,D,2.7,3.1,2.8,2.4,1.53
E3,2023-01-31,19:45:00,Carlisle,Barrow,5,1,1.0,0.0,H,H,2.1,3.25,3.75,2.35,1.57
E3,2023-01-31,19:45:00,Crewe,Stockport,1,1,1.0,0.0,D,H,5.75,4.0,1.6,2.1,1.77
E3,2023-01-31,19:45:00,Salford,Walsall,1,0,1.0,0.0,H,H,2.4,3.2,3.1,2.3,1.6
E3,2023-02-04,12:45:00,Newport County,Swindon,2,1,0.0,0.0,H,D,2.7,3.2,2.75,2.0,1.8
E3,2023-02-04,15:00:00,Bradford,Mansfield,1,1,1.0,0.0,D,H,2.63,3.3,2.7,2.1,1.7
E3,2023-02-04,15:00:00,Carlisle,Harrogate,0,1,0.0,0.0,A,D,1.62,4.0,5.25,1.9,1.95
E3,2023-02-04,15:00:00,Colchester,Barrow,1,1,0.0,0.0,D,D,2.6,3.1,3.0,2.3,1.6
E3,2023-02-04,15:00:00,Crewe,Grimsby,0,3,0.0,2.0,A,A,3.6,3.25,2.15,2.08,1.73
E3,2023-02-04,15:00:00,Doncaster,Hartlepool,0,1,0.0,0.0,A,D,1.85,3.75,4.0,2.02,1.83
E3,2023-02-04,15:00:00,Gillingham,Crawley Town,1,0,0.0,0.0,H,D,1.91,3.5,4.33,2.25,1.62
E3,2023-02-04,15:00:00,Leyton Orient,AFC Wimbledon,1,0,0.0,0.0,H,D,1.83,3.25,5.0,2.25,1.62
E3,2023-02-04,15:00:00,Northampton,Walsall,0,0,0.0,0.0,D,D,2.1,3.1,3.8,2.3,1.6
E3,2023-02-04,15:00:00,Salford,Rochdale,2,1,1.0,0.0,H,H,1.91,3.4,4.33,2.0,1.8
E3,2023-02-04,15:00:00,Stockport,Tranmere,3,2,2.0,1.0,H,H,1.73,3.5,5.0,2.15,1.67
E3,2023-02-04,15:00:00,Sutton,Stevenage,0,0,0.0,0.0,D,D,3.1,3.2,2.3,2.25,1.62
E3,2023-02-07,19:45:00,Crewe,Leyton Orient,0,2,0.0,1.0,A,A,5.5,3.25,1.75,2.6,1.48
E3,2023-02-07,19:45:00,Doncaster,Tranmere,2,0,0.0,0.0,H,D,3.0,3.25,2.45,2.25,1.62
E3,2023-02-11,15:00:00,AFC Wimbledon,Carlisle,0,0,0.0,0.0,D,D,3.0,3.4,2.38,2.2,1.65
E3,2023-02-11,15:00:00,Barrow,Newport County,0,1,0.0,0.0,A,D,2.38,3.2,3.2,2.3,1.6
E3,2023-02-11,15:00:00,Crawley Town,Crewe,2,2,1.0,0.0,D,H,2.2,3.4,3.3,2.05,1.75
E3,2023-02-11,15:00:00,Grimsby,Colchester,0,1,0.0,1.0,A,A,2.0,3.5,3.8,2.1,1.7
E3,2023-02-11,15:00:00,Harrogate,Stockport,1,3,0.0,2.0,A,A,4.33,3.8,1.73,2.0,1.85
E3,2023-02-11,15:00:00,Hartlepool,Sutton,2,2,2.0,2.0,D,D,3.6,3.4,2.1,2.1,1.7
E3,2023-02-11,15:00:00,Mansfield,Gillingham,2,0,2.0,0.0,H,H,1.8,3.5,4.75,2.3,1.6
E3,2023-02-11,15:00:00,Rochdale,Northampton,1,1,0.0,0.0,D,D,3.6,3.4,2.1,2.2,1.65
E3,2023-02-11,15:00:00,Stevenage,Bradford,2,3,1.0,0.0,A,H,1.8,3.6,4.5,2.08,1.73
E3,2023-02-11,15:00:00,Swindon,Doncaster,0,2,0.0,0.0,A,D,2.0,3.5,3.75,2.0,1.8
E3,2023-02-11,15:00:00,Tranmere,Salford,1,0,1.0,0.0,H,H,2.05,3.4,3.6,2.3,1.6
E3,2023-02-11,15:00:00,Walsall,Leyton Orient,1,1,1.0,0.0,D,H,2.55,3.0,3.0,2.5,1.5
E3,2023-02-14,19:45:00,Bradford,Tranmere,2,0,1.0,0.0,H,H,2.38,3.2,3.2,2.15,1.67
E3,2023-02-14,19:45:00,Carlisle,Mansfield,0,4,0.0,4.0,A,A,2.38,3.3,3.0,2.2,1.65
E3,2023-02-14,19:45:00,Colchester,Walsall,0,0,0.0,0.0,D,D,2.7,3.2,2.75,2.3,1.6
E3,2023-02-14,19:45:00,Crewe,Hartlepool,2,0,2.0,0.0,H,H,2.3,3.2,3.3,2.1,1.7
E3,2023-02-14,19:45:00,Doncaster,Barrow,1,0,1.0,0.0,H,H,2.25,3.2,3.4,2.2,1.65
E3,2023-02-14,19:45:00,Gillingham,Grimsby,2,1,0.0,0.0,H,D,2.6,3.1,3.0,2.3,1.6
E3,2023-02-14,19:45:00,Leyton Orient,Rochdale,2,1,2.0,0.0,H,H,1.62,3.6,6.5,2.15,1.67
E3,2023-02-14,19:45:00,Newport County,Stevenage,2,2,1.0,1.0,D,D,3.0,3.2,2.5,2.25,1.62
E3,2023-02-14,19:45:00,Northampton,AFC Wimbledon,0,0,0.0,0.0,D,D,2.0,3.3,4.0,2.3,1.6
E3,2023-02-14,19:45:00,Salford,Harrogate,1,1,0.0,0.0,D,D,1.91,3.5,4.0,1.9,1.95
E3,2023-02-14,19:45:00,Stockport,Crawley Town,2,1,1.0,1.0,H,D,1.4,4.5,9.0,1.75,2.05
E3,2023-02-14,19:45:00,Sutton,Swindon,2,1,0.0,1.0,H,A,2.2,3.2,3.5,2.08,1.73
E3,2023-02-18,14:00:00,Northampton,Grimsby,1,2,1.0,0.0,A,H,2.0,3.3,4.0,2.15,1.67
E3,2023-02-18,15:00:00,AFC Wimbledon,Hartlepool,2,2,1.0,0.0,D,H,1.83,3.5,4.5,2.1,1.7
E3,2023-02-18,15:00:00,Bradford,Barrow,0,1,0.0,1.0,A,A,2.0,3.4,3.8,2.2,1.65
E3,2023-02-18,15:00:00,Carlisle,Colchester,1,0,1.0,0.0,H,H,2.05,3.4,3.6,2.3,1.6
E3,2023-02-18,15:00:00,Harrogate,Crewe,2,2,1.0,0.0,D,H,2.0,3.3,4.0,2.1,1.77
E3,2023-02-18,15:00:00,Leyton Orient,Crawley Town,1,0,0.0,0.0,H,D,1.53,4.2,6.0,2.0,1.85
E3,2023-02-18,15:00:00,Rochdale,Gillingham,0,2,0.0,1.0,A,A,3.2,3.1,2.4,2.3,1.6
E3,2023-02-18,15:00:00,Salford,Swindon,1,2,1.0,1.0,A,D,2.3,3.5,3.0,1.9,1.95
E3,2023-02-18,15:00:00,Stockport,Stevenage,2,0,1.0,0.0,H,H,2.1,3.4,3.5,2.35,1.57
E3,2023-02-18,15:00:00,Sutton,Doncaster,2,0,0.0,0.0,H,D,2.0,3.2,4.2,2.2,1.65
E3,2023-02-18,15:00:00,Tranmere,Mansfield,0,2,0.0,1.0,A,A,2.75,3.1,2.7,2.4,1.53
E3,2023-02-18,15:00:00,Walsall,Newport County,1,1,1.0,0.0,D,H,2.38,3.4,3.0,2.2,1.65
E3,2023-02-21,19:45:00,Grimsby,Harrogate,0,0,0.0,0.0,D,D,1.75,3.8,4.75,1.93,1.93
E3,2023-02-21,19:45:00,Hartlepool,Newport County,0,1,0.0,0.0,A,D,3.6,3.2,2.2,2.35,1.57
E3,2023-02-21,19:45:00,Rochdale,Stockport,1,2,0.0,0.0,A,D,5.25,3.6,1.73,2.25,1.62
E3,2023-02-21,19:45:00,Walsall,Crewe,0,0,0.0,0.0,D,D,1.75,3.6,5.0,2.3,1.6
E3,2023-02-25,15:00:00,Barrow,Stockport,1,0,0.0,0.0,H,D,4.2,3.2,2.0,2.25,1.62
E3,2023-02-25,15:00:00,Colchester,Northampton,0,1,0.0,1.0,A,A,3.1,3.2,2.4,2.25,1.62
E3,2023-02-25,15:00:00,Crawley Town,Carlisle,2,5,0.0,4.0,A,A,4.0,3.25,2.0,2.15,1.67
E3,2023-02-25,15:00:00,Crewe,Rochdale,1,1,0.0,0.0,D,D,2.45,3.1,3.1,2.25,1.62
E3,2023-02-25,15:00:00,Doncaster,Bradford,0,1,0.0,0.0,A,D,2.5,3.4,2.7,2.02,1.83
E3,2023-02-25,15:00:00,Gillingham,AFC Wimbledon,2,1,0.0,0.0,H,D,2.25,3.1,3.3,2.5,1.5
E3,2023-02-25,15:00:00,Grimsby,Leyton Orient,2,2,0.0,1.0,D,A,3.1,3.25,2.38,2.3,1.6
E3,2023-02-25,15:00:00,Hartlepool,Walsall,3,3,0.0,1.0,D,A,3.4,3.1,2.2,2.2,1.65
E3,2023-02-25,15:00:00,Mansfield,Salford,2,5,1.0,2.0,A,A,1.95,3.5,3.8,2.0,1.85
E3,2023-02-25,15:00:00,Newport County,Sutton,0,2,0.0,1.0,A,A,2.3,3.25,3.1,2.2,1.65
E3,2023-02-25,15:00:00,Stevenage,Tranmere,0,1,0.0,0.0,A,D,1.85,3.6,4.2,2.25,1.62
E3,2023-02-25,15:00:00,Swindon,Harrogate,3,0,2.0,0.0,H,H,1.75,3.6,4.75,1.85,1.95
E3,2023-02-28,19:45:00,AFC Wimbledon,Stevenage,2,3,1.0,0.0,A,H,4.0,3.0,2.1,2.6,1.48
E3,2023-02-28,19:45:00,Barrow,Salford,1,1,0.0,1.0,D,A,2.7,3.1,2.8,2.2,1.65
E3,2023-02-28,19:45:00,Gillingham,Bradford,0,2,0.0,1.0,A,A,2.7,3.0,2.8,2.25,1.62
E3,2023-02-28,19:45:00,Harrogate,Northampton,1,1,0.0,0.0,D,D,3.8,3.4,2.0,2.35,1.57
E3,2023-02-28,19:45:00,Tranmere,Crawley Town,1,0,0.0,0.0,H,D,1.67,3.75,5.5,2.02,1.83
E3,2023-03-04,15:00:00,AFC Wimbledon,Mansfield,1,3,1.0,1.0,A,D,3.2,3.2,2.3,2.15,1.67
E3,2023-03-04,15:00:00,Bradford,Colchester,2,0,0.0,0.0,H,D,1.8,3.3,5.0,2.15,1.67
E3,2023-03-04,15:00:00,Carlisle,Grimsby,2,0,2.0,0.0,H,H,1.73,3.75,5.0,2.2,1.65
E3,2023-03-04,15:00:00,Harrogate,Gillingham,0,0,0.0,0.0,D,D,2.9,3.0,2.63,2.25,1.62
E3,2023-03-04,15:00:00,Leyton Orient,Swindon,1,1,1.0,0.0,D,H,2.0,3.1,4.0,2.25,1.62
E3,2023-03-04,15:00:00,Northampton,Crawley Town,1,0,0.0,0.0,H,D,1.53,4.0,6.5,1.9,1.95
E3,2023-03-04,15:00:00,Rochdale,Stevenage,2,0,2.0,0.0,H,H,4.75,3.5,1.8,2.1,1.7
E3,2023-03-04,15:00:00,Salford,Newport County,3,1,1.0,1.0,H,D,2.25,3.4,3.2,2.1,1.7
E3,2023-03-04,15:00:00,Stockport,Doncaster,0,0,0.0,0.0,D,D,1.67,3.6,5.5,2.13,1.75
E3,2023-03-04,15:00:00,Sutton,Crewe,1,1,0.0,1.0,D,A,1.65,3.5,5.75,2.08,1.73
E3,2023-03-04,15:00:00,Tranmere,Hartlepool,1,1,0.0,1.0,D,A,1.83,3.5,4.75,2.1,1.77
E3,2023-03-04,15:00:00,Walsall,Barrow,0,1,0.0,1.0,A,A,2.2,3.2,3.5,2.5,1.5
E3,2023-03-07,19:45:00,Doncaster,Harrogate,0,2,0.0,0.0,A,D,1.91,3.4,4.0,2.13,1.75
E3,2023-03-07,19:45:00,Grimsby,Newport County,1,1,1.0,0.0,D,H,2.25,3.1,3.5,2.5,1.5
E3,2023-03-07,19:45:00,Stockport,Gillingham,0,0,0.0,0.0,D,D,1.65,3.5,5.75,2.35,1.57
E3,2023-03-07,19:45:00,Sutton,Crawley Town,3,0,1.0,0.0,H,H,1.67,3.75,5.5,2.05,1.75
E3,2023-03-07,19:45:00,Walsall,Bradford,0,0,0.0,0.0,D,D,2.7,3.2,2.75,2.35,1.57
E3,2023-03-10,19:45:00,Crewe,Salford,4,3,2.0,2.0,H,D,4.2,3.6,1.91,2.05,1.8
E3,2023-03-11,15:00:00,Barrow,Sutton,0,0,0.0,0.0,D,D,2.75,3.25,2.63,2.3,1.6
E3,2023-03-11,15:00:00,Colchester,Stockport,0,1,0.0,1.0,A,A,4.0,3.25,2.0,2.35,1.57
E3,2023-03-11,15:00:00,Crawley Town,Harrogate,3,1,2.0,0.0,H,H,2.5,3.3,2.9,2.08,1.73
E3,2023-03-11,15:00:00,Doncaster,AFC Wimbledon,2,1,2.0,1.0,H,H,2.45,3.1,3.1,2.25,1.62
E3,2023-03-11,15:00:00,Gillingham,Tranmere,2,0,1.0,0.0,H,H,2.45,3.0,3.1,2.6,1.48
E3,2023-03-11,15:00:00,Grimsby,Rochdale,1,0,0.0,0.0,H,D,1.95,3.2,4.33,2.25,1.62
E3,2023-03-11,15:00:00,Hartlepool,Northampton,1,1,1.0,0.0,D,H,3.8,3.5,2.0,2.1,1.7
E3,2023-03-11,15:00:00,Newport County,Bradford,1,1,0.0,1.0,D,A,2.5,3.25,2.88,2.25,1.62
E3,2023-03-11,15:00:00,Stevenage,Walsall,3,1,3.0,1.0,H,H,1.75,3.4,5.25,2.4,1.53
E3,2023-03-11,15:00:00,Swindon,Carlisle,1,2,0.0,0.0,A,D,2.9,3.1,2.55,2.05,1.75
E3,2023-03-14,19:45:00,Newport County,AFC Wimbledon,1,1,0.0,1.0,D,A,1.95,3.2,4.33,2.4,1.53
E3,2023-03-14,19:45:00,Northampton,Mansfield,1,0,1.0,0.0,H,H,2.38,3.2,3.2,2.25,1.62
E3,2023-03-14,19:45:00,Stevenage,Crewe,1,0,0.0,0.0,H,D,1.4,4.5,8.0,1.95,1.9
E3,2023-03-14,19:45:00,Sutton,Grimsby,0,1,0.0,1.0,A,A,1.95,3.3,4.2,2.25,1.62
E3,2023-03-14,19:45:00,Walsall,Swindon,0,0,0.0,0.0,D,D,2.1,3.2,3.75,2.15,1.67
E3,2023-03-18,13:00:00,Bradford,Hartlepool,2,2,0.0,1.0,D,A,1.6,3.8,6.0,2.0,1.85
E3,2023-03-18,15:00:00,AFC Wimbledon,Crawley Town,0,1,0.0,1.0,A,A,1.91,3.5,4.2,2.0,1.85
E3,2023-03-18,15:00:00,Carlisle,Stevenage,0,0,0.0,0.0,D,D,2.45,3.2,3.1,2.25,1.62
E3,2023-03-18,15:00:00,Harrogate,Barrow,1,0,0.0,0.0,H,D,2.88,3.25,2.5,2.15,1.67
E3,2023-03-18,15:00:00,Leyton Orient,Colchester,2,2,1.0,0.0,D,H,1.62,3.75,6.0,2.35,1.57
E3,2023-03-18,15:00:00,Northampton,Crewe,1,0,1.0,0.0,H,H,1.53,3.8,7.0,2.05,1.8
E3,2023-03-18,15:00:00,Rochdale,Swindon,4,4,2.0,2.0,D,D,3.25,3.4,2.2,2.08,1.73
E3,2023-03-18,15:00:00,Salford,Doncaster,3,1,2.0,1.0,H,H,1.8,3.6,4.5,2.0,1.85
E3,2023-03-18,15:00:00,Stockport,Mansfield,1,1,1.0,0.0,D,H,1.8,3.6,4.5,2.15,1.67
E3,2023-03-18,15:00:00,Tranmere,Newport County,1,3,0.0,2.0,A,A,2.75,3.0,2.8,2.4,1.53
E3,2023-03-18,15:00:00,Walsall,Gillingham,2,0,0.0,0.0,H,D,2.3,3.1,3.4,2.7,1.44
E3,2023-03-21,19:45:00,Bradford,Carlisle,0,0,0.0,0.0,D,D,2.38,3.1,3.2,2.25,1.62
E3,2023-03-21,19:45:00,Crawley Town,Doncaster,1,1,0.0,1.0,D,A,2.55,3.25,2.88,1.98,1.88
E3,2023-03-21,19:45:00,Gillingham,Crewe,2,1,0.0,0.0,H,D,1.75,3.5,5.5,2.3,1.6
E3,2023-03-22,19:45:00,Mansfield,Grimsby,0,0,0.0,0.0,D,D,1.85,3.4,4.5,2.02,1.83
E3,2023-03-25,15:00:00,Barrow,AFC Wimbledon,2,1,0.0,1.0,H,A,2.1,3.2,3.6,2.4,1.53
E3,2023-03-25,15:00:00,Colchester,Tranmere,1,1,0.0,1.0,D,A,2.4,3.2,3.0,2.5,1.5
E3,2023-03-25,15:00:00,Crawley Town,Rochdale,2,0,2.0,0.0,H,H,2.15,3.4,3.4,2.02,1.83
E3,2023-03-25,15:00:00,Doncaster,Northampton,0,2,0.0,1.0,A,A,3.6,3.3,2.05,2.25,1.62
E3,2023-03-25,15:00:00,Gillingham,Carlisle,1,0,0.0,0.0,H,D,3.1,3.1,2.38,2.5,1.5
E3,2023-03-25,15:00:00,Grimsby,Walsall,1,1,1.0,0.0,D,H,2.38,3.1,3.2,2.5,1.5
E3,2023-03-25,15:00:00,Hartlepool,Leyton Orient,1,1,0.0,0.0,D,D,4.5,3.5,1.75,2.2,1.65
E3,2023-03-25,15:00:00,Mansfield,Sutton,0,0,0.0,0.0,D,D,2.15,3.5,3.2,2.1,1.77
E3,2023-03-25,15:00:00,Stevenage,Salford,1,3,0.0,0.0,A,D,1.85,3.5,4.2,2.05,1.75
E3,2023-03-25,15:00:00,Swindon,Stockport,0,1,0.0,0.0,A,D,3.6,3.3,2.1,2.1,1.7
E3,2023-03-28,19:45:00,AFC Wimbledon,Walsall,2,0,0.0,0.0,H,D,2.88,3.0,2.63,2.5,1.5
E3,2023-03-28,19:45:00,Crawley Town,Grimsby,1,1,0.0,1.0,D,A,2.63,3.25,2.63,2.05,1.75
E3,2023-03-31,19:45:00,Stockport,Salford,1,1,1.0,0.0,D,H,1.83,3.5,4.5,2.1,1.7
E3,2023-03-31,19:45:00,Tranmere,Harrogate,1,1,1.0,1.0,D,D,2.1,3.4,3.6,2.1,1.7
E3,2023-04-01,13:00:00,Bradford,Grimsby,3,2,1.0,2.0,H,A,1.91,3.4,4.33,2.1,1.7
E3,2023-04-01,15:00:00,AFC Wimbledon,Rochdale,0,1,0.0,0.0,A,D,2.2,3.25,3.4,2.15,1.67
E3,2023-04-01,15:00:00,Barrow,Gillingham,2,1,1.0,0.0,H,H,2.25,3.1,3.6,2.6,1.48
E3,2023-04-01,15:00:00,Colchester,Newport County,0,0,0.0,0.0,D,D,2.8,3.1,2.75,2.25,1.62
E3,2023-04-01,15:00:00,Doncaster,Crewe,0,2,0.0,2.0,A,A,2.0,3.5,3.75,2.02,1.83
E3,2023-04-01,15:00:00,Hartlepool,Swindon,2,1,0.0,1.0,H,A,2.75,3.25,2.6,1.95,1.9
E3,2023-04-01,15:00:00,Leyton Orient,Carlisle,1,0,0.0,0.0,H,D,2.25,3.0,3.6,2.6,1.48
E3,2023-04-01,15:00:00,Mansfield,Crawley Town,4,1,1.0,0.0,H,H,1.65,3.6,5.75,2.05,1.8
E3,2023-04-01,15:00:00,Northampton,Stevenage,1,1,1.0,0.0,D,H,2.63,3.1,2.9,2.4,1.53
E3,2023-04-01,15:00:00,Walsall,Sutton,1,1,0.0,1.0,D,A,2.75,3.2,2.75,2.5,1.5
E3,2023-04-07,15:00:00,Carlisle,Tranmere,2,0,2.0,0.0,H,H,1.73,3.5,5.5,2.3,1.6
E3,2023-04-07,15:00:00,Crawley Town,Bradford,0,0,0.0,0.0,D,D,3.5,3.3,2.15,2.05,1.75
E3,2023-04-07,15:00:00,Crewe,Barrow,3,0,2.0,0.0,H,H,3.5,3.2,2.2,2.3,1.6
E3,2023-04-07,15:00:00,Gillingham,Doncaster,1,0,1.0,0.0,H,H,1.8,3.3,5.25,2.4,1.53
E3,2023-04-07,15:00:00,Grimsby,Hartlepool,1,4,0.0,1.0,A,A,1.75,3.75,4.75,2.05,1.75
E3,2023-04-07,15:00:00,Harrogate,AFC Wimbledon,2,2,0.0,1.0,D,A,2.2,3.2,3.5,2.15,1.67
E3,2023-04-07,15:00:00,Newport County,Northampton,3,0,1.0,0.0,H,H,2.6,3.0,2.9,2.5,1.5
E3,2023-04-07,15:00:00,Rochdale,Walsall,4,2,2.0,1.0,H,H,3.25,3.1,2.38,2.25,1.62
E3,2023-04-07,15:00:00,Salford,Leyton Orient,0,2,0.0,2.0,A,A,2.3,3.2,3.3,2.2,1.65
E3,2023-04-07,15:00:00,Stevenage,Colchester,1,1,0.0,1.0,D,A,1.65,3.5,6.0,2.15,1.67
E3,2023-04-07,15:00:00,Sutton,Stockport,0,1,0.0,0.0,A,D,3.4,3.1,2.3,2.5,1.5
E3,2023-04-07,15:00:00,Swindon,Mansfield,2,4,1.0,3.0,A,A,3.2,3.4,2.25,2.0,1.85
E3,2023-04-10,15:00:00,AFC Wimbledon,Salford,2,3,1.0,0.0,A,H,2.9,3.25,2.5,2.15,1.67
E3,2023-04-10,15:00:00,Barrow,Crawley Town,4,0,1.0,0.0,H,H,1.75,3.5,5.25,2.1,1.7
E3,2023-04-10,15:00:00,Bradford,Sutton,3,1,1.0,0.0,H,H,2.25,3.25,3.4,2.25,1.62
E3,2023-04-10,15:00:00,Colchester,Crewe,4,0,3.0,0.0,H,H,1.91,3.3,4.5,2.15,1.67
E3,2023-04-10,15:00:00,Doncaster,Grimsby,1,2,1.0,0.0,A,H,2.8,3.25,2.55,2.15,1.67
E3,2023-04-10,15:00:00,Hartlepool,Stevenage,1,1,0.0,1.0,D,A,4.2,3.5,1.91,2.15,1.67
E3,2023-04-10,15:00:00,Leyton Orient,Harrogate,2,2,2.0,0.0,D,H,1.6,3.6,6.5,2.15,1.67
E3,2023-04-10,15:00:00,Mansfield,Rochdale,1,1,1.0,1.0,D,D,1.6,3.75,6.0,1.95,1.9
E3,2023-04-10,15:00:00,Northampton,Gillingham,2,1,1.0,0.0,H,H,2.0,3.1,4.33,2.6,1.48
E3,2023-04-10,15:00:00,Stockport,Newport County,4,0,2.0,0.0,H,H,1.73,3.5,5.5,2.1,1.7
E3,2023-04-10,15:00:00,Tranmere,Swindon,1,0,1.0,0.0,H,H,2.5,3.25,2.9,2.15,1.67
E3,2023-04-10,15:00:00,Walsall,Carlisle,0,0,0.0,0.0,D,D,3.0,3.0,2.63,2.5,1.5
E3,2023-04-15,15:00:00,Carlisle,Northampton,0,0,0.0,0.0,D,D,2.2,3.2,3.6,2.5,1.5
E3,2023-04-15,15:00:00,Crawley Town,Tranmere,2,1,2.0,1.0,H,H,2.6,3.2,2.8,2.15,1.67
E3,2023-04-15,15:00:00,Crewe,Walsall,2,0,2.0,0.0,H,H,3.0,3.2,2.5,2.25,1.62
E3,2023-04-15,15:00:00,Gillingham,Stockport,1,1,0.0,0.0,D,D,4.75,3.1,1.95,2.5,1.5
E3,2023-04-15,15:00:00,Grimsby,Mansfield,1,1,0.0,1.0,D,A,2.7,3.2,2.7,2.0,1.8
E3,2023-04-15,15:00:00,Harrogate,Doncaster,2,2,0.0,1.0,D,A,1.85,3.5,4.5,2.1,1.7
E3,2023-04-15,15:00:00,Newport County,Hartlepool,2,0,2.0,0.0,H,H,1.91,3.4,4.5,2.02,1.83
E3,2023-04-15,15:00:00,Rochdale,Bradford,0,3,0.0,1.0,A,A,3.6,3.3,2.1,2.08,1.73
E3,2023-04-15,15:00:00,Salford,Colchester,0,1,0.0,1.0,A,A,1.91,3.4,4.2,1.95,1.9
E3,2023-04-15,15:00:00,Stevenage,AFC Wimbledon,2,1,1.0,1.0,H,D,1.62,3.6,6.5,2.15,1.67
E3,2023-04-15,15:00:00,Sutton,Leyton Orient,0,2,0.0,2.0,A,A,2.9,3.1,2.6,2.35,1.57
E3,2023-04-15,15:00:00,Swindon,Barrow,0,0,0.0,0.0,D,D,2.7,3.2,2.75,2.15,1.67
E3,2023-04-18,19:45:00,Carlisle,Stockport,2,2,0.0,1.0,D,A,3.0,3.1,2.5,2.5,1.5
E3,2023-04-18,19:45:00,Crawley Town,Colchester,0,0,0.0,0.0,D,D,2.88,3.1,2.7,2.25,1.62
E3,2023-04-18,19:45:00,Gillingham,Leyton Orient,2,0,1.0,0.0,H,H,3.75,3.1,2.15,2.6,1.48
E3,2023-04-18,19:45:00,Grimsby,Barrow,1,0,0.0,0.0,H,D,2.25,3.2,3.4,2.35,1.57
E3,2023-04-18,19:45:00,Harrogate,Walsall,3,0,1.0,0.0,H,H,2.3,3.2,3.3,2.25,1.62
E3,2023-04-18,19:45:00,Newport County,Mansfield,1,2,0.0,1.0,A,A,2.8,3.1,2.7,2.15,1.67
E3,2023-04-18,19:45:00,Rochdale,Tranmere,2,2,0.0,1.0,D,A,2.4,3.3,3.0,2.15,1.67
E3,2023-04-18,19:45:00,Salford,Hartlepool,2,0,2.0,0.0,H,H,1.53,4.33,6.5,1.67,2.15
E3,2023-04-18,19:45:00,Stevenage,Doncaster,1,0,1.0,0.0,H,H,1.4,4.2,9.5,1.95,1.9
E3,2023-04-18,19:45:00,Sutton,Northampton,1,2,1.0,1.0,A,D,2.75,3.1,2.7,2.4,1.53
E3,2023-04-18,19:45:00,Swindon,Bradford,1,0,0.0,0.0,H,D,3.3,3.3,2.25,2.0,1.85
E3,2023-04-22,15:00:00,AFC Wimbledon,Swindon,1,5,1.0,3.0,A,A,2.5,3.25,2.88,2.1,1.7
E3,2023-04-22,15:00:00,Barrow,Carlisle,0,1,0.0,1.0,A,A,2.9,3.1,2.63,2.5,1.5
E3,2023-04-22,15:00:00,Bradford,Gillingham,2,2,0.0,1.0,D,A,1.7,3.3,6.5,2.4,1.53
E3,2023-04-22,15:00:00,Colchester,Sutton,4,1,3.0,1.0,H,H,2.25,3.3,3.3,2.25,1.62
E3,2023-04-22,15:00:00,Doncaster,Newport County,1,3,1.0,0.0,A,H,3.3,3.3,2.25,2.25,1.62
E3,2023-04-22,15:00:00,Hartlepool,Crawley Town,0,2,0.0,1.0,A,A,2.2,3.4,3.3,1.98,1.88
E3,2023-04-22,15:00:00,Leyton Orient,Crewe,2,0,0.0,0.0,H,D,1.44,4.0,9.0,2.0,1.85
E3,2023-04-22,15:00:00,Mansfield,Stevenage,1,0,1.0,0.0,H,H,2.7,3.2,2.8,2.25,1.62
E3,2023-04-22,15:00:00,Northampton,Harrogate,3,1,3.0,1.0,H,H,1.75,3.6,4.75,2.08,1.73
E3,2023-04-22,15:00:00,Stockport,Rochdale,1,0,1.0,0.0,H,H,1.36,4.75,9.0,1.9,1.95
E3,2023-04-22,15:00:00,Tranmere,Grimsby,2,0,1.0,0.0,H,H,2.7,3.3,2.6,2.15,1.67
E3,2023-04-22,15:00:00,Walsall,Salford,2,3,0.0,1.0,A,A,3.8,3.5,2.0,1.95,1.9
E3,2023-04-25,19:45:00,Grimsby,Crewe,2,0,1.0,0.0,H,H,1.83,3.5,4.5,2.08,1.73
E3,2023-04-25,19:45:00,Mansfield,Leyton Orient,1,2,1.0,2.0,A,A,1.83,3.4,4.5,2.25,1.62
E3,2023-04-25,19:45:00,Newport County,Harrogate,2,3,1.0,2.0,A,A,1.91,3.5,4.0,2.05,1.8
E3,2023-04-25,19:45:00,Swindon,Stevenage,0,1,0.0,1.0,A,A,3.6,3.25,2.15,2.15,1.67
E3,2023-04-29,15:00:00,AFC Wimbledon,Tranmere,1,1,0.0,0.0,D,D,2.25,3.25,3.25,2.1,1.7
E3,2023-04-29,15:00:00,Carlisle,Salford,2,3,0.0,2.0,A,A,2.3,3.25,3.25,1.98,1.88
E3,2023-04-29,15:00:00,Crawley Town,Walsall,0,0,0.0,0.0,D,D,2.25,3.25,3.3,2.15,1.67
E3,2023-04-29,15:00:00,Crewe,Swindon,2,1,0.0,1.0,H,A,2.88,3.4,2.45,2.0,1.85
E3,2023-04-29,15:00:00,Doncaster,Colchester,1,0,1.0,0.0,H,H,3.4,3.1,2.25,2.25,1.62
E3,2023-04-29,15:00:00,Gillingham,Newport County,1,2,1.0,1.0,A,D,2.38,3.3,3.0,2.3,1.6
E3,2023-04-29,15:00:00,Hartlepool,Barrow,3,1,1.0,1.0,H,D,2.63,3.25,2.7,2.08,1.73
E3,2023-04-29,15:00:00,Leyton Orient,Stockport,0,3,0.0,2.0,A,A,4.2,3.3,1.95,2.35,1.57
E3,2023-04-29,15:00:00,Mansfield,Harrogate,1,2,0.0,2.0,A,A,1.5,4.0,7.0,1.75,2.05
E3,2023-04-29,15:00:00,Northampton,Bradford,1,2,0.0,1.0,A,A,2.38,3.25,3.1,2.25,1.62
E3,2023-04-29,15:00:00,Rochdale,Sutton,4,1,2.0,1.0,H,H,3.2,3.4,2.25,2.0,1.85
E3,2023-04-29,15:00:00,Stevenage,Grimsby,2,0,0.0,0.0,H,D,1.65,3.75,5.75,2.15,1.67
E3,2023-05-03,19:45:00,Crewe,Bradford,3,2,2.0,0.0,H,H,4.75,3.8,1.73,1.9,1.95
E3,2023-05-08,12:30:00,Barrow,Stevenage,0,1,0.0,1.0,A,A,3.4,3.3,2.2,2.15,1.73
E3,2023-05-08,12:30:00,Bradford,Leyton Orient,1,1,1.0,1.0,D,D,1.91,3.5,4.2,2.1,1.77
E3,2023-05-08,12:30:00,Colchester,Mansfield,0,2,0.0,1.0,A,A,4.0,3.5,1.95,1.82,2.02
E3,2023-05-08,12:30:00,Grimsby,AFC Wimbledon,1,0,1.0,0.0,H,H,1.83,3.5,4.5,2.02,1.82
E3,2023-05-08,12:30:00,Harrogate,Rochdale,1,1,0.0,1.0,D,A,1.95,3.6,3.8,1.75,2.05
E3,2023-05-08,12:30:00,Newport County,Crewe,2,2,0.0,0.0,D,D,1.65,3.75,5.5,2.0,1.8
E3,2023-05-08,12:30:00,Salford,Gillingham,0,1,0.0,0.0,A,D,1.5,4.0,7.5,1.93,1.93
E3,2023-05-08,12:30:00,Stockport,Hartlepool,1,1,1.0,0.0,D,H,1.2,6.5,15.0,1.57,2.35
E3,2023-05-08,12:30:00,Sutton,Carlisle,1,1,1.0,0.0,D,H,3.4,3.4,2.15,2.05,1.75
E3,2023-05-08,12:30:00,Swindon,Crawley Town,2,1,2.0,0.0,H,H,1.8,3.8,4.33,1.62,2.25
E3,2023-05-08,12:30:00,Tranmere,Northampton,0,1,0.0,1.0,A,A,5.25,3.8,1.67,2.02,1.82
E3,2023-05-08,12:30:00,Walsall,Doncaster,2,1,0.0,0.0,H,D,1.75,3.6,5.0,1.85,1.95
D1,2022-08-05,19:30:00,Ein Frankfurt,Bayern Munich,1,6,0.0,5.0,A,A,6.0,5.0,1.5,1.4,3.0
D1,2022-08-06,14:30:00,Augsburg,Freiburg,0,4,0.0,0.0,A,D,3.3,3.5,2.15,1.92,1.98
D1,2022-08-06,14:30:00,Bochum,Mainz,1,2,1.0,1.0,A,D,3.2,3.4,2.2,1.96,1.94
D1,2022-08-06,14:30:00,M'gladbach,Hoffenheim,3,1,1.0,1.0,H,D,2.05,4.2,3.0,1.36,3.2
D1,2022-08-06,14:30:00,Union Berlin,Hertha,3,1,1.0,0.0,H,H,1.72,3.75,4.5,2.06,1.84
D1,2022-08-06,14:30:00,Wolfsburg,Werder Bremen,2,2,1.0,2.0,D,A,1.85,3.8,3.8,1.8,2.0
D1,2022-08-06,17:30:00,Dortmund,Leverkusen,1,0,1.0,0.0,H,H,2.0,4.2,3.2,1.4,3.0
D1,2022-08-07,14:30:00,Stuttgart,RB Leipzig,1,1,1.0,1.0,D,D,4.5,3.8,1.75,1.72,2.1
D1,2022-08-07,16:30:00,FC Koln,Schalke 04,3,1,0.0,0.0,H,D,1.7,4.0,4.5,1.57,2.37
D1,2022-08-12,19:30:00,Freiburg,Dortmund,1,3,1.0,0.0,A,H,3.0,3.75,2.2,1.57,2.37
D1,2022-08-13,14:30:00,Hertha,Ein Frankfurt,1,1,1.0,0.0,D,H,3.0,3.5,2.3,1.8,2.0
D1,2022-08-13,14:30:00,Hoffenheim,Bochum,3,2,2.0,2.0,H,D,1.57,4.5,5.25,1.5,2.62
D1,2022-08-13,14:30:00,Leverkusen,Augsburg,1,2,1.0,1.0,A,D,1.3,5.75,9.5,1.44,2.75
D1,2022-08-13,14:30:00,RB Leipzig,FC Koln,2,2,1.0,1.0,D,D,1.44,4.75,7.0,1.57,2.37
D1,2022-08-13,14:30:00,Werder Bremen,Stuttgart,2,2,1.0,1.0,D,D,2.25,3.6,3.0,1.66,2.2
D1,2022-08-13,17:30:00,Schalke 04,M'gladbach,2,2,1.0,0.0,D,H,3.1,3.8,2.15,1.57,2.37
D1,2022-08-14,14:30:00,Mainz,Union Berlin,0,0,0.0,0.0,D,D,2.2,3.25,3.4,2.06,1.84
D1,2022-08-14,16:30:00,Bayern Munich,Wolfsburg,2,0,2.0,0.0,H,H,1.12,9.5,17.0,1.22,4.33
D1,2022-08-19,19:30:00,M'gladbach,Hertha,1,0,1.0,0.0,H,H,1.5,4.5,6.0,1.5,2.62
D1,2022-08-20,14:30:00,Augsburg,Mainz,1,2,1.0,1.0,A,D,3.5,3.5,2.1,1.87,2.03
D1,2022-08-20,14:30:00,Dortmund,Werder Bremen,2,3,1.0,0.0,A,H,1.36,5.25,7.5,1.4,3.0
D1,2022-08-20,14:30:00,Leverkusen,Hoffenheim,0,3,0.0,2.0,A,A,1.66,4.33,4.5,1.44,2.75
D1,2022-08-20,14:30:00,Stuttgart,Freiburg,0,1,0.0,1.0,A,A,2.62,3.6,2.55,1.72,2.1
D1,2022-08-20,14:30:00,Wolfsburg,Schalke 04,0,0,0.0,0.0,D,D,1.83,3.8,4.2,1.66,2.2
D1,2022-08-20,17:30:00,Union Berlin,RB Leipzig,2,1,2.0,0.0,H,H,3.6,3.5,2.05,1.91,1.99
D1,2022-08-21,14:30:00,Ein Frankfurt,FC Koln,1,1,0.0,0.0,D,D,1.95,3.75,3.6,1.66,2.2
D1,2022-08-21,16:30:00,Bochum,Bayern Munich,0,7,0.0,4.0,A,A,13.0,8.0,1.18,1.25,4.0
D1,2022-08-26,19:30:00,Freiburg,Bochum,1,0,0.0,0.0,H,D,1.5,4.5,6.0,1.61,2.3
D1,2022-08-27,14:30:00,Hertha,Dortmund,0,1,0.0,1.0,A,A,4.5,4.33,1.66,1.5,2.62
D1,2022-08-27,14:30:00,Hoffenheim,Augsburg,1,0,1.0,0.0,H,H,1.45,4.5,7.0,1.5,2.62
D1,2022-08-27,14:30:00,Mainz,Leverkusen,0,3,0.0,3.0,A,A,2.75,3.75,2.37,1.61,2.3
D1,2022-08-27,14:30:00,RB Leipzig,Wolfsburg,2,0,1.0,0.0,H,H,1.45,4.75,6.0,1.57,2.37
D1,2022-08-27,14:30:00,Schalke 04,Union Berlin,1,6,1.0,3.0,A,A,3.1,3.4,2.3,1.96,1.94
D1,2022-08-27,17:30:00,Bayern Munich,M'gladbach,1,1,0.0,1.0,D,A,1.18,8.0,12.0,1.2,4.5
D1,2022-08-28,14:30:00,FC Koln,Stuttgart,0,0,0.0,0.0,D,D,2.05,3.75,3.4,1.66,2.2
D1,2022-08-28,16:30:00,Werder Bremen,Ein Frankfurt,3,4,2.0,3.0,A,A,2.45,3.5,2.8,1.61,2.3
D1,2022-09-02,19:30:00,Dortmund,Hoffenheim,1,0,1.0,0.0,H,H,1.61,4.5,4.75,1.4,3.0
D1,2022-09-03,14:30:00,Bochum,Werder Bremen,0,2,0.0,0.0,A,D,2.9,3.6,2.3,1.66,2.2
D1,2022-09-03,14:30:00,Leverkusen,Freiburg,2,3,1.0,0.0,A,H,1.9,3.75,3.8,1.57,2.37
D1,2022-09-03,14:30:00,Stuttgart,Schalke 04,1,1,1.0,1.0,D,D,1.75,4.0,4.33,1.72,2.1
D1,2022-09-03,14:30:00,Union Berlin,Bayern Munich,1,1,1.0,1.0,D,D,7.0,5.25,1.36,1.4,3.0
D1,2022-09-03,14:30:00,Wolfsburg,FC Koln,2,4,1.0,3.0,A,A,2.05,3.4,3.75,1.8,2.0
D1,2022-09-03,17:30:00,Ein Frankfurt,RB Leipzig,4,0,2.0,0.0,H,H,3.5,3.75,2.0,1.61,2.3
D1,2022-09-04,14:30:00,Augsburg,Hertha,0,2,0.0,0.0,A,D,2.45,3.3,2.87,1.89,2.01
D1,2022-09-04,16:30:00,M'gladbach,Mainz,0,1,0.0,0.0,A,D,2.2,3.8,3.0,1.66,2.2
D1,2022-09-09,19:30:00,Werder Bremen,Augsburg,0,1,0.0,0.0,A,D,1.53,4.5,5.5,1.57,2.37
D1,2022-09-10,14:30:00,Bayern Munich,Stuttgart,2,2,1.0,0.0,D,H,1.14,8.0,17.0,1.22,4.33
D1,2022-09-10,14:30:00,Ein Frankfurt,Wolfsburg,0,1,0.0,0.0,A,D,2.0,3.6,3.6,1.66,2.2
D1,2022-09-10,14:30:00,Hertha,Leverkusen,2,2,0.0,0.0,D,D,3.6,4.0,1.9,1.53,2.5
D1,2022-09-10,14:30:00,Hoffenheim,Mainz,4,1,0.0,0.0,H,D,2.25,3.75,2.9,1.66,2.2
D1,2022-09-10,14:30:00,RB Leipzig,Dortmund,3,0,2.0,0.0,H,H,2.3,3.9,2.75,1.57,2.37
D1,2022-09-10,17:30:00,Schalke 04,Bochum,3,1,1.0,0.0,H,H,2.0,3.8,3.5,1.72,2.1
D1,2022-09-11,14:30:00,FC Koln,Union Berlin,0,1,0.0,1.0,A,A,2.37,3.4,2.9,1.94,1.96
D1,2022-09-11,16:30:00,Freiburg,M'gladbach,0,0,0.0,0.0,D,D,2.0,3.6,3.5,1.57,2.37
D1,2022-09-16,19:30:00,Mainz,Hertha,1,1,0.0,1.0,D,A,1.72,4.0,4.33,1.72,2.1
D1,2022-09-17,14:30:00,Augsburg,Bayern Munich,1,0,0.0,0.0,H,D,17.0,8.0,1.16,1.28,3.75
D1,2022-09-17,14:30:00,Dortmund,Schalke 04,1,0,0.0,0.0,H,D,1.36,5.0,8.0,1.44,2.75
D1,2022-09-17,14:30:00,Leverkusen,Werder Bremen,1,1,0.0,0.0,D,D,1.61,4.33,5.0,1.5,2.62
D1,2022-09-17,14:30:00,Stuttgart,Ein Frankfurt,1,3,0.0,1.0,A,A,2.25,3.5,3.1,1.66,2.2
D1,2022-09-17,17:30:00,M'gladbach,RB Leipzig,3,0,2.0,0.0,H,H,3.0,3.6,2.25,1.57,2.37
D1,2022-09-18,14:30:00,Union Berlin,Wolfsburg,2,0,0.0,0.0,H,D,1.95,3.5,3.8,2.03,1.87
D1,2022-09-18,16:30:00,Bochum,FC Koln,1,1,1.0,0.0,D,H,3.1,3.6,2.2,1.72,2.1
D1,2022-09-18,18:30:00,Hoffenheim,Freiburg,0,0,0.0,0.0,D,D,2.15,3.6,3.2,1.57,2.37
D1,2022-09-30,19:30:00,Bayern Munich,Leverkusen,4,0,3.0,0.0,H,H,1.36,6.0,7.0,1.3,3.5
D1,2022-10-01,14:30:00,Ein Frankfurt,Union Berlin,2,0,2.0,0.0,H,H,2.25,3.4,3.2,1.99,1.91
D1,2022-10-01,14:30:00,FC Koln,Dortmund,3,2,0.0,1.0,H,A,3.1,4.0,2.05,1.57,2.37
D1,2022-10-01,14:30:00,Freiburg,Mainz,2,1,2.0,0.0,H,H,2.1,3.6,3.4,1.92,1.98
D1,2022-10-01,14:30:00,RB Leipzig,Bochum,4,0,2.0,0.0,H,H,1.22,6.5,12.0,1.44,2.75
D1,2022-10-01,14:30:00,Wolfsburg,Stuttgart,3,2,2.0,2.0,H,D,2.4,3.4,2.9,1.99,1.91
D1,2022-10-01,17:30:00,Werder Bremen,M'gladbach,5,1,4.0,0.0,H,H,2.5,3.9,2.5,1.57,2.37
D1,2022-10-02,14:30:00,Hertha,Hoffenheim,1,1,1.0,1.0,D,D,2.75,3.75,2.37,1.57,2.37
D1,2022-10-02,16:30:00,Schalke 04,Augsburg,2,3,1.0,2.0,A,A,1.95,3.8,3.6,1.8,2.0
D1,2022-10-07,19:30:00,Hoffenheim,Werder Bremen,1,2,1.0,1.0,A,D,1.95,3.8,3.5,1.57,2.37
D1,2022-10-08,14:30:00,Augsburg,Wolfsburg,1,1,0.0,1.0,D,A,2.9,3.4,2.4,1.97,1.93
D1,2022-10-08,14:30:00,Bochum,Ein Frankfurt,3,0,0.0,0.0,H,D,3.75,3.8,1.9,1.66,2.2
D1,2022-10-08,14:30:00,Leverkusen,Schalke 04,4,0,2.0,0.0,H,H,1.45,4.5,7.0,1.5,2.62
D1,2022-10-08,14:30:00,Mainz,RB Leipzig,1,1,1.0,0.0,D,H,3.0,3.6,2.3,1.72,2.1
D1,2022-10-08,17:30:00,Dortmund,Bayern Munich,2,2,0.0,1.0,D,A,4.33,4.75,1.65,1.36,3.2
D1,2022-10-09,14:30:00,M'gladbach,FC Koln,5,2,2.0,1.0,H,H,1.95,3.75,3.6,1.61,2.3
D1,2022-10-09,16:30:00,Hertha,Freiburg,2,2,1.0,1.0,D,D,3.0,3.5,2.3,1.91,1.99
D1,2022-10-09,18:30:00,Stuttgart,Union Berlin,0,1,0.0,0.0,A,D,2.55,3.1,2.9,2.1,1.72
D1,2022-10-14,19:30:00,Schalke 04,Hoffenheim,0,3,0.0,2.0,A,A,3.6,3.8,1.95,1.66,2.2
D1,2022-10-15,14:30:00,Ein Frankfurt,Leverkusen,5,1,1.0,0.0,H,H,2.75,3.6,2.45,1.61,2.3
D1,2022-10-15,14:30:00,Stuttgart,Bochum,4,1,2.0,1.0,H,H,1.65,4.0,5.25,1.8,2.0
D1,2022-10-15,14:30:00,Werder Bremen,Mainz,0,2,0.0,1.0,A,A,2.37,3.6,2.87,1.72,2.1
D1,2022-10-15,14:30:00,Wolfsburg,M'gladbach,2,2,1.0,1.0,D,D,2.62,3.5,2.6,1.66,2.2
D1,2022-10-15,17:30:00,RB Leipzig,Hertha,3,2,3.0,0.0,H,H,1.4,5.0,7.0,1.53,2.5
D1,2022-10-16,14:30:00,FC Koln,Augsburg,3,2,0.0,1.0,H,A,1.66,4.0,5.0,1.61,2.3
D1,2022-10-16,16:30:00,Union Berlin,Dortmund,2,0,2.0,0.0,H,H,2.9,3.5,2.37,1.97,1.93
D1,2022-10-16,18:30:00,Bayern Munich,Freiburg,5,0,2.0,0.0,H,H,1.25,6.5,9.0,1.36,3.2
D1,2022-10-21,19:30:00,Mainz,FC Koln,5,0,3.0,0.0,H,H,2.15,3.5,3.25,1.72,2.1
D1,2022-10-22,14:30:00,Augsburg,RB Leipzig,3,3,1.0,0.0,D,H,5.5,4.33,1.57,1.57,2.37
D1,2022-10-22,14:30:00,Dortmund,Stuttgart,5,0,3.0,0.0,H,H,1.53,4.75,5.5,1.57,2.37
D1,2022-10-22,14:30:00,Freiburg,Werder Bremen,2,0,0.0,0.0,H,D,1.9,3.75,3.8,1.66,2.2
D1,2022-10-22,14:30:00,Hoffenheim,Bayern Munich,0,2,0.0,2.0,A,A,5.5,5.0,1.5,1.33,3.4
D1,2022-10-22,14:30:00,Leverkusen,Wolfsburg,2,2,1.0,1.0,D,D,1.7,4.2,4.5,1.57,2.37
D1,2022-10-22,17:30:00,M'gladbach,Ein Frankfurt,1,3,0.0,3.0,A,A,2.3,3.75,2.87,1.61,2.3
D1,2022-10-23,14:30:00,Bochum,Union Berlin,2,1,1.0,0.0,H,H,4.33,3.4,1.9,2.1,1.72
D1,2022-10-23,16:30:00,Hertha,Schalke 04,2,1,0.0,0.0,H,D,1.75,3.75,4.75,1.72,2.1
D1,2022-10-28,19:30:00,Werder Bremen,Hertha,1,0,0.0,0.0,H,D,2.0,3.8,3.4,1.57,2.37
D1,2022-10-29,14:30:00,Bayern Munich,Mainz,6,2,3.0,1.0,H,H,1.25,6.5,11.0,1.33,3.4
D1,2022-10-29,14:30:00,RB Leipzig,Leverkusen,2,0,1.0,0.0,H,H,1.8,4.0,4.1,1.53,2.5
D1,2022-10-29,14:30:00,Stuttgart,Augsburg,2,1,1.0,1.0,H,D,1.8,3.8,4.33,1.72,2.1
D1,2022-10-29,14:30:00,Wolfsburg,Bochum,4,0,2.0,0.0,H,H,1.65,4.2,4.75,1.72,2.1
D1,2022-10-29,17:30:00,Ein Frankfurt,Dortmund,1,2,1.0,1.0,A,D,2.75,3.75,2.4,1.61,2.3
D1,2022-10-30,14:30:00,Union Berlin,M'gladbach,2,1,0.0,1.0,H,A,2.05,3.4,3.8,1.9,2.0
D1,2022-10-30,16:30:00,Schalke 04,Freiburg,0,2,0.0,1.0,A,A,4.0,3.75,1.9,1.72,2.1
D1,2022-10-30,18:30:00,FC Koln,Hoffenheim,1,1,1.0,1.0,D,D,2.9,3.5,2.37,1.57,2.37
D1,2022-11-04,19:30:00,M'gladbach,Stuttgart,3,1,2.0,1.0,H,H,2.15,3.75,3.1,1.57,2.37
D1,2022-11-05,14:30:00,Augsburg,Ein Frankfurt,1,2,1.0,1.0,A,D,4.33,4.0,1.72,1.57,2.37
D1,2022-11-05,14:30:00,Dortmund,Bochum,3,0,3.0,0.0,H,H,1.22,7.0,11.0,1.4,3.0
D1,2022-11-05,14:30:00,Hertha,Bayern Munich,2,3,2.0,3.0,A,A,10.0,6.5,1.25,1.3,3.5
D1,2022-11-05,14:30:00,Hoffenheim,RB Leipzig,1,3,0.0,1.0,A,A,2.9,3.75,2.25,1.66,2.2
D1,2022-11-05,14:30:00,Mainz,Wolfsburg,0,3,0.0,1.0,A,A,2.0,3.75,3.5,1.87,2.03
D1,2022-11-05,17:30:00,Werder Bremen,Schalke 04,2,1,1.0,0.0,H,H,1.65,4.33,4.5,1.61,2.3
D1,2022-11-06,14:30:00,Leverkusen,Union Berlin,5,0,0.0,0.0,H,D,2.15,3.4,3.4,2.0,1.9
D1,2022-11-06,16:30:00,Freiburg,FC Koln,2,0,0.0,0.0,H,D,1.7,4.0,4.75,1.72,2.1
D1,2022-11-08,17:30:00,Wolfsburg,Dortmund,2,0,1.0,0.0,H,H,3.1,3.6,2.2,1.72,2.1
D1,2022-11-08,19:30:00,Bayern Munich,Werder Bremen,6,1,4.0,1.0,H,H,1.14,9.5,15.0,1.22,4.33
D1,2022-11-08,19:30:00,Bochum,M'gladbach,2,1,2.0,0.0,H,H,3.2,3.5,2.25,1.72,2.1
D1,2022-11-08,19:30:00,Stuttgart,Hertha,2,1,1.0,1.0,H,D,1.95,3.8,3.75,1.72,2.1
D1,2022-11-09,17:30:00,FC Koln,Leverkusen,1,2,1.0,0.0,A,H,3.0,3.75,2.2,1.66,2.2
D1,2022-11-09,19:30:00,Ein Frankfurt,Hoffenheim,4,2,3.0,1.0,H,H,1.9,3.8,3.75,1.57,2.37
D1,2022-11-09,19:30:00,RB Leipzig,Freiburg,3,1,0.0,0.0,H,D,1.72,4.0,4.5,1.66,2.2
D1,2022-11-09,19:30:00,Schalke 04,Mainz,1,0,1.0,0.0,H,H,3.4,3.75,2.05,1.72,2.1
D1,2022-11-09,19:30:00,Union Berlin,Augsburg,2,2,2.0,2.0,D,D,1.55,4.2,6.0,1.87,2.03
D1,2022-11-11,19:30:00,M'gladbach,Dortmund,4,2,3.0,2.0,H,H,3.2,4.0,2.15,1.57,2.37
D1,2022-11-12,14:30:00,Augsburg,Bochum,0,1,0.0,0.0,A,D,2.2,3.5,3.2,1.72,2.1
D1,2022-11-12,14:30:00,Hertha,FC Koln,2,0,1.0,0.0,H,H,2.2,3.6,3.1,1.72,2.1
D1,2022-11-12,14:30:00,Hoffenheim,Wolfsburg,1,2,1.0,1.0,A,D,2.25,3.75,3.1,1.66,2.2
D1,2022-11-12,14:30:00,Leverkusen,Stuttgart,2,0,1.0,0.0,H,H,1.72,4.2,4.33,1.57,2.37
D1,2022-11-12,14:30:00,Werder Bremen,RB Leipzig,1,2,0.0,1.0,A,A,3.6,4.0,1.9,1.57,2.37
D1,2022-11-12,17:30:00,Schalke 04,Bayern Munich,0,2,0.0,1.0,A,A,15.0,7.5,1.16,1.28,3.75
D1,2022-11-13,14:30:00,Mainz,Ein Frankfurt,1,1,1.0,0.0,D,H,2.75,3.5,2.45,1.72,2.1
D1,2022-11-13,16:30:00,Freiburg,Union Berlin,4,1,4.0,0.0,H,H,2.0,3.3,4.0,2.2,1.66
D1,2023-01-20,19:30:00,RB Leipzig,Bayern Munich,1,1,0.0,1.0,D,A,3.6,4.33,1.85,1.5,2.63
D1,2023-01-21,14:30:00,Bochum,Hertha,3,1,2.0,0.0,H,H,2.38,3.5,2.9,1.86,2.04
D1,2023-01-21,14:30:00,Ein Frankfurt,Schalke 04,3,0,1.0,0.0,H,H,1.36,5.0,8.5,1.53,2.5
D1,2023-01-21,14:30:00,Stuttgart,Mainz,1,1,1.0,1.0,D,D,2.4,3.5,2.88,1.86,2.04
D1,2023-01-21,14:30:00,Union Berlin,Hoffenheim,3,1,0.0,1.0,H,A,2.25,3.4,3.2,1.97,1.93
D1,2023-01-21,14:30:00,Wolfsburg,Freiburg,6,0,3.0,0.0,H,H,2.55,3.4,2.75,1.96,1.94
D1,2023-01-21,17:30:00,FC Koln,Werder Bremen,7,1,5.0,1.0,H,H,2.25,3.8,2.9,1.62,2.3
D1,2023-01-22,14:30:00,Dortmund,Augsburg,4,3,2.0,2.0,H,D,1.3,6.0,8.0,1.36,3.2
D1,2023-01-22,16:30:00,M'gladbach,Leverkusen,2,3,0.0,2.0,A,A,2.63,3.8,2.45,1.57,2.38
D1,2023-01-24,17:30:00,Schalke 04,RB Leipzig,1,6,0.0,4.0,A,A,5.75,4.33,1.53,1.67,2.2
D1,2023-01-24,19:30:00,Bayern Munich,FC Koln,1,1,0.0,1.0,D,A,1.2,7.5,12.0,1.29,3.75
D1,2023-01-24,19:30:00,Hertha,Wolfsburg,0,5,0.0,3.0,A,A,3.0,3.4,2.3,1.94,1.96
D1,2023-01-24,19:30:00,Hoffenheim,Stuttgart,2,2,1.0,1.0,D,D,2.1,3.5,3.4,1.73,2.1
D1,2023-01-25,17:30:00,Mainz,Dortmund,1,2,1.0,1.0,A,D,2.9,3.6,2.3,1.67,2.2
D1,2023-01-25,19:30:00,Augsburg,M'gladbach,1,0,0.0,0.0,H,D,3.0,3.6,2.25,1.62,2.3
D1,2023-01-25,19:30:00,Freiburg,Ein Frankfurt,1,1,0.0,1.0,D,A,2.5,3.5,2.7,1.8,2.0
D1,2023-01-25,19:30:00,Leverkusen,Bochum,2,0,1.0,0.0,H,H,1.4,5.25,6.5,1.62,2.3
D1,2023-01-25,19:30:00,Werder Bremen,Union Berlin,1,2,1.0,1.0,A,D,2.8,3.2,2.63,2.1,1.73
D1,2023-01-27,19:30:00,RB Leipzig,Stuttgart,2,1,1.0,0.0,H,H,1.33,5.0,9.0,1.53,2.5
D1,2023-01-28,14:30:00,Freiburg,Augsburg,3,1,2.0,1.0,H,H,1.5,4.5,6.25,1.67,2.2
D1,2023-01-28,14:30:00,Hertha,Union Berlin,0,2,0.0,1.0,A,A,3.5,3.25,2.2,2.2,1.67
D1,2023-01-28,14:30:00,Hoffenheim,M'gladbach,1,4,0.0,2.0,A,A,2.0,3.9,3.4,1.5,2.63
D1,2023-01-28,14:30:00,Mainz,Bochum,5,2,3.0,0.0,H,H,1.7,4.0,4.75,1.8,2.0
D1,2023-01-28,14:30:00,Werder Bremen,Wolfsburg,2,1,1.0,0.0,H,H,3.2,3.6,2.15,1.73,2.1
D1,2023-01-28,17:30:00,Bayern Munich,Ein Frankfurt,1,1,1.0,0.0,D,H,1.33,6.0,7.5,1.3,3.5
D1,2023-01-29,14:30:00,Schalke 04,FC Koln,0,0,0.0,0.0,D,D,3.8,3.6,1.95,1.8,2.0
D1,2023-01-29,16:30:00,Leverkusen,Dortmund,0,2,0.0,1.0,A,A,2.45,3.8,2.63,1.53,2.5
D1,2023-02-03,19:30:00,Augsburg,Leverkusen,1,0,0.0,0.0,H,D,4.0,3.8,1.85,1.67,2.2
D1,2023-02-04,14:30:00,Bochum,Hoffenheim,5,2,3.0,0.0,H,H,2.75,3.5,2.5,1.67,2.2
D1,2023-02-04,14:30:00,Dortmund,Freiburg,5,1,1.0,1.0,H,D,1.67,4.0,5.0,1.67,2.2
D1,2023-02-04,14:30:00,Ein Frankfurt,Hertha,3,0,2.0,0.0,H,H,1.45,4.5,6.5,1.62,2.3
D1,2023-02-04,14:30:00,FC Koln,RB Leipzig,0,0,0.0,0.0,D,D,4.2,3.6,1.91,1.73,2.1
D1,2023-02-04,14:30:00,Union Berlin,Mainz,2,1,1.0,0.0,H,H,1.95,3.5,4.0,2.2,1.67
D1,2023-02-04,17:30:00,M'gladbach,Schalke 04,0,0,0.0,0.0,D,D,1.53,4.5,5.75,1.57,2.38
D1,2023-02-05,14:30:00,Stuttgart,Werder Bremen,0,2,0.0,0.0,A,D,2.0,3.6,3.6,1.67,2.2
D1,2023-02-05,16:30:00,Wolfsburg,Bayern Munich,2,4,1.0,3.0,A,A,5.25,4.5,1.57,1.44,2.75
D1,2023-02-10,19:30:00,Schalke 04,Wolfsburg,0,0,0.0,0.0,D,D,3.6,3.8,1.95,1.87,2.03
D1,2023-02-11,14:30:00,Bayern Munich,Bochum,3,0,1.0,0.0,H,H,1.11,10.0,17.0,1.25,4.0
D1,2023-02-11,14:30:00,Freiburg,Stuttgart,2,1,0.0,1.0,H,A,1.8,3.8,4.33,1.96,1.94
D1,2023-02-11,14:30:00,Hoffenheim,Leverkusen,1,3,0.0,1.0,A,A,2.88,3.6,2.38,1.67,2.2
D1,2023-02-11,14:30:00,Mainz,Augsburg,3,1,2.0,1.0,H,H,1.8,4.0,4.2,1.8,2.0
D1,2023-02-11,14:30:00,Werder Bremen,Dortmund,0,2,0.0,0.0,A,D,4.0,4.0,1.8,1.5,2.63
D1,2023-02-11,17:30:00,RB Leipzig,Union Berlin,1,2,1.0,0.0,A,H,1.7,3.75,5.0,2.1,1.73
D1,2023-02-12,14:30:00,Hertha,M'gladbach,4,1,1.0,1.0,H,D,2.88,3.5,2.4,1.73,2.1
D1,2023-02-12,16:30:00,FC Koln,Ein Frankfurt,3,0,0.0,0.0,H,D,2.7,3.5,2.5,1.73,2.1
D1,2023-02-17,19:30:00,Augsburg,Hoffenheim,1,0,0.0,0.0,H,D,2.7,3.5,2.6,1.73,2.1
D1,2023-02-18,14:30:00,Bochum,Freiburg,0,2,0.0,1.0,A,A,3.1,3.5,2.25,1.93,1.97
D1,2023-02-18,14:30:00,M'gladbach,Bayern Munich,3,2,1.0,1.0,H,D,7.0,5.75,1.36,1.33,3.4
D1,2023-02-18,14:30:00,Stuttgart,FC Koln,3,0,1.0,0.0,H,H,2.45,3.4,2.88,1.94,1.96
D1,2023-02-18,14:30:00,Wolfsburg,RB Leipzig,0,3,0.0,1.0,A,A,3.3,3.6,2.15,1.8,2.0
D1,2023-02-18,17:30:00,Ein Frankfurt,Werder Bremen,2,0,1.0,0.0,H,H,1.62,4.2,5.25,1.57,2.38
D1,2023-02-19,14:30:00,Union Berlin,Schalke 04,0,0,0.0,0.0,D,D,1.6,3.8,6.0,2.0,1.8
D1,2023-02-19,16:30:00,Dortmund,Hertha,4,1,2.0,0.0,H,H,1.33,5.5,8.5,1.5,2.63
D1,2023-02-19,18:30:00,Leverkusen,Mainz,2,3,1.0,2.0,A,A,1.8,3.8,4.2,1.73,2.1
D1,2023-02-24,19:30:00,Mainz,M'gladbach,4,0,1.0,0.0,H,H,2.15,3.6,3.2,1.73,2.1
D1,2023-02-25,14:30:00,FC Koln,Wolfsburg,0,2,0.0,1.0,A,A,2.3,3.5,3.0,1.88,2.02
D1,2023-02-25,14:30:00,Hertha,Augsburg,2,0,0.0,0.0,H,D,2.1,3.6,3.25,1.73,2.1
D1,2023-02-25,14:30:00,Hoffenheim,Dortmund,0,1,0.0,1.0,A,A,4.0,4.2,1.75,1.53,2.5
D1,2023-02-25,14:30:00,RB Leipzig,Ein Frankfurt,2,1,2.0,0.0,H,H,1.7,4.0,4.6,1.67,2.2
D1,2023-02-25,14:30:00,Werder Bremen,Bochum,3,0,2.0,0.0,H,H,2.0,3.8,3.6,1.73,2.1
D1,2023-02-25,17:30:00,Schalke 04,Stuttgart,2,1,2.0,0.0,H,H,3.0,3.4,2.45,2.0,1.8
D1,2023-02-26,14:30:00,Freiburg,Leverkusen,1,1,1.0,0.0,D,H,2.15,3.5,3.25,1.84,2.06
D1,2023-02-26,16:30:00,Bayern Munich,Union Berlin,3,0,3.0,0.0,H,H,1.33,5.25,9.0,1.57,2.38
D1,2023-03-03,19:30:00,Dortmund,RB Leipzig,2,1,2.0,0.0,H,H,2.2,3.5,3.2,1.62,2.3
D1,2023-03-04,14:30:00,Augsburg,Werder Bremen,2,1,1.0,1.0,H,D,2.3,3.5,3.0,1.73,2.1
D1,2023-03-04,14:30:00,Bochum,Schalke 04,0,2,0.0,1.0,A,A,2.3,3.4,3.1,1.96,1.94
D1,2023-03-04,14:30:00,Mainz,Hoffenheim,1,0,1.0,0.0,H,H,1.91,3.6,4.0,1.73,2.1
D1,2023-03-04,14:30:00,M'gladbach,Freiburg,0,0,0.0,0.0,D,D,2.4,3.6,2.8,1.73,2.1
D1,2023-03-04,14:30:00,Union Berlin,FC Koln,0,0,0.0,0.0,D,D,1.91,3.4,4.33,2.3,1.62
D1,2023-03-04,17:30:00,Stuttgart,Bayern Munich,1,2,0.0,1.0,A,A,7.0,5.25,1.4,1.44,2.75
D1,2023-03-05,14:30:00,Leverkusen,Hertha,4,1,2.0,0.0,H,H,1.53,4.2,6.0,1.67,2.2
D1,2023-03-05,16:30:00,Wolfsburg,Ein Frankfurt,2,2,2.0,2.0,D,D,2.45,3.5,2.8,1.8,2.0
D1,2023-03-10,19:30:00,FC Koln,Bochum,0,2,0.0,1.0,A,A,1.73,3.75,4.75,1.92,2.01
D1,2023-03-11,14:30:00,Bayern Munich,Augsburg,5,3,4.0,1.0,H,H,1.13,9.0,19.0,1.22,4.33
D1,2023-03-11,14:30:00,Ein Frankfurt,Stuttgart,1,1,0.0,0.0,D,D,1.8,4.0,4.2,1.87,2.06
D1,2023-03-11,14:30:00,Hertha,Mainz,1,1,1.0,0.0,D,H,2.9,3.4,2.45,1.93,2.0
D1,2023-03-11,14:30:00,RB Leipzig,M'gladbach,3,0,0.0,0.0,H,D,1.4,5.0,7.0,1.5,2.63
D1,2023-03-11,17:30:00,Schalke 04,Dortmund,2,2,0.0,1.0,D,A,4.5,4.0,1.73,1.67,2.2
D1,2023-03-12,14:30:00,Freiburg,Hoffenheim,2,1,1.0,0.0,H,H,1.91,3.6,4.0,1.8,2.0
D1,2023-03-12,16:30:00,Werder Bremen,Leverkusen,2,3,1.0,1.0,A,D,3.3,3.75,2.1,1.62,2.3
D1,2023-03-12,18:30:00,Wolfsburg,Union Berlin,1,1,0.0,0.0,D,D,2.25,3.25,3.3,2.3,1.62
D1,2023-03-17,19:30:00,M'gladbach,Werder Bremen,2,2,0.0,0.0,D,D,1.8,4.0,4.2,1.57,2.38
D1,2023-03-18,14:30:00,Augsburg,Schalke 04,1,1,0.0,0.0,D,D,2.3,3.4,3.1,2.04,1.86
D1,2023-03-18,14:30:00,Bochum,RB Leipzig,1,0,0.0,0.0,H,D,5.5,4.33,1.55,1.73,2.1
D1,2023-03-18,14:30:00,Hoffenheim,Hertha,3,1,2.0,0.0,H,H,2.05,3.5,3.5,1.88,2.02
D1,2023-03-18,14:30:00,Stuttgart,Wolfsburg,0,1,0.0,0.0,A,D,2.38,3.4,2.9,1.99,1.91
D1,2023-03-18,17:30:00,Dortmund,FC Koln,6,1,4.0,1.0,H,H,1.45,4.75,6.5,1.62,2.3
D1,2023-03-19,14:30:00,Union Berlin,Ein Frankfurt,2,0,0.0,0.0,H,D,2.38,3.2,3.2,2.3,1.62
D1,2023-03-19,16:30:00,Leverkusen,Bayern Munich,2,1,0.0,1.0,H,A,5.25,4.5,1.55,1.4,3.0
D1,2023-03-19,18:30:00,Mainz,Freiburg,1,1,0.0,0.0,D,D,2.1,3.5,3.3,2.0,1.9
D1,2023-03-31,19:30:00,Ein Frankfurt,Bochum,1,1,1.0,1.0,D,D,1.5,4.33,6.5,1.73,2.1
D1,2023-04-01,14:30:00,Freiburg,Hertha,1,1,0.0,0.0,D,D,1.62,4.0,5.5,1.99,1.91
D1,2023-04-01,14:30:00,RB Leipzig,Mainz,0,3,0.0,1.0,A,A,1.53,4.5,5.5,1.67,2.2
D1,2023-04-01,14:30:00,Schalke 04,Leverkusen,0,3,0.0,0.0,A,D,3.8,3.75,1.91,1.9,2.0
D1,2023-04-01,14:30:00,Union Berlin,Stuttgart,3,0,0.0,0.0,H,D,2.05,3.2,3.9,2.38,1.57
D1,2023-04-01,14:30:00,Wolfsburg,Augsburg,2,2,0.0,2.0,D,A,1.62,4.0,5.5,1.73,2.1
D1,2023-04-01,17:30:00,Bayern Munich,Dortmund,4,2,3.0,0.0,H,H,1.45,5.0,6.0,1.33,3.4
D1,2023-04-02,14:30:00,FC Koln,M'gladbach,0,0,0.0,0.0,D,D,2.25,3.6,3.0,1.73,2.1
D1,2023-04-02,16:30:00,Werder Bremen,Hoffenheim,1,2,0.0,0.0,A,D,2.3,3.5,3.0,1.73,2.1
D1,2023-04-08,14:30:00,Augsburg,FC Koln,1,3,1.0,2.0,A,A,2.8,3.4,2.55,1.88,2.02
D1,2023-04-08,14:30:00,Dortmund,Union Berlin,2,1,1.0,0.0,H,H,1.6,4.0,5.75,1.87,2.03
D1,2023-04-08,14:30:00,Freiburg,Bayern Munich,0,1,0.0,0.0,A,D,6.5,5.0,1.45,1.53,2.5
D1,2023-04-08,14:30:00,Leverkusen,Ein Frankfurt,3,1,2.0,0.0,H,H,1.8,4.0,4.0,1.67,2.2
D1,2023-04-08,14:30:00,Mainz,Werder Bremen,2,2,0.0,0.0,D,D,1.7,4.0,4.75,1.73,2.1
D1,2023-04-08,17:30:00,Hertha,RB Leipzig,0,1,0.0,1.0,A,A,5.5,4.0,1.62,1.8,2.0
D1,2023-04-09,14:30:00,M'gladbach,Wolfsburg,2,0,1.0,0.0,H,H,2.38,3.6,2.88,1.73,2.1
D1,2023-04-09,16:30:00,Bochum,Stuttgart,2,3,0.0,1.0,A,A,3.1,3.5,2.25,1.99,1.91
D1,2023-04-09,18:30:00,Hoffenheim,Schalke 04,2,0,1.0,0.0,H,H,1.91,3.8,3.8,1.73,2.1
D1,2023-04-14,19:30:00,Schalke 04,Hertha,5,2,2.0,1.0,H,H,2.25,3.3,3.2,2.1,1.73
D1,2023-04-15,14:30:00,Bayern Munich,Hoffenheim,1,1,1.0,0.0,D,H,1.22,7.5,11.0,1.25,4.0
D1,2023-04-15,14:30:00,FC Koln,Mainz,1,1,0.0,1.0,D,A,2.55,3.4,2.7,2.05,1.85
D1,2023-04-15,14:30:00,RB Leipzig,Augsburg,3,2,3.0,1.0,H,H,1.25,6.5,10.0,1.44,2.75
D1,2023-04-15,14:30:00,Stuttgart,Dortmund,3,3,0.0,2.0,D,A,3.5,3.8,1.95,1.67,2.2
D1,2023-04-15,17:30:00,Ein Frankfurt,M'gladbach,1,1,0.0,1.0,D,A,1.73,4.2,4.33,1.62,2.3
D1,2023-04-16,14:30:00,Werder Bremen,Freiburg,1,2,0.0,0.0,A,D,2.7,3.5,2.55,1.89,2.01
D1,2023-04-16,16:30:00,Union Berlin,Bochum,1,1,1.0,0.0,D,H,1.6,3.8,6.0,2.1,1.73
D1,2023-04-16,18:30:00,Wolfsburg,Leverkusen,0,0,0.0,0.0,D,D,2.75,3.6,2.4,1.73,2.1
D1,2023-04-21,19:30:00,Augsburg,Stuttgart,1,1,1.0,0.0,D,H,3.2,3.6,2.15,1.73,2.1
D1,2023-04-22,14:30:00,Bochum,Wolfsburg,1,5,0.0,3.0,A,A,3.0,3.5,2.3,1.91,1.99
D1,2023-04-22,14:30:00,Hertha,Werder Bremen,2,4,0.0,2.0,A,A,2.25,3.5,3.1,1.98,1.92
D1,2023-04-22,14:30:00,Hoffenheim,FC Koln,1,3,0.0,2.0,A,A,2.2,3.5,3.2,1.8,2.0
D1,2023-04-22,14:30:00,Mainz,Bayern Munich,3,1,0.0,1.0,H,A,5.25,4.5,1.57,1.5,2.63
D1,2023-04-22,17:30:00,Dortmund,Ein Frankfurt,4,0,3.0,0.0,H,H,1.62,4.5,4.75,1.5,2.63
D1,2023-04-23,14:30:00,Freiburg,Schalke 04,4,0,2.0,0.0,H,H,1.8,3.75,4.5,2.06,1.84
D1,2023-04-23,16:30:00,Leverkusen,RB Leipzig,2,0,1.0,0.0,H,H,2.5,3.6,2.63,1.73,2.1
D1,2023-04-23,18:30:00,M'gladbach,Union Berlin,0,1,0.0,0.0,A,D,2.38,3.3,3.1,2.1,1.73
D1,2023-04-28,19:30:00,Bochum,Dortmund,1,1,1.0,1.0,D,D,6.0,5.25,1.44,1.4,3.0
D1,2023-04-29,14:30:00,Ein Frankfurt,Augsburg,1,1,1.0,0.0,D,H,1.53,4.5,5.5,1.62,2.3
D1,2023-04-29,14:30:00,FC Koln,Freiburg,0,1,0.0,0.0,A,D,2.4,3.25,3.0,2.1,1.73
D1,2023-04-29,14:30:00,RB Leipzig,Hoffenheim,1,0,1.0,0.0,H,H,1.44,5.0,6.5,1.57,2.38
D1,2023-04-29,14:30:00,Stuttgart,M'gladbach,2,1,1.0,0.0,H,H,1.8,4.0,4.2,1.73,2.1
D1,2023-04-29,14:30:00,Union Berlin,Leverkusen,0,0,0.0,0.0,D,D,2.8,3.4,2.45,2.0,1.8
D1,2023-04-29,17:30:00,Schalke 04,Werder Bremen,2,1,0.0,1.0,H,A,2.25,3.5,3.1,1.88,2.02
D1,2023-04-30,14:30:00,Bayern Munich,Hertha,2,0,0.0,0.0,H,D,1.11,10.0,19.0,1.29,3.75
D1,2023-04-30,16:30:00,Wolfsburg,Mainz,3,0,3.0,0.0,H,H,2.2,3.5,3.1,1.86,2.04
D1,2023-05-05,19:30:00,Leverkusen,FC Koln,1,2,1.0,2.0,A,A,1.67,4.0,5.0,1.73,2.1
D1,2023-05-05,19:30:00,Mainz,Schalke 04,2,3,0.0,1.0,A,A,1.62,4.0,5.25,1.73,2.1
D1,2023-05-06,14:30:00,Augsburg,Union Berlin,1,0,0.0,0.0,H,D,3.4,3.25,2.2,2.2,1.67
D1,2023-05-06,14:30:00,Freiburg,RB Leipzig,0,1,0.0,0.0,A,D,4.0,3.75,1.85,1.93,1.97
D1,2023-05-06,14:30:00,Hertha,Stuttgart,2,1,2.0,1.0,H,H,3.1,3.5,2.25,1.89,2.01
D1,2023-05-06,14:30:00,Hoffenheim,Ein Frankfurt,3,1,3.0,0.0,H,H,2.3,3.6,2.9,1.67,2.2
D1,2023-05-06,14:30:00,M'gladbach,Bochum,2,0,1.0,0.0,H,H,1.85,3.8,4.0,1.62,2.3
D1,2023-05-06,17:30:00,Werder Bremen,Bayern Munich,1,2,0.0,0.0,A,D,8.5,6.0,1.3,1.33,3.4
D1,2023-05-07,16:30:00,Dortmund,Wolfsburg,6,0,3.0,0.0,H,H,1.44,5.25,5.75,1.4,3.0
D1,2023-05-12,19:30:00,FC Koln,Hertha,5,2,3.0,2.0,H,H,1.85,3.75,4.0,1.84,2.06
D1,2023-05-13,14:30:00,Bayern Munich,Schalke 04,6,0,2.0,0.0,H,H,1.13,10.0,17.0,1.22,4.33
D1,2023-05-13,14:30:00,Bochum,Augsburg,3,2,1.0,1.0,H,D,2.1,3.6,3.3,1.86,2.04
D1,2023-05-13,14:30:00,Ein Frankfurt,Mainz,3,0,2.0,0.0,H,H,2.1,3.6,3.3,1.73,2.1
D1,2023-05-13,14:30:00,Union Berlin,Freiburg,4,2,3.0,0.0,H,H,2.2,3.2,3.5,2.38,1.57
D1,2023-05-13,14:30:00,Wolfsburg,Hoffenheim,2,1,1.0,0.0,H,H,1.91,3.75,3.8,1.57,2.38
D1,2023-05-13,17:30:00,Dortmund,M'gladbach,5,2,4.0,0.0,H,H,1.25,6.5,10.0,1.25,4.0
D1,2023-05-14,14:30:00,Stuttgart,Leverkusen,1,1,0.0,0.0,D,D,2.5,3.4,2.75,1.73,2.1
D1,2023-05-14,16:30:00,RB Leipzig,Werder Bremen,2,1,0.0,0.0,H,D,1.25,6.5,10.0,1.4,3.0
D1,2023-05-19,19:30:00,Freiburg,Wolfsburg,2,0,0.0,0.0,H,D,2.0,3.8,3.4,1.67,2.2
D1,2023-05-20,14:30:00,Hertha,Bochum,1,1,0.0,0.0,D,D,2.2,3.6,3.1,1.67,2.2
D1,2023-05-20,14:30:00,Hoffenheim,Union Berlin,4,2,2.0,1.0,H,H,2.5,3.4,2.8,2.0,1.9
D1,2023-05-20,14:30:00,Schalke 04,Ein Frankfurt,2,2,1.0,1.0,D,D,3.0,3.6,2.25,1.67,2.2
D1,2023-05-20,14:30:00,Werder Bremen,FC Koln,1,1,0.0,1.0,D,A,2.6,3.6,2.55,1.67,2.2
D1,2023-05-20,17:30:00,Bayern Munich,RB Leipzig,1,3,1.0,0.0,A,H,1.5,5.0,5.5,1.36,3.2
D1,2023-05-21,14:30:00,Mainz,Stuttgart,1,4,1.0,1.0,A,D,2.5,3.5,2.7,1.73,2.1
D1,2023-05-21,16:30:00,Augsburg,Dortmund,0,3,0.0,0.0,A,D,7.0,5.5,1.36,1.36,3.2
D1,2023-05-21,18:30:00,Leverkusen,M'gladbach,2,2,2.0,0.0,D,H,1.45,5.25,5.75,1.44,2.75
D1,2023-05-27,14:30:00,Bochum,Leverkusen,3,0,2.0,0.0,H,H,3.25,4.0,2.0,1.44,2.75
D1,2023-05-27,14:30:00,Dortmund,Mainz,2,2,0.0,2.0,D,A,1.14,8.5,15.0,1.22,4.33
D1,2023-05-27,14:30:00,Ein Frankfurt,Freiburg,2,1,0.0,1.0,H,A,2.4,3.75,2.7,1.53,2.5
D1,2023-05-27,14:30:00,FC Koln,Bayern Munich,1,2,0.0,1.0,A,A,7.5,6.0,1.3,1.29,3.75
D1,2023-05-27,14:30:00,M'gladbach,Augsburg,2,0,2.0,0.0,H,H,2.2,3.8,3.0,1.5,2.63
D1,2023-05-27,14:30:00,RB Leipzig,Schalke 04,4,2,2.0,1.0,H,H,1.6,4.5,4.75,1.36,3.2
D1,2023-05-27,14:30:00,Stuttgart,Hoffenheim,1,1,0.0,0.0,D,D,1.57,4.75,5.0,1.44,2.75
D1,2023-05-27,14:30:00,Union Berlin,Werder Bremen,1,0,0.0,0.0,H,D,1.44,4.75,7.0,1.67,2.2
D1,2023-05-27,14:30:00,Wolfsburg,Hertha,1,2,1.0,0.0,A,H,1.36,5.25,8.0,1.4,3.0
SP1,2022-08-12,20:00:00,Osasuna,Sevilla,2,1,1.0,1.0,H,D,3.2,3.1,2.4,2.62,1.5
SP1,2022-08-13,16:00:00,Celta,Espanol,2,2,1.0,0.0,D,H,1.8,3.75,4.75,2.0,1.8
SP1,2022-08-13,18:00:00,Valladolid,Villarreal,0,3,0.0,0.0,A,D,3.9,3.6,1.9,1.99,1.91
SP1,2022-08-13,20:00:00,Barcelona,Vallecano,0,0,0.0,0.0,D,D,1.22,7.0,12.0,1.53,2.5
SP1,2022-08-14,16:30:00,Cadiz,Sociedad,0,1,0.0,1.0,A,A,3.6,3.2,2.2,2.37,1.57
SP1,2022-08-14,18:30:00,Valencia,Girona,1,0,1.0,0.0,H,H,1.85,3.4,4.5,2.1,1.72
SP1,2022-08-14,21:00:00,Almeria,Real Madrid,1,2,1.0,0.0,A,H,7.5,5.0,1.4,1.57,2.37
SP1,2022-08-15,16:30:00,Ath Bilbao,Mallorca,0,0,0.0,0.0,D,D,1.6,3.75,6.5,2.1,1.72
SP1,2022-08-15,18:30:00,Getafe,Ath Madrid,0,3,0.0,1.0,A,A,5.0,3.1,1.9,2.75,1.44
SP1,2022-08-15,20:30:00,Betis,Elche,3,0,2.0,0.0,H,H,1.44,4.5,7.0,1.8,2.0
SP1,2022-08-19,19:00:00,Espanol,Vallecano,0,2,0.0,1.0,A,A,2.45,3.1,3.1,2.5,1.53
SP1,2022-08-19,21:00:00,Sevilla,Valladolid,1,1,0.0,0.0,D,D,1.5,4.2,6.5,1.98,1.92
SP1,2022-08-20,16:30:00,Osasuna,Cadiz,2,0,1.0,0.0,H,H,1.9,3.25,4.5,2.37,1.57
SP1,2022-08-20,18:30:00,Mallorca,Betis,1,2,0.0,1.0,A,A,3.1,3.2,2.4,2.2,1.66
SP1,2022-08-20,21:00:00,Celta,Real Madrid,1,4,1.0,2.0,A,A,4.5,4.2,1.66,1.66,2.2
SP1,2022-08-21,16:30:00,Ath Bilbao,Valencia,1,0,1.0,0.0,H,H,1.8,3.75,4.5,2.1,1.72
SP1,2022-08-21,18:30:00,Ath Madrid,Villarreal,0,2,0.0,0.0,A,D,1.85,3.5,4.33,2.05,1.85
SP1,2022-08-21,21:00:00,Sociedad,Barcelona,1,4,1.0,1.0,A,D,3.3,3.6,2.1,1.8,2.0
SP1,2022-08-22,19:00:00,Elche,Almeria,1,1,1.0,1.0,D,D,2.5,3.2,3.0,2.2,1.66
SP1,2022-08-22,21:00:00,Girona,Getafe,3,1,1.0,0.0,H,H,2.8,2.9,2.9,3.0,1.4
SP1,2022-08-26,19:00:00,Girona,Celta,0,1,0.0,0.0,A,D,2.8,3.1,2.75,2.2,1.66
SP1,2022-08-26,21:00:00,Betis,Osasuna,1,0,1.0,0.0,H,H,1.8,3.6,4.75,1.96,1.94
SP1,2022-08-27,16:30:00,Elche,Sociedad,0,1,0.0,1.0,A,A,3.6,3.2,2.15,2.3,1.61
SP1,2022-08-27,18:30:00,Vallecano,Mallorca,0,2,0.0,1.0,A,A,2.05,3.25,4.0,2.37,1.57
SP1,2022-08-27,21:00:00,Almeria,Sevilla,2,1,1.0,1.0,H,D,3.6,3.25,2.15,2.2,1.66
SP1,2022-08-28,16:30:00,Getafe,Villarreal,0,0,0.0,0.0,D,D,4.33,3.4,1.85,2.37,1.57
SP1,2022-08-28,18:30:00,Barcelona,Valladolid,4,0,2.0,0.0,H,H,1.14,8.5,15.0,1.36,3.2
SP1,2022-08-28,21:00:00,Espanol,Real Madrid,1,3,1.0,1.0,A,D,6.5,4.75,1.45,1.61,2.3
SP1,2022-08-29,19:00:00,Cadiz,Ath Bilbao,0,4,0.0,1.0,A,A,3.6,3.2,2.15,2.5,1.53
SP1,2022-08-29,21:00:00,Valencia,Ath Madrid,0,1,0.0,0.0,A,D,4.0,3.3,2.0,2.2,1.66
SP1,2022-09-02,20:00:00,Celta,Cadiz,3,0,0.0,0.0,H,D,1.66,3.6,5.5,2.3,1.61
SP1,2022-09-03,13:00:00,Mallorca,Girona,1,1,0.0,0.0,D,D,2.15,3.2,3.6,2.37,1.57
SP1,2022-09-03,15:15:00,Real Madrid,Betis,2,1,1.0,1.0,H,D,1.4,5.25,6.5,1.44,2.75
SP1,2022-09-03,17:30:00,Sociedad,Ath Madrid,1,1,0.0,1.0,D,A,2.9,3.2,2.55,2.3,1.61
SP1,2022-09-03,20:00:00,Sevilla,Barcelona,0,3,0.0,2.0,A,A,4.5,3.6,1.8,1.8,2.0
SP1,2022-09-04,13:00:00,Osasuna,Vallecano,2,1,0.0,0.0,H,D,2.0,3.1,4.33,2.3,1.61
SP1,2022-09-04,15:15:00,Ath Bilbao,Espanol,0,1,0.0,0.0,A,D,1.53,4.0,6.5,2.06,1.84
SP1,2022-09-04,17:30:00,Villarreal,Elche,4,0,2.0,0.0,H,H,1.33,5.0,10.0,1.72,2.1
SP1,2022-09-04,20:00:00,Valencia,Getafe,5,1,3.0,0.0,H,H,1.9,3.2,4.5,2.62,1.5
SP1,2022-09-05,20:00:00,Valladolid,Almeria,1,0,0.0,0.0,H,D,2.3,3.3,3.1,2.1,1.72
SP1,2022-09-09,20:00:00,Girona,Valladolid,2,1,1.0,1.0,H,D,2.25,3.25,3.4,2.2,1.66
SP1,2022-09-10,13:00:00,Vallecano,Valencia,2,1,1.0,0.0,H,H,2.62,3.1,2.87,2.1,1.72
SP1,2022-09-10,15:15:00,Espanol,Sevilla,2,3,1.0,3.0,A,A,2.87,3.25,2.5,2.2,1.66
SP1,2022-09-10,17:30:00,Cadiz,Barcelona,0,4,0.0,0.0,A,D,13.0,6.5,1.22,1.61,2.3
SP1,2022-09-10,20:00:00,Ath Madrid,Celta,4,1,1.0,0.0,H,H,1.61,3.8,6.0,2.0,1.8
SP1,2022-09-11,13:00:00,Real Madrid,Mallorca,4,1,1.0,1.0,H,D,1.25,6.0,11.0,1.5,2.62
SP1,2022-09-11,15:15:00,Elche,Ath Bilbao,1,4,0.0,4.0,A,A,4.0,3.6,1.9,2.2,1.66
SP1,2022-09-11,17:30:00,Getafe,Sociedad,2,1,1.0,0.0,H,H,3.75,3.0,2.15,2.62,1.5
SP1,2022-09-11,20:00:00,Betis,Villarreal,1,0,0.0,0.0,H,D,2.8,3.4,2.5,1.91,1.99
SP1,2022-09-12,20:00:00,Almeria,Osasuna,0,1,0.0,1.0,A,A,2.6,3.25,2.75,2.2,1.66
SP1,2022-09-16,20:00:00,Valladolid,Cadiz,0,1,0.0,0.0,A,D,2.0,3.25,4.0,2.37,1.57
SP1,2022-09-17,13:00:00,Mallorca,Almeria,1,0,1.0,0.0,H,H,2.0,3.3,4.0,2.2,1.66
SP1,2022-09-17,15:15:00,Barcelona,Elche,3,0,2.0,0.0,H,H,1.08,11.0,26.0,1.28,3.75
SP1,2022-09-17,17:30:00,Valencia,Celta,3,0,1.0,0.0,H,H,2.3,3.2,3.3,2.2,1.66
SP1,2022-09-17,20:00:00,Ath Bilbao,Vallecano,3,2,3.0,1.0,H,H,1.53,4.0,6.5,2.04,1.86
SP1,2022-09-18,13:00:00,Osasuna,Getafe,0,2,0.0,1.0,A,A,1.8,3.4,5.0,2.62,1.5
SP1,2022-09-18,15:15:00,Villarreal,Sevilla,1,1,0.0,1.0,D,A,1.7,3.8,5.0,1.93,1.97
SP1,2022-09-18,17:30:00,Betis,Girona,2,1,1.0,1.0,H,D,1.75,3.6,5.0,2.1,1.72
SP1,2022-09-18,17:30:00,Sociedad,Espanol,2,1,2.0,1.0,H,H,1.7,3.6,5.0,2.03,1.87
SP1,2022-09-18,20:00:00,Ath Madrid,Real Madrid,1,2,0.0,2.0,A,A,3.1,3.4,2.3,1.94,1.96
SP1,2022-09-30,20:00:00,Ath Bilbao,Almeria,4,0,2.0,0.0,H,H,1.33,5.0,9.5,1.72,2.1
SP1,2022-10-01,13:00:00,Cadiz,Villarreal,0,0,0.0,0.0,D,D,6.0,4.0,1.57,2.05,1.85
SP1,2022-10-01,15:15:00,Getafe,Valladolid,2,3,2.0,2.0,A,D,2.3,3.0,3.5,2.37,1.57
SP1,2022-10-01,17:30:00,Sevilla,Ath Madrid,0,2,0.0,1.0,A,A,3.0,3.2,2.5,2.3,1.61
SP1,2022-10-01,20:00:00,Mallorca,Barcelona,0,1,0.0,1.0,A,A,9.0,5.0,1.36,1.61,2.3
SP1,2022-10-02,13:00:00,Espanol,Valencia,2,2,0.0,0.0,D,D,2.62,3.3,2.7,2.04,1.86
SP1,2022-10-02,15:15:00,Celta,Betis,1,0,1.0,0.0,H,H,2.45,3.4,2.87,2.06,1.84
SP1,2022-10-02,17:30:00,Girona,Sociedad,3,5,2.0,2.0,A,D,3.25,3.2,2.3,2.2,1.66
SP1,2022-10-02,20:00:00,Real Madrid,Osasuna,1,1,1.0,0.0,D,H,1.3,5.5,9.5,1.61,2.3
SP1,2022-10-03,20:00:00,Vallecano,Elche,2,1,1.0,1.0,H,D,1.72,3.6,5.25,2.1,1.72
SP1,2022-10-07,20:00:00,Osasuna,Valencia,1,2,0.0,1.0,A,A,2.4,3.2,3.1,2.2,1.66
SP1,2022-10-08,13:00:00,Almeria,Vallecano,3,1,3.0,0.0,H,H,2.9,3.3,2.55,2.2,1.66
SP1,2022-10-08,15:15:00,Ath Madrid,Girona,2,1,1.0,0.0,H,H,1.45,4.33,7.5,1.96,1.94
SP1,2022-10-08,17:30:00,Sevilla,Ath Bilbao,1,1,1.0,0.0,D,H,3.0,3.3,2.4,2.1,1.72
SP1,2022-10-08,20:00:00,Getafe,Real Madrid,0,1,0.0,1.0,A,A,6.5,4.5,1.5,1.8,2.0
SP1,2022-10-09,13:00:00,Valladolid,Betis,0,0,0.0,0.0,D,D,2.8,3.4,2.4,2.01,1.89
SP1,2022-10-09,15:15:00,Cadiz,Espanol,2,2,1.0,0.0,D,H,2.87,3.2,2.55,2.37,1.57
SP1,2022-10-09,17:30:00,Sociedad,Villarreal,1,0,1.0,0.0,H,H,2.5,3.4,2.75,2.06,1.84
SP1,2022-10-09,20:00:00,Barcelona,Celta,1,0,1.0,0.0,H,H,1.28,6.0,9.0,1.57,2.37
SP1,2022-10-10,20:00:00,Elche,Mallorca,1,1,1.0,0.0,D,H,3.0,3.1,2.5,2.62,1.5
SP1,2022-10-14,20:00:00,Vallecano,Getafe,0,0,0.0,0.0,D,D,2.05,3.2,3.8,2.62,1.5
SP1,2022-10-15,13:00:00,Girona,Cadiz,1,1,0.0,0.0,D,D,1.9,3.3,4.5,2.5,1.53
SP1,2022-10-15,15:15:00,Valencia,Elche,2,2,2.0,1.0,D,H,1.4,4.75,7.5,1.72,2.1
SP1,2022-10-15,17:30:00,Mallorca,Sevilla,0,1,0.0,0.0,A,D,2.9,3.0,2.7,2.3,1.61
SP1,2022-10-15,20:00:00,Ath Bilbao,Ath Madrid,0,1,0.0,0.0,A,D,2.45,3.2,3.0,2.1,1.72
SP1,2022-10-16,13:00:00,Celta,Sociedad,1,2,1.0,1.0,A,D,2.6,3.2,2.8,2.2,1.66
SP1,2022-10-16,15:15:00,Real Madrid,Barcelona,3,1,2.0,0.0,H,H,2.2,3.6,3.1,1.57,2.37
SP1,2022-10-16,17:30:00,Espanol,Valladolid,1,0,0.0,0.0,H,D,2.2,3.3,3.5,2.0,1.8
SP1,2022-10-16,20:00:00,Betis,Almeria,3,1,1.0,0.0,H,H,1.57,4.1,5.75,1.86,2.04
SP1,2022-10-17,20:00:00,Villarreal,Osasuna,2,0,1.0,0.0,H,H,1.57,4.2,6.0,1.89,2.01
SP1,2022-10-18,18:00:00,Sevilla,Valencia,1,1,0.0,1.0,D,A,2.25,3.4,3.2,2.03,1.87
SP1,2022-10-18,19:00:00,Getafe,Ath Bilbao,2,2,1.0,1.0,D,D,4.75,3.3,1.83,2.3,1.61
SP1,2022-10-18,20:00:00,Ath Madrid,Vallecano,1,1,1.0,0.0,D,H,1.55,3.75,7.0,2.1,1.72
SP1,2022-10-19,18:00:00,Cadiz,Betis,0,0,0.0,0.0,D,D,4.0,3.3,2.0,2.3,1.61
SP1,2022-10-19,18:00:00,Valladolid,Celta,4,1,1.0,1.0,H,D,2.9,3.3,2.45,2.1,1.72
SP1,2022-10-19,19:00:00,Sociedad,Mallorca,1,0,1.0,0.0,H,H,1.55,4.0,6.5,2.1,1.72
SP1,2022-10-19,20:00:00,Elche,Real Madrid,0,3,0.0,1.0,A,A,8.5,5.75,1.3,1.5,2.62
SP1,2022-10-20,18:00:00,Almeria,Girona,3,2,3.0,0.0,H,H,2.6,3.25,2.8,2.1,1.72
SP1,2022-10-20,19:00:00,Osasuna,Espanol,1,0,0.0,0.0,H,D,2.05,3.6,3.5,2.1,1.72
SP1,2022-10-20,20:00:00,Barcelona,Villarreal,3,0,3.0,0.0,H,H,1.5,4.5,6.0,1.53,2.5
SP1,2022-10-22,13:00:00,Vallecano,Cadiz,5,1,2.0,0.0,H,H,1.72,3.5,5.25,2.2,1.66
SP1,2022-10-22,15:15:00,Valladolid,Sociedad,1,0,1.0,0.0,H,H,3.6,3.4,2.05,2.1,1.72
SP1,2022-10-22,17:30:00,Valencia,Mallorca,1,2,0.0,0.0,A,D,1.75,3.5,5.0,2.2,1.66
SP1,2022-10-22,20:00:00,Real Madrid,Sevilla,3,1,1.0,0.0,H,H,1.36,4.75,8.5,1.57,2.37
SP1,2022-10-23,13:00:00,Espanol,Elche,2,2,1.0,1.0,D,D,1.66,3.75,5.25,2.0,1.9
SP1,2022-10-23,15:15:00,Betis,Ath Madrid,1,2,0.0,0.0,A,D,3.2,3.3,2.3,2.2,1.66
SP1,2022-10-23,17:30:00,Girona,Osasuna,1,1,1.0,1.0,D,D,2.55,3.2,2.9,2.2,1.66
SP1,2022-10-23,17:30:00,Villarreal,Almeria,2,1,0.0,1.0,H,A,1.36,4.75,9.0,1.72,2.1
SP1,2022-10-23,20:00:00,Barcelona,Ath Bilbao,4,0,3.0,0.0,H,H,1.55,4.5,5.5,1.61,2.3
SP1,2022-10-24,20:00:00,Celta,Getafe,1,1,0.0,1.0,D,A,1.75,3.5,5.0,2.3,1.61
SP1,2022-10-28,20:00:00,Mallorca,Espanol,1,1,0.0,0.0,D,D,2.25,3.1,3.4,2.62,1.5
SP1,2022-10-29,13:00:00,Almeria,Celta,3,1,0.0,1.0,H,A,3.3,3.3,2.25,2.1,1.72
SP1,2022-10-29,15:15:00,Cadiz,Ath Madrid,3,2,1.0,0.0,H,H,7.0,3.6,1.6,2.3,1.61
SP1,2022-10-29,17:30:00,Sevilla,Vallecano,0,1,0.0,0.0,A,D,2.0,3.3,4.0,2.1,1.72
SP1,2022-10-29,20:00:00,Valencia,Barcelona,0,1,0.0,0.0,A,D,5.0,4.33,1.57,1.57,2.37
SP1,2022-10-30,13:00:00,Osasuna,Valladolid,2,0,2.0,0.0,H,H,1.9,3.4,4.33,2.2,1.66
SP1,2022-10-30,15:15:00,Real Madrid,Girona,1,1,0.0,0.0,D,D,1.2,6.5,13.0,1.44,2.75
SP1,2022-10-30,17:30:00,Ath Bilbao,Villarreal,1,0,0.0,0.0,H,D,2.2,3.3,3.4,2.0,1.9
SP1,2022-10-30,20:00:00,Sociedad,Betis,0,2,0.0,0.0,A,D,2.0,3.5,3.8,2.06,1.84
SP1,2022-10-31,20:00:00,Elche,Getafe,0,1,0.0,0.0,A,D,2.7,3.0,2.87,2.62,1.5
SP1,2022-11-04,20:00:00,Girona,Ath Bilbao,2,1,0.0,0.0,H,D,3.75,3.5,2.0,2.0,1.9
SP1,2022-11-05,13:00:00,Getafe,Cadiz,0,0,0.0,0.0,D,D,2.2,3.1,3.75,2.75,1.44
SP1,2022-11-05,15:15:00,Valladolid,Elche,2,1,1.0,0.0,H,H,1.83,3.6,4.33,1.96,1.94
SP1,2022-11-05,17:30:00,Celta,Osasuna,1,2,1.0,2.0,A,A,2.1,3.3,3.75,2.2,1.66
SP1,2022-11-05,20:00:00,Barcelona,Almeria,2,0,0.0,0.0,H,D,1.08,10.0,26.0,1.28,3.75
SP1,2022-11-06,13:00:00,Ath Madrid,Espanol,1,1,0.0,0.0,D,D,1.44,4.5,8.0,2.0,1.8
SP1,2022-11-06,15:15:00,Sociedad,Valencia,1,1,1.0,1.0,D,D,1.95,3.4,4.0,2.1,1.72
SP1,2022-11-06,17:30:00,Villarreal,Mallorca,0,2,0.0,1.0,A,A,1.57,4.0,5.75,2.1,1.72
SP1,2022-11-06,20:00:00,Betis,Sevilla,1,1,1.0,0.0,D,H,2.2,3.2,3.6,2.1,1.72
SP1,2022-11-07,20:00:00,Vallecano,Real Madrid,3,2,2.0,2.0,H,D,4.75,4.2,1.65,1.72,2.1
SP1,2022-11-08,18:00:00,Elche,Girona,1,2,1.0,1.0,A,D,3.25,3.3,2.2,2.1,1.72
SP1,2022-11-08,19:00:00,Ath Bilbao,Valladolid,3,0,1.0,0.0,H,H,1.4,4.5,7.5,1.72,2.1
SP1,2022-11-08,20:30:00,Osasuna,Barcelona,1,2,1.0,0.0,A,H,5.75,4.2,1.53,1.72,2.1
SP1,2022-11-09,18:00:00,Almeria,Getafe,1,0,1.0,0.0,H,H,2.15,3.3,3.5,2.37,1.57
SP1,2022-11-09,18:00:00,Sevilla,Sociedad,1,2,1.0,2.0,A,A,2.6,3.2,2.8,2.3,1.61
SP1,2022-11-09,19:00:00,Espanol,Villarreal,0,1,0.0,0.0,A,D,3.2,3.2,2.37,2.1,1.72
SP1,2022-11-09,20:30:00,Mallorca,Ath Madrid,1,0,1.0,0.0,H,H,3.8,3.1,2.1,2.5,1.53
SP1,2022-11-10,18:00:00,Vallecano,Celta,0,0,0.0,0.0,D,D,2.2,3.2,3.5,2.2,1.66
SP1,2022-11-10,19:00:00,Valencia,Betis,3,0,0.0,0.0,H,D,2.1,3.4,3.6,2.1,1.72
SP1,2022-11-10,20:30:00,Real Madrid,Cadiz,2,1,1.0,0.0,H,H,1.14,8.5,15.0,1.44,2.75
SP1,2022-12-29,16:00:00,Girona,Vallecano,2,2,1.0,1.0,D,D,2.3,3.2,3.3,2.0,1.8
SP1,2022-12-29,18:15:00,Betis,Ath Bilbao,0,0,0.0,0.0,D,D,2.88,3.3,2.5,1.99,1.91
SP1,2022-12-29,20:30:00,Ath Madrid,Elche,2,0,0.0,0.0,H,D,1.29,5.5,10.0,1.67,2.2
SP1,2022-12-30,16:00:00,Getafe,Mallorca,2,0,0.0,0.0,H,D,2.75,2.75,3.1,3.4,1.33
SP1,2022-12-30,18:15:00,Cadiz,Almeria,1,1,0.0,1.0,D,A,2.38,3.1,3.25,2.2,1.67
SP1,2022-12-30,18:15:00,Celta,Sevilla,1,1,1.0,0.0,D,H,2.2,3.3,3.4,2.2,1.67
SP1,2022-12-30,20:30:00,Valladolid,Real Madrid,0,2,0.0,0.0,A,D,6.5,4.75,1.45,1.57,2.38
SP1,2022-12-31,13:00:00,Barcelona,Espanol,1,1,1.0,0.0,D,H,1.25,6.5,10.0,1.44,2.75
SP1,2022-12-31,15:15:00,Sociedad,Osasuna,2,0,1.0,0.0,H,H,1.85,3.3,4.75,2.3,1.62
SP1,2022-12-31,15:15:00,Villarreal,Valencia,2,1,1.0,1.0,H,D,1.95,3.4,4.2,1.92,1.98
SP1,2023-01-06,17:30:00,Elche,Celta,0,1,0.0,1.0,A,A,4.0,3.25,1.95,2.38,1.57
SP1,2023-01-06,20:00:00,Valencia,Cadiz,0,1,0.0,1.0,A,A,1.57,4.0,5.75,1.93,1.97
SP1,2023-01-07,15:15:00,Villarreal,Real Madrid,2,1,0.0,0.0,H,D,3.25,3.8,2.05,1.62,2.3
SP1,2023-01-07,17:30:00,Mallorca,Valladolid,1,0,0.0,0.0,H,D,1.95,3.3,4.2,2.38,1.57
SP1,2023-01-07,20:00:00,Espanol,Girona,2,2,0.0,1.0,D,A,2.25,3.4,3.2,2.04,1.86
SP1,2023-01-08,13:00:00,Almeria,Sociedad,0,2,0.0,0.0,A,D,4.2,3.3,1.95,2.1,1.73
SP1,2023-01-08,15:15:00,Vallecano,Betis,1,2,1.0,2.0,A,A,2.3,3.3,3.2,2.2,1.67
SP1,2023-01-08,17:30:00,Sevilla,Getafe,2,1,1.0,0.0,H,H,1.75,3.4,5.25,2.5,1.53
SP1,2023-01-08,20:00:00,Ath Madrid,Barcelona,0,1,0.0,1.0,A,A,3.1,3.4,2.3,1.97,1.93
SP1,2023-01-09,20:00:00,Ath Bilbao,Osasuna,0,0,0.0,0.0,D,D,1.67,3.6,5.75,2.1,1.73
SP1,2023-01-13,20:00:00,Celta,Villarreal,1,1,0.0,1.0,D,A,2.88,3.3,2.5,2.1,1.73
SP1,2023-01-14,13:00:00,Valladolid,Vallecano,0,1,0.0,0.0,A,D,2.75,3.25,2.63,2.2,1.67
SP1,2023-01-14,15:15:00,Girona,Sevilla,2,1,0.0,1.0,H,A,2.38,3.4,3.0,2.08,1.82
SP1,2023-01-14,17:30:00,Osasuna,Mallorca,1,0,0.0,0.0,H,D,2.0,3.1,4.33,2.75,1.44
SP1,2023-01-14,20:00:00,Sociedad,Ath Bilbao,3,1,2.0,1.0,H,H,2.4,3.2,3.1,2.3,1.62
SP1,2023-01-15,13:00:00,Getafe,Espanol,1,2,1.0,1.0,A,D,2.5,3.0,3.1,2.75,1.44
SP1,2023-01-15,15:15:00,Almeria,Ath Madrid,1,1,1.0,1.0,D,D,5.0,3.75,1.7,1.99,1.91
SP1,2023-01-16,20:00:00,Cadiz,Elche,1,1,1.0,0.0,D,H,1.91,3.4,4.33,2.2,1.67
SP1,2023-01-20,20:00:00,Mallorca,Celta,1,0,0.0,0.0,H,D,2.8,2.75,3.0,3.5,1.3
SP1,2023-01-21,13:00:00,Vallecano,Sociedad,0,2,0.0,2.0,A,A,3.1,3.2,2.38,2.38,1.57
SP1,2023-01-21,15:15:00,Espanol,Betis,1,0,1.0,0.0,H,H,2.7,3.2,2.7,2.2,1.67
SP1,2023-01-21,17:30:00,Ath Madrid,Valladolid,3,0,3.0,0.0,H,H,1.4,4.75,8.5,1.89,2.01
SP1,2023-01-21,20:00:00,Sevilla,Cadiz,1,0,0.0,0.0,H,D,1.7,3.75,5.0,2.1,1.73
SP1,2023-01-22,13:00:00,Villarreal,Girona,1,0,0.0,0.0,H,D,1.73,3.8,4.5,1.73,2.1
SP1,2023-01-22,15:15:00,Elche,Osasuna,1,1,0.0,1.0,D,A,3.5,3.25,2.15,2.3,1.62
SP1,2023-01-22,17:30:00,Barcelona,Getafe,1,0,1.0,0.0,H,H,1.18,8.0,15.0,1.67,2.2
SP1,2023-01-22,20:00:00,Ath Bilbao,Real Madrid,0,2,0.0,1.0,A,A,2.9,3.4,2.38,1.88,2.02
SP1,2023-01-23,20:00:00,Valencia,Almeria,2,2,0.0,0.0,D,D,1.6,4.2,5.25,1.88,2.02
SP1,2023-01-27,20:00:00,Almeria,Espanol,3,1,1.0,0.0,H,H,2.38,3.1,3.2,2.1,1.73
SP1,2023-01-28,13:00:00,Cadiz,Mallorca,2,0,2.0,0.0,H,H,2.88,2.8,2.9,3.2,1.36
SP1,2023-01-28,15:15:00,Girona,Barcelona,0,1,0.0,0.0,A,D,5.0,4.33,1.57,1.67,2.2
SP1,2023-01-28,17:30:00,Sevilla,Elche,3,0,3.0,0.0,H,H,1.53,4.0,7.0,2.1,1.73
SP1,2023-01-28,20:00:00,Getafe,Betis,0,1,0.0,0.0,A,D,3.2,2.88,2.63,3.0,1.4
SP1,2023-01-29,13:00:00,Valladolid,Valencia,1,0,0.0,0.0,H,D,3.25,3.1,2.4,2.1,1.73
SP1,2023-01-29,15:15:00,Osasuna,Ath Madrid,0,1,0.0,0.0,A,D,3.6,3.1,2.2,2.3,1.62
SP1,2023-01-29,17:30:00,Celta,Ath Bilbao,1,0,0.0,0.0,H,D,2.88,3.0,2.7,2.5,1.53
SP1,2023-01-29,20:00:00,Real Madrid,Sociedad,0,0,0.0,0.0,D,D,1.67,3.8,5.0,1.93,1.97
SP1,2023-01-30,20:00:00,Villarreal,Vallecano,0,1,0.0,0.0,A,D,1.67,3.8,5.25,2.01,1.89
SP1,2023-02-01,20:00:00,Betis,Barcelona,1,2,0.0,0.0,A,D,5.0,3.8,1.67,1.87,2.03
SP1,2023-02-02,20:00:00,Real Madrid,Valencia,2,0,0.0,0.0,H,D,1.44,4.75,6.5,1.62,2.3
SP1,2023-02-03,20:00:00,Ath Bilbao,Cadiz,4,1,3.0,1.0,H,H,1.36,4.5,9.5,2.0,1.8
SP1,2023-02-04,13:00:00,Espanol,Osasuna,1,1,0.0,1.0,D,A,2.55,3.0,3.0,2.63,1.5
SP1,2023-02-04,15:15:00,Elche,Villarreal,3,1,2.0,1.0,H,H,5.0,3.8,1.67,2.03,1.87
SP1,2023-02-04,17:30:00,Ath Madrid,Getafe,1,1,0.0,0.0,D,D,1.4,4.33,9.0,2.38,1.57
SP1,2023-02-04,20:00:00,Betis,Celta,3,4,2.0,2.0,A,D,2.2,3.2,3.5,2.5,1.53
SP1,2023-02-05,13:00:00,Mallorca,Real Madrid,1,0,1.0,0.0,H,H,5.0,3.5,1.73,2.2,1.67
SP1,2023-02-05,15:15:00,Girona,Valencia,1,0,0.0,0.0,H,D,2.2,3.2,3.5,2.06,1.84
SP1,2023-02-05,17:30:00,Sociedad,Valladolid,0,1,0.0,0.0,A,D,1.44,4.33,7.5,2.0,1.8
SP1,2023-02-05,20:00:00,Barcelona,Sevilla,3,0,0.0,0.0,H,D,1.33,5.25,8.5,1.67,2.2
SP1,2023-02-06,20:00:00,Vallecano,Almeria,2,0,0.0,0.0,H,D,1.73,3.6,5.0,2.06,1.84
SP1,2023-02-10,20:00:00,Cadiz,Girona,2,0,2.0,0.0,H,H,3.0,3.2,2.45,2.38,1.57
SP1,2023-02-11,15:15:00,Almeria,Betis,2,3,1.0,2.0,A,A,2.8,3.4,2.5,2.0,1.8
SP1,2023-02-11,17:30:00,Sevilla,Mallorca,2,0,2.0,0.0,H,H,1.91,3.2,4.5,2.75,1.44
SP1,2023-02-11,20:00:00,Valencia,Ath Bilbao,1,2,1.0,1.0,A,D,3.0,3.2,2.45,2.2,1.67
SP1,2023-02-12,13:00:00,Getafe,Vallecano,1,1,0.0,1.0,D,A,2.8,2.9,2.88,3.2,1.36
SP1,2023-02-12,15:15:00,Celta,Ath Madrid,0,1,0.0,0.0,A,D,3.6,3.1,2.2,2.38,1.57
SP1,2023-02-12,17:30:00,Valladolid,Osasuna,0,0,0.0,0.0,D,D,2.75,3.1,2.7,2.5,1.53
SP1,2023-02-12,20:00:00,Villarreal,Barcelona,0,1,0.0,1.0,A,A,3.75,4.0,1.85,1.8,2.0
SP1,2023-02-13,20:00:00,Espanol,Sociedad,2,3,0.0,1.0,A,A,3.5,3.0,2.3,2.5,1.53
SP1,2023-02-15,20:00:00,Real Madrid,Elche,4,0,3.0,0.0,H,H,1.18,7.5,15.0,1.53,2.5
SP1,2023-02-17,20:00:00,Girona,Almeria,6,2,4.0,0.0,H,H,1.8,3.75,4.33,1.99,1.91
SP1,2023-02-18,13:00:00,Sociedad,Celta,1,1,1.0,0.0,D,H,1.8,3.3,5.25,2.38,1.57
SP1,2023-02-18,15:15:00,Betis,Valladolid,2,1,2.0,1.0,H,H,1.6,3.75,6.5,2.05,1.85
SP1,2023-02-18,17:30:00,Mallorca,Villarreal,4,2,2.0,1.0,H,H,3.2,3.0,2.45,2.75,1.44
SP1,2023-02-18,20:00:00,Osasuna,Real Madrid,0,2,0.0,0.0,A,D,4.33,3.6,1.8,2.07,1.83
SP1,2023-02-19,13:00:00,Elche,Espanol,0,1,0.0,0.0,A,D,2.9,3.1,2.63,2.3,1.62
SP1,2023-02-19,15:15:00,Vallecano,Sevilla,1,1,0.0,1.0,D,A,2.5,3.1,3.0,2.3,1.62
SP1,2023-02-19,17:30:00,Ath Madrid,Ath Bilbao,1,0,0.0,0.0,H,D,2.0,3.3,4.0,2.3,1.62
SP1,2023-02-19,20:00:00,Barcelona,Cadiz,2,0,2.0,0.0,H,H,1.18,7.0,13.0,1.53,2.5
SP1,2023-02-20,20:00:00,Getafe,Valencia,1,0,0.0,0.0,H,D,2.75,3.0,2.8,2.75,1.44
SP1,2023-02-24,20:00:00,Elche,Betis,2,3,2.0,0.0,A,H,3.5,3.3,2.1,2.2,1.67
SP1,2023-02-25,13:00:00,Espanol,Mallorca,2,1,1.0,1.0,H,D,2.5,2.9,3.2,3.0,1.4
SP1,2023-02-25,15:15:00,Cadiz,Vallecano,1,0,0.0,0.0,H,D,2.9,3.0,2.7,2.63,1.5
SP1,2023-02-25,17:30:00,Real Madrid,Ath Madrid,1,1,0.0,0.0,D,D,1.8,3.5,5.0,1.97,1.93
SP1,2023-02-25,20:00:00,Valencia,Sociedad,1,0,1.0,0.0,H,H,3.1,3.1,2.5,2.38,1.57
SP1,2023-02-26,13:00:00,Ath Bilbao,Girona,2,3,1.0,3.0,A,A,1.67,3.8,5.25,2.1,1.73
SP1,2023-02-26,15:15:00,Celta,Valladolid,3,0,2.0,0.0,H,H,1.7,3.75,5.25,2.2,1.67
SP1,2023-02-26,17:30:00,Almeria,Barcelona,1,0,1.0,0.0,H,H,7.0,4.75,1.44,1.57,2.38
SP1,2023-02-26,20:00:00,Sevilla,Osasuna,2,3,0.0,1.0,A,A,1.85,3.25,4.5,2.3,1.62
SP1,2023-02-27,20:00:00,Villarreal,Getafe,2,1,1.0,1.0,H,D,1.67,3.6,5.75,2.3,1.62
SP1,2023-03-03,20:00:00,Sociedad,Cadiz,0,0,0.0,0.0,D,D,1.5,3.9,7.5,2.38,1.57
SP1,2023-03-04,13:00:00,Getafe,Girona,3,2,3.0,0.0,H,H,2.75,3.0,2.8,2.63,1.5
SP1,2023-03-04,15:15:00,Almeria,Villarreal,0,2,0.0,0.0,A,D,3.5,3.6,2.05,1.73,2.1
SP1,2023-03-04,17:30:00,Mallorca,Elche,0,1,0.0,0.0,A,D,1.7,3.4,5.75,2.63,1.5
SP1,2023-03-04,20:00:00,Ath Madrid,Sevilla,6,1,2.0,1.0,H,H,1.67,3.6,5.25,2.2,1.67
SP1,2023-03-05,13:00:00,Valladolid,Espanol,2,1,1.0,0.0,H,H,2.5,3.2,2.88,2.2,1.67
SP1,2023-03-05,15:15:00,Barcelona,Valencia,1,0,1.0,0.0,H,H,1.53,4.5,5.75,1.87,2.03
SP1,2023-03-05,17:30:00,Vallecano,Ath Bilbao,0,0,0.0,0.0,D,D,2.9,3.1,2.6,2.3,1.62
SP1,2023-03-05,20:00:00,Betis,Real Madrid,0,0,0.0,0.0,D,D,4.75,3.75,1.73,1.88,2.02
SP1,2023-03-06,20:00:00,Osasuna,Celta,0,0,0.0,0.0,D,D,2.8,3.0,2.8,2.5,1.53
SP1,2023-03-10,20:00:00,Cadiz,Getafe,2,2,1.0,0.0,D,H,2.5,2.88,3.3,3.2,1.36
SP1,2023-03-11,13:00:00,Real Madrid,Espanol,3,1,2.0,1.0,H,H,1.25,6.5,9.5,1.62,2.3
SP1,2023-03-11,15:15:00,Elche,Valladolid,1,1,0.0,1.0,D,A,2.7,3.3,2.7,2.1,1.73
SP1,2023-03-11,17:30:00,Celta,Vallecano,3,0,0.0,0.0,H,D,2.1,3.2,4.0,2.5,1.53
SP1,2023-03-11,20:00:00,Valencia,Osasuna,1,0,0.0,0.0,H,D,2.1,3.2,3.8,2.5,1.53
SP1,2023-03-12,13:00:00,Mallorca,Sociedad,1,1,0.0,1.0,D,A,3.5,2.9,2.38,3.2,1.36
SP1,2023-03-12,15:15:00,Sevilla,Almeria,2,1,1.0,1.0,H,D,1.73,3.6,5.25,1.93,2.0
SP1,2023-03-12,17:30:00,Villarreal,Betis,1,1,0.0,1.0,D,A,1.95,3.6,3.8,1.93,2.0
SP1,2023-03-12,20:00:00,Ath Bilbao,Barcelona,0,1,0.0,1.0,A,A,3.5,3.3,2.15,2.1,1.73
SP1,2023-03-13,20:00:00,Girona,Ath Madrid,0,1,0.0,0.0,A,D,3.75,3.4,2.05,2.2,1.67
SP1,2023-03-17,20:00:00,Valladolid,Ath Bilbao,1,3,0.0,1.0,A,A,4.2,3.6,1.83,1.97,1.93
SP1,2023-03-18,13:00:00,Almeria,Cadiz,1,1,0.0,0.0,D,D,2.0,3.5,3.6,2.1,1.73
SP1,2023-03-18,15:15:00,Vallecano,Girona,2,2,2.0,1.0,D,H,2.0,3.4,3.8,2.1,1.73
SP1,2023-03-18,17:30:00,Espanol,Celta,1,3,0.0,2.0,A,A,2.75,3.25,2.55,2.3,1.62
SP1,2023-03-18,20:00:00,Ath Madrid,Valencia,3,0,1.0,0.0,H,H,1.55,4.2,5.75,2.1,1.73
SP1,2023-03-19,13:00:00,Betis,Mallorca,1,0,0.0,0.0,H,D,1.8,3.2,5.25,2.63,1.5
SP1,2023-03-19,15:15:00,Osasuna,Villarreal,0,3,0.0,1.0,A,A,3.0,3.1,2.45,2.3,1.62
SP1,2023-03-19,15:15:00,Sociedad,Elche,2,0,0.0,0.0,H,D,1.4,4.75,8.5,2.02,1.88
SP1,2023-03-19,17:30:00,Getafe,Sevilla,2,0,0.0,0.0,H,D,2.9,3.1,2.5,2.63,1.5
SP1,2023-03-19,20:00:00,Barcelona,Real Madrid,2,1,1.0,1.0,H,D,2.15,3.5,3.25,1.88,2.02
SP1,2023-03-31,20:00:00,Mallorca,Osasuna,0,0,0.0,0.0,D,D,2.2,2.9,3.9,3.2,1.36
SP1,2023-04-01,13:00:00,Girona,Espanol,2,1,0.0,0.0,H,D,1.91,3.3,4.33,2.05,1.85
SP1,2023-04-01,15:15:00,Ath Bilbao,Getafe,0,0,0.0,0.0,D,D,1.57,3.8,6.5,2.5,1.53
SP1,2023-04-01,17:30:00,Cadiz,Sevilla,0,2,0.0,0.0,A,D,3.4,3.1,2.3,2.38,1.57
SP1,2023-04-01,20:00:00,Elche,Barcelona,0,4,0.0,1.0,A,A,9.5,5.0,1.33,1.73,2.1
SP1,2023-04-02,13:00:00,Celta,Almeria,2,2,2.0,2.0,D,D,1.55,4.0,6.0,1.91,1.99
SP1,2023-04-02,15:15:00,Real Madrid,Valladolid,6,0,4.0,0.0,H,H,1.2,7.5,11.0,1.4,3.0
SP1,2023-04-02,17:30:00,Villarreal,Sociedad,2,0,0.0,0.0,H,D,2.4,3.1,3.2,2.2,1.67
SP1,2023-04-02,20:00:00,Ath Madrid,Betis,1,0,0.0,0.0,H,D,1.53,4.0,6.5,2.01,1.89
SP1,2023-04-03,20:00:00,Valencia,Vallecano,1,1,0.0,1.0,D,A,2.05,3.2,3.8,2.38,1.57
SP1,2023-04-07,20:00:00,Sevilla,Celta,2,2,1.0,0.0,D,H,2.1,3.4,3.5,2.1,1.73
SP1,2023-04-08,13:00:00,Osasuna,Elche,2,1,0.0,1.0,H,A,1.73,3.6,5.0,2.3,1.62
SP1,2023-04-08,15:15:00,Espanol,Ath Bilbao,1,2,0.0,1.0,A,A,3.5,3.2,2.2,2.38,1.57
SP1,2023-04-08,17:30:00,Sociedad,Getafe,2,0,1.0,0.0,H,H,1.7,3.3,6.0,2.75,1.44
SP1,2023-04-08,20:00:00,Real Madrid,Villarreal,2,3,1.0,1.0,A,D,1.53,4.33,5.75,1.62,2.3
SP1,2023-04-09,13:00:00,Valladolid,Mallorca,3,3,1.0,0.0,D,H,2.5,2.9,3.2,3.0,1.4
SP1,2023-04-09,15:15:00,Betis,Cadiz,0,2,0.0,0.0,A,D,1.62,3.75,5.75,2.1,1.73
SP1,2023-04-09,17:30:00,Almeria,Valencia,2,1,0.0,0.0,H,D,3.0,3.3,2.4,2.1,1.73
SP1,2023-04-09,20:00:00,Vallecano,Ath Madrid,1,2,0.0,2.0,A,A,4.33,3.5,1.85,2.3,1.62
SP1,2023-04-10,20:00:00,Barcelona,Girona,0,0,0.0,0.0,D,D,1.3,5.5,10.0,1.62,2.3
SP1,2023-04-14,20:00:00,Vallecano,Osasuna,2,1,2.0,0.0,H,H,2.2,3.1,3.6,2.5,1.53
SP1,2023-04-15,13:00:00,Villarreal,Valladolid,1,2,0.0,2.0,A,A,1.44,4.75,6.5,1.62,2.3
SP1,2023-04-15,15:15:00,Ath Bilbao,Sociedad,2,0,1.0,0.0,H,H,2.25,3.1,3.5,2.5,1.53
SP1,2023-04-15,17:30:00,Betis,Espanol,3,1,2.0,0.0,H,H,1.83,3.5,4.5,2.1,1.73
SP1,2023-04-15,20:00:00,Cadiz,Real Madrid,0,2,0.0,0.0,A,D,5.75,4.2,1.55,1.8,2.0
SP1,2023-04-16,13:00:00,Girona,Elche,2,0,1.0,0.0,H,H,1.53,4.33,6.0,1.87,2.03
SP1,2023-04-16,15:15:00,Getafe,Barcelona,0,0,0.0,0.0,D,D,6.0,3.8,1.6,2.2,1.67
SP1,2023-04-16,17:30:00,Ath Madrid,Almeria,2,1,2.0,1.0,H,H,1.22,7.0,11.0,1.57,2.38
SP1,2023-04-16,20:00:00,Valencia,Sevilla,0,2,0.0,0.0,A,D,2.2,3.2,3.6,2.3,1.62
SP1,2023-04-17,20:00:00,Celta,Mallorca,0,1,0.0,1.0,A,A,1.8,3.3,5.25,2.63,1.5
SP1,2023-04-21,20:00:00,Espanol,Cadiz,0,0,0.0,0.0,D,D,2.05,3.25,3.8,2.38,1.57
SP1,2023-04-22,13:00:00,Osasuna,Betis,3,2,3.0,1.0,H,H,2.55,3.2,2.88,2.5,1.53
SP1,2023-04-22,15:15:00,Almeria,Ath Bilbao,1,2,0.0,1.0,A,A,3.8,3.75,1.85,1.91,1.99
SP1,2023-04-22,17:30:00,Sociedad,Vallecano,2,1,0.0,0.0,H,D,1.67,3.5,6.0,2.3,1.62
SP1,2023-04-22,17:30:00,Valladolid,Girona,1,0,1.0,0.0,H,H,2.5,3.4,2.8,1.99,1.91
SP1,2023-04-22,20:00:00,Real Madrid,Celta,2,0,1.0,0.0,H,H,1.36,5.0,9.0,1.57,2.38
SP1,2023-04-23,13:00:00,Elche,Valencia,0,2,0.0,2.0,A,A,4.33,3.5,1.85,2.2,1.67
SP1,2023-04-23,15:15:00,Barcelona,Ath Madrid,1,0,1.0,0.0,H,H,1.95,3.3,4.2,2.2,1.67
SP1,2023-04-23,17:30:00,Mallorca,Getafe,3,1,0.0,1.0,H,A,2.3,2.88,3.75,3.4,1.33
SP1,2023-04-23,20:00:00,Sevilla,Villarreal,2,1,1.0,0.0,H,H,2.75,3.4,2.55,2.0,1.9
SP1,2023-04-25,18:30:00,Cadiz,Osasuna,0,1,0.0,0.0,A,D,2.3,3.1,3.4,2.38,1.57
SP1,2023-04-25,18:30:00,Girona,Real Madrid,4,2,2.0,1.0,H,H,5.25,4.33,1.57,1.57,2.38
SP1,2023-04-25,21:00:00,Betis,Sociedad,0,0,0.0,0.0,D,D,2.75,3.25,2.63,2.3,1.62
SP1,2023-04-26,18:30:00,Ath Madrid,Mallorca,3,1,1.0,1.0,H,D,1.4,4.33,8.5,2.3,1.62
SP1,2023-04-26,18:30:00,Getafe,Almeria,1,2,0.0,1.0,A,A,1.91,3.3,4.5,2.3,1.62
SP1,2023-04-26,21:00:00,Celta,Elche,1,0,0.0,0.0,H,D,1.3,5.25,10.0,1.73,2.1
SP1,2023-04-26,21:00:00,Vallecano,Barcelona,2,1,1.0,0.0,H,H,4.75,3.75,1.73,2.0,1.8
SP1,2023-04-27,18:30:00,Valencia,Valladolid,2,1,0.0,1.0,H,A,1.75,3.75,4.75,1.94,1.96
SP1,2023-04-27,18:30:00,Villarreal,Espanol,4,2,0.0,1.0,H,A,1.57,4.0,6.0,1.87,2.03
SP1,2023-04-27,21:00:00,Ath Bilbao,Sevilla,0,1,0.0,0.0,A,D,1.75,3.6,4.5,2.1,1.73
SP1,2023-04-28,20:00:00,Osasuna,Sociedad,0,2,0.0,1.0,A,A,3.75,3.0,2.2,3.0,1.4
SP1,2023-04-29,15:15:00,Elche,Vallecano,4,0,1.0,0.0,H,H,4.75,3.5,1.8,2.2,1.67
SP1,2023-04-29,17:30:00,Real Madrid,Almeria,4,2,3.0,1.0,H,H,1.14,8.5,15.0,1.3,3.5
SP1,2023-04-29,20:00:00,Barcelona,Betis,4,0,3.0,0.0,H,H,1.33,5.0,9.0,1.67,2.2
SP1,2023-04-30,13:00:00,Cadiz,Valencia,2,1,1.0,0.0,H,H,3.1,3.1,2.45,2.3,1.62
SP1,2023-04-30,15:15:00,Villarreal,Celta,3,1,2.0,1.0,H,H,1.8,3.6,4.5,1.88,2.02
SP1,2023-04-30,17:30:00,Espanol,Getafe,1,0,1.0,0.0,H,H,2.38,3.0,3.3,2.75,1.44
SP1,2023-04-30,20:00:00,Valladolid,Ath Madrid,2,5,1.0,3.0,A,A,5.5,3.8,1.65,1.88,2.02
SP1,2023-05-01,18:00:00,Mallorca,Ath Bilbao,1,1,0.0,0.0,D,D,3.6,3.0,2.25,3.0,1.4
SP1,2023-05-01,20:00:00,Sevilla,Girona,0,2,0.0,1.0,A,A,1.95,3.5,3.8,2.0,1.9
SP1,2023-05-02,18:30:00,Almeria,Elche,2,1,1.0,0.0,H,H,1.62,4.33,5.0,1.53,2.5
SP1,2023-05-02,18:30:00,Barcelona,Osasuna,1,0,0.0,0.0,H,D,1.14,7.5,19.0,1.5,2.63
SP1,2023-05-02,21:00:00,Sociedad,Real Madrid,2,0,0.0,0.0,H,D,2.55,3.4,2.8,2.08,1.82
SP1,2023-05-03,18:30:00,Valencia,Villarreal,1,1,0.0,0.0,D,D,2.75,3.3,2.55,1.89,2.01
SP1,2023-05-03,21:00:00,Ath Madrid,Cadiz,5,1,2.0,0.0,H,H,1.29,5.5,12.0,1.73,2.1
SP1,2023-05-03,21:00:00,Getafe,Celta,1,0,1.0,0.0,H,H,2.55,3.0,3.1,2.63,1.5
SP1,2023-05-04,18:30:00,Girona,Mallorca,2,1,1.0,0.0,H,H,2.1,3.2,3.75,2.5,1.53
SP1,2023-05-04,18:30:00,Sevilla,Espanol,3,2,1.0,2.0,H,A,1.83,3.6,4.2,2.0,1.8
SP1,2023-05-04,21:00:00,Ath Bilbao,Betis,0,1,0.0,1.0,A,A,1.7,4.0,4.75,2.0,1.9
SP1,2023-05-04,21:00:00,Vallecano,Valladolid,2,1,0.0,0.0,H,D,1.73,3.8,4.75,1.99,1.91
SP1,2023-05-12,20:00:00,Mallorca,Cadiz,1,0,1.0,0.0,H,H,2.15,2.9,4.0,2.75,1.44
SP1,2023-05-13,13:00:00,Sociedad,Girona,2,2,2.0,2.0,D,D,1.62,4.0,5.5,2.03,1.87
SP1,2023-05-13,15:15:00,Osasuna,Almeria,3,1,0.0,0.0,H,D,2.05,3.5,3.6,1.85,2.05
SP1,2023-05-13,17:30:00,Villarreal,Ath Bilbao,5,1,2.0,1.0,H,H,2.1,3.5,3.4,1.98,1.92
SP1,2023-05-13,20:00:00,Real Madrid,Getafe,1,0,0.0,0.0,H,D,1.55,4.0,6.5,1.96,1.94
SP1,2023-05-14,13:00:00,Celta,Valencia,1,2,0.0,1.0,A,A,2.2,3.3,3.4,2.2,1.67
SP1,2023-05-14,15:15:00,Elche,Ath Madrid,1,0,1.0,0.0,H,H,8.0,5.0,1.36,1.67,2.2
SP1,2023-05-14,17:30:00,Valladolid,Sevilla,0,3,0.0,0.0,A,D,2.25,3.5,3.1,1.96,1.94
SP1,2023-05-14,20:00:00,Espanol,Barcelona,2,4,0.0,3.0,A,A,5.25,4.0,1.65,1.73,2.1
SP1,2023-05-15,20:00:00,Betis,Vallecano,3,1,2.0,0.0,H,H,1.91,3.5,4.0,2.0,1.8
SP1,2023-05-19,20:00:00,Cadiz,Valladolid,2,0,0.0,0.0,H,D,2.2,3.4,3.3,2.0,1.9
SP1,2023-05-20,13:00:00,Girona,Villarreal,1,2,1.0,1.0,A,D,2.8,3.75,2.3,1.62,2.3
SP1,2023-05-20,15:15:00,Ath Bilbao,Celta,2,1,1.0,0.0,H,H,1.62,3.8,5.5,2.04,1.86
SP1,2023-05-20,17:30:00,Almeria,Mallorca,3,0,2.0,0.0,H,H,2.25,3.25,3.3,2.1,1.73
SP1,2023-05-20,17:30:00,Getafe,Elche,1,1,1.0,1.0,D,D,1.5,4.0,7.0,2.2,1.67
SP1,2023-05-20,20:00:00,Barcelona,Sociedad,1,2,0.0,1.0,A,A,1.8,3.75,4.33,1.96,1.94
SP1,2023-05-21,13:00:00,Vallecano,Espanol,1,2,1.0,1.0,A,D,2.15,3.4,3.4,2.03,1.87
SP1,2023-05-21,15:15:00,Ath Madrid,Osasuna,3,0,1.0,0.0,H,H,1.36,4.75,8.0,1.8,2.0
SP1,2023-05-21,17:30:00,Valencia,Real Madrid,1,0,1.0,0.0,H,H,3.2,3.5,2.2,1.73,2.1
SP1,2023-05-21,20:00:00,Sevilla,Betis,0,0,0.0,0.0,D,D,2.3,3.3,3.1,2.07,1.83
SP1,2023-05-23,18:30:00,Celta,Girona,1,1,1.0,0.0,D,H,2.0,3.5,3.75,2.03,1.87
SP1,2023-05-23,18:30:00,Sociedad,Almeria,1,0,1.0,0.0,H,H,1.36,5.0,8.0,1.57,2.38
SP1,2023-05-23,21:00:00,Valladolid,Barcelona,3,1,2.0,0.0,H,H,3.6,3.8,1.91,1.57,2.38
SP1,2023-05-24,18:30:00,Elche,Sevilla,1,1,1.0,1.0,D,D,4.0,3.75,1.91,1.83,2.07
SP1,2023-05-24,18:30:00,Real Madrid,Vallecano,2,1,1.0,0.0,H,H,1.62,4.0,5.25,1.62,2.3
SP1,2023-05-24,18:30:00,Villarreal,Cadiz,2,0,2.0,0.0,H,H,1.44,4.5,7.0,1.67,2.2
SP1,2023-05-24,21:00:00,Betis,Getafe,0,1,0.0,0.0,A,D,2.0,3.2,4.2,2.5,1.53
SP1,2023-05-24,21:00:00,Espanol,Ath Madrid,3,3,0.0,2.0,D,A,2.88,3.5,2.38,1.8,2.0
SP1,2023-05-25,18:30:00,Mallorca,Valencia,1,0,0.0,0.0,H,D,3.3,3.0,2.4,2.75,1.44
SP1,2023-05-25,20:30:00,Osasuna,Ath Bilbao,2,0,0.0,0.0,H,D,3.0,3.25,2.45,2.1,1.73
SP1,2023-05-27,18:00:00,Sevilla,Real Madrid,1,2,1.0,1.0,A,D,2.88,3.5,2.4,1.8,2.0
SP1,2023-05-28,18:00:00,Almeria,Valladolid,0,0,0.0,0.0,D,D,2.25,3.4,3.1,1.73,2.1
SP1,2023-05-28,18:00:00,Ath Bilbao,Elche,0,1,0.0,0.0,A,D,1.3,5.0,11.0,1.62,2.3
SP1,2023-05-28,18:00:00,Ath Madrid,Sociedad,2,1,1.0,0.0,H,H,2.0,3.5,3.6,1.92,1.98
SP1,2023-05-28,18:00:00,Barcelona,Mallorca,3,0,2.0,0.0,H,H,1.33,5.0,9.5,1.57,2.38
SP1,2023-05-28,18:00:00,Cadiz,Celta,1,0,0.0,0.0,H,D,2.6,3.1,2.75,2.1,1.73
SP1,2023-05-28,18:00:00,Getafe,Osasuna,2,1,1.0,1.0,H,D,2.2,3.1,3.5,2.63,1.5
SP1,2023-05-28,18:00:00,Girona,Betis,1,2,1.0,0.0,A,H,1.95,3.6,3.6,1.92,1.98
SP1,2023-05-28,18:00:00,Valencia,Espanol,2,2,1.0,1.0,D,D,2.0,3.75,3.4,1.88,2.02
SP1,2023-05-28,18:00:00,Vallecano,Villarreal,2,1,0.0,0.0,H,D,3.0,3.6,2.2,1.67,2.2
SP1,2023-06-04,17:30:00,Mallorca,Vallecano,3,0,0.0,0.0,H,D,3.0,3.3,2.38,2.1,1.73
SP1,2023-06-04,17:30:00,Osasuna,Girona,2,1,0.0,0.0,H,D,2.05,3.6,3.4,1.88,2.02
SP1,2023-06-04,17:30:00,Real Madrid,Ath Bilbao,1,1,0.0,0.0,D,D,1.91,3.75,3.75,1.62,2.3
SP1,2023-06-04,17:30:00,Sociedad,Sevilla,2,1,1.0,0.0,H,H,1.73,3.9,4.6,1.8,2.0
SP1,2023-06-04,17:30:00,Villarreal,Ath Madrid,2,2,1.0,1.0,D,D,2.7,3.5,2.5,1.57,2.38
SP1,2023-06-04,20:00:00,Betis,Valencia,1,1,1.0,0.0,D,H,2.63,3.6,2.5,1.73,2.1
SP1,2023-06-04,20:00:00,Celta,Barcelona,2,1,1.0,0.0,H,H,2.6,3.8,2.5,1.73,2.1
SP1,2023-06-04,20:00:00,Elche,Cadiz,1,1,0.0,1.0,D,A,2.63,3.4,2.63,1.9,2.0
SP1,2023-06-04,20:00:00,Espanol,Almeria,3,3,1.0,1.0,D,D,2.75,3.8,2.38,1.53,2.5
SP1,2023-06-04,20:00:00,Valladolid,Getafe,0,0,0.0,0.0,D,D,2.2,3.3,3.4,2.2,1.67
I1,2022-08-13,17:30:00,Milan,Udinese,4,2,2.0,2.0,H,D,1.44,4.75,7.0,1.72,2.1
I1,2022-08-13,17:30:00,Sampdoria,Atalanta,0,2,0.0,1.0,A,A,4.33,3.9,1.75,1.72,2.1
I1,2022-08-13,19:45:00,Lecce,Inter,1,2,0.0,1.0,A,A,10.0,5.75,1.28,1.57,2.37
I1,2022-08-13,19:45:00,Monza,Torino,1,2,0.0,1.0,A,A,2.6,3.3,2.75,2.1,1.72
I1,2022-08-14,17:30:00,Fiorentina,Cremonese,3,2,2.0,1.0,H,H,1.36,5.0,8.5,1.66,2.2
I1,2022-08-14,17:30:00,Lazio,Bologna,2,1,0.0,1.0,H,A,1.57,4.33,5.75,1.66,2.2
I1,2022-08-14,19:45:00,Salernitana,Roma,0,1,0.0,1.0,A,A,6.5,4.75,1.44,1.72,2.1
I1,2022-08-14,19:45:00,Spezia,Empoli,1,0,1.0,0.0,H,H,2.45,3.3,2.9,1.94,1.96
I1,2022-08-15,17:30:00,Verona,Napoli,2,5,1.0,2.0,A,A,3.5,3.5,2.05,1.8,2.0
I1,2022-08-15,19:45:00,Juventus,Sassuolo,3,0,2.0,0.0,H,H,1.44,4.75,7.0,1.53,2.5
I1,2022-08-20,17:30:00,Torino,Lazio,0,0,0.0,0.0,D,D,3.0,3.5,2.3,1.92,1.98
I1,2022-08-20,17:30:00,Udinese,Salernitana,0,0,0.0,0.0,D,D,1.75,3.8,4.5,1.8,2.0
I1,2022-08-20,19:45:00,Inter,Spezia,3,0,1.0,0.0,H,H,1.16,8.0,15.0,1.3,3.5
I1,2022-08-20,19:45:00,Sassuolo,Lecce,1,0,1.0,0.0,H,H,1.75,4.0,4.2,1.61,2.3
I1,2022-08-21,17:30:00,Empoli,Fiorentina,0,0,0.0,0.0,D,D,3.75,3.8,1.9,1.66,2.2
I1,2022-08-21,17:30:00,Napoli,Monza,4,0,2.0,0.0,H,H,1.33,5.5,8.0,1.5,2.62
I1,2022-08-21,19:45:00,Atalanta,Milan,1,1,1.0,0.0,D,H,2.75,3.5,2.5,1.72,2.1
I1,2022-08-21,19:45:00,Bologna,Verona,1,1,1.0,1.0,D,D,2.15,3.5,3.3,1.85,2.05
I1,2022-08-22,17:30:00,Roma,Cremonese,1,0,0.0,0.0,H,D,1.25,6.5,11.0,1.61,2.3
I1,2022-08-22,19:45:00,Sampdoria,Juventus,0,0,0.0,0.0,D,D,5.75,4.0,1.6,1.89,2.01
I1,2022-08-26,17:30:00,Monza,Udinese,1,2,1.0,1.0,A,D,3.1,3.4,2.3,1.88,2.02
I1,2022-08-26,19:45:00,Lazio,Inter,3,1,1.0,0.0,H,H,4.0,3.8,1.83,1.66,2.2
I1,2022-08-27,17:30:00,Cremonese,Torino,1,2,0.0,1.0,A,A,3.2,3.4,2.25,2.03,1.87
I1,2022-08-27,17:30:00,Juventus,Roma,1,1,1.0,0.0,D,H,2.3,3.3,3.1,2.1,1.72
I1,2022-08-27,19:45:00,Milan,Bologna,2,0,1.0,0.0,H,H,1.33,5.5,8.5,1.61,2.3
I1,2022-08-27,19:45:00,Spezia,Sassuolo,2,2,2.0,1.0,D,H,3.0,3.6,2.25,1.61,2.3
I1,2022-08-28,17:30:00,Salernitana,Sampdoria,4,0,2.0,0.0,H,H,2.45,3.2,3.0,2.03,1.87
I1,2022-08-28,17:30:00,Verona,Atalanta,0,1,0.0,0.0,A,D,4.2,4.0,1.75,1.66,2.2
I1,2022-08-28,19:45:00,Fiorentina,Napoli,0,0,0.0,0.0,D,D,3.25,3.6,2.15,1.66,2.2
I1,2022-08-28,19:45:00,Lecce,Empoli,1,1,1.0,1.0,D,D,2.3,3.5,3.0,1.8,2.0
I1,2022-08-30,17:30:00,Sassuolo,Milan,0,0,0.0,0.0,D,D,5.25,4.33,1.57,1.53,2.5
I1,2022-08-30,19:45:00,Inter,Cremonese,3,1,2.0,0.0,H,H,1.14,8.0,21.0,1.3,3.5
I1,2022-08-30,19:45:00,Roma,Monza,3,0,2.0,0.0,H,H,1.3,5.5,10.0,1.53,2.5
I1,2022-08-31,17:30:00,Empoli,Verona,1,1,1.0,0.0,D,H,2.62,3.3,2.7,1.88,2.02
I1,2022-08-31,17:30:00,Sampdoria,Lazio,1,1,0.0,1.0,D,A,4.2,3.6,1.85,1.92,1.98
I1,2022-08-31,17:30:00,Udinese,Fiorentina,1,0,1.0,0.0,H,H,2.7,3.5,2.5,1.8,2.0
I1,2022-08-31,19:45:00,Juventus,Spezia,2,0,1.0,0.0,H,H,1.28,5.75,12.0,1.66,2.2
I1,2022-08-31,19:45:00,Napoli,Lecce,1,1,1.0,1.0,D,D,1.25,6.25,11.0,1.44,2.75
I1,2022-09-01,19:45:00,Atalanta,Torino,3,1,1.0,0.0,H,H,1.72,3.75,5.25,1.72,2.1
I1,2022-09-01,19:45:00,Bologna,Salernitana,1,1,0.0,0.0,D,D,1.85,3.6,4.33,1.8,2.0
I1,2022-09-03,14:00:00,Fiorentina,Juventus,1,1,1.0,1.0,D,D,3.0,3.25,2.4,2.1,1.72
I1,2022-09-03,17:00:00,Milan,Inter,3,2,1.0,1.0,H,D,2.8,3.25,2.6,1.88,2.02
I1,2022-09-03,19:45:00,Lazio,Napoli,1,2,1.0,1.0,A,D,2.9,3.5,2.37,1.72,2.1
I1,2022-09-04,11:30:00,Cremonese,Sassuolo,0,0,0.0,0.0,D,D,3.0,3.5,2.25,1.66,2.2
I1,2022-09-04,14:00:00,Spezia,Bologna,2,2,1.0,1.0,D,D,3.0,3.3,2.37,1.9,2.0
I1,2022-09-04,17:00:00,Verona,Sampdoria,2,1,2.0,1.0,H,H,2.05,3.6,3.6,1.93,1.97
I1,2022-09-04,19:45:00,Udinese,Roma,4,0,1.0,0.0,H,H,4.2,3.75,1.85,1.86,2.04
I1,2022-09-05,17:30:00,Monza,Atalanta,0,2,0.0,0.0,A,D,5.75,4.2,1.57,1.66,2.2
I1,2022-09-05,17:30:00,Salernitana,Empoli,2,2,1.0,1.0,D,D,2.25,3.4,3.2,1.94,1.96
I1,2022-09-05,19:45:00,Torino,Lecce,1,0,1.0,0.0,H,H,1.7,3.75,5.25,1.9,2.0
I1,2022-09-10,14:00:00,Napoli,Spezia,1,0,0.0,0.0,H,D,1.25,6.0,11.0,1.5,2.62
I1,2022-09-10,17:00:00,Inter,Torino,1,0,0.0,0.0,H,D,1.45,4.75,7.0,1.66,2.2
I1,2022-09-10,19:45:00,Sampdoria,Milan,1,2,0.0,1.0,A,A,6.0,4.5,1.5,1.72,2.1
I1,2022-09-11,11:30:00,Atalanta,Cremonese,1,1,0.0,0.0,D,D,1.3,5.5,9.5,1.57,2.37
I1,2022-09-11,14:00:00,Bologna,Fiorentina,2,1,0.0,0.0,H,D,2.9,3.4,2.45,1.96,1.94
I1,2022-09-11,14:00:00,Lecce,Monza,1,1,0.0,1.0,D,A,2.25,3.4,3.2,2.02,1.88
I1,2022-09-11,14:00:00,Sassuolo,Udinese,1,3,1.0,0.0,A,H,2.7,3.5,2.55,1.66,2.2
I1,2022-09-11,17:00:00,Lazio,Verona,2,0,0.0,0.0,H,D,1.57,4.2,5.5,1.66,2.2
I1,2022-09-11,19:45:00,Juventus,Salernitana,2,2,0.0,2.0,D,A,1.4,4.5,8.5,1.8,2.0
I1,2022-09-12,19:45:00,Empoli,Roma,1,2,1.0,1.0,A,D,5.0,3.8,1.7,1.8,2.0
I1,2022-09-16,19:45:00,Salernitana,Lecce,1,2,0.0,1.0,A,A,2.25,3.3,3.3,2.06,1.84
I1,2022-09-17,14:00:00,Bologna,Empoli,0,1,0.0,0.0,A,D,2.1,3.5,3.4,1.92,1.98
I1,2022-09-17,17:00:00,Spezia,Sampdoria,2,1,1.0,1.0,H,D,2.7,3.25,2.7,2.07,1.83
I1,2022-09-17,19:45:00,Torino,Sassuolo,0,1,0.0,0.0,A,D,1.8,3.75,4.5,1.72,2.1
I1,2022-09-18,11:30:00,Udinese,Inter,3,1,1.0,1.0,H,D,3.8,3.6,1.95,1.66,2.2
I1,2022-09-18,14:00:00,Cremonese,Lazio,0,4,0.0,3.0,A,A,4.33,3.75,1.8,1.72,2.1
I1,2022-09-18,14:00:00,Fiorentina,Verona,2,0,1.0,0.0,H,H,1.75,3.8,4.5,1.8,2.0
I1,2022-09-18,14:00:00,Monza,Juventus,1,0,0.0,0.0,H,D,4.5,3.6,1.8,1.98,1.92
I1,2022-09-18,17:00:00,Roma,Atalanta,0,1,0.0,1.0,A,A,2.05,3.5,3.5,1.87,2.03
I1,2022-09-18,19:45:00,Milan,Napoli,1,2,0.0,0.0,A,D,2.15,3.5,3.3,1.93,1.97
I1,2022-10-01,14:00:00,Napoli,Torino,3,1,3.0,1.0,H,H,1.6,4.0,5.75,1.8,2.0
I1,2022-10-01,17:00:00,Inter,Roma,1,2,1.0,1.0,A,D,2.0,3.5,3.75,1.8,2.0
I1,2022-10-01,19:45:00,Empoli,Milan,1,3,0.0,0.0,A,D,5.5,4.0,1.6,1.86,2.04
I1,2022-10-02,11:30:00,Lazio,Spezia,4,0,2.0,0.0,H,H,1.4,5.0,7.5,1.61,2.3
I1,2022-10-02,14:00:00,Lecce,Cremonese,1,1,1.0,1.0,D,D,2.05,3.4,3.75,2.03,1.87
I1,2022-10-02,14:00:00,Sampdoria,Monza,0,3,0.0,1.0,A,A,2.25,3.4,3.2,1.98,1.92
I1,2022-10-02,14:00:00,Sassuolo,Salernitana,5,0,2.0,0.0,H,H,2.0,3.75,3.5,1.66,2.2
I1,2022-10-02,17:00:00,Atalanta,Fiorentina,1,0,0.0,0.0,H,D,1.95,3.5,4.0,1.92,1.98
I1,2022-10-02,19:45:00,Juventus,Bologna,3,0,1.0,0.0,H,H,1.5,4.33,6.5,1.88,2.02
I1,2022-10-03,19:45:00,Verona,Udinese,1,2,1.0,0.0,A,H,3.25,3.4,2.2,1.8,2.0
I1,2022-10-08,14:00:00,Sassuolo,Inter,1,2,0.0,1.0,A,A,4.33,4.2,1.7,1.61,2.3
I1,2022-10-08,17:00:00,Milan,Juventus,2,0,1.0,0.0,H,H,2.05,3.4,3.6,2.1,1.72
I1,2022-10-08,19:45:00,Bologna,Sampdoria,1,1,1.0,0.0,D,H,2.05,3.5,3.6,1.98,1.92
I1,2022-10-09,11:30:00,Torino,Empoli,1,1,0.0,0.0,D,D,1.72,3.6,5.0,2.0,1.8
I1,2022-10-09,14:00:00,Monza,Spezia,2,0,1.0,0.0,H,H,1.9,3.6,4.0,2.03,1.87
I1,2022-10-09,14:00:00,Salernitana,Verona,2,1,1.0,0.0,H,H,2.4,3.4,2.87,1.86,2.04
I1,2022-10-09,14:00:00,Udinese,Atalanta,2,2,0.0,1.0,D,A,2.5,3.4,2.75,1.88,2.02
I1,2022-10-09,17:00:00,Cremonese,Napoli,1,4,0.0,1.0,A,A,7.0,4.5,1.45,1.66,2.2
I1,2022-10-09,19:45:00,Roma,Lecce,2,1,1.0,1.0,H,D,1.33,5.25,8.5,1.84,2.06
I1,2022-10-10,19:45:00,Fiorentina,Lazio,0,4,0.0,2.0,A,A,2.4,3.5,2.8,1.91,1.99
I1,2022-10-15,14:00:00,Empoli,Monza,1,0,1.0,0.0,H,H,2.55,3.3,2.8,1.99,1.91
I1,2022-10-15,17:00:00,Torino,Juventus,0,1,0.0,0.0,A,D,3.0,3.1,2.5,2.3,1.61
I1,2022-10-15,19:45:00,Atalanta,Sassuolo,2,1,1.0,1.0,H,D,1.65,4.0,5.0,1.66,2.2
I1,2022-10-16,11:30:00,Inter,Salernitana,2,0,1.0,0.0,H,H,1.3,5.75,9.0,1.5,2.62
I1,2022-10-16,14:00:00,Lazio,Udinese,0,0,0.0,0.0,D,D,2.2,3.5,3.25,1.66,2.2
I1,2022-10-16,14:00:00,Spezia,Cremonese,2,2,2.0,1.0,D,H,2.45,3.2,3.1,2.04,1.86
I1,2022-10-16,17:00:00,Napoli,Bologna,3,2,1.0,1.0,H,D,1.25,6.0,11.0,1.53,2.5
I1,2022-10-16,19:45:00,Verona,Milan,1,2,1.0,1.0,A,D,6.0,4.0,1.57,1.8,2.0
I1,2022-10-17,17:30:00,Sampdoria,Roma,0,1,0.0,1.0,A,A,4.75,3.75,1.72,1.99,1.91
I1,2022-10-17,19:45:00,Lecce,Fiorentina,1,1,1.0,0.0,D,H,3.75,3.4,2.05,2.1,1.72
I1,2022-10-21,19:45:00,Juventus,Empoli,4,0,1.0,0.0,H,H,1.4,5.0,7.0,1.66,2.2
I1,2022-10-22,14:00:00,Salernitana,Spezia,1,0,0.0,0.0,H,D,2.0,3.5,3.8,2.0,1.9
I1,2022-10-22,17:00:00,Milan,Monza,4,1,2.0,0.0,H,H,1.4,5.0,7.5,1.66,2.2
I1,2022-10-22,19:45:00,Fiorentina,Inter,3,4,1.0,2.0,A,A,3.6,3.5,2.05,1.8,2.0
I1,2022-10-23,11:30:00,Udinese,Torino,1,2,1.0,1.0,A,D,2.0,3.3,4.0,2.06,1.84
I1,2022-10-23,14:00:00,Bologna,Lecce,2,0,2.0,0.0,H,H,2.15,3.2,3.75,2.2,1.66
I1,2022-10-23,17:00:00,Atalanta,Lazio,0,2,0.0,1.0,A,A,1.95,3.5,4.0,1.72,2.1
I1,2022-10-23,19:45:00,Roma,Napoli,0,1,0.0,0.0,A,D,2.87,3.5,2.4,1.8,2.0
I1,2022-10-24,17:30:00,Cremonese,Sampdoria,0,1,0.0,0.0,A,D,2.4,3.3,3.0,1.97,1.93
I1,2022-10-24,19:45:00,Sassuolo,Verona,2,1,1.0,1.0,H,D,1.95,3.5,4.0,1.72,2.1
I1,2022-10-29,14:00:00,Napoli,Sassuolo,4,0,3.0,0.0,H,H,1.28,6.0,8.5,1.44,2.75
I1,2022-10-29,17:00:00,Lecce,Juventus,0,1,0.0,0.0,A,D,4.33,3.3,1.9,2.2,1.66
I1,2022-10-29,19:45:00,Inter,Sampdoria,3,0,2.0,0.0,H,H,1.25,6.0,12.0,1.53,2.5
I1,2022-10-30,11:30:00,Empoli,Atalanta,0,2,0.0,1.0,A,A,4.33,3.8,1.8,1.8,2.0
I1,2022-10-30,14:00:00,Cremonese,Udinese,0,0,0.0,0.0,D,D,4.0,3.8,1.85,1.72,2.1
I1,2022-10-30,14:00:00,Spezia,Fiorentina,1,2,1.0,1.0,A,D,4.0,3.6,1.9,1.98,1.92
I1,2022-10-30,17:00:00,Lazio,Salernitana,1,3,1.0,0.0,A,H,1.5,4.5,6.5,1.66,2.2
I1,2022-10-30,19:45:00,Torino,Milan,2,1,2.0,0.0,H,H,3.75,3.3,2.1,2.1,1.72
I1,2022-10-31,17:30:00,Verona,Roma,1,3,1.0,1.0,A,D,4.33,3.6,1.83,1.98,1.92
I1,2022-10-31,19:45:00,Monza,Bologna,1,2,0.0,0.0,A,D,2.2,3.3,3.4,1.97,1.93
I1,2022-11-04,19:45:00,Udinese,Lecce,1,1,0.0,1.0,D,A,1.61,3.9,5.5,1.99,1.91
I1,2022-11-05,14:00:00,Empoli,Sassuolo,1,0,0.0,0.0,H,D,2.8,3.4,2.45,1.72,2.1
I1,2022-11-05,14:00:00,Salernitana,Cremonese,2,2,2.0,1.0,D,H,2.15,3.6,3.3,2.04,1.86
I1,2022-11-05,17:00:00,Atalanta,Napoli,1,2,1.0,2.0,A,A,3.3,3.6,2.15,1.66,2.2
I1,2022-11-05,19:45:00,Milan,Spezia,2,1,1.0,0.0,H,H,1.22,6.0,13.0,1.57,2.37
I1,2022-11-06,11:30:00,Bologna,Torino,2,1,0.0,1.0,H,A,3.0,3.1,2.5,2.3,1.61
I1,2022-11-06,14:00:00,Monza,Verona,2,0,0.0,0.0,H,D,2.2,3.4,3.3,1.92,1.98
I1,2022-11-06,14:00:00,Sampdoria,Fiorentina,0,2,0.0,1.0,A,A,4.2,3.4,1.9,2.06,1.84
I1,2022-11-06,17:00:00,Roma,Lazio,0,1,0.0,1.0,A,A,2.0,3.5,3.8,1.95,1.95
I1,2022-11-06,19:45:00,Juventus,Inter,2,0,0.0,0.0,H,D,3.1,3.4,2.37,1.99,1.91
I1,2022-11-08,17:30:00,Napoli,Empoli,2,0,0.0,0.0,H,D,1.25,6.5,9.5,1.4,3.0
I1,2022-11-08,17:30:00,Spezia,Udinese,1,1,1.0,1.0,D,D,4.0,3.5,1.9,1.99,1.91
I1,2022-11-08,19:45:00,Cremonese,Milan,0,0,0.0,0.0,D,D,6.0,4.2,1.55,1.72,2.1
I1,2022-11-09,17:30:00,Lecce,Atalanta,2,1,2.0,1.0,H,H,4.75,3.5,1.8,2.06,1.84
I1,2022-11-09,17:30:00,Sassuolo,Roma,1,1,0.0,0.0,D,D,3.4,3.6,2.1,1.83,2.07
I1,2022-11-09,19:45:00,Fiorentina,Salernitana,2,1,1.0,0.0,H,H,1.53,4.2,6.25,1.72,2.1
I1,2022-11-09,19:45:00,Inter,Bologna,6,1,3.0,1.0,H,H,1.28,5.75,10.0,1.53,2.5
I1,2022-11-09,19:45:00,Torino,Sampdoria,2,0,1.0,0.0,H,H,1.61,3.8,5.75,2.1,1.72
I1,2022-11-10,17:30:00,Verona,Juventus,0,1,0.0,0.0,A,D,5.0,3.8,1.66,2.01,1.89
I1,2022-11-10,19:45:00,Lazio,Monza,1,0,0.0,0.0,H,D,1.61,4.2,5.0,1.72,2.1
I1,2022-11-11,19:45:00,Empoli,Cremonese,2,0,0.0,0.0,H,D,2.5,3.4,2.8,1.97,1.93
I1,2022-11-12,14:00:00,Napoli,Udinese,3,2,2.0,0.0,H,H,1.5,4.75,5.75,1.57,2.37
I1,2022-11-12,17:00:00,Sampdoria,Lecce,0,2,0.0,1.0,A,A,2.62,3.0,3.0,2.5,1.53
I1,2022-11-12,19:45:00,Bologna,Sassuolo,3,0,1.0,0.0,H,H,2.3,3.5,3.0,1.87,2.03
I1,2022-11-13,11:30:00,Atalanta,Inter,2,3,1.0,1.0,A,D,3.1,3.75,2.2,1.72,2.1
I1,2022-11-13,14:00:00,Monza,Salernitana,3,0,2.0,0.0,H,H,2.15,3.25,3.6,1.9,2.0
I1,2022-11-13,14:00:00,Roma,Torino,1,1,0.0,0.0,D,D,1.9,3.4,4.33,2.2,1.66
I1,2022-11-13,14:00:00,Verona,Spezia,1,2,1.0,0.0,A,H,2.1,3.4,3.6,1.92,1.98
I1,2022-11-13,17:00:00,Milan,Fiorentina,2,1,1.0,1.0,H,D,1.7,3.8,5.0,1.9,2.0
I1,2022-11-13,19:45:00,Juventus,Lazio,3,0,1.0,0.0,H,H,1.95,3.5,4.0,2.05,1.85
I1,2023-01-04,11:30:00,Salernitana,Milan,1,2,0.0,2.0,A,A,7.0,4.33,1.45,1.73,2.1
I1,2023-01-04,11:30:00,Sassuolo,Sampdoria,1,2,0.0,2.0,A,A,1.73,3.75,4.75,1.96,1.94
I1,2023-01-04,13:30:00,Spezia,Atalanta,2,2,2.0,0.0,D,H,4.75,3.8,1.67,1.73,2.1
I1,2023-01-04,13:30:00,Torino,Verona,1,1,0.0,1.0,D,A,1.83,3.4,4.5,2.07,1.83
I1,2023-01-04,15:30:00,Lecce,Lazio,2,1,0.0,1.0,H,A,3.6,3.3,2.05,2.3,1.62
I1,2023-01-04,15:30:00,Roma,Bologna,1,0,1.0,0.0,H,H,1.6,3.8,5.5,2.0,1.8
I1,2023-01-04,17:30:00,Cremonese,Juventus,0,1,0.0,0.0,A,D,4.75,3.8,1.67,2.02,1.88
I1,2023-01-04,17:30:00,Fiorentina,Monza,1,1,1.0,0.0,D,H,1.7,3.8,4.75,1.91,1.99
I1,2023-01-04,19:45:00,Inter,Napoli,1,0,0.0,0.0,H,D,2.25,3.4,3.1,1.73,2.1
I1,2023-01-04,19:45:00,Udinese,Empoli,1,1,0.0,1.0,D,A,1.6,4.2,5.75,1.67,2.2
I1,2023-01-07,14:00:00,Fiorentina,Sassuolo,2,1,0.0,0.0,H,D,1.7,3.8,5.0,1.73,2.1
I1,2023-01-07,17:00:00,Juventus,Udinese,1,0,0.0,0.0,H,D,1.75,3.8,4.5,2.01,1.89
I1,2023-01-07,19:45:00,Monza,Inter,2,2,1.0,2.0,D,A,5.75,4.33,1.55,1.67,2.2
I1,2023-01-08,11:30:00,Salernitana,Torino,1,1,0.0,1.0,D,A,3.7,3.2,2.15,2.2,1.67
I1,2023-01-08,14:00:00,Lazio,Empoli,2,2,1.0,0.0,D,H,1.53,4.2,6.0,1.73,2.1
I1,2023-01-08,14:00:00,Spezia,Lecce,0,0,0.0,0.0,D,D,2.6,3.1,2.9,2.2,1.67
I1,2023-01-08,17:00:00,Sampdoria,Napoli,0,2,0.0,1.0,A,A,8.0,4.75,1.4,1.73,2.1
I1,2023-01-08,19:45:00,Milan,Roma,2,2,1.0,0.0,D,H,1.83,3.6,4.33,2.09,1.81
I1,2023-01-09,17:30:00,Verona,Cremonese,2,0,2.0,0.0,H,H,2.05,3.3,3.8,1.94,1.96
I1,2023-01-09,19:45:00,Bologna,Atalanta,1,2,1.0,0.0,A,H,3.4,3.4,2.15,1.92,1.98
I1,2023-01-13,19:45:00,Napoli,Juventus,5,1,2.0,1.0,H,H,1.91,3.5,4.0,2.06,1.84
I1,2023-01-14,14:00:00,Cremonese,Monza,2,3,0.0,2.0,A,A,2.8,3.3,2.55,2.0,1.8
I1,2023-01-14,17:00:00,Lecce,Milan,2,2,2.0,0.0,D,H,5.75,3.8,1.62,2.03,1.87
I1,2023-01-14,19:45:00,Inter,Verona,1,0,1.0,0.0,H,H,1.3,5.5,9.5,1.53,2.5
I1,2023-01-15,11:30:00,Sassuolo,Lazio,0,2,0.0,1.0,A,A,3.2,3.5,2.2,1.8,2.0
I1,2023-01-15,14:00:00,Torino,Spezia,0,1,0.0,1.0,A,A,1.62,3.8,5.5,2.07,1.83
I1,2023-01-15,14:00:00,Udinese,Bologna,1,2,1.0,0.0,A,H,1.91,3.4,4.2,2.0,1.9
I1,2023-01-15,17:00:00,Atalanta,Salernitana,8,2,5.0,1.0,H,H,1.4,5.0,7.0,1.57,2.38
I1,2023-01-15,19:45:00,Roma,Fiorentina,2,0,1.0,0.0,H,H,1.95,3.5,4.0,2.0,1.8
I1,2023-01-16,19:45:00,Empoli,Sampdoria,1,0,0.0,0.0,H,D,2.2,3.2,3.5,2.2,1.67
I1,2023-01-21,14:00:00,Verona,Lecce,2,0,1.0,0.0,H,H,2.38,3.1,3.2,2.38,1.57
I1,2023-01-21,17:00:00,Salernitana,Napoli,0,2,0.0,1.0,A,A,9.5,5.75,1.29,1.53,2.5
I1,2023-01-21,19:45:00,Fiorentina,Torino,0,1,0.0,1.0,A,A,2.1,3.3,3.6,2.2,1.67
I1,2023-01-22,11:30:00,Sampdoria,Udinese,0,1,0.0,0.0,A,D,3.6,3.25,2.15,2.1,1.73
I1,2023-01-22,14:00:00,Monza,Sassuolo,1,1,0.0,1.0,D,A,2.2,3.4,3.3,1.8,2.0
I1,2023-01-22,17:00:00,Spezia,Roma,0,2,0.0,1.0,A,A,4.75,3.5,1.83,2.06,1.84
I1,2023-01-22,19:45:00,Juventus,Atalanta,3,3,2.0,1.0,D,H,2.1,3.4,3.5,2.05,1.85
I1,2023-01-23,17:30:00,Bologna,Cremonese,1,1,0.0,0.0,D,D,1.91,3.4,4.33,2.1,1.73
I1,2023-01-23,19:45:00,Inter,Empoli,0,1,0.0,0.0,A,D,1.29,6.0,9.5,1.57,2.38
I1,2023-01-24,19:45:00,Lazio,Milan,4,0,2.0,0.0,H,H,3.2,3.4,2.25,1.92,1.98
I1,2023-01-27,17:30:00,Bologna,Spezia,2,0,1.0,0.0,H,H,1.85,3.4,4.5,2.2,1.67
I1,2023-01-27,19:45:00,Lecce,Salernitana,1,2,1.0,2.0,A,A,1.8,3.4,4.75,2.2,1.67
I1,2023-01-28,14:00:00,Empoli,Torino,2,2,1.0,0.0,D,H,3.25,3.1,2.4,2.2,1.67
I1,2023-01-28,17:00:00,Cremonese,Inter,1,2,1.0,1.0,A,D,6.5,4.33,1.5,1.67,2.2
I1,2023-01-28,19:45:00,Atalanta,Sampdoria,2,0,1.0,0.0,H,H,1.33,5.25,9.0,1.67,2.2
I1,2023-01-29,11:30:00,Milan,Sassuolo,2,5,1.0,3.0,A,A,1.5,4.5,6.5,1.53,2.5
I1,2023-01-29,14:00:00,Juventus,Monza,0,2,0.0,2.0,A,A,1.55,4.0,6.5,1.96,1.94
I1,2023-01-29,17:00:00,Lazio,Fiorentina,1,1,1.0,0.0,D,H,2.1,3.4,3.6,2.04,1.86
I1,2023-01-29,19:45:00,Napoli,Roma,2,1,1.0,0.0,H,H,1.73,3.6,5.25,2.04,1.86
I1,2023-01-30,19:45:00,Udinese,Verona,1,1,1.0,1.0,D,D,1.8,3.75,4.33,1.98,1.92
I1,2023-02-04,14:00:00,Cremonese,Lecce,0,2,0.0,0.0,A,D,2.63,3.1,2.8,2.38,1.57
I1,2023-02-04,17:00:00,Roma,Empoli,2,0,2.0,0.0,H,H,1.5,4.2,6.5,2.03,1.87
I1,2023-02-04,19:45:00,Sassuolo,Atalanta,1,0,0.0,0.0,H,D,3.75,3.6,1.91,1.57,2.38
I1,2023-02-05,11:30:00,Spezia,Napoli,0,3,0.0,0.0,A,D,8.0,5.25,1.36,1.67,2.2
I1,2023-02-05,14:00:00,Torino,Udinese,1,0,0.0,0.0,H,D,2.25,3.25,3.3,2.2,1.67
I1,2023-02-05,17:00:00,Fiorentina,Bologna,1,2,1.0,1.0,A,D,1.83,3.5,4.5,2.0,1.8
I1,2023-02-05,19:45:00,Inter,Milan,1,0,1.0,0.0,H,H,1.95,3.5,4.0,1.85,2.05
I1,2023-02-06,17:30:00,Verona,Lazio,1,1,0.0,1.0,D,A,3.6,3.6,2.0,2.0,1.8
I1,2023-02-06,19:45:00,Monza,Sampdoria,2,2,1.0,1.0,D,D,1.8,3.5,4.75,2.1,1.73
I1,2023-02-07,19:45:00,Salernitana,Juventus,0,3,0.0,2.0,A,A,7.0,4.2,1.5,2.02,1.88
I1,2023-02-10,19:45:00,Milan,Torino,1,0,0.0,0.0,H,D,1.8,3.5,4.75,2.2,1.67
I1,2023-02-11,14:00:00,Empoli,Spezia,2,2,0.0,2.0,D,A,2.0,3.5,3.75,2.0,1.8
I1,2023-02-11,17:00:00,Lecce,Roma,1,1,1.0,1.0,D,D,4.33,3.25,1.95,2.5,1.53
I1,2023-02-11,19:45:00,Lazio,Atalanta,0,2,0.0,1.0,A,A,2.38,3.4,3.0,1.9,2.0
I1,2023-02-12,11:30:00,Udinese,Sassuolo,2,2,2.0,2.0,D,D,2.0,3.6,3.6,1.8,2.0
I1,2023-02-12,14:00:00,Bologna,Monza,0,1,0.0,1.0,A,A,2.2,3.2,3.5,2.1,1.73
I1,2023-02-12,17:00:00,Juventus,Fiorentina,1,0,1.0,0.0,H,H,1.83,3.5,4.5,2.07,1.83
I1,2023-02-12,19:45:00,Napoli,Cremonese,3,0,1.0,0.0,H,H,1.18,7.5,13.0,1.44,2.75
I1,2023-02-13,17:30:00,Verona,Salernitana,1,0,1.0,0.0,H,H,1.85,3.4,4.5,2.03,1.87
I1,2023-02-13,19:45:00,Sampdoria,Inter,0,0,0.0,0.0,D,D,7.0,4.5,1.44,1.88,2.02
I1,2023-02-17,19:45:00,Sassuolo,Napoli,0,2,0.0,2.0,A,A,5.0,4.0,1.6,1.73,2.1
I1,2023-02-18,14:00:00,Sampdoria,Bologna,1,2,0.0,1.0,A,A,3.25,3.1,2.38,2.3,1.62
I1,2023-02-18,17:00:00,Monza,Milan,0,1,0.0,1.0,A,A,3.75,3.3,2.1,2.1,1.73
I1,2023-02-18,19:45:00,Inter,Udinese,3,1,1.0,1.0,H,D,1.53,4.2,6.0,1.73,2.1
I1,2023-02-19,11:30:00,Atalanta,Lecce,1,2,0.0,1.0,A,A,1.5,4.0,7.0,1.88,2.02
I1,2023-02-19,14:00:00,Fiorentina,Empoli,1,1,0.0,1.0,D,A,1.6,4.0,5.75,1.87,2.03
I1,2023-02-19,14:00:00,Salernitana,Lazio,0,2,0.0,0.0,A,D,5.5,3.75,1.7,1.93,1.97
I1,2023-02-19,17:00:00,Spezia,Juventus,0,2,0.0,1.0,A,A,6.0,3.75,1.62,2.07,1.83
I1,2023-02-19,19:45:00,Roma,Verona,1,0,1.0,0.0,H,H,1.65,3.6,5.75,2.2,1.67
I1,2023-02-20,19:45:00,Torino,Cremonese,2,2,1.0,0.0,D,H,1.65,3.8,5.25,2.1,1.73
I1,2023-02-25,17:00:00,Empoli,Napoli,0,2,0.0,2.0,A,A,7.0,4.75,1.44,1.67,2.2
I1,2023-02-25,19:45:00,Lecce,Sassuolo,0,1,0.0,0.0,A,D,2.45,3.25,2.9,2.1,1.73
I1,2023-02-26,11:30:00,Bologna,Inter,1,0,0.0,0.0,H,D,5.5,3.75,1.7,2.03,1.87
I1,2023-02-26,14:00:00,Salernitana,Monza,3,0,0.0,0.0,H,D,3.6,3.3,2.05,2.05,1.85
I1,2023-02-26,17:00:00,Udinese,Spezia,2,2,1.0,1.0,D,D,1.62,3.8,5.75,1.88,2.02
I1,2023-02-26,19:45:00,Milan,Atalanta,2,0,1.0,0.0,H,H,2.15,3.4,3.4,1.94,1.96
I1,2023-02-27,17:30:00,Verona,Fiorentina,0,3,0.0,2.0,A,A,3.25,3.25,2.25,2.2,1.67
I1,2023-02-27,19:45:00,Lazio,Sampdoria,1,0,0.0,0.0,H,D,1.44,4.33,8.0,1.99,1.91
I1,2023-02-28,17:30:00,Cremonese,Roma,2,1,1.0,0.0,H,H,5.25,3.4,1.75,2.38,1.57
I1,2023-02-28,19:45:00,Juventus,Torino,4,2,2.0,2.0,H,D,1.73,3.4,5.5,2.5,1.53
I1,2023-03-03,19:45:00,Napoli,Lazio,0,1,0.0,0.0,A,D,1.65,3.8,5.25,1.95,1.95
I1,2023-03-04,14:00:00,Monza,Empoli,2,1,1.0,0.0,H,H,2.1,3.25,3.8,2.1,1.73
I1,2023-03-04,17:00:00,Atalanta,Udinese,0,0,0.0,0.0,D,D,1.62,4.0,5.5,1.73,2.1
I1,2023-03-04,19:45:00,Fiorentina,Milan,2,1,0.0,0.0,H,D,2.8,3.3,2.55,2.1,1.73
I1,2023-03-05,11:30:00,Spezia,Verona,0,0,0.0,0.0,D,D,2.7,3.1,2.8,2.2,1.67
I1,2023-03-05,14:00:00,Sampdoria,Salernitana,0,0,0.0,0.0,D,D,2.3,3.25,3.2,2.2,1.67
I1,2023-03-05,17:00:00,Inter,Lecce,2,0,1.0,0.0,H,H,1.36,4.75,9.5,1.94,1.96
I1,2023-03-05,19:45:00,Roma,Juventus,1,0,0.0,0.0,H,D,2.7,3.0,2.88,2.5,1.53
I1,2023-03-06,17:30:00,Sassuolo,Cremonese,3,2,2.0,0.0,H,H,1.8,3.6,4.5,1.98,1.92
I1,2023-03-06,19:45:00,Torino,Bologna,1,0,1.0,0.0,H,H,2.4,2.9,3.4,2.38,1.57
I1,2023-03-10,19:45:00,Spezia,Inter,2,1,0.0,0.0,H,D,8.0,4.6,1.4,1.73,2.1
I1,2023-03-11,14:00:00,Empoli,Udinese,0,1,0.0,0.0,A,D,3.0,3.25,2.4,2.03,1.9
I1,2023-03-11,17:00:00,Napoli,Atalanta,2,0,0.0,0.0,H,D,1.67,4.0,5.0,1.8,2.0
I1,2023-03-11,19:45:00,Bologna,Lazio,0,0,0.0,0.0,D,D,3.1,3.1,2.38,2.3,1.62
I1,2023-03-12,11:30:00,Lecce,Torino,0,2,0.0,2.0,A,A,3.0,3.0,2.63,2.75,1.44
I1,2023-03-12,14:00:00,Cremonese,Fiorentina,0,2,0.0,1.0,A,A,4.33,3.6,1.85,2.03,1.9
I1,2023-03-12,14:00:00,Verona,Monza,1,1,0.0,0.0,D,D,2.5,3.2,2.9,2.2,1.67
I1,2023-03-12,17:00:00,Roma,Sassuolo,3,4,1.0,3.0,A,A,1.67,3.6,5.5,2.08,1.85
I1,2023-03-12,19:45:00,Juventus,Sampdoria,4,2,2.0,2.0,H,D,1.33,4.75,10.0,2.05,1.88
I1,2023-03-13,19:45:00,Milan,Salernitana,1,1,1.0,0.0,D,H,1.25,6.0,11.0,1.67,2.2
I1,2023-03-17,17:30:00,Sassuolo,Spezia,1,0,0.0,0.0,H,D,1.7,3.75,4.5,1.73,2.1
I1,2023-03-17,19:45:00,Atalanta,Empoli,2,1,0.0,1.0,H,A,1.4,4.5,7.5,1.67,2.2
I1,2023-03-18,14:00:00,Monza,Cremonese,1,1,0.0,0.0,D,D,1.8,3.5,4.5,2.1,1.73
I1,2023-03-18,17:00:00,Salernitana,Bologna,2,2,1.0,1.0,D,D,3.4,3.25,2.2,2.2,1.67
I1,2023-03-18,19:45:00,Udinese,Milan,3,1,2.0,1.0,H,H,3.5,3.4,2.15,2.01,1.89
I1,2023-03-19,11:30:00,Sampdoria,Verona,3,1,2.0,0.0,H,H,2.88,3.1,2.45,2.38,1.57
I1,2023-03-19,14:00:00,Fiorentina,Lecce,1,0,1.0,0.0,H,H,1.6,3.75,5.75,2.1,1.73
I1,2023-03-19,14:00:00,Torino,Napoli,0,4,0.0,2.0,A,A,4.33,3.6,1.75,2.2,1.67
I1,2023-03-19,17:00:00,Lazio,Roma,1,0,0.0,0.0,H,D,2.75,3.0,2.75,2.63,1.5
I1,2023-03-19,19:45:00,Inter,Juventus,0,1,0.0,1.0,A,A,1.91,3.4,4.0,2.1,1.73
I1,2023-04-01,14:00:00,Cremonese,Atalanta,1,3,0.0,1.0,A,A,5.5,3.8,1.67,1.84,2.06
I1,2023-04-01,17:00:00,Inter,Fiorentina,0,1,0.0,0.0,A,D,1.75,3.8,4.5,1.8,2.0
I1,2023-04-01,19:45:00,Juventus,Verona,1,0,0.0,0.0,H,D,1.4,4.2,9.0,2.1,1.73
I1,2023-04-02,11:30:00,Bologna,Udinese,3,0,2.0,0.0,H,H,2.2,3.3,3.4,2.0,1.8
I1,2023-04-02,14:00:00,Monza,Lazio,0,2,0.0,1.0,A,A,3.8,3.3,2.05,2.3,1.62
I1,2023-04-02,14:00:00,Spezia,Salernitana,1,1,0.0,1.0,D,A,2.3,3.3,3.2,2.1,1.73
I1,2023-04-02,17:00:00,Roma,Sampdoria,3,0,0.0,0.0,H,D,1.44,4.2,9.0,2.08,1.82
I1,2023-04-02,19:45:00,Napoli,Milan,0,4,0.0,2.0,A,A,1.73,3.6,5.0,2.06,1.84
I1,2023-04-03,17:30:00,Empoli,Lecce,1,0,0.0,0.0,H,D,2.45,3.1,3.1,2.38,1.57
I1,2023-04-03,19:45:00,Sassuolo,Torino,1,1,1.0,0.0,D,H,2.4,3.3,3.0,2.1,1.73
I1,2023-04-07,16:00:00,Salernitana,Inter,1,1,0.0,1.0,D,A,7.5,4.5,1.45,1.73,2.1
I1,2023-04-07,18:00:00,Lecce,Napoli,1,2,0.0,1.0,A,A,5.75,3.6,1.65,2.2,1.67
I1,2023-04-07,20:00:00,Milan,Empoli,0,0,0.0,0.0,D,D,1.36,4.75,9.0,1.8,2.0
I1,2023-04-08,11:30:00,Udinese,Monza,2,2,1.0,0.0,D,H,2.0,3.5,3.8,2.04,1.86
I1,2023-04-08,13:30:00,Fiorentina,Spezia,1,1,1.0,1.0,D,D,1.4,4.5,8.5,1.8,2.0
I1,2023-04-08,15:30:00,Atalanta,Bologna,0,2,0.0,0.0,A,D,1.65,3.8,5.5,2.02,1.88
I1,2023-04-08,15:30:00,Sampdoria,Cremonese,2,3,1.0,1.0,A,D,2.38,3.25,3.2,2.1,1.73
I1,2023-04-08,17:30:00,Torino,Roma,0,1,0.0,1.0,A,A,3.4,3.0,2.38,2.75,1.44
I1,2023-04-08,17:30:00,Verona,Sassuolo,2,1,0.0,1.0,H,A,2.63,3.3,2.7,2.04,1.86
I1,2023-04-08,19:45:00,Lazio,Juventus,2,1,1.0,1.0,H,D,2.75,2.9,2.9,2.63,1.5
I1,2023-04-14,17:30:00,Cremonese,Empoli,1,0,1.0,0.0,H,H,2.45,3.3,2.88,2.0,1.8
I1,2023-04-14,19:45:00,Spezia,Lazio,0,3,0.0,1.0,A,A,5.25,3.6,1.7,2.1,1.73
I1,2023-04-15,14:00:00,Bologna,Milan,1,1,1.0,1.0,D,D,3.1,3.1,2.45,2.3,1.62
I1,2023-04-15,17:00:00,Napoli,Verona,0,0,0.0,0.0,D,D,1.53,4.0,6.5,2.03,1.87
I1,2023-04-15,19:45:00,Inter,Monza,0,1,0.0,0.0,A,D,1.44,4.5,7.5,1.8,2.0
I1,2023-04-16,11:30:00,Lecce,Sampdoria,1,1,1.0,0.0,D,H,1.95,3.2,4.33,2.38,1.57
I1,2023-04-16,14:00:00,Torino,Salernitana,1,1,0.0,1.0,D,A,1.73,3.5,5.25,2.2,1.67
I1,2023-04-16,17:00:00,Sassuolo,Juventus,1,0,0.0,0.0,H,D,3.8,3.5,2.0,2.06,1.84
I1,2023-04-16,19:45:00,Roma,Udinese,3,0,1.0,0.0,H,H,1.85,3.4,4.5,2.3,1.62
I1,2023-04-17,19:45:00,Fiorentina,Atalanta,1,1,0.0,1.0,D,A,2.4,3.4,2.9,1.89,2.01
I1,2023-04-21,19:45:00,Verona,Bologna,2,1,1.0,0.0,H,H,2.75,3.0,2.8,2.75,1.44
I1,2023-04-22,14:00:00,Salernitana,Sassuolo,3,0,2.0,0.0,H,H,3.1,3.5,2.25,1.9,2.0
I1,2023-04-22,17:00:00,Lazio,Torino,0,1,0.0,1.0,A,A,1.83,3.4,4.75,2.63,1.5
I1,2023-04-22,19:45:00,Sampdoria,Spezia,1,1,1.0,0.0,D,H,2.55,3.2,2.88,2.1,1.73
I1,2023-04-23,11:30:00,Empoli,Inter,0,3,0.0,0.0,A,D,6.5,4.2,1.53,1.8,2.0
I1,2023-04-23,14:00:00,Monza,Fiorentina,3,2,2.0,2.0,H,D,3.7,3.4,2.05,2.0,1.8
I1,2023-04-23,14:00:00,Udinese,Cremonese,3,0,3.0,0.0,H,H,1.7,3.8,5.0,1.88,2.02
I1,2023-04-23,17:00:00,Milan,Lecce,2,0,1.0,0.0,H,H,1.5,4.2,7.0,2.1,1.73
I1,2023-04-23,19:45:00,Juventus,Napoli,0,1,0.0,0.0,A,D,2.88,3.1,2.6,2.2,1.67
I1,2023-04-24,19:45:00,Atalanta,Roma,3,1,1.0,0.0,H,H,2.3,3.25,3.2,2.2,1.67
I1,2023-04-28,17:30:00,Lecce,Udinese,1,0,0.0,0.0,H,D,2.45,3.0,3.2,2.5,1.53
I1,2023-04-28,19:45:00,Spezia,Monza,0,2,0.0,1.0,A,A,2.8,3.3,2.55,2.1,1.73
I1,2023-04-29,17:00:00,Roma,Milan,1,1,0.0,0.0,D,D,2.75,3.0,2.75,2.5,1.53
I1,2023-04-29,19:45:00,Torino,Atalanta,1,2,0.0,1.0,A,A,2.88,3.3,2.45,2.0,1.8
I1,2023-04-30,11:30:00,Inter,Lazio,3,1,0.0,1.0,H,A,1.8,3.6,4.5,2.0,1.8
I1,2023-04-30,14:00:00,Cremonese,Verona,1,1,1.0,0.0,D,H,3.0,3.3,2.45,2.2,1.67
I1,2023-04-30,14:00:00,Napoli,Salernitana,1,1,0.0,0.0,D,D,1.22,6.5,12.0,1.62,2.3
I1,2023-04-30,14:00:00,Sassuolo,Empoli,2,1,0.0,1.0,H,A,1.75,3.8,4.5,1.73,2.1
I1,2023-04-30,17:00:00,Fiorentina,Sampdoria,5,0,1.0,0.0,H,H,1.33,5.25,9.0,1.62,2.3
I1,2023-04-30,19:45:00,Bologna,Juventus,1,1,1.0,0.0,D,H,3.4,3.3,2.2,2.38,1.57
I1,2023-05-03,17:00:00,Atalanta,Spezia,3,2,1.0,1.0,H,D,1.36,5.0,8.0,1.67,2.2
I1,2023-05-03,17:00:00,Juventus,Lecce,2,1,2.0,1.0,H,H,1.6,3.8,6.0,2.2,1.67
I1,2023-05-03,17:00:00,Salernitana,Fiorentina,3,3,1.0,1.0,D,D,4.75,3.75,1.73,1.93,1.97
I1,2023-05-03,17:00:00,Sampdoria,Torino,0,2,0.0,1.0,A,A,4.2,3.4,1.91,2.2,1.67
I1,2023-05-03,20:00:00,Lazio,Sassuolo,2,0,1.0,0.0,H,H,1.67,4.0,5.0,1.87,2.03
I1,2023-05-03,20:00:00,Milan,Cremonese,1,1,0.0,0.0,D,D,1.33,5.0,9.5,1.85,2.05
I1,2023-05-03,20:00:00,Monza,Roma,1,1,1.0,1.0,D,D,3.75,3.1,2.15,2.5,1.53
I1,2023-05-03,20:00:00,Verona,Inter,0,6,0.0,3.0,A,A,5.5,3.75,1.67,2.1,1.73
I1,2023-05-04,19:45:00,Empoli,Bologna,3,1,2.0,0.0,H,H,2.9,3.2,2.55,2.3,1.62
I1,2023-05-04,19:45:00,Udinese,Napoli,1,1,1.0,0.0,D,H,4.75,3.6,1.75,1.92,1.98
I1,2023-05-06,14:00:00,Milan,Lazio,2,0,2.0,0.0,H,H,1.95,3.4,4.0,2.2,1.67
I1,2023-05-06,17:00:00,Roma,Inter,0,2,0.0,1.0,A,A,3.1,3.1,2.45,2.3,1.62
I1,2023-05-06,19:45:00,Cremonese,Spezia,2,0,1.0,0.0,H,H,2.35,3.4,3.0,2.06,1.84
I1,2023-05-07,11:30:00,Atalanta,Juventus,0,2,0.0,0.0,A,D,2.3,3.4,3.1,2.1,1.73
I1,2023-05-07,14:00:00,Torino,Monza,1,1,0.0,0.0,D,D,2.0,3.3,4.0,2.3,1.62
I1,2023-05-07,17:00:00,Napoli,Fiorentina,1,0,0.0,0.0,H,D,1.8,3.8,4.33,1.73,2.1
I1,2023-05-07,19:45:00,Lecce,Verona,0,1,0.0,0.0,A,D,2.2,3.0,3.75,2.5,1.53
I1,2023-05-08,17:30:00,Empoli,Salernitana,2,1,1.0,0.0,H,H,2.2,3.1,3.6,2.1,1.73
I1,2023-05-08,17:30:00,Udinese,Sampdoria,2,0,2.0,0.0,H,H,1.5,4.33,6.5,1.86,2.04
I1,2023-05-08,19:45:00,Sassuolo,Bologna,1,1,1.0,1.0,D,D,2.3,3.5,3.0,1.88,2.02
I1,2023-05-12,19:45:00,Lazio,Lecce,2,2,1.0,1.0,D,D,1.7,3.5,5.5,2.3,1.62
I1,2023-05-13,14:00:00,Salernitana,Atalanta,1,0,0.0,0.0,H,D,4.75,4.2,1.65,1.67,2.2
I1,2023-05-13,17:00:00,Spezia,Milan,2,0,0.0,0.0,H,D,4.2,3.5,1.91,2.03,1.87
I1,2023-05-13,19:45:00,Inter,Sassuolo,4,2,1.0,0.0,H,H,1.4,5.0,7.0,1.53,2.5
I1,2023-05-14,11:30:00,Verona,Torino,0,1,0.0,1.0,A,A,2.4,3.1,3.2,2.63,1.5
I1,2023-05-14,14:00:00,Fiorentina,Udinese,2,0,1.0,0.0,H,H,1.95,3.6,3.8,1.92,1.98
I1,2023-05-14,14:00:00,Monza,Napoli,2,0,1.0,0.0,H,H,4.75,3.75,1.73,1.92,1.98
I1,2023-05-14,17:00:00,Bologna,Roma,0,0,0.0,0.0,D,D,3.1,3.1,2.45,2.5,1.53
I1,2023-05-14,19:45:00,Juventus,Cremonese,2,0,0.0,0.0,H,D,1.36,4.75,9.0,1.8,2.0
I1,2023-05-15,19:45:00,Sampdoria,Empoli,1,1,1.0,0.0,D,H,3.2,3.3,2.3,1.97,1.93
I1,2023-05-19,19:45:00,Sassuolo,Monza,1,2,1.0,0.0,A,H,2.15,3.6,3.2,1.73,2.1
I1,2023-05-20,14:00:00,Cremonese,Bologna,1,5,0.0,3.0,A,A,2.88,3.4,2.4,2.07,1.83
I1,2023-05-20,17:00:00,Atalanta,Verona,3,1,1.0,1.0,H,D,1.53,4.2,6.0,1.86,2.04
I1,2023-05-20,19:45:00,Milan,Sampdoria,5,1,3.0,1.0,H,H,1.17,7.5,17.0,1.57,2.38
I1,2023-05-21,11:30:00,Lecce,Spezia,0,0,0.0,0.0,D,D,2.2,3.1,3.6,2.3,1.62
I1,2023-05-21,14:00:00,Torino,Fiorentina,1,1,0.0,0.0,D,D,1.95,3.4,4.2,2.2,1.67
I1,2023-05-21,17:00:00,Napoli,Inter,3,1,0.0,0.0,H,D,2.9,3.3,2.45,2.0,1.9
I1,2023-05-21,19:45:00,Udinese,Lazio,0,1,0.0,0.0,A,D,3.8,3.4,2.0,2.02,1.88
I1,2023-05-22,17:30:00,Roma,Salernitana,2,2,0.0,1.0,D,A,1.45,4.2,7.5,2.01,1.89
I1,2023-05-22,19:45:00,Empoli,Juventus,4,1,2.0,0.0,H,H,5.5,3.75,1.65,1.99,1.91
I1,2023-05-26,19:45:00,Sampdoria,Sassuolo,2,2,1.0,2.0,D,A,3.8,4.1,1.83,1.62,2.3
I1,2023-05-27,14:00:00,Salernitana,Udinese,3,2,1.0,2.0,H,A,2.7,3.5,2.55,1.84,2.06
I1,2023-05-27,14:00:00,Spezia,Torino,0,4,0.0,1.0,A,A,2.38,3.25,3.1,2.2,1.67
I1,2023-05-27,17:00:00,Fiorentina,Roma,2,1,0.0,1.0,H,A,2.05,3.5,3.6,2.2,1.67
I1,2023-05-27,19:45:00,Inter,Atalanta,3,2,2.0,1.0,H,H,1.83,3.8,4.0,1.73,2.1
I1,2023-05-28,11:30:00,Verona,Empoli,1,1,0.0,0.0,D,D,1.7,3.8,5.0,2.0,1.9
I1,2023-05-28,14:00:00,Bologna,Napoli,2,2,0.0,1.0,D,A,3.4,3.3,2.2,2.0,1.9
I1,2023-05-28,14:00:00,Monza,Lecce,0,1,0.0,0.0,A,D,2.45,3.3,2.9,2.3,1.62
I1,2023-05-28,17:00:00,Lazio,Cremonese,3,2,2.0,0.0,H,H,1.22,6.5,12.0,1.53,2.5
I1,2023-05-28,19:45:00,Juventus,Milan,0,1,0.0,1.0,A,A,2.3,3.4,3.1,2.1,1.73
I1,2023-06-02,19:30:00,Sassuolo,Fiorentina,1,3,0.0,0.0,A,D,2.6,3.75,2.5,1.44,2.75
I1,2023-06-03,17:30:00,Torino,Inter,0,1,0.0,1.0,A,A,2.3,3.5,3.0,2.05,1.88
I1,2023-06-03,20:00:00,Cremonese,Salernitana,2,0,1.0,0.0,H,H,2.6,3.6,2.5,1.57,2.38
I1,2023-06-03,20:00:00,Empoli,Lazio,0,2,0.0,0.0,A,D,3.25,3.75,2.1,1.73,2.1
I1,2023-06-04,17:30:00,Napoli,Sampdoria,2,0,0.0,0.0,H,D,1.18,7.0,13.0,1.36,3.2
I1,2023-06-04,20:00:00,Atalanta,Monza,5,2,2.0,0.0,H,H,1.57,4.5,5.0,1.53,2.5
I1,2023-06-04,20:00:00,Lecce,Bologna,2,3,1.0,0.0,A,H,2.75,3.5,2.45,1.99,1.94
I1,2023-06-04,20:00:00,Milan,Verona,3,1,1.0,0.0,H,H,1.73,4.0,4.5,1.94,1.99
I1,2023-06-04,20:00:00,Roma,Spezia,2,1,1.0,1.0,H,D,1.95,3.6,3.8,2.01,1.92
I1,2023-06-04,20:00:00,Udinese,Juventus,0,1,0.0,0.0,A,D,3.8,3.5,1.95,1.97,1.96
I2,2022-08-12,19:45:00,Parma,Bari,2,2,2.0,2.0,D,D,1.8,3.25,4.0,2.05,1.8
I2,2022-08-13,19:45:00,Cittadella,Pisa,4,3,1.0,1.0,H,D,2.3,3.2,2.75,2.2,1.65
I2,2022-08-13,19:45:00,Como,Cagliari,1,1,1.0,0.0,D,H,3.2,3.3,1.95,2.2,1.65
I2,2022-08-13,19:45:00,Palermo,Perugia,2,0,1.0,0.0,H,H,2.1,3.1,3.1,2.2,1.65
I2,2022-08-14,19:45:00,Ascoli,Ternana,2,1,2.0,0.0,H,H,2.0,3.2,3.5,1.95,1.9
I2,2022-08-14,19:45:00,Benevento,Cosenza,0,1,0.0,0.0,A,D,1.5,3.6,7.0,1.95,1.9
I2,2022-08-14,19:45:00,Brescia,Sudtirol,2,0,1.0,0.0,H,H,1.5,3.5,6.0,1.9,1.95
I2,2022-08-14,19:45:00,Modena,Frosinone,0,1,0.0,1.0,A,A,2.62,3.2,2.4,2.2,1.65
I2,2022-08-14,19:45:00,Spal,Reggina,1,3,0.0,1.0,A,A,1.72,3.25,4.2,2.05,1.75
I2,2022-08-14,19:45:00,Venezia,Genoa,1,2,0.0,1.0,A,A,3.2,3.2,2.15,2.1,1.7
I2,2022-08-19,19:45:00,Bari,Palermo,1,1,0.0,1.0,D,A,2.37,3.25,3.0,2.1,1.7
I2,2022-08-20,19:45:00,Ascoli,Spal,1,1,1.0,1.0,D,D,2.0,3.4,3.6,1.98,1.88
I2,2022-08-20,19:45:00,Genoa,Benevento,0,0,0.0,0.0,D,D,1.8,3.6,4.5,1.95,1.9
I2,2022-08-20,19:45:00,Perugia,Parma,0,0,0.0,0.0,D,D,2.8,3.2,2.6,2.1,1.7
I2,2022-08-21,19:45:00,Cagliari,Cittadella,2,1,0.0,1.0,H,A,1.85,3.4,4.0,2.1,1.7
I2,2022-08-21,19:45:00,Cosenza,Modena,2,1,0.0,1.0,H,A,2.62,3.2,2.75,2.15,1.66
I2,2022-08-21,19:45:00,Frosinone,Brescia,3,0,1.0,0.0,H,H,2.6,3.2,2.7,2.05,1.75
I2,2022-08-21,19:45:00,Pisa,Como,2,2,1.0,1.0,D,D,1.75,3.75,4.5,1.8,2.0
I2,2022-08-21,19:45:00,Sudtirol,Venezia,1,2,0.0,0.0,A,D,2.8,3.2,2.55,2.15,1.66
I2,2022-08-21,19:45:00,Ternana,Reggina,1,0,1.0,0.0,H,H,2.0,3.4,3.6,1.9,1.95
I2,2022-08-27,19:45:00,Modena,Ternana,4,1,2.0,0.0,H,H,2.25,3.3,3.2,2.02,1.83
I2,2022-08-27,19:45:00,Palermo,Ascoli,2,3,1.0,2.0,A,A,2.37,3.25,3.0,2.0,1.85
I2,2022-08-27,19:45:00,Spal,Cagliari,1,0,1.0,0.0,H,H,2.8,3.25,2.5,2.0,1.85
I2,2022-08-28,19:45:00,Benevento,Frosinone,2,1,1.0,0.0,H,H,2.3,3.2,3.3,2.07,1.72
I2,2022-08-28,19:45:00,Cittadella,Venezia,1,1,0.0,0.0,D,D,2.25,3.2,3.25,2.1,1.7
I2,2022-08-28,19:45:00,Parma,Cosenza,1,0,1.0,0.0,H,H,1.57,3.75,5.75,1.98,1.88
I2,2022-08-28,19:45:00,Perugia,Bari,1,3,0.0,1.0,A,A,2.37,3.2,3.0,2.15,1.66
I2,2022-08-28,19:45:00,Pisa,Genoa,0,1,0.0,1.0,A,A,3.3,3.2,2.2,2.0,1.85
I2,2022-08-28,19:45:00,Reggina,Sudtirol,4,0,2.0,0.0,H,H,1.95,3.5,3.75,2.25,1.61
I2,2022-08-29,19:45:00,Como,Brescia,0,1,0.0,1.0,A,A,2.7,3.2,2.6,1.98,1.88
I2,2022-09-02,19:30:00,Cagliari,Modena,1,0,1.0,0.0,H,H,1.8,3.6,4.5,2.02,1.83
I2,2022-09-03,13:00:00,Ascoli,Cittadella,0,0,0.0,0.0,D,D,2.2,3.2,3.25,2.15,1.66
I2,2022-09-03,13:00:00,Bari,Spal,2,2,2.0,0.0,D,H,2.1,3.3,3.4,1.95,1.9
I2,2022-09-03,13:00:00,Brescia,Perugia,2,1,2.0,1.0,H,H,1.9,3.4,3.8,2.07,1.72
I2,2022-09-03,13:00:00,Frosinone,Como,2,0,1.0,0.0,H,H,1.72,3.75,4.2,1.85,2.0
I2,2022-09-03,13:00:00,Reggina,Palermo,3,0,1.0,0.0,H,H,2.15,3.3,3.3,2.15,1.66
I2,2022-09-03,13:00:00,Ternana,Cosenza,1,1,1.0,0.0,D,H,1.75,3.75,4.5,1.93,1.93
I2,2022-09-03,13:00:00,Venezia,Benevento,0,2,0.0,0.0,A,D,2.45,3.25,2.8,2.07,1.72
I2,2022-09-03,15:15:00,Genoa,Parma,3,3,2.0,2.0,D,D,1.66,3.8,4.75,1.95,1.9
I2,2022-09-04,15:15:00,Sudtirol,Pisa,2,1,1.0,1.0,H,D,2.9,3.1,2.5,2.25,1.61
I2,2022-09-09,19:30:00,Palermo,Genoa,1,0,0.0,0.0,H,D,3.8,3.3,1.85,2.02,1.83
I2,2022-09-10,13:00:00,Benevento,Cagliari,0,2,0.0,0.0,A,D,2.5,3.2,2.6,2.07,1.72
I2,2022-09-10,13:00:00,Cittadella,Frosinone,1,0,0.0,0.0,H,D,2.75,3.2,2.4,2.15,1.66
I2,2022-09-10,13:00:00,Como,Sudtirol,0,2,0.0,0.0,A,D,2.0,3.3,3.4,2.05,1.75
I2,2022-09-10,13:00:00,Cosenza,Bari,0,1,0.0,1.0,A,A,3.0,3.25,2.25,2.15,1.66
I2,2022-09-10,13:00:00,Modena,Brescia,1,3,1.0,1.0,A,D,2.5,3.2,2.62,2.1,1.7
I2,2022-09-10,13:00:00,Parma,Ternana,2,3,1.0,0.0,A,H,1.57,3.75,5.5,1.83,2.02
I2,2022-09-10,13:00:00,Pisa,Reggina,0,1,0.0,1.0,A,A,2.1,3.3,3.2,2.05,1.75
I2,2022-09-10,15:15:00,Perugia,Ascoli,1,0,1.0,0.0,H,H,2.25,3.2,3.0,2.1,1.7
I2,2022-09-11,15:15:00,Spal,Venezia,2,0,1.0,0.0,H,H,2.3,3.25,2.8,2.05,1.75
I2,2022-09-16,19:30:00,Brescia,Benevento,1,0,0.0,0.0,H,D,2.15,3.0,3.3,2.0,1.85
I2,2022-09-17,13:00:00,Ascoli,Parma,1,3,0.0,2.0,A,A,2.9,3.2,2.25,2.05,1.75
I2,2022-09-17,13:00:00,Cagliari,Bari,0,1,0.0,0.0,A,D,1.8,3.4,4.2,2.02,1.83
I2,2022-09-17,13:00:00,Como,Spal,3,3,1.0,1.0,D,D,2.3,3.3,2.8,1.95,1.9
I2,2022-09-17,13:00:00,Frosinone,Palermo,1,0,1.0,0.0,H,H,1.8,3.3,4.2,1.93,1.93
I2,2022-09-17,13:00:00,Reggina,Cittadella,3,0,1.0,0.0,H,H,2.15,3.2,3.2,2.2,1.65
I2,2022-09-17,13:00:00,Sudtirol,Cosenza,1,1,1.0,0.0,D,H,2.1,3.25,3.3,2.25,1.61
I2,2022-09-17,13:00:00,Venezia,Pisa,1,1,1.0,1.0,D,D,2.2,3.25,3.1,2.1,1.7
I2,2022-09-17,15:15:00,Genoa,Modena,1,0,1.0,0.0,H,H,1.5,3.75,6.0,1.93,1.93
I2,2022-09-18,15:15:00,Ternana,Perugia,1,0,1.0,0.0,H,H,2.4,3.25,2.75,2.0,1.85
I2,2022-09-30,19:30:00,Cosenza,Como,3,1,2.0,1.0,H,H,2.6,3.3,2.7,2.1,1.7
I2,2022-10-01,13:00:00,Bari,Brescia,6,2,3.0,0.0,H,H,2.3,3.3,3.2,2.02,1.83
I2,2022-10-01,13:00:00,Cagliari,Venezia,1,4,1.0,0.0,A,H,1.83,3.5,4.5,2.05,1.75
I2,2022-10-01,13:00:00,Cittadella,Ternana,0,2,0.0,1.0,A,A,2.1,3.4,3.5,1.98,1.88
I2,2022-10-01,13:00:00,Modena,Reggina,1,0,0.0,0.0,H,D,2.4,3.25,3.0,2.07,1.72
I2,2022-10-01,13:00:00,Palermo,Sudtirol,0,1,0.0,1.0,A,A,1.85,3.4,4.5,2.1,1.7
I2,2022-10-01,13:00:00,Parma,Frosinone,2,1,1.0,0.0,H,H,2.15,3.4,3.4,1.98,1.88
I2,2022-10-01,13:00:00,Spal,Genoa,0,2,0.0,1.0,A,A,3.6,3.4,2.05,2.05,1.75
I2,2022-10-01,15:15:00,Perugia,Pisa,1,3,0.0,1.0,A,A,2.15,3.3,3.5,2.2,1.65
I2,2022-10-02,15:15:00,Benevento,Ascoli,1,1,0.0,1.0,D,A,1.9,3.6,4.0,2.1,1.7
I2,2022-10-07,19:30:00,Genoa,Cagliari,0,0,0.0,0.0,D,D,1.75,3.6,4.75,1.93,1.93
I2,2022-10-08,13:00:00,Ascoli,Modena,1,2,1.0,0.0,A,H,2.1,3.2,3.4,2.1,1.7
I2,2022-10-08,13:00:00,Brescia,Cittadella,1,1,1.0,0.0,D,H,1.9,3.25,4.0,2.15,1.66
I2,2022-10-08,13:00:00,Pisa,Parma,0,0,0.0,0.0,D,D,2.8,3.1,2.5,2.15,1.66
I2,2022-10-08,13:00:00,Ternana,Palermo,3,0,0.0,0.0,H,D,2.2,3.25,3.2,2.0,1.85
I2,2022-10-08,13:00:00,Venezia,Bari,1,2,0.0,0.0,A,D,2.3,3.3,2.9,2.02,1.83
I2,2022-10-08,15:15:00,Frosinone,Spal,2,0,0.0,0.0,H,D,1.65,3.6,5.5,1.93,1.93
I2,2022-10-08,15:15:00,Reggina,Cosenza,3,0,1.0,0.0,H,H,1.65,3.5,5.5,2.2,1.65
I2,2022-10-09,15:15:00,Como,Perugia,1,0,1.0,0.0,H,H,2.4,3.3,2.8,2.05,1.75
I2,2022-10-09,15:15:00,Sudtirol,Benevento,1,1,0.0,1.0,D,A,3.0,3.0,2.45,2.3,1.6
I2,2022-10-14,19:30:00,Venezia,Frosinone,1,3,1.0,0.0,A,H,2.75,3.1,2.7,2.15,1.66
I2,2022-10-15,13:00:00,Benevento,Ternana,2,3,2.0,0.0,A,H,2.15,3.4,3.25,2.0,1.85
I2,2022-10-15,13:00:00,Cagliari,Brescia,2,1,2.0,0.0,H,H,1.9,3.5,3.8,2.0,1.85
I2,2022-10-15,13:00:00,Cittadella,Spal,0,0,0.0,0.0,D,D,2.15,3.25,3.4,2.1,1.7
I2,2022-10-15,13:00:00,Cosenza,Genoa,1,2,1.0,2.0,A,A,5.25,3.75,1.61,2.02,1.83
I2,2022-10-15,13:00:00,Modena,Como,5,1,3.0,0.0,H,H,2.05,3.3,3.5,1.98,1.88
I2,2022-10-15,13:00:00,Palermo,Pisa,3,3,2.0,1.0,D,H,2.25,3.4,3.0,2.05,1.75
I2,2022-10-15,13:00:00,Parma,Reggina,2,0,0.0,0.0,H,D,1.9,3.5,4.0,2.0,1.85
I2,2022-10-15,15:15:00,Bari,Ascoli,0,2,0.0,0.0,A,D,2.05,3.3,3.6,2.15,1.66
I2,2022-10-16,15:15:00,Perugia,Sudtirol,1,2,0.0,1.0,A,A,1.9,3.4,4.0,2.25,1.61
I2,2022-10-22,13:00:00,Brescia,Venezia,1,1,1.0,0.0,D,H,2.2,3.2,3.3,2.0,1.85
I2,2022-10-22,13:00:00,Como,Benevento,2,1,2.0,1.0,H,H,2.6,3.3,2.62,1.93,1.93
I2,2022-10-22,13:00:00,Frosinone,Bari,1,0,0.0,0.0,H,D,1.9,3.3,4.2,1.98,1.88
I2,2022-10-22,13:00:00,Reggina,Perugia,2,3,0.0,1.0,A,A,1.9,3.3,4.2,2.15,1.66
I2,2022-10-22,13:00:00,Spal,Cosenza,5,0,2.0,0.0,H,H,1.72,3.5,5.25,2.05,1.8
I2,2022-10-22,13:00:00,Sudtirol,Parma,1,0,1.0,0.0,H,H,3.0,3.2,2.4,2.15,1.66
I2,2022-10-22,15:15:00,Ternana,Genoa,1,2,1.0,0.0,A,H,3.75,3.4,1.9,1.95,1.9
I2,2022-10-23,15:15:00,Palermo,Cittadella,0,0,0.0,0.0,D,D,2.37,3.1,3.1,2.15,1.66
I2,2022-10-23,15:15:00,Pisa,Modena,4,2,1.0,1.0,H,D,2.1,3.3,3.5,2.05,1.75
I2,2022-10-24,19:30:00,Ascoli,Cagliari,2,1,1.0,0.0,H,H,2.7,3.25,2.62,2.15,1.66
I2,2022-10-28,19:30:00,Bari,Ternana,0,0,0.0,0.0,D,D,2.25,3.25,3.2,2.0,1.85
I2,2022-10-29,13:00:00,Benevento,Pisa,0,0,0.0,0.0,D,D,2.25,3.3,3.1,2.07,1.72
I2,2022-10-29,13:00:00,Cagliari,Reggina,1,1,1.0,1.0,D,D,2.2,3.2,3.3,2.05,1.75
I2,2022-10-29,13:00:00,Cosenza,Frosinone,1,2,1.0,1.0,A,D,4.33,3.3,1.85,2.2,1.65
I2,2022-10-29,13:00:00,Modena,Palermo,0,2,0.0,2.0,A,A,2.15,3.3,3.4,1.98,1.88
I2,2022-10-29,13:00:00,Parma,Como,1,0,1.0,0.0,H,H,1.7,4.0,4.5,1.75,2.05
I2,2022-10-29,13:00:00,Spal,Sudtirol,1,1,1.0,0.0,D,H,2.1,3.1,3.6,2.25,1.61
I2,2022-10-29,13:00:00,Venezia,Ascoli,0,2,0.0,0.0,A,D,1.95,3.5,3.8,2.05,1.75
I2,2022-10-29,15:15:00,Genoa,Brescia,1,1,1.0,0.0,D,H,1.53,3.8,6.5,1.93,1.93
I2,2022-10-30,15:15:00,Perugia,Cittadella,0,2,0.0,1.0,A,A,2.25,3.1,3.4,2.4,1.53
I2,2022-11-05,13:00:00,Benevento,Bari,1,1,1.0,0.0,D,H,2.62,3.2,2.75,2.05,1.75
I2,2022-11-05,13:00:00,Brescia,Ascoli,1,1,0.0,0.0,D,D,1.95,3.25,4.2,2.15,1.66
I2,2022-11-05,13:00:00,Cittadella,Modena,0,0,0.0,0.0,D,D,2.25,3.2,3.25,2.1,1.7
I2,2022-11-05,13:00:00,Pisa,Cosenza,3,1,2.0,0.0,H,H,1.65,3.75,5.5,2.07,1.72
I2,2022-11-05,13:00:00,Sudtirol,Cagliari,2,2,1.0,1.0,D,D,2.75,3.1,2.7,2.25,1.61
I2,2022-11-05,13:00:00,Ternana,Spal,0,0,0.0,0.0,D,D,1.85,3.5,4.2,1.9,1.95
I2,2022-11-05,15:15:00,Frosinone,Perugia,1,0,1.0,0.0,H,H,1.57,3.75,6.0,2.02,1.83
I2,2022-11-05,15:15:00,Palermo,Parma,1,0,0.0,0.0,H,D,2.7,3.2,2.7,2.1,1.7
I2,2022-11-06,15:15:00,Como,Venezia,1,0,0.0,0.0,H,D,2.7,3.3,2.6,1.93,1.93
I2,2022-11-07,19:30:00,Reggina,Genoa,2,1,1.0,1.0,H,D,3.1,3.2,2.37,2.15,1.66
I2,2022-11-11,19:30:00,Ascoli,Frosinone,0,1,0.0,0.0,A,D,3.0,3.1,2.37,2.3,1.6
I2,2022-11-12,13:00:00,Bari,Sudtirol,2,2,1.0,2.0,D,A,1.83,3.25,4.75,2.25,1.61
I2,2022-11-12,13:00:00,Cagliari,Pisa,1,1,0.0,0.0,D,D,2.05,3.3,3.75,2.1,1.7
I2,2022-11-12,13:00:00,Cosenza,Palermo,3,2,1.0,1.0,H,D,3.1,3.1,2.3,2.15,1.66
I2,2022-11-12,13:00:00,Modena,Perugia,1,1,1.0,1.0,D,D,2.0,3.4,3.6,2.0,1.85
I2,2022-11-12,13:00:00,Parma,Cittadella,3,1,1.0,0.0,H,H,2.05,3.0,3.8,2.25,1.61
I2,2022-11-12,13:00:00,Spal,Benevento,1,2,1.0,0.0,A,H,2.45,3.1,2.9,2.07,1.72
I2,2022-11-12,13:00:00,Venezia,Reggina,1,2,1.0,0.0,A,H,2.62,3.2,2.62,2.15,1.66
I2,2022-11-12,15:15:00,Ternana,Brescia,0,0,0.0,0.0,D,D,2.1,3.1,3.5,1.98,1.88
I2,2022-11-13,15:15:00,Genoa,Como,1,1,1.0,0.0,D,H,1.36,4.5,7.0,1.85,2.0
I2,2022-11-26,14:00:00,Parma,Modena,1,2,0.0,2.0,A,A,1.83,3.4,4.0,1.95,1.9
I2,2022-11-26,17:00:00,Pisa,Ternana,3,1,3.0,1.0,H,H,2.1,3.25,3.2,2.05,1.75
I2,2022-11-27,11:30:00,Reggina,Benevento,2,2,2.0,0.0,D,H,1.85,3.3,3.8,2.15,1.66
I2,2022-11-27,14:00:00,Brescia,Spal,2,0,2.0,0.0,H,H,1.85,3.3,3.8,2.07,1.72
I2,2022-11-27,14:00:00,Cittadella,Cosenza,1,1,1.0,0.0,D,H,1.65,3.5,5.25,2.25,1.61
I2,2022-11-27,14:00:00,Como,Bari,1,1,1.0,0.0,D,H,2.75,3.2,2.37,2.1,1.7
I2,2022-11-27,14:00:00,Frosinone,Cagliari,2,2,1.0,1.0,D,D,1.9,3.25,3.8,2.15,1.66
I2,2022-11-27,14:00:00,Perugia,Genoa,1,0,0.0,0.0,H,D,3.8,3.25,1.9,2.1,1.7
I2,2022-11-27,14:00:00,Sudtirol,Ascoli,2,2,0.0,1.0,D,A,2.3,3.1,2.9,2.4,1.53
I2,2022-11-27,17:00:00,Palermo,Venezia,0,1,0.0,0.0,A,D,2.3,3.2,2.87,2.05,1.75
I2,2022-12-03,13:00:00,Venezia,Ternana,2,1,2.0,1.0,H,H,2.37,3.2,2.9,2.0,1.85
I2,2022-12-03,17:00:00,Cagliari,Parma,1,1,0.0,1.0,D,A,2.3,3.25,3.0,2.05,1.75
I2,2022-12-04,11:30:00,Spal,Modena,2,3,0.0,1.0,A,A,2.25,3.1,3.25,2.02,1.83
I2,2022-12-04,14:00:00,Ascoli,Como,3,3,1.0,2.0,D,A,2.05,3.3,3.4,2.1,1.7
I2,2022-12-04,14:00:00,Bari,Pisa,0,0,0.0,0.0,D,D,2.1,3.25,3.5,2.07,1.72
I2,2022-12-04,14:00:00,Brescia,Reggina,0,2,0.0,2.0,A,A,2.5,2.87,3.0,2.2,1.65
I2,2022-12-04,14:00:00,Cosenza,Perugia,0,0,0.0,0.0,D,D,2.87,3.1,2.45,2.25,1.61
I2,2022-12-04,14:00:00,Genoa,Cittadella,0,1,0.0,0.0,A,D,1.57,3.6,6.0,2.25,1.61
I2,2022-12-04,14:00:00,Sudtirol,Frosinone,1,1,1.0,0.0,D,H,3.4,3.0,2.2,2.3,1.6
I2,2022-12-04,17:00:00,Benevento,Palermo,0,1,0.0,0.0,A,D,1.95,3.25,4.0,2.1,1.7
I2,2022-12-07,19:30:00,Ternana,Cagliari,1,0,1.0,0.0,H,H,2.37,3.2,2.8,2.0,1.85
I2,2022-12-08,11:30:00,Parma,Benevento,0,1,0.0,1.0,A,A,1.85,3.5,3.8,2.07,1.72
I2,2022-12-08,14:00:00,Cittadella,Bari,0,3,0.0,2.0,A,A,2.37,3.0,3.0,2.3,1.6
I2,2022-12-08,14:00:00,Cosenza,Brescia,1,1,0.0,0.0,D,D,3.1,3.1,2.1,2.15,1.66
I2,2022-12-08,14:00:00,Genoa,Sudtirol,2,0,0.0,0.0,H,D,1.5,3.8,5.75,2.05,1.75
I2,2022-12-08,14:00:00,Modena,Venezia,2,2,1.0,0.0,D,H,2.25,3.1,3.1,2.02,1.83
I2,2022-12-08,14:00:00,Perugia,Spal,0,0,0.0,0.0,D,D,1.95,3.25,3.6,2.15,1.66
I2,2022-12-08,14:00:00,Reggina,Frosinone,0,3,0.0,1.0,A,A,2.5,3.0,2.75,2.15,1.66
I2,2022-12-08,17:00:00,Pisa,Ascoli,2,0,1.0,0.0,H,H,2.05,3.2,3.4,2.2,1.65
I2,2022-12-08,19:30:00,Palermo,Como,0,0,0.0,0.0,D,D,2.1,3.1,3.3,2.0,1.85
I2,2022-12-11,11:30:00,Cagliari,Perugia,3,2,2.0,1.0,H,H,1.83,3.5,4.33,2.1,1.7
I2,2022-12-11,14:00:00,Ascoli,Genoa,0,0,0.0,0.0,D,D,3.6,3.25,2.1,2.3,1.6
I2,2022-12-11,14:00:00,Benevento,Cittadella,1,0,1.0,0.0,H,H,2.2,3.1,3.5,2.35,1.57
I2,2022-12-11,14:00:00,Como,Reggina,0,1,0.0,0.0,A,D,3.2,3.2,2.25,2.05,1.75
I2,2022-12-11,14:00:00,Spal,Palermo,1,1,1.0,1.0,D,D,2.38,3.1,3.1,2.15,1.67
I2,2022-12-11,14:00:00,Sudtirol,Ternana,0,0,0.0,0.0,D,D,2.55,3.1,2.88,2.15,1.67
I2,2022-12-11,14:00:00,Venezia,Cosenza,2,0,1.0,0.0,H,H,1.67,3.6,5.25,2.05,1.8
I2,2022-12-11,17:00:00,Bari,Modena,4,1,2.0,0.0,H,H,1.91,3.25,4.2,2.05,1.75
I2,2022-12-11,19:30:00,Frosinone,Pisa,0,0,0.0,0.0,D,D,1.91,3.3,4.33,2.05,1.75
I2,2022-12-12,19:30:00,Brescia,Parma,0,2,0.0,1.0,A,A,2.8,3.2,2.5,2.1,1.7
I2,2022-12-17,17:00:00,Pisa,Brescia,3,0,2.0,0.0,H,H,2.38,3.1,3.1,2.15,1.67
I2,2022-12-17,19:30:00,Reggina,Bari,0,0,0.0,0.0,D,D,2.15,3.0,3.6,2.25,1.62
I2,2022-12-18,13:00:00,Cosenza,Ascoli,1,3,0.0,1.0,A,A,2.75,2.9,2.75,2.4,1.53
I2,2022-12-18,13:00:00,Modena,Benevento,1,1,1.0,1.0,D,D,2.45,3.0,3.0,2.08,1.73
I2,2022-12-18,13:00:00,Ternana,Como,0,3,0.0,1.0,A,A,2.0,3.3,3.6,1.9,1.95
I2,2022-12-18,13:00:00,Parma,Spal,0,1,0.0,1.0,A,A,1.67,3.6,5.0,2.08,1.73
I2,2022-12-18,13:00:00,Cittadella,Sudtirol,0,2,0.0,2.0,A,A,2.0,3.0,4.2,2.6,1.48
I2,2022-12-18,17:45:00,Palermo,Cagliari,2,1,1.0,0.0,H,H,2.6,3.1,2.6,2.1,1.7
I2,2022-12-18,19:45:00,Genoa,Frosinone,1,0,1.0,0.0,H,H,1.95,3.0,4.2,2.2,1.65
I2,2022-12-19,19:30:00,Perugia,Venezia,2,1,2.0,0.0,H,H,2.38,3.0,3.0,2.2,1.65
I2,2022-12-26,11:30:00,Brescia,Palermo,1,1,0.0,0.0,D,D,2.2,3.1,3.5,2.35,1.57
I2,2022-12-26,14:00:00,Ascoli,Reggina,0,1,0.0,0.0,A,D,2.8,2.9,2.63,2.4,1.53
I2,2022-12-26,14:00:00,Benevento,Perugia,0,2,0.0,1.0,A,A,2.0,3.1,4.0,2.3,1.6
I2,2022-12-26,14:00:00,Cagliari,Cosenza,2,0,0.0,0.0,H,D,1.5,4.0,7.0,1.93,1.93
I2,2022-12-26,14:00:00,Como,Cittadella,2,0,1.0,0.0,H,H,2.25,3.1,3.4,2.3,1.6
I2,2022-12-26,14:00:00,Spal,Pisa,0,1,0.0,0.0,A,D,2.63,3.1,2.7,2.25,1.62
I2,2022-12-26,14:00:00,Sudtirol,Modena,0,2,0.0,1.0,A,A,2.25,3.1,3.4,2.2,1.65
I2,2022-12-26,14:00:00,Venezia,Parma,2,2,0.0,1.0,D,A,2.88,3.2,2.45,2.15,1.67
I2,2022-12-26,17:00:00,Frosinone,Ternana,3,0,1.0,0.0,H,H,1.75,3.5,5.0,2.05,1.75
I2,2022-12-26,19:30:00,Bari,Genoa,1,2,1.0,1.0,A,D,3.1,3.1,2.4,2.35,1.57
I2,2023-01-14,13:00:00,Bari,Parma,4,0,3.0,0.0,H,H,2.45,3.25,2.88,2.1,1.7
I2,2023-01-14,13:00:00,Cagliari,Como,2,0,1.0,0.0,H,H,1.75,3.6,4.75,1.98,1.88
I2,2023-01-14,13:00:00,Perugia,Palermo,3,3,3.0,1.0,D,H,2.25,3.25,3.2,2.25,1.62
I2,2023-01-14,13:00:00,Pisa,Cittadella,1,2,0.0,2.0,A,A,1.91,3.4,4.0,2.15,1.67
I2,2023-01-14,13:00:00,Reggina,Spal,0,1,0.0,0.0,A,D,1.62,3.6,5.75,2.2,1.65
I2,2023-01-14,15:15:00,Frosinone,Modena,2,1,0.0,0.0,H,D,1.65,3.75,5.25,2.1,1.7
I2,2023-01-15,13:00:00,Sudtirol,Brescia,1,0,1.0,0.0,H,H,2.5,3.0,3.0,2.4,1.53
I2,2023-01-15,15:15:00,Cosenza,Benevento,1,1,0.0,1.0,D,A,3.3,3.25,2.2,2.2,1.65
I2,2023-01-15,15:15:00,Ternana,Ascoli,1,0,1.0,0.0,H,H,2.2,3.25,3.3,2.05,1.8
I2,2023-01-16,17:45:00,Genoa,Venezia,1,0,0.0,0.0,H,D,1.7,3.6,5.0,2.15,1.67
I2,2023-01-20,19:30:00,Palermo,Bari,1,0,0.0,0.0,H,D,2.9,2.9,2.55,2.35,1.57
I2,2023-01-21,13:00:00,Benevento,Genoa,1,2,0.0,1.0,A,A,3.3,3.1,2.2,2.4,1.53
I2,2023-01-21,13:00:00,Como,Pisa,2,2,1.0,1.0,D,D,2.45,3.2,2.8,2.1,1.7
I2,2023-01-21,13:00:00,Modena,Cosenza,2,0,0.0,0.0,H,D,1.67,3.8,4.75,1.95,1.9
I2,2023-01-21,13:00:00,Parma,Perugia,2,0,1.0,0.0,H,H,1.8,3.4,4.75,2.2,1.65
I2,2023-01-21,13:00:00,Reggina,Ternana,2,1,1.0,1.0,H,D,1.75,3.5,4.5,2.05,1.75
I2,2023-01-21,13:00:00,Spal,Ascoli,1,1,1.0,1.0,D,D,2.63,3.0,2.75,2.5,1.5
I2,2023-01-21,13:00:00,Venezia,Sudtirol,0,1,0.0,0.0,A,D,1.95,3.3,3.8,2.25,1.62
I2,2023-01-21,15:15:00,Cittadella,Cagliari,0,0,0.0,0.0,D,D,2.7,3.0,2.63,2.4,1.53
I2,2023-01-22,15:15:00,Brescia,Frosinone,1,3,1.0,2.0,A,A,3.3,3.0,2.25,2.4,1.53
I2,2023-01-27,19:30:00,Cagliari,Spal,2,1,1.0,1.0,H,D,1.67,3.5,4.75,2.1,1.7
I2,2023-01-28,13:00:00,Bari,Perugia,0,2,0.0,0.0,A,D,2.0,3.2,3.5,2.3,1.6
I2,2023-01-28,13:00:00,Brescia,Como,0,1,0.0,0.0,A,D,2.2,3.2,3.1,2.1,1.7
I2,2023-01-28,13:00:00,Cosenza,Parma,1,0,1.0,0.0,H,H,3.8,3.3,1.91,2.15,1.67
I2,2023-01-28,13:00:00,Sudtirol,Reggina,2,1,1.0,1.0,H,D,3.1,3.0,2.3,2.5,1.5
I2,2023-01-28,13:00:00,Ternana,Modena,2,1,2.0,0.0,H,H,2.15,3.3,3.1,1.98,1.88
I2,2023-01-28,13:00:00,Venezia,Cittadella,1,1,1.0,1.0,D,D,2.2,3.0,3.3,2.4,1.53
I2,2023-01-28,15:15:00,Genoa,Pisa,0,0,0.0,0.0,D,D,1.73,3.4,4.5,2.15,1.67
I2,2023-01-29,13:00:00,Ascoli,Palermo,1,2,0.0,1.0,A,A,2.25,3.1,3.0,2.25,1.62
I2,2023-01-29,15:15:00,Frosinone,Benevento,1,0,0.0,0.0,H,D,1.75,3.5,4.33,2.15,1.67
I2,2023-02-03,19:30:00,Modena,Cagliari,2,0,1.0,0.0,H,H,2.7,3.1,2.8,2.15,1.67
I2,2023-02-04,13:00:00,Benevento,Venezia,1,2,1.0,1.0,A,D,2.38,3.2,3.2,2.3,1.6
I2,2023-02-04,13:00:00,Cittadella,Ascoli,3,0,1.0,0.0,H,H,2.45,3.1,3.0,2.88,1.4
I2,2023-02-04,13:00:00,Cosenza,Ternana,0,0,0.0,0.0,D,D,2.9,3.3,2.4,2.1,1.7
I2,2023-02-04,13:00:00,Perugia,Brescia,4,0,1.0,0.0,H,H,1.95,3.4,4.0,2.3,1.6
I2,2023-02-04,13:00:00,Pisa,Sudtirol,0,1,0.0,1.0,A,A,1.91,3.4,4.2,2.3,1.6
I2,2023-02-04,13:00:00,Spal,Bari,3,4,0.0,2.0,A,A,3.2,3.2,2.38,2.3,1.6
I2,2023-02-04,15:15:00,Como,Frosinone,0,2,0.0,2.0,A,A,3.1,3.3,2.38,2.08,1.73
I2,2023-02-05,15:15:00,Palermo,Reggina,2,1,0.0,0.0,H,D,3.0,3.2,2.45,2.3,1.6
I2,2023-02-05,15:15:00,Parma,Genoa,2,0,1.0,0.0,H,H,2.7,3.2,2.7,2.25,1.62
I2,2023-02-10,19:30:00,Genoa,Palermo,2,0,1.0,0.0,H,H,1.67,3.6,5.5,2.1,1.7
I2,2023-02-11,13:00:00,Brescia,Modena,0,1,0.0,0.0,A,D,2.45,3.25,3.0,2.1,1.7
I2,2023-02-11,13:00:00,Cagliari,Benevento,1,0,0.0,0.0,H,D,2.0,3.4,3.9,2.1,1.7
I2,2023-02-11,13:00:00,Frosinone,Cittadella,3,0,1.0,0.0,H,H,1.7,3.6,5.5,2.3,1.6
I2,2023-02-11,13:00:00,Reggina,Pisa,0,2,0.0,0.0,A,D,2.15,3.25,3.6,2.3,1.6
I2,2023-02-11,13:00:00,Sudtirol,Como,1,1,0.0,0.0,D,D,2.63,3.1,2.9,2.2,1.65
I2,2023-02-11,13:00:00,Venezia,Spal,2,1,2.0,0.0,H,H,1.85,3.7,4.1,2.15,1.67
I2,2023-02-11,15:15:00,Ascoli,Perugia,1,0,0.0,0.0,H,D,2.6,3.1,2.9,2.35,1.57
I2,2023-02-11,15:15:00,Ternana,Parma,1,1,1.0,1.0,D,D,2.88,3.5,2.38,2.0,1.85
I2,2023-02-12,15:15:00,Bari,Cosenza,2,1,1.0,1.0,H,D,1.62,3.8,5.75,2.05,1.8
I2,2023-02-17,19:30:00,Pisa,Venezia,1,1,0.0,1.0,D,A,2.38,2.9,3.3,2.25,1.62
I2,2023-02-18,13:00:00,Benevento,Brescia,1,0,0.0,0.0,H,D,2.05,3.3,3.8,2.25,1.62
I2,2023-02-18,13:00:00,Cittadella,Reggina,3,2,0.0,2.0,H,A,2.8,3.0,2.8,2.6,1.48
I2,2023-02-18,13:00:00,Cosenza,Sudtirol,0,0,0.0,0.0,D,D,2.8,3.0,2.75,2.5,1.5
I2,2023-02-18,13:00:00,Palermo,Frosinone,1,1,1.0,0.0,D,H,3.1,3.25,2.38,2.35,1.57
I2,2023-02-18,13:00:00,Parma,Ascoli,0,1,0.0,0.0,A,D,1.8,3.5,4.75,2.25,1.62
I2,2023-02-18,13:00:00,Spal,Como,1,1,1.0,1.0,D,D,2.8,3.25,2.6,2.1,1.7
I2,2023-02-18,15:15:00,Bari,Cagliari,1,1,0.0,1.0,D,A,2.2,3.25,3.4,2.15,1.67
I2,2023-02-18,15:15:00,Perugia,Ternana,3,0,0.0,0.0,H,D,1.95,3.4,4.0,2.05,1.75
I2,2023-02-19,15:15:00,Modena,Genoa,2,2,1.0,1.0,D,D,3.4,3.3,2.2,2.25,1.62
I2,2023-02-24,19:30:00,Frosinone,Parma,3,4,1.0,3.0,A,A,2.05,3.1,4.0,2.25,1.62
I2,2023-02-24,19:30:00,Pisa,Perugia,2,1,0.0,1.0,H,A,2.3,3.2,3.25,2.25,1.62
I2,2023-02-25,13:00:00,Brescia,Bari,0,2,0.0,1.0,A,A,3.1,3.1,2.4,2.15,1.67
I2,2023-02-25,13:00:00,Como,Cosenza,5,1,2.0,1.0,H,H,1.75,3.5,5.0,2.1,1.7
I2,2023-02-25,13:00:00,Reggina,Modena,2,1,1.0,1.0,H,D,2.2,3.1,3.6,2.2,1.65
I2,2023-02-25,13:00:00,Sudtirol,Palermo,1,1,1.0,0.0,D,H,2.3,3.2,3.4,2.35,1.57
I2,2023-02-25,13:00:00,Ternana,Cittadella,1,2,1.0,0.0,A,H,2.2,3.3,3.5,2.2,1.65
I2,2023-02-25,13:00:00,Venezia,Cagliari,0,0,0.0,0.0,D,D,2.38,3.25,3.0,2.05,1.8
I2,2023-02-25,15:15:00,Genoa,Spal,3,0,0.0,0.0,H,D,1.57,3.75,7.0,2.1,1.7
I2,2023-02-26,15:15:00,Ascoli,Benevento,0,0,0.0,0.0,D,D,2.4,3.25,3.1,2.2,1.65
I2,2023-02-28,19:30:00,Cosenza,Reggina,2,1,0.0,1.0,H,A,4.5,3.25,1.91,2.35,1.57
I2,2023-02-28,19:30:00,Palermo,Ternana,0,0,0.0,0.0,D,D,2.05,3.5,3.5,1.98,1.88
I2,2023-02-28,19:30:00,Parma,Pisa,0,1,0.0,0.0,A,D,2.05,3.3,3.75,2.25,1.62
I2,2023-03-01,19:30:00,Bari,Venezia,1,0,0.0,0.0,H,D,2.1,3.4,3.5,2.2,1.65
I2,2023-03-01,19:30:00,Benevento,Sudtirol,0,2,0.0,1.0,A,A,2.1,3.1,3.75,2.6,1.48
I2,2023-03-01,19:30:00,Cagliari,Genoa,0,0,0.0,0.0,D,D,2.88,3.25,2.5,2.3,1.6
I2,2023-03-01,19:30:00,Cittadella,Brescia,0,0,0.0,0.0,D,D,2.1,3.25,3.8,2.5,1.5
I2,2023-03-01,19:30:00,Modena,Ascoli,0,1,0.0,0.0,A,D,2.0,3.4,3.8,2.25,1.62
I2,2023-03-01,19:30:00,Perugia,Como,0,0,0.0,0.0,D,D,2.25,3.25,3.3,2.15,1.67
I2,2023-03-01,19:30:00,Spal,Frosinone,0,2,0.0,1.0,A,A,4.2,3.5,1.91,2.15,1.67
I2,2023-03-04,13:00:00,Pisa,Palermo,1,1,0.0,1.0,D,A,2.0,3.3,3.9,2.25,1.62
I2,2023-03-04,15:15:00,Reggina,Parma,0,1,0.0,0.0,A,D,2.5,3.1,2.9,2.4,1.53
I2,2023-03-05,14:00:00,Ascoli,Bari,0,1,0.0,1.0,A,A,2.63,3.3,2.75,2.3,1.6
I2,2023-03-05,14:00:00,Brescia,Cagliari,1,1,0.0,0.0,D,D,2.9,3.1,2.55,2.25,1.62
I2,2023-03-05,14:00:00,Como,Modena,1,0,0.0,0.0,H,D,2.15,3.2,3.75,2.08,1.73
I2,2023-03-05,14:00:00,Frosinone,Venezia,3,0,1.0,0.0,H,H,1.75,3.5,4.75,2.2,1.65
I2,2023-03-05,14:00:00,Spal,Cittadella,2,1,1.0,0.0,H,H,2.55,3.1,2.8,2.35,1.57
I2,2023-03-05,14:00:00,Sudtirol,Perugia,2,1,1.0,1.0,H,D,2.8,3.0,2.8,2.4,1.53
I2,2023-03-05,14:00:00,Ternana,Benevento,2,2,2.0,2.0,D,D,2.55,3.2,2.75,2.05,1.8
I2,2023-03-06,19:30:00,Genoa,Cosenza,4,0,1.0,0.0,H,H,1.36,4.5,9.0,2.0,1.85
I2,2023-03-10,19:30:00,Cagliari,Ascoli,4,1,0.0,1.0,H,A,2.05,3.2,4.0,2.5,1.5
I2,2023-03-11,13:00:00,Benevento,Como,0,0,0.0,0.0,D,D,2.5,3.3,2.9,2.25,1.62
I2,2023-03-11,13:00:00,Cittadella,Palermo,3,3,2.0,2.0,D,D,2.4,3.1,3.2,2.35,1.57
I2,2023-03-11,13:00:00,Modena,Pisa,1,0,1.0,0.0,H,H,2.5,3.3,2.88,2.1,1.7
I2,2023-03-11,13:00:00,Parma,Sudtirol,0,0,0.0,0.0,D,D,1.83,3.3,5.0,2.5,1.5
I2,2023-03-11,13:00:00,Venezia,Brescia,1,1,0.0,0.0,D,D,1.95,3.3,4.2,2.35,1.57
I2,2023-03-11,15:15:00,Bari,Frosinone,0,0,0.0,0.0,D,D,3.0,3.25,2.45,2.25,1.62
I2,2023-03-12,15:15:00,Cosenza,Spal,1,0,0.0,0.0,H,D,2.7,3.2,2.7,2.2,1.65
I2,2023-03-12,15:15:00,Genoa,Ternana,1,0,1.0,0.0,H,H,1.53,4.0,7.0,2.02,1.83
I2,2023-03-17,19:30:00,Palermo,Modena,5,2,1.0,2.0,H,A,2.4,3.25,3.1,2.1,1.7
I2,2023-03-18,13:00:00,Ascoli,Venezia,0,1,0.0,0.0,A,D,2.4,3.0,3.3,2.5,1.5
I2,2023-03-18,13:00:00,Brescia,Genoa,0,3,0.0,1.0,A,A,4.33,3.25,1.95,2.5,1.5
I2,2023-03-18,13:00:00,Cittadella,Perugia,0,2,0.0,0.0,A,D,2.6,3.0,3.0,2.5,1.5
I2,2023-03-18,13:00:00,Como,Parma,2,0,1.0,0.0,H,H,2.7,3.1,2.8,2.25,1.62
I2,2023-03-18,13:00:00,Frosinone,Cosenza,0,1,0.0,0.0,A,D,1.33,5.0,10.0,2.0,1.85
I2,2023-03-18,13:00:00,Pisa,Benevento,2,0,1.0,0.0,H,H,1.95,3.3,4.2,2.35,1.57
I2,2023-03-18,13:00:00,Sudtirol,Spal,2,0,1.0,0.0,H,H,2.15,3.1,3.75,2.5,1.5
I2,2023-03-18,15:15:00,Reggina,Cagliari,0,4,0.0,2.0,A,A,2.3,3.25,3.2,2.3,1.6
I2,2023-03-19,15:15:00,Ternana,Bari,1,0,1.0,0.0,H,H,2.7,3.3,2.63,2.15,1.67
I2,2023-03-31,19:30:00,Genoa,Reggina,1,0,1.0,0.0,H,H,1.67,3.6,5.5,2.3,1.6
I2,2023-04-01,13:00:00,Ascoli,Brescia,4,3,1.0,1.0,H,D,2.15,3.1,3.6,2.5,1.5
I2,2023-04-01,13:00:00,Cagliari,Sudtirol,1,1,1.0,0.0,D,H,1.83,3.4,4.75,2.4,1.53
I2,2023-04-01,13:00:00,Cosenza,Pisa,1,0,1.0,0.0,H,H,3.6,3.3,2.1,2.35,1.57
I2,2023-04-01,13:00:00,Parma,Palermo,2,1,1.0,1.0,H,D,1.83,3.5,4.5,2.1,1.7
I2,2023-04-01,13:00:00,Spal,Ternana,1,1,1.0,0.0,D,H,2.55,3.3,2.7,2.08,1.73
I2,2023-04-01,13:00:00,Venezia,Como,3,2,1.0,1.0,H,D,2.45,3.25,2.88,2.2,1.65
I2,2023-04-01,15:15:00,Bari,Benevento,2,0,0.0,0.0,H,D,1.95,3.3,4.0,2.35,1.57
I2,2023-04-01,15:15:00,Perugia,Frosinone,1,1,0.0,0.0,D,D,3.2,3.1,2.38,2.4,1.53
I2,2023-04-02,15:15:00,Modena,Cittadella,0,0,0.0,0.0,D,D,2.2,3.2,3.3,2.3,1.6
I2,2023-04-05,19:15:00,Perugia,Reggina,1,3,1.0,1.0,A,D,2.15,3.2,3.6,2.35,1.57
I2,2023-04-10,11:30:00,Benevento,Spal,1,3,1.0,1.0,A,D,2.05,3.2,3.8,2.25,1.62
I2,2023-04-10,14:00:00,Brescia,Ternana,1,0,1.0,0.0,H,H,2.6,3.3,2.7,2.15,1.67
I2,2023-04-10,14:00:00,Cittadella,Parma,0,1,0.0,1.0,A,A,3.0,3.1,2.4,2.4,1.53
I2,2023-04-10,14:00:00,Como,Genoa,2,2,0.0,1.0,D,A,3.4,3.2,2.2,2.3,1.6
I2,2023-04-10,14:00:00,Frosinone,Ascoli,2,0,1.0,0.0,H,H,1.65,3.75,5.25,2.1,1.7
I2,2023-04-10,14:00:00,Perugia,Modena,0,1,0.0,0.0,A,D,2.15,3.3,3.5,2.1,1.7
I2,2023-04-10,14:00:00,Reggina,Venezia,1,0,1.0,0.0,H,H,2.38,3.2,3.1,2.25,1.62
I2,2023-04-10,14:00:00,Sudtirol,Bari,0,1,0.0,0.0,A,D,2.75,3.0,2.8,2.7,1.44
I2,2023-04-10,17:00:00,Pisa,Cagliari,0,0,0.0,0.0,D,D,2.4,3.1,3.1,2.15,1.67
I2,2023-04-10,19:30:00,Palermo,Cosenza,0,0,0.0,0.0,D,D,1.73,3.6,4.75,2.08,1.73
I2,2023-04-14,19:30:00,Modena,Parma,1,1,1.0,1.0,D,D,3.0,3.0,2.45,2.3,1.6
I2,2023-04-15,13:00:00,Ascoli,Sudtirol,1,0,0.0,0.0,H,D,2.25,3.1,3.5,2.5,1.5
I2,2023-04-15,13:00:00,Bari,Como,2,2,0.0,2.0,D,A,2.15,3.0,3.75,2.25,1.62
I2,2023-04-15,13:00:00,Benevento,Reggina,1,1,0.0,1.0,D,A,2.6,3.1,2.9,2.4,1.53
I2,2023-04-15,13:00:00,Cosenza,Cittadella,1,1,1.0,1.0,D,D,2.9,2.88,2.75,2.6,1.48
I2,2023-04-15,13:00:00,Genoa,Perugia,2,0,1.0,0.0,H,H,1.53,3.6,8.0,2.2,1.65
I2,2023-04-15,13:00:00,Spal,Brescia,2,2,1.0,1.0,D,D,2.45,3.1,3.1,2.25,1.62
I2,2023-04-15,13:00:00,Venezia,Palermo,3,2,1.0,1.0,H,D,2.15,3.2,3.6,2.15,1.67
I2,2023-04-15,15:15:00,Cagliari,Frosinone,0,0,0.0,0.0,D,D,2.5,3.2,3.0,2.2,1.65
I2,2023-04-16,15:15:00,Ternana,Pisa,2,1,0.0,1.0,H,A,2.5,3.3,2.88,2.1,1.7
I2,2023-04-21,19:30:00,Reggina,Brescia,1,2,0.0,1.0,A,A,1.95,3.2,4.2,2.3,1.6
I2,2023-04-22,13:00:00,Cittadella,Genoa,0,1,0.0,0.0,A,D,4.33,3.1,2.0,2.5,1.5
I2,2023-04-22,13:00:00,Como,Ascoli,1,1,0.0,0.0,D,D,2.15,3.25,3.6,2.2,1.65
I2,2023-04-22,13:00:00,Frosinone,Sudtirol,0,0,0.0,0.0,D,D,1.6,3.6,6.5,2.35,1.57
I2,2023-04-22,13:00:00,Modena,Spal,0,0,0.0,0.0,D,D,1.83,3.3,5.0,2.05,1.75
I2,2023-04-22,13:00:00,Parma,Cagliari,2,1,0.0,1.0,H,A,2.3,3.1,3.4,2.3,1.6
I2,2023-04-22,13:00:00,Perugia,Cosenza,0,0,0.0,0.0,D,D,1.83,3.4,4.75,2.2,1.65
I2,2023-04-22,15:15:00,Palermo,Benevento,1,1,1.0,1.0,D,D,1.91,3.3,4.2,2.15,1.67
I2,2023-04-23,15:15:00,Pisa,Bari,1,2,1.0,1.0,A,D,2.3,3.1,3.4,2.5,1.5
I2,2023-04-23,15:15:00,Ternana,Venezia,1,4,0.0,3.0,A,A,2.25,3.25,3.3,2.1,1.7
I2,2023-04-30,15:15:00,Cagliari,Ternana,2,1,1.0,1.0,H,D,1.75,3.6,4.75,2.0,1.85
I2,2023-04-30,15:15:00,Spal,Perugia,1,1,0.0,1.0,D,A,2.25,3.2,3.4,2.2,1.65
I2,2023-05-01,11:30:00,Como,Palermo,1,1,1.0,1.0,D,D,2.1,3.3,3.6,1.98,1.88
I2,2023-05-01,14:00:00,Ascoli,Pisa,2,1,0.0,0.0,H,D,2.6,3.1,2.9,2.3,1.6
I2,2023-05-01,14:00:00,Bari,Cittadella,1,1,0.0,0.0,D,D,2.0,3.25,4.0,2.5,1.5
I2,2023-05-01,14:00:00,Benevento,Parma,2,2,0.0,2.0,D,A,3.4,3.3,2.2,2.2,1.65
I2,2023-05-01,14:00:00,Brescia,Cosenza,2,1,0.0,0.0,H,D,1.85,3.5,4.33,2.15,1.67
I2,2023-05-01,14:00:00,Sudtirol,Genoa,0,0,0.0,0.0,D,D,4.0,3.2,2.05,2.6,1.48
I2,2023-05-01,17:00:00,Venezia,Modena,5,0,1.0,0.0,H,H,2.2,3.3,3.4,2.1,1.7
I2,2023-05-01,19:30:00,Frosinone,Reggina,3,1,2.0,0.0,H,H,1.65,3.75,5.5,2.1,1.7
I2,2023-05-05,19:30:00,Perugia,Cagliari,0,5,0.0,3.0,A,A,3.1,3.1,2.38,2.15,1.67
I2,2023-05-06,13:00:00,Cittadella,Benevento,3,1,1.0,1.0,H,D,1.8,3.3,5.0,2.4,1.53
I2,2023-05-06,13:00:00,Cosenza,Venezia,1,1,0.0,1.0,D,A,2.6,3.1,2.9,2.15,1.67
I2,2023-05-06,13:00:00,Genoa,Ascoli,2,1,1.0,0.0,H,H,1.53,3.8,7.5,2.1,1.7
I2,2023-05-06,13:00:00,Modena,Bari,1,1,0.0,1.0,D,A,2.8,3.1,2.75,2.25,1.62
I2,2023-05-06,13:00:00,Pisa,Frosinone,1,3,1.0,1.0,A,D,1.95,3.3,4.2,2.25,1.62
I2,2023-05-06,13:00:00,Reggina,Como,2,1,1.0,0.0,H,H,2.3,3.2,3.3,2.15,1.67
I2,2023-05-06,13:00:00,Ternana,Sudtirol,0,1,0.0,1.0,A,A,2.05,3.2,4.0,2.25,1.62
I2,2023-05-06,15:15:00,Palermo,Spal,2,1,2.0,0.0,H,H,1.85,3.5,4.5,1.88,1.98
I2,2023-05-07,15:15:00,Parma,Brescia,2,0,2.0,0.0,H,H,1.73,3.4,5.5,2.1,1.7
I2,2023-05-13,13:00:00,Ascoli,Cosenza,1,1,1.0,1.0,D,D,1.95,3.4,4.0,2.2,1.65
I2,2023-05-13,13:00:00,Bari,Reggina,1,0,1.0,0.0,H,H,2.25,3.1,3.4,2.08,1.73
I2,2023-05-13,13:00:00,Benevento,Modena,2,1,2.0,1.0,H,H,2.3,3.5,2.88,2.02,1.82
I2,2023-05-13,13:00:00,Brescia,Pisa,1,1,0.0,0.0,D,D,2.4,3.3,3.0,2.1,1.7
I2,2023-05-13,13:00:00,Cagliari,Palermo,2,1,1.0,1.0,H,D,1.8,3.6,4.5,2.0,1.85
I2,2023-05-13,13:00:00,Como,Ternana,3,1,0.0,1.0,H,A,2.1,2.88,4.2,2.0,1.85
I2,2023-05-13,13:00:00,Spal,Parma,0,1,0.0,0.0,A,D,3.3,3.25,2.25,2.0,1.85
I2,2023-05-13,13:00:00,Sudtirol,Cittadella,1,1,0.0,0.0,D,D,2.9,2.7,2.9,2.5,1.5
I2,2023-05-13,13:00:00,Venezia,Perugia,3,2,2.0,0.0,H,H,1.91,3.5,4.2,1.98,1.88
I2,2023-05-13,15:15:00,Frosinone,Genoa,3,2,2.0,1.0,H,H,2.63,2.9,3.1,2.15,1.67
I2,2023-05-19,19:30:00,Cittadella,Como,0,0,0.0,0.0,D,D,2.0,3.4,3.8,1.95,1.9
I2,2023-05-19,19:30:00,Cosenza,Cagliari,0,1,0.0,1.0,A,A,3.8,3.6,1.95,1.82,2.02
I2,2023-05-19,19:30:00,Genoa,Bari,4,3,2.0,1.0,H,H,1.55,3.8,7.0,1.95,1.9
I2,2023-05-19,19:30:00,Modena,Sudtirol,2,1,2.0,0.0,H,H,2.55,3.1,2.9,2.15,1.67
I2,2023-05-19,19:30:00,Palermo,Brescia,2,2,2.0,0.0,D,H,1.95,3.5,4.0,1.85,2.0
I2,2023-05-19,19:30:00,Parma,Venezia,2,1,1.0,1.0,H,D,2.1,3.4,3.5,1.82,2.02
I2,2023-05-19,19:30:00,Perugia,Benevento,3,2,0.0,1.0,H,A,1.67,3.8,5.25,1.85,2.0
I2,2023-05-19,19:30:00,Pisa,Spal,1,2,0.0,1.0,A,A,1.53,4.2,6.0,1.7,2.1
I2,2023-05-19,19:30:00,Reggina,Ascoli,1,0,0.0,0.0,H,D,1.91,3.5,4.0,1.98,1.88
I2,2023-05-19,19:30:00,Ternana,Frosinone,2,3,2.0,1.0,A,H,2.63,3.3,2.6,1.73,2.08
F1,2022-08-05,20:00:00,Lyon,Ajaccio,2,1,2.0,1.0,H,H,1.33,5.25,8.5,1.66,2.2
F1,2022-08-06,16:00:00,Strasbourg,Monaco,1,2,0.0,1.0,A,A,2.62,3.25,2.75,2.03,1.87
F1,2022-08-06,20:00:00,Clermont,Paris SG,0,5,0.0,3.0,A,A,9.5,6.5,1.25,1.4,3.0
F1,2022-08-07,12:00:00,Toulouse,Nice,1,1,1.0,0.0,D,H,2.87,3.3,2.5,1.91,1.99
F1,2022-08-07,14:00:00,Angers,Nantes,0,0,0.0,0.0,D,D,2.7,3.25,2.7,2.1,1.72
F1,2022-08-07,14:00:00,Lens,Brest,3,2,1.0,0.0,H,H,1.57,4.33,5.25,1.66,2.2
F1,2022-08-07,14:00:00,Lille,Auxerre,4,1,3.0,0.0,H,H,1.7,4.0,4.5,1.86,2.04
F1,2022-08-07,14:00:00,Montpellier,Troyes,3,2,2.0,2.0,H,D,2.2,3.5,3.3,1.97,1.93
F1,2022-08-07,16:05:00,Rennes,Lorient,0,1,0.0,0.0,A,D,1.36,5.25,8.5,1.61,2.3
F1,2022-08-07,19:45:00,Marseille,Reims,4,1,2.0,0.0,H,H,1.57,4.2,5.5,1.96,1.94
F1,2022-08-12,20:00:00,Nantes,Lille,1,1,1.0,0.0,D,H,3.0,3.4,2.4,1.98,1.92
F1,2022-08-13,16:00:00,Monaco,Rennes,1,1,0.0,0.0,D,D,2.15,3.5,3.25,1.72,2.1
F1,2022-08-13,20:00:00,Paris SG,Montpellier,5,2,2.0,0.0,H,H,1.08,12.0,21.0,1.22,4.33
F1,2022-08-14,14:00:00,Ajaccio,Lens,0,0,0.0,0.0,D,D,3.2,3.25,2.3,2.2,1.66
F1,2022-08-14,14:00:00,Auxerre,Angers,2,2,2.0,1.0,D,H,2.2,3.25,3.5,2.1,1.72
F1,2022-08-14,14:00:00,Reims,Clermont,2,4,2.0,0.0,A,H,2.15,3.2,3.6,2.2,1.66
F1,2022-08-14,14:00:00,Troyes,Toulouse,0,3,0.0,1.0,A,A,2.7,3.2,2.7,2.1,1.72
F1,2022-08-14,16:05:00,Nice,Strasbourg,1,1,1.0,0.0,D,H,2.15,3.3,3.5,2.1,1.72
F1,2022-08-14,19:45:00,Brest,Marseille,1,1,0.0,1.0,D,A,4.2,3.8,1.83,1.72,2.1
F1,2022-08-19,20:00:00,Lyon,Troyes,4,1,1.0,1.0,H,D,1.28,5.75,9.0,1.44,2.75
F1,2022-08-20,16:00:00,Monaco,Lens,1,4,1.0,2.0,A,A,1.75,3.8,4.33,1.66,2.2
F1,2022-08-20,20:00:00,Marseille,Nantes,2,1,0.0,0.0,H,D,1.6,4.2,5.5,1.83,2.07
F1,2022-08-21,12:00:00,Strasbourg,Reims,1,1,1.0,0.0,D,H,1.75,3.5,4.75,2.1,1.72
F1,2022-08-21,14:00:00,Angers,Brest,1,3,0.0,2.0,A,A,2.3,3.25,3.2,2.02,1.88
F1,2022-08-21,14:00:00,Clermont,Nice,1,0,1.0,0.0,H,H,3.75,3.4,2.05,2.03,1.87
F1,2022-08-21,14:00:00,Montpellier,Auxerre,1,2,1.0,0.0,A,H,2.1,3.4,3.5,1.91,1.99
F1,2022-08-21,14:00:00,Toulouse,Lorient,2,2,1.0,1.0,D,D,2.05,3.5,3.6,2.03,1.87
F1,2022-08-21,16:05:00,Rennes,Ajaccio,2,1,1.0,0.0,H,H,1.4,4.75,8.0,1.97,1.93
F1,2022-08-21,19:45:00,Lille,Paris SG,1,7,0.0,4.0,A,A,6.0,4.75,1.5,1.57,2.37
F1,2022-08-26,20:00:00,Ajaccio,Lille,1,3,0.0,2.0,A,A,3.4,3.2,2.2,2.37,1.57
F1,2022-08-27,16:00:00,Auxerre,Strasbourg,1,0,1.0,0.0,H,H,3.5,3.6,2.05,1.9,2.0
F1,2022-08-27,20:00:00,Lens,Rennes,2,1,0.0,0.0,H,D,2.55,3.5,2.7,1.72,2.1
F1,2022-08-28,12:00:00,Nantes,Toulouse,3,1,0.0,1.0,H,A,2.37,3.3,3.0,1.94,1.96
F1,2022-08-28,14:00:00,Brest,Montpellier,0,7,0.0,5.0,A,A,1.9,3.6,4.0,1.72,2.1
F1,2022-08-28,14:00:00,Lorient,Clermont,2,1,2.0,0.0,H,H,2.05,3.4,3.8,2.06,1.84
F1,2022-08-28,14:00:00,Nice,Marseille,0,3,0.0,3.0,A,A,2.7,3.5,2.55,1.99,1.91
F1,2022-08-28,14:00:00,Troyes,Angers,3,1,1.0,0.0,H,H,2.45,3.3,2.9,2.0,1.8
F1,2022-08-28,16:05:00,Reims,Lyon,1,1,1.0,0.0,D,H,4.2,4.0,1.75,1.66,2.2
F1,2022-08-28,19:45:00,Paris SG,Monaco,1,1,0.0,1.0,D,A,1.18,8.0,13.0,1.25,4.0
F1,2022-08-31,18:00:00,Angers,Reims,2,4,0.0,2.0,A,A,2.45,3.3,2.87,2.1,1.72
F1,2022-08-31,18:00:00,Lyon,Auxerre,2,1,1.0,0.0,H,H,1.28,6.0,8.5,1.36,3.2
F1,2022-08-31,18:00:00,Monaco,Troyes,2,4,1.0,2.0,A,A,1.36,5.25,8.0,1.53,2.5
F1,2022-08-31,18:00:00,Montpellier,Ajaccio,2,0,1.0,0.0,H,H,2.1,3.3,3.6,2.1,1.72
F1,2022-08-31,18:00:00,Strasbourg,Nantes,1,1,1.0,0.0,D,H,1.85,3.6,4.2,1.95,1.95
F1,2022-08-31,20:00:00,Lens,Lorient,5,2,2.0,1.0,H,H,1.53,4.0,6.5,1.72,2.1
F1,2022-08-31,20:00:00,Lille,Nice,1,2,1.0,2.0,A,A,2.0,3.5,3.75,2.03,1.87
F1,2022-08-31,20:00:00,Marseille,Clermont,1,0,0.0,0.0,H,D,1.36,5.0,8.5,1.66,2.2
F1,2022-08-31,20:00:00,Rennes,Brest,3,1,0.0,0.0,H,D,1.45,4.75,6.5,1.61,2.3
F1,2022-08-31,20:00:00,Toulouse,Paris SG,0,3,0.0,1.0,A,A,13.0,7.0,1.2,1.33,3.4
F1,2022-09-03,16:00:00,Auxerre,Marseille,0,2,0.0,1.0,A,A,4.75,4.0,1.66,1.72,2.1
F1,2022-09-03,18:00:00,Lyon,Angers,5,0,2.0,0.0,H,H,1.28,5.75,10.0,1.44,2.75
F1,2022-09-03,20:00:00,Nantes,Paris SG,0,3,0.0,1.0,A,A,9.5,6.5,1.28,1.36,3.2
F1,2022-09-04,12:00:00,Montpellier,Lille,1,3,1.0,1.0,A,D,3.25,3.75,2.1,1.72,2.1
F1,2022-09-04,14:00:00,Ajaccio,Lorient,0,1,0.0,0.0,A,D,2.45,3.2,2.9,2.2,1.66
F1,2022-09-04,14:00:00,Brest,Strasbourg,1,1,1.0,1.0,D,D,2.8,3.4,2.45,1.92,1.98
F1,2022-09-04,14:00:00,Clermont,Toulouse,2,0,0.0,0.0,H,D,2.8,3.5,2.4,1.95,1.95
F1,2022-09-04,14:00:00,Reims,Lens,1,1,0.0,0.0,D,D,3.2,3.5,2.25,1.88,2.02
F1,2022-09-04,16:05:00,Troyes,Rennes,1,1,1.0,0.0,D,H,4.33,4.0,1.75,1.86,2.04
F1,2022-09-04,19:45:00,Nice,Monaco,0,1,0.0,0.0,A,D,2.7,3.6,2.37,1.8,2.0
F1,2022-09-07,18:00:00,Lorient,Lyon,3,1,2.0,1.0,H,H,4.5,4.5,1.65,1.57,2.37
F1,2022-09-09,20:00:00,Lens,Troyes,1,0,1.0,0.0,H,H,1.5,4.5,6.0,1.61,2.3
F1,2022-09-10,16:00:00,Paris SG,Brest,1,0,1.0,0.0,H,H,1.07,13.0,23.0,1.2,4.5
F1,2022-09-10,20:00:00,Marseille,Lille,2,1,1.0,1.0,H,D,1.95,3.75,3.75,1.72,2.1
F1,2022-09-11,12:00:00,Strasbourg,Clermont,0,0,0.0,0.0,D,D,1.66,3.75,5.5,1.99,1.91
F1,2022-09-11,14:00:00,Ajaccio,Nice,0,1,0.0,0.0,A,D,3.3,3.0,2.4,2.5,1.53
F1,2022-09-11,14:00:00,Angers,Montpellier,2,1,1.0,1.0,H,D,2.4,3.6,2.75,1.72,2.1
F1,2022-09-11,14:00:00,Lorient,Nantes,3,2,1.0,1.0,H,D,2.1,3.25,3.75,2.0,1.8
F1,2022-09-11,14:00:00,Toulouse,Reims,1,0,1.0,0.0,H,H,2.2,3.5,3.2,1.86,2.04
F1,2022-09-11,16:05:00,Rennes,Auxerre,5,0,1.0,0.0,H,H,1.4,4.75,8.0,1.61,2.3
F1,2022-09-11,19:45:00,Monaco,Lyon,2,1,0.0,0.0,H,D,2.5,3.5,2.7,1.57,2.37
F1,2022-09-16,20:00:00,Auxerre,Lorient,1,3,0.0,3.0,A,A,2.7,3.3,2.6,1.96,1.94
F1,2022-09-17,16:00:00,Montpellier,Strasbourg,2,1,1.0,0.0,H,H,2.45,3.6,2.7,1.88,2.02
F1,2022-09-17,20:00:00,Lille,Toulouse,2,1,1.0,0.0,H,H,1.75,3.9,4.5,1.66,2.2
F1,2022-09-18,12:00:00,Reims,Monaco,0,3,0.0,0.0,A,D,3.1,3.5,2.25,1.72,2.1
F1,2022-09-18,14:00:00,Brest,Ajaccio,0,1,0.0,0.0,A,D,2.05,3.3,4.0,2.3,1.61
F1,2022-09-18,14:00:00,Clermont,Troyes,1,3,1.0,1.0,A,D,2.25,3.4,3.2,2.02,1.88
F1,2022-09-18,14:00:00,Marseille,Rennes,1,1,0.0,1.0,D,A,2.05,3.6,3.6,1.8,2.0
F1,2022-09-18,14:00:00,Nice,Angers,0,1,0.0,1.0,A,A,1.61,4.0,5.5,1.91,1.99
F1,2022-09-18,16:05:00,Nantes,Lens,0,0,0.0,0.0,D,D,3.1,3.5,2.2,1.85,2.05
F1,2022-09-18,19:45:00,Lyon,Paris SG,0,1,0.0,1.0,A,A,4.5,4.75,1.61,1.36,3.2
F1,2022-09-30,20:00:00,Angers,Marseille,0,3,0.0,1.0,A,A,4.5,3.8,1.72,1.8,2.0
F1,2022-10-01,16:00:00,Strasbourg,Rennes,1,3,0.0,1.0,A,A,3.0,3.5,2.3,1.92,1.98
F1,2022-10-01,20:00:00,Paris SG,Nice,2,1,1.0,0.0,H,H,1.16,8.5,13.0,1.33,3.4
F1,2022-10-02,12:00:00,Lorient,Lille,2,1,1.0,0.0,H,H,2.87,3.6,2.37,1.72,2.1
F1,2022-10-02,14:00:00,Ajaccio,Clermont,1,3,0.0,1.0,A,A,2.2,3.1,3.6,2.5,1.53
F1,2022-10-02,14:00:00,Auxerre,Brest,1,1,0.0,0.0,D,D,2.7,3.5,2.55,1.8,2.0
F1,2022-10-02,14:00:00,Toulouse,Montpellier,4,2,3.0,1.0,H,H,1.85,3.8,3.75,1.72,2.1
F1,2022-10-02,14:00:00,Troyes,Reims,2,2,0.0,1.0,D,A,2.5,3.4,2.8,1.95,1.95
F1,2022-10-02,16:05:00,Monaco,Nantes,4,1,3.0,0.0,H,H,1.53,4.5,5.5,1.66,2.2
F1,2022-10-02,19:45:00,Lens,Lyon,1,0,0.0,0.0,H,D,2.5,3.8,2.55,1.57,2.37
F1,2022-10-07,20:00:00,Lyon,Toulouse,1,1,1.0,0.0,D,H,1.45,5.0,6.0,1.4,3.0
F1,2022-10-08,16:00:00,Marseille,Ajaccio,1,2,1.0,1.0,A,D,1.33,4.75,10.0,1.9,2.0
F1,2022-10-08,20:00:00,Reims,Paris SG,0,0,0.0,0.0,D,D,7.0,5.5,1.4,1.44,2.75
F1,2022-10-09,12:00:00,Montpellier,Monaco,0,2,0.0,1.0,A,A,3.6,4.0,1.9,1.53,2.5
F1,2022-10-09,14:00:00,Angers,Strasbourg,2,3,1.0,2.0,A,A,2.62,3.4,2.6,1.97,1.93
F1,2022-10-09,14:00:00,Brest,Lorient,1,2,1.0,1.0,A,D,2.3,3.5,3.0,1.9,2.0
F1,2022-10-09,14:00:00,Clermont,Auxerre,2,1,0.0,0.0,H,D,2.1,3.5,3.5,2.06,1.84
F1,2022-10-09,14:00:00,Nice,Troyes,3,2,2.0,0.0,H,H,1.72,3.6,5.0,1.95,1.95
F1,2022-10-09,16:05:00,Rennes,Nantes,3,0,1.0,0.0,H,H,1.5,4.33,6.0,1.66,2.2
F1,2022-10-09,19:45:00,Lille,Lens,1,0,1.0,0.0,H,H,2.45,3.6,2.7,1.72,2.1
F1,2022-10-14,20:00:00,Strasbourg,Lille,0,3,0.0,1.0,A,A,3.1,3.3,2.37,2.01,1.89
F1,2022-10-15,16:00:00,Lorient,Reims,0,0,0.0,0.0,D,D,2.25,3.4,3.25,1.89,2.01
F1,2022-10-15,20:00:00,Lens,Montpellier,1,0,0.0,0.0,H,D,1.4,5.0,7.0,1.57,2.37
F1,2022-10-16,12:00:00,Toulouse,Angers,3,2,2.0,1.0,H,H,1.83,3.8,4.0,1.72,2.1
F1,2022-10-16,14:00:00,Auxerre,Nice,1,1,1.0,1.0,D,D,3.6,3.5,2.05,1.97,1.93
F1,2022-10-16,14:00:00,Nantes,Brest,4,1,2.0,1.0,H,H,2.2,3.3,3.4,2.0,1.8
F1,2022-10-16,14:00:00,Rennes,Lyon,3,2,1.0,1.0,H,D,2.3,3.7,2.87,1.66,2.2
F1,2022-10-16,14:00:00,Troyes,Ajaccio,1,1,0.0,0.0,D,D,2.15,3.2,3.6,2.37,1.57
F1,2022-10-16,16:05:00,Monaco,Clermont,1,1,1.0,0.0,D,H,1.36,5.25,8.0,1.61,2.3
F1,2022-10-16,19:45:00,Paris SG,Marseille,1,0,1.0,0.0,H,H,1.36,5.5,7.5,1.44,2.75
F1,2022-10-21,20:00:00,Ajaccio,Paris SG,0,3,0.0,1.0,A,A,9.0,5.5,1.3,1.72,2.1
F1,2022-10-22,16:00:00,Montpellier,Lyon,1,2,0.0,1.0,A,A,4.0,3.8,1.85,1.57,2.37
F1,2022-10-22,20:00:00,Marseille,Lens,0,1,0.0,0.0,A,D,2.15,3.5,3.3,1.94,1.96
F1,2022-10-23,12:00:00,Angers,Rennes,1,2,0.0,1.0,A,A,4.0,4.0,1.83,1.72,2.1
F1,2022-10-23,14:00:00,Clermont,Brest,1,3,0.0,1.0,A,A,2.37,3.4,3.0,2.02,1.88
F1,2022-10-23,14:00:00,Reims,Auxerre,2,1,1.0,1.0,H,D,1.83,3.6,4.2,1.98,1.92
F1,2022-10-23,14:00:00,Toulouse,Strasbourg,2,2,1.0,0.0,D,H,2.2,3.5,3.2,1.84,2.06
F1,2022-10-23,14:00:00,Troyes,Lorient,2,2,1.0,0.0,D,H,2.3,3.5,3.0,1.86,2.04
F1,2022-10-23,16:05:00,Nice,Nantes,1,1,0.0,0.0,D,D,1.85,3.5,4.33,2.09,1.81
F1,2022-10-23,19:45:00,Lille,Monaco,4,3,2.0,2.0,H,D,2.45,3.7,2.7,1.66,2.2
F1,2022-10-28,20:00:00,Lens,Toulouse,3,0,0.0,0.0,H,D,1.55,4.5,5.5,1.57,2.37
F1,2022-10-29,16:00:00,Paris SG,Troyes,4,3,1.0,1.0,H,D,1.09,11.0,23.0,1.25,4.0
F1,2022-10-29,20:00:00,Strasbourg,Marseille,2,2,0.0,2.0,D,A,2.9,3.5,2.37,1.89,2.01
F1,2022-10-30,12:00:00,Auxerre,Ajaccio,1,0,1.0,0.0,H,H,2.6,3.1,2.9,2.5,1.53
F1,2022-10-30,14:00:00,Brest,Reims,0,0,0.0,0.0,D,D,2.62,3.3,2.7,1.96,1.94
F1,2022-10-30,14:00:00,Monaco,Angers,2,0,0.0,0.0,H,D,1.4,5.25,7.0,1.5,2.62
F1,2022-10-30,14:00:00,Nantes,Clermont,1,1,0.0,0.0,D,D,2.0,3.75,3.6,1.91,1.99
F1,2022-10-30,14:00:00,Rennes,Montpellier,3,0,2.0,0.0,H,H,1.33,5.5,8.0,1.57,2.37
F1,2022-10-30,16:05:00,Lorient,Nice,1,2,1.0,0.0,A,H,2.45,3.4,2.87,2.1,1.72
F1,2022-10-30,19:45:00,Lyon,Lille,1,0,0.0,0.0,H,D,2.0,3.75,3.5,1.61,2.3
F1,2022-11-04,20:00:00,Troyes,Auxerre,1,1,1.0,0.0,D,H,1.95,3.6,3.8,1.88,2.02
F1,2022-11-05,16:00:00,Ajaccio,Strasbourg,4,2,4.0,2.0,H,H,2.8,3.2,2.62,2.3,1.61
F1,2022-11-05,20:00:00,Angers,Lens,1,2,0.0,1.0,A,A,5.0,4.0,1.66,1.72,2.1
F1,2022-11-06,12:00:00,Lorient,Paris SG,1,2,0.0,1.0,A,A,9.5,6.5,1.28,1.4,3.0
F1,2022-11-06,14:00:00,Clermont,Montpellier,1,1,0.0,1.0,D,A,2.37,3.5,2.9,1.84,2.06
F1,2022-11-06,14:00:00,Nice,Brest,1,0,0.0,0.0,H,D,1.8,3.75,4.33,1.98,1.92
F1,2022-11-06,14:00:00,Reims,Nantes,1,0,0.0,0.0,H,D,2.05,3.5,3.4,1.97,1.93
F1,2022-11-06,14:00:00,Toulouse,Monaco,0,2,0.0,0.0,A,D,3.2,3.8,2.1,1.57,2.37
F1,2022-11-06,16:05:00,Lille,Rennes,1,1,1.0,0.0,D,H,2.45,3.6,2.75,1.72,2.1
F1,2022-11-06,19:45:00,Marseille,Lyon,1,0,1.0,0.0,H,H,2.2,3.5,3.2,1.72,2.1
F1,2022-11-11,20:00:00,Lyon,Nice,1,1,0.0,1.0,D,A,1.75,3.8,4.5,1.8,2.0
F1,2022-11-12,16:00:00,Lens,Clermont,2,1,0.0,1.0,H,A,1.44,4.75,7.5,1.72,2.1
F1,2022-11-12,20:00:00,Rennes,Toulouse,2,1,1.0,0.0,H,H,1.5,4.5,6.0,1.61,2.3
F1,2022-11-13,12:00:00,Paris SG,Auxerre,5,0,1.0,0.0,H,H,1.11,10.0,17.0,1.25,4.0
F1,2022-11-13,14:00:00,Brest,Troyes,2,1,0.0,0.0,H,D,2.0,3.6,3.5,1.72,2.1
F1,2022-11-13,14:00:00,Lille,Angers,1,0,1.0,0.0,H,H,1.33,5.5,8.5,1.61,2.3
F1,2022-11-13,14:00:00,Montpellier,Reims,1,1,0.0,0.0,D,D,2.5,3.4,2.8,1.86,2.04
F1,2022-11-13,14:00:00,Nantes,Ajaccio,2,2,0.0,0.0,D,D,2.0,3.3,4.0,2.2,1.66
F1,2022-11-13,16:05:00,Strasbourg,Lorient,1,1,0.0,1.0,D,A,2.15,3.5,3.3,1.8,2.0
F1,2022-11-13,19:45:00,Monaco,Marseille,2,3,1.0,1.0,A,D,2.3,3.6,2.9,1.66,2.2
F1,2022-12-28,14:00:00,Ajaccio,Angers,1,0,1.0,0.0,H,H,2.0,3.4,4.0,2.2,1.67
F1,2022-12-28,14:00:00,Troyes,Nantes,0,0,0.0,0.0,D,D,2.38,3.6,2.88,1.8,2.0
F1,2022-12-28,16:00:00,Auxerre,Monaco,2,3,1.0,1.0,A,D,4.5,4.0,1.73,1.73,2.1
F1,2022-12-28,18:00:00,Clermont,Lille,0,2,0.0,0.0,A,D,4.2,3.75,1.83,1.87,2.03
F1,2022-12-28,20:00:00,Brest,Lyon,2,4,1.0,3.0,A,A,3.75,3.6,1.95,1.73,2.1
F1,2022-12-28,20:00:00,Paris SG,Strasbourg,2,1,1.0,0.0,H,H,1.22,6.5,13.0,1.4,3.0
F1,2022-12-29,16:00:00,Lorient,Montpellier,0,2,0.0,2.0,A,A,1.95,3.75,3.75,1.8,2.0
F1,2022-12-29,18:00:00,Reims,Rennes,3,1,2.0,1.0,H,H,3.3,3.4,2.2,1.9,2.0
F1,2022-12-29,20:00:00,Marseille,Toulouse,6,1,2.0,0.0,H,H,1.5,4.5,6.0,1.62,2.3
F1,2022-12-29,20:00:00,Nice,Lens,0,0,0.0,0.0,D,D,3.2,3.0,2.45,2.2,1.67
F1,2023-01-01,14:00:00,Angers,Lorient,1,2,1.0,0.0,A,H,2.75,3.4,2.5,1.92,1.98
F1,2023-01-01,14:00:00,Monaco,Brest,1,0,0.0,0.0,H,D,1.5,4.75,5.5,1.53,2.5
F1,2023-01-01,14:00:00,Nantes,Auxerre,1,0,0.0,0.0,H,D,1.85,3.4,4.33,1.97,1.93
F1,2023-01-01,14:00:00,Toulouse,Ajaccio,2,0,0.0,0.0,H,D,2.0,3.4,3.8,2.04,1.86
F1,2023-01-01,16:00:00,Lyon,Clermont,0,1,0.0,0.0,A,D,1.5,4.5,6.0,1.62,2.3
F1,2023-01-01,19:45:00,Lens,Paris SG,3,1,2.0,1.0,H,H,3.25,3.6,2.2,1.73,2.1
F1,2023-01-02,14:00:00,Strasbourg,Troyes,2,3,1.0,2.0,A,A,1.8,3.8,4.33,1.86,2.04
F1,2023-01-02,16:00:00,Lille,Reims,1,1,1.0,0.0,D,H,1.65,4.0,5.25,1.8,2.0
F1,2023-01-02,18:00:00,Montpellier,Marseille,1,2,0.0,0.0,A,D,4.5,4.0,1.73,1.67,2.2
F1,2023-01-02,20:00:00,Rennes,Nice,2,1,1.0,1.0,H,D,1.8,4.0,4.0,1.85,2.05
F1,2023-01-11,18:00:00,Ajaccio,Reims,0,1,0.0,1.0,A,A,3.1,3.1,2.5,2.3,1.62
F1,2023-01-11,18:00:00,Auxerre,Toulouse,0,5,0.0,3.0,A,A,2.75,3.3,2.6,1.9,2.0
F1,2023-01-11,18:00:00,Brest,Lille,0,0,0.0,0.0,D,D,4.0,3.6,1.91,1.87,2.03
F1,2023-01-11,18:00:00,Clermont,Rennes,2,1,1.0,0.0,H,H,4.2,3.5,1.91,1.94,1.96
F1,2023-01-11,18:00:00,Nantes,Lyon,0,0,0.0,0.0,D,D,3.3,3.4,2.2,1.88,2.02
F1,2023-01-11,20:00:00,Lorient,Monaco,2,2,0.0,0.0,D,D,3.8,3.75,1.91,1.73,2.1
F1,2023-01-11,20:00:00,Nice,Montpellier,6,1,2.0,0.0,H,H,1.8,3.6,4.5,1.95,1.95
F1,2023-01-11,20:00:00,Paris SG,Angers,2,0,1.0,0.0,H,H,1.11,10.0,19.0,1.25,4.0
F1,2023-01-11,20:00:00,Strasbourg,Lens,2,2,2.0,2.0,D,D,3.8,3.5,1.95,2.02,1.88
F1,2023-01-11,20:00:00,Troyes,Marseille,0,2,0.0,1.0,A,A,5.0,4.0,1.67,1.73,2.1
F1,2023-01-14,16:00:00,Lens,Auxerre,1,0,0.0,0.0,H,D,1.36,4.75,9.0,1.85,2.05
F1,2023-01-14,18:00:00,Marseille,Lorient,3,1,1.0,1.0,H,D,1.4,5.0,7.5,1.62,2.3
F1,2023-01-14,20:00:00,Lyon,Strasbourg,1,2,1.0,2.0,A,A,1.6,4.2,5.25,1.73,2.1
F1,2023-01-15,12:00:00,Lille,Troyes,5,1,2.0,0.0,H,H,1.4,4.75,8.0,1.62,2.3
F1,2023-01-15,14:00:00,Angers,Clermont,1,2,0.0,1.0,A,A,2.45,3.4,2.88,2.0,1.9
F1,2023-01-15,14:00:00,Montpellier,Nantes,0,3,0.0,1.0,A,A,2.55,3.4,2.75,1.86,2.04
F1,2023-01-15,14:00:00,Reims,Nice,0,0,0.0,0.0,D,D,2.4,3.25,3.0,2.1,1.73
F1,2023-01-15,14:00:00,Toulouse,Brest,1,1,0.0,1.0,D,A,1.95,3.6,3.75,1.8,2.0
F1,2023-01-15,16:05:00,Monaco,Ajaccio,7,1,5.0,1.0,H,H,1.4,4.75,8.0,1.73,2.1
F1,2023-01-15,19:45:00,Rennes,Paris SG,1,0,0.0,0.0,H,D,5.0,4.75,1.57,1.57,2.38
F1,2023-01-27,20:00:00,Lorient,Rennes,2,1,2.0,0.0,H,H,4.0,3.5,1.95,2.01,1.89
F1,2023-01-28,16:00:00,Troyes,Lens,1,1,0.0,0.0,D,D,5.0,3.8,1.7,1.92,1.98
F1,2023-01-28,20:00:00,Marseille,Monaco,1,1,0.0,1.0,D,A,2.1,3.6,3.4,1.73,2.1
F1,2023-01-29,12:00:00,Nice,Lille,1,0,1.0,0.0,H,H,2.9,3.25,2.5,2.0,1.8
F1,2023-01-29,14:00:00,Auxerre,Montpellier,0,2,0.0,0.0,A,D,2.45,3.3,3.0,2.03,1.87
F1,2023-01-29,14:00:00,Brest,Angers,4,0,2.0,0.0,H,H,2.15,3.4,3.4,2.01,1.89
F1,2023-01-29,14:00:00,Clermont,Nantes,0,0,0.0,0.0,D,D,2.4,3.25,3.1,2.1,1.73
F1,2023-01-29,14:00:00,Strasbourg,Toulouse,1,2,1.0,1.0,A,D,2.3,3.5,3.1,1.73,2.1
F1,2023-01-29,16:05:00,Ajaccio,Lyon,0,2,0.0,1.0,A,A,4.5,3.6,1.83,2.06,1.84
F1,2023-01-29,19:45:00,Paris SG,Reims,1,1,0.0,0.0,D,D,1.22,7.0,11.0,1.44,2.75
F1,2023-02-01,18:00:00,Angers,Ajaccio,1,2,1.0,0.0,A,H,2.25,3.2,3.4,2.38,1.57
F1,2023-02-01,18:00:00,Lille,Clermont,0,0,0.0,0.0,D,D,1.5,4.2,7.0,1.85,2.05
F1,2023-02-01,18:00:00,Nantes,Marseille,0,2,0.0,0.0,A,D,4.5,3.8,1.75,1.94,1.96
F1,2023-02-01,18:00:00,Reims,Lorient,4,2,1.0,2.0,H,A,1.8,3.6,4.5,1.98,1.92
F1,2023-02-01,18:00:00,Toulouse,Troyes,4,1,2.0,1.0,H,H,1.73,4.0,4.33,1.67,2.2
F1,2023-02-01,20:00:00,Lens,Nice,0,1,0.0,0.0,A,D,1.73,3.4,5.5,2.1,1.73
F1,2023-02-01,20:00:00,Lyon,Brest,0,0,0.0,0.0,D,D,1.5,4.33,6.5,1.67,2.2
F1,2023-02-01,20:00:00,Monaco,Auxerre,3,2,2.0,0.0,H,H,1.33,5.5,9.0,1.57,2.38
F1,2023-02-01,20:00:00,Montpellier,Paris SG,1,3,0.0,0.0,A,D,8.5,6.0,1.3,1.44,2.75
F1,2023-02-01,20:00:00,Rennes,Strasbourg,3,0,2.0,0.0,H,H,1.55,4.0,6.5,1.89,2.01
F1,2023-02-04,16:00:00,Paris SG,Toulouse,2,1,1.0,1.0,H,D,1.36,5.25,7.5,1.44,2.75
F1,2023-02-04,18:00:00,Troyes,Lyon,1,3,0.0,1.0,A,A,4.5,4.2,1.7,1.67,2.2
F1,2023-02-04,20:00:00,Rennes,Lille,1,3,1.0,0.0,A,H,2.25,3.5,3.1,2.06,1.84
F1,2023-02-05,12:00:00,Clermont,Monaco,0,2,0.0,2.0,A,A,3.8,3.8,1.85,1.87,2.03
F1,2023-02-05,14:00:00,Ajaccio,Nantes,0,2,0.0,0.0,A,D,2.75,3.1,2.7,2.5,1.53
F1,2023-02-05,14:00:00,Auxerre,Reims,0,0,0.0,0.0,D,D,3.5,3.5,2.1,2.0,1.8
F1,2023-02-05,14:00:00,Lorient,Angers,0,0,0.0,0.0,D,D,1.85,3.6,4.2,2.01,1.89
F1,2023-02-05,14:00:00,Strasbourg,Montpellier,2,0,2.0,0.0,H,H,2.05,3.3,3.8,1.99,1.91
F1,2023-02-05,16:05:00,Brest,Lens,1,1,0.0,0.0,D,D,4.5,3.6,1.75,1.98,1.92
F1,2023-02-05,19:45:00,Marseille,Nice,1,3,0.0,2.0,A,A,1.7,4.0,4.75,2.0,1.9
F1,2023-02-10,20:00:00,Nice,Ajaccio,3,0,1.0,0.0,H,H,1.57,3.8,6.5,2.3,1.62
F1,2023-02-11,16:00:00,Monaco,Paris SG,3,1,3.0,1.0,H,H,2.63,3.4,2.6,1.67,2.2
F1,2023-02-11,20:00:00,Clermont,Marseille,0,2,0.0,1.0,A,A,5.5,3.5,1.7,2.02,1.88
F1,2023-02-12,12:00:00,Toulouse,Rennes,3,1,3.0,0.0,H,H,3.2,3.3,2.3,1.8,2.0
F1,2023-02-12,14:00:00,Angers,Auxerre,1,1,1.0,1.0,D,D,2.2,3.5,3.2,2.1,1.73
F1,2023-02-12,14:00:00,Lille,Strasbourg,2,0,2.0,0.0,H,H,1.45,4.5,6.5,1.8,2.0
F1,2023-02-12,14:00:00,Montpellier,Brest,3,0,2.0,0.0,H,H,2.38,3.3,3.0,2.04,1.86
F1,2023-02-12,14:00:00,Reims,Troyes,4,0,2.0,0.0,H,H,1.55,4.33,5.75,1.73,2.1
F1,2023-02-12,16:05:00,Nantes,Lorient,1,0,0.0,0.0,H,D,2.0,3.5,3.75,2.0,1.8
F1,2023-02-12,19:45:00,Lyon,Lens,2,1,1.0,1.0,H,D,2.3,3.5,2.9,1.97,1.93
F1,2023-02-17,20:00:00,Auxerre,Lyon,2,1,0.0,1.0,H,A,4.0,3.6,1.95,1.94,1.96
F1,2023-02-18,16:00:00,Nice,Reims,0,0,0.0,0.0,D,D,2.1,3.4,3.5,2.1,1.73
F1,2023-02-18,20:00:00,Strasbourg,Angers,2,1,2.0,0.0,H,H,1.83,3.5,4.5,2.1,1.73
F1,2023-02-19,12:00:00,Paris SG,Lille,4,3,2.0,1.0,H,H,1.62,4.0,5.5,1.62,2.3
F1,2023-02-19,14:00:00,Brest,Monaco,1,2,0.0,1.0,A,A,4.5,3.6,1.8,1.8,2.0
F1,2023-02-19,14:00:00,Lorient,Ajaccio,3,0,2.0,0.0,H,H,2.0,3.4,3.8,2.3,1.62
F1,2023-02-19,14:00:00,Rennes,Clermont,2,0,1.0,0.0,H,H,1.57,3.8,6.5,2.02,1.88
F1,2023-02-19,14:00:00,Troyes,Montpellier,0,1,0.0,0.0,A,D,2.75,3.25,2.6,1.91,1.99
F1,2023-02-19,16:05:00,Lens,Nantes,3,1,2.0,1.0,H,H,1.5,4.0,7.0,1.93,1.97
F1,2023-02-19,19:45:00,Toulouse,Marseille,2,3,1.0,0.0,A,H,3.8,3.75,1.91,1.67,2.2
F1,2023-02-24,20:00:00,Lille,Brest,2,1,0.0,1.0,H,A,1.36,5.0,8.5,1.62,2.3
F1,2023-02-25,16:00:00,Angers,Lyon,1,3,0.0,1.0,A,A,5.0,4.0,1.67,1.9,2.0
F1,2023-02-25,20:00:00,Montpellier,Lens,1,1,0.0,1.0,D,A,4.33,3.75,1.8,2.03,1.87
F1,2023-02-26,12:00:00,Lorient,Auxerre,0,1,0.0,0.0,A,D,2.05,3.4,3.6,1.93,1.97
F1,2023-02-26,14:00:00,Ajaccio,Troyes,2,1,0.0,1.0,H,A,2.2,3.1,3.5,2.38,1.57
F1,2023-02-26,14:00:00,Clermont,Strasbourg,1,1,0.0,1.0,D,A,2.55,3.2,2.88,2.2,1.67
F1,2023-02-26,14:00:00,Nantes,Rennes,0,1,0.0,1.0,A,A,3.5,3.3,2.15,2.1,1.73
F1,2023-02-26,14:00:00,Reims,Toulouse,3,0,2.0,0.0,H,H,2.1,3.5,3.5,1.73,2.1
F1,2023-02-26,16:05:00,Monaco,Nice,0,3,0.0,3.0,A,A,2.0,3.6,3.6,1.91,1.99
F1,2023-02-26,19:45:00,Marseille,Paris SG,0,3,0.0,2.0,A,A,2.75,3.6,2.4,1.62,2.3
F1,2023-03-03,20:00:00,Nice,Auxerre,1,1,1.0,1.0,D,D,1.65,3.75,5.75,2.1,1.73
F1,2023-03-04,16:00:00,Lens,Lille,1,1,1.0,0.0,D,H,2.38,3.3,3.0,1.99,1.91
F1,2023-03-04,20:00:00,Paris SG,Nantes,4,2,2.0,2.0,H,D,1.3,5.5,10.0,1.53,2.5
F1,2023-03-05,12:00:00,Troyes,Monaco,2,2,1.0,0.0,D,H,5.75,4.5,1.5,1.62,2.3
F1,2023-03-05,14:00:00,Montpellier,Angers,5,0,3.0,0.0,H,H,1.75,3.6,4.75,2.09,1.81
F1,2023-03-05,14:00:00,Reims,Ajaccio,1,0,0.0,0.0,H,D,1.62,3.8,6.0,2.1,1.73
F1,2023-03-05,14:00:00,Strasbourg,Brest,0,1,0.0,1.0,A,A,2.0,3.25,4.2,2.1,1.73
F1,2023-03-05,14:00:00,Toulouse,Clermont,0,1,0.0,0.0,A,D,1.75,3.75,4.75,1.86,2.04
F1,2023-03-05,16:05:00,Lyon,Lorient,0,0,0.0,0.0,D,D,1.53,4.33,6.0,1.73,2.1
F1,2023-03-05,19:45:00,Rennes,Marseille,0,1,0.0,0.0,A,D,2.75,3.5,2.5,1.89,2.01
F1,2023-03-10,20:00:00,Lille,Lyon,3,3,0.0,0.0,D,D,1.85,3.75,4.0,1.67,2.2
F1,2023-03-11,16:00:00,Auxerre,Rennes,0,0,0.0,0.0,D,D,4.0,3.4,1.95,2.1,1.73
F1,2023-03-11,20:00:00,Brest,Paris SG,1,2,1.0,1.0,A,D,7.0,4.75,1.44,1.57,2.38
F1,2023-03-12,12:00:00,Clermont,Lens,0,4,0.0,3.0,A,A,4.75,3.4,1.83,2.2,1.67
F1,2023-03-12,14:00:00,Ajaccio,Montpellier,0,1,0.0,0.0,A,D,3.0,3.2,2.5,2.38,1.57
F1,2023-03-12,14:00:00,Angers,Toulouse,0,2,0.0,1.0,A,A,3.8,3.6,1.95,1.73,2.1
F1,2023-03-12,14:00:00,Lorient,Troyes,2,0,1.0,0.0,H,H,1.73,3.75,4.75,1.85,2.08
F1,2023-03-12,14:00:00,Nantes,Nice,2,2,1.0,1.0,D,D,3.0,3.2,2.5,2.3,1.62
F1,2023-03-12,16:05:00,Monaco,Reims,0,1,0.0,0.0,A,D,1.8,3.75,4.33,1.73,2.1
F1,2023-03-12,19:45:00,Marseille,Strasbourg,2,2,0.0,0.0,D,D,1.4,4.75,8.0,1.73,2.1
F1,2023-03-17,20:00:00,Lyon,Nantes,1,1,1.0,1.0,D,D,1.6,4.0,5.75,1.73,2.1
F1,2023-03-18,16:00:00,Toulouse,Lille,0,2,0.0,0.0,A,D,3.3,3.5,2.2,1.67,2.2
F1,2023-03-18,20:00:00,Lens,Angers,3,0,2.0,0.0,H,H,1.25,6.0,11.0,1.62,2.3
F1,2023-03-19,12:00:00,Ajaccio,Monaco,0,2,0.0,1.0,A,A,5.25,3.5,1.7,2.1,1.73
F1,2023-03-19,14:00:00,Montpellier,Clermont,2,1,0.0,1.0,H,A,1.83,3.5,4.33,2.1,1.73
F1,2023-03-19,14:00:00,Nice,Lorient,1,1,0.0,1.0,D,A,1.62,3.8,5.25,2.0,1.9
F1,2023-03-19,14:00:00,Strasbourg,Auxerre,2,0,1.0,0.0,H,H,1.91,3.4,4.0,2.1,1.73
F1,2023-03-19,14:00:00,Troyes,Brest,2,2,2.0,1.0,D,H,2.8,3.3,2.45,2.04,1.86
F1,2023-03-19,16:05:00,Paris SG,Rennes,0,2,0.0,1.0,A,A,1.45,4.75,6.5,1.57,2.38
F1,2023-03-19,19:45:00,Reims,Marseille,1,2,1.0,2.0,A,A,3.0,3.3,2.4,1.89,2.01
F1,2023-03-31,20:00:00,Marseille,Montpellier,1,1,1.0,1.0,D,D,1.45,4.33,6.5,1.67,2.2
F1,2023-04-01,16:00:00,Auxerre,Troyes,1,0,0.0,0.0,H,D,1.85,3.6,4.2,2.05,1.85
F1,2023-04-01,20:00:00,Rennes,Lens,0,1,0.0,1.0,A,A,2.55,3.4,2.75,1.98,1.92
F1,2023-04-02,12:00:00,Lille,Lorient,3,1,1.0,0.0,H,H,1.36,5.0,8.0,1.57,2.38
F1,2023-04-02,14:00:00,Angers,Nice,1,1,1.0,1.0,D,D,6.5,3.9,1.55,2.1,1.73
F1,2023-04-02,14:00:00,Brest,Toulouse,3,1,1.0,1.0,H,D,2.9,3.4,2.4,1.88,2.02
F1,2023-04-02,14:00:00,Clermont,Ajaccio,2,1,0.0,1.0,H,A,2.1,3.2,3.8,2.5,1.53
F1,2023-04-02,14:00:00,Nantes,Reims,0,3,0.0,2.0,A,A,3.1,3.3,2.38,2.1,1.73
F1,2023-04-02,16:05:00,Monaco,Strasbourg,4,3,1.0,2.0,H,A,1.53,4.33,6.0,1.73,2.1
F1,2023-04-02,19:45:00,Paris SG,Lyon,0,1,0.0,0.0,A,D,1.4,5.0,7.0,1.5,2.63
F1,2023-04-07,20:00:00,Lens,Strasbourg,2,1,1.0,0.0,H,H,1.5,4.33,6.5,1.92,1.98
F1,2023-04-08,16:00:00,Angers,Lille,1,0,0.0,0.0,H,D,8.0,5.0,1.4,1.67,2.2
F1,2023-04-08,20:00:00,Nice,Paris SG,0,2,0.0,1.0,A,A,3.8,3.8,1.85,1.67,2.2
F1,2023-04-09,12:00:00,Lyon,Rennes,3,1,0.0,1.0,H,A,2.15,3.4,3.4,1.92,1.98
F1,2023-04-09,14:00:00,Ajaccio,Auxerre,0,3,0.0,3.0,A,A,2.8,2.9,2.8,2.75,1.44
F1,2023-04-09,14:00:00,Montpellier,Toulouse,1,2,0.0,1.0,A,A,2.05,3.6,3.5,1.8,2.0
F1,2023-04-09,14:00:00,Reims,Brest,1,1,0.0,1.0,D,A,1.62,3.8,5.75,1.84,2.06
F1,2023-04-09,14:00:00,Troyes,Clermont,0,2,0.0,2.0,A,A,2.75,3.25,2.63,2.0,1.8
F1,2023-04-09,16:05:00,Nantes,Monaco,2,2,0.0,2.0,D,A,4.0,3.6,1.91,1.85,2.05
F1,2023-04-09,19:45:00,Lorient,Marseille,0,0,0.0,0.0,D,D,5.0,4.2,1.65,1.67,2.2
F1,2023-04-14,20:00:00,Toulouse,Lyon,1,2,1.0,1.0,A,D,3.4,3.8,2.0,1.57,2.38
F1,2023-04-15,16:00:00,Rennes,Reims,3,0,2.0,0.0,H,H,2.2,3.4,3.25,1.91,1.99
F1,2023-04-15,20:00:00,Paris SG,Lens,3,1,3.0,0.0,H,H,1.67,4.2,4.75,1.57,2.38
F1,2023-04-16,12:00:00,Lille,Montpellier,2,1,0.0,1.0,H,A,1.5,4.5,6.0,1.57,2.38
F1,2023-04-16,14:00:00,Auxerre,Nantes,2,1,2.0,0.0,H,H,2.45,3.1,3.2,2.38,1.57
F1,2023-04-16,14:00:00,Brest,Nice,1,0,1.0,0.0,H,H,3.1,3.25,2.3,2.2,1.67
F1,2023-04-16,14:00:00,Clermont,Angers,2,1,2.0,1.0,H,H,1.8,3.75,4.33,1.97,1.93
F1,2023-04-16,14:00:00,Strasbourg,Ajaccio,3,1,1.0,0.0,H,H,1.75,3.3,5.25,2.5,1.53
F1,2023-04-16,16:05:00,Monaco,Lorient,3,1,2.0,0.0,H,H,1.4,5.0,7.0,1.44,2.75
F1,2023-04-16,19:45:00,Marseille,Troyes,3,1,2.0,0.0,H,H,1.2,7.0,13.0,1.44,2.75
F1,2023-04-21,20:00:00,Angers,Paris SG,1,2,0.0,2.0,A,A,13.0,7.5,1.2,1.4,3.0
F1,2023-04-22,16:00:00,Auxerre,Lille,1,1,0.0,1.0,D,A,4.5,4.0,1.7,1.94,1.96
F1,2023-04-22,20:00:00,Lens,Monaco,3,0,2.0,0.0,H,H,2.1,3.6,3.4,1.85,2.05
F1,2023-04-23,12:00:00,Reims,Strasbourg,0,2,0.0,2.0,A,A,1.91,3.6,3.8,1.94,1.96
F1,2023-04-23,14:00:00,Ajaccio,Brest,0,0,0.0,0.0,D,D,3.1,3.1,2.38,2.63,1.5
F1,2023-04-23,14:00:00,Lorient,Toulouse,0,1,0.0,0.0,A,D,2.38,3.75,2.88,1.73,2.1
F1,2023-04-23,14:00:00,Nantes,Troyes,2,2,1.0,0.0,D,H,1.62,4.0,5.25,1.9,2.0
F1,2023-04-23,14:00:00,Nice,Clermont,1,2,1.0,1.0,A,D,1.8,3.4,5.0,2.1,1.73
F1,2023-04-23,16:05:00,Montpellier,Rennes,1,0,0.0,0.0,H,D,3.3,3.25,2.3,1.94,1.96
F1,2023-04-23,19:45:00,Lyon,Marseille,1,2,0.0,1.0,A,A,2.5,3.5,2.7,1.67,2.2
F1,2023-04-28,20:00:00,Strasbourg,Lyon,1,2,1.0,2.0,A,A,2.63,3.5,2.6,1.96,1.94
F1,2023-04-29,16:00:00,Lille,Ajaccio,3,0,3.0,0.0,H,H,1.22,6.0,15.0,1.67,2.2
F1,2023-04-30,12:00:00,Monaco,Montpellier,0,4,0.0,1.0,A,A,1.5,4.5,6.0,1.57,2.38
F1,2023-04-30,14:00:00,Clermont,Reims,1,0,1.0,0.0,H,H,3.0,3.5,2.3,2.05,1.85
F1,2023-04-30,14:00:00,Rennes,Angers,4,2,2.0,2.0,H,D,1.29,5.5,11.0,1.73,2.1
F1,2023-04-30,14:00:00,Troyes,Nice,0,1,0.0,1.0,A,A,4.75,3.75,1.73,1.86,2.04
F1,2023-04-30,16:05:00,Paris SG,Lorient,1,3,1.0,2.0,A,A,1.18,8.0,12.0,1.29,3.75
F1,2023-04-30,19:45:00,Marseille,Auxerre,2,1,0.0,1.0,H,A,1.33,5.25,9.5,1.67,2.2
F1,2023-05-02,20:00:00,Toulouse,Lens,0,1,0.0,1.0,A,A,5.0,4.33,1.6,1.57,2.38
F1,2023-05-03,20:00:00,Brest,Nantes,2,0,2.0,0.0,H,H,2.2,3.3,3.4,2.03,1.87
F1,2023-05-06,16:00:00,Nice,Rennes,2,1,0.0,0.0,H,D,2.6,3.2,2.8,2.1,1.73
F1,2023-05-06,18:00:00,Reims,Lille,1,0,1.0,0.0,H,H,3.4,3.75,2.05,1.73,2.1
F1,2023-05-06,20:00:00,Lens,Marseille,2,1,1.0,0.0,H,H,2.3,3.5,3.0,1.88,2.02
F1,2023-05-07,12:00:00,Angers,Monaco,1,2,0.0,1.0,A,A,6.5,4.75,1.44,1.53,2.5
F1,2023-05-07,14:00:00,Ajaccio,Toulouse,0,0,0.0,0.0,D,D,3.4,3.5,2.1,2.1,1.73
F1,2023-05-07,14:00:00,Auxerre,Clermont,1,1,1.0,0.0,D,H,2.3,3.4,3.1,2.2,1.67
F1,2023-05-07,14:00:00,Lorient,Brest,2,1,1.0,0.0,H,H,2.4,3.4,2.9,1.97,1.93
F1,2023-05-07,14:00:00,Nantes,Strasbourg,0,2,0.0,1.0,A,A,2.75,3.4,2.55,2.05,1.85
F1,2023-05-07,16:05:00,Lyon,Montpellier,5,4,1.0,2.0,H,A,1.62,4.33,5.0,1.67,2.2
F1,2023-05-07,19:45:00,Troyes,Paris SG,1,3,0.0,1.0,A,A,8.5,5.5,1.33,1.4,3.0
F1,2023-05-12,20:00:00,Lens,Reims,2,1,1.0,1.0,H,D,1.53,4.5,5.5,1.57,2.38
F1,2023-05-13,16:00:00,Strasbourg,Nice,2,0,1.0,0.0,H,H,2.38,3.3,3.0,2.1,1.73
F1,2023-05-13,20:00:00,Paris SG,Ajaccio,5,0,2.0,0.0,H,H,1.1,11.0,19.0,1.4,3.0
F1,2023-05-14,12:00:00,Clermont,Lyon,2,1,1.0,1.0,H,D,4.33,3.75,1.8,1.73,2.1
F1,2023-05-14,14:00:00,Brest,Auxerre,1,0,0.0,0.0,H,D,2.1,3.2,3.75,2.2,1.67
F1,2023-05-14,14:00:00,Montpellier,Lorient,1,1,0.0,0.0,D,D,1.83,3.75,4.2,1.8,2.0
F1,2023-05-14,14:00:00,Rennes,Troyes,4,0,1.0,0.0,H,H,1.25,6.0,11.0,1.5,2.63
F1,2023-05-14,14:00:00,Toulouse,Nantes,0,0,0.0,0.0,D,D,2.1,3.5,3.4,1.8,2.0
F1,2023-05-14,16:05:00,Monaco,Lille,0,0,0.0,0.0,D,D,2.8,3.6,2.4,1.62,2.3
F1,2023-05-14,19:45:00,Marseille,Angers,3,1,1.0,1.0,H,D,1.18,7.5,14.0,1.44,2.75
F1,2023-05-19,20:00:00,Lyon,Monaco,3,1,1.0,1.0,H,D,2.38,4.0,2.6,1.44,2.75
F1,2023-05-20,16:00:00,Nantes,Montpellier,0,3,0.0,1.0,A,A,2.1,3.5,3.4,1.91,1.99
F1,2023-05-20,20:00:00,Lille,Marseille,2,1,0.0,1.0,H,A,2.4,3.6,2.75,1.73,2.1
F1,2023-05-21,12:00:00,Ajaccio,Rennes,0,5,0.0,4.0,A,A,7.0,4.2,1.5,2.06,1.84
F1,2023-05-21,14:00:00,Brest,Clermont,2,1,1.0,1.0,H,D,2.05,3.5,3.6,2.07,1.83
F1,2023-05-21,14:00:00,Nice,Toulouse,0,0,0.0,0.0,D,D,1.85,3.75,3.8,1.73,2.1
F1,2023-05-21,14:00:00,Reims,Angers,2,2,1.0,0.0,D,H,1.36,5.5,7.0,1.57,2.38
F1,2023-05-21,14:00:00,Troyes,Strasbourg,1,1,0.0,1.0,D,A,5.5,4.33,1.57,1.73,2.1
F1,2023-05-21,16:05:00,Lorient,Lens,1,3,1.0,2.0,A,A,5.5,4.33,1.57,1.73,2.1
F1,2023-05-21,19:45:00,Auxerre,Paris SG,1,2,0.0,2.0,A,A,8.0,5.25,1.36,1.57,2.38
F1,2023-05-27,20:00:00,Angers,Troyes,2,1,1.0,1.0,H,D,1.95,3.75,3.6,1.73,2.1
F1,2023-05-27,20:00:00,Clermont,Lorient,2,0,1.0,0.0,H,H,2.15,3.4,3.4,1.96,1.94
F1,2023-05-27,20:00:00,Lens,Ajaccio,3,0,3.0,0.0,H,H,1.13,9.0,17.0,1.57,2.38
F1,2023-05-27,20:00:00,Lille,Nantes,2,1,0.0,1.0,H,A,1.44,4.75,7.0,1.67,2.2
F1,2023-05-27,20:00:00,Lyon,Reims,3,0,2.0,0.0,H,H,1.57,4.75,5.0,1.53,2.5
F1,2023-05-27,20:00:00,Marseille,Brest,1,2,0.0,0.0,A,D,1.36,5.25,7.0,1.57,2.38
F1,2023-05-27,20:00:00,Montpellier,Nice,2,3,2.0,0.0,A,H,2.45,3.5,2.8,1.73,2.1
F1,2023-05-27,20:00:00,Rennes,Monaco,2,0,0.0,0.0,H,D,2.05,3.75,3.3,1.57,2.38
F1,2023-05-27,20:00:00,Strasbourg,Paris SG,1,1,0.0,0.0,D,D,5.0,4.2,1.62,1.57,2.38
F1,2023-05-27,20:00:00,Toulouse,Auxerre,1,1,1.0,1.0,D,D,2.2,3.6,3.1,1.8,2.0
F1,2023-06-03,20:00:00,Ajaccio,Marseille,1,0,0.0,0.0,H,D,9.0,5.25,1.33,1.57,2.38
F1,2023-06-03,20:00:00,Auxerre,Lens,1,3,0.0,1.0,A,A,2.8,3.6,2.38,1.73,2.1
F1,2023-06-03,20:00:00,Brest,Rennes,1,2,1.0,2.0,A,A,5.75,4.2,1.55,1.67,2.2
F1,2023-06-03,20:00:00,Lorient,Strasbourg,2,1,2.0,0.0,H,H,3.0,3.5,2.3,1.73,2.1
F1,2023-06-03,20:00:00,Monaco,Toulouse,1,2,0.0,0.0,A,D,1.45,5.25,5.5,1.44,2.75
F1,2023-06-03,20:00:00,Nantes,Angers,1,0,1.0,0.0,H,H,1.36,5.25,8.0,1.57,2.38
F1,2023-06-03,20:00:00,Nice,Lyon,3,1,3.0,1.0,H,H,2.38,4.0,2.7,1.5,2.63
F1,2023-06-03,20:00:00,Paris SG,Clermont,2,3,2.0,2.0,A,D,1.22,6.5,10.0,1.3,3.5
F1,2023-06-03,20:00:00,Reims,Montpellier,1,3,1.0,0.0,A,H,2.0,3.8,3.4,1.5,2.63
F1,2023-06-03,20:00:00,Troyes,Lille,1,1,0.0,0.0,D,D,12.0,6.5,1.22,1.36,3.2
F2,2022-07-30,14:00:00,Dijon,St Etienne,2,1,2.0,0.0,H,H,2.87,3.2,2.37,2.07,1.72
F2,2022-07-30,18:00:00,Annecy,Niort,1,2,0.0,2.0,A,A,2.3,3.2,2.9,2.35,1.57
F2,2022-07-30,18:00:00,Bastia,Laval,0,2,0.0,1.0,A,A,2.0,3.1,3.75,2.7,1.44
F2,2022-07-30,18:00:00,Bordeaux,Valenciennes,0,0,0.0,0.0,D,D,2.5,3.1,2.75,2.3,1.6
F2,2022-07-30,18:00:00,Guingamp,Pau FC,4,0,3.0,0.0,H,H,1.65,3.5,5.0,2.05,1.75
F2,2022-07-30,18:00:00,Le Havre,Grenoble,0,0,0.0,0.0,D,D,2.15,3.2,3.2,2.35,1.57
F2,2022-07-30,18:00:00,Metz,Amiens,3,0,2.0,0.0,H,H,1.85,3.2,4.33,2.2,1.65
F2,2022-07-30,18:00:00,Nimes,Caen,0,1,0.0,0.0,A,D,2.7,3.25,2.37,2.1,1.7
F2,2022-07-30,18:00:00,Quevilly Rouen,Rodez,0,0,0.0,0.0,D,D,2.55,3.1,2.7,2.4,1.53
F2,2022-08-01,19:45:00,Sochaux,Paris FC,0,0,0.0,0.0,D,D,2.0,3.2,3.6,2.25,1.61
F2,2022-08-06,14:00:00,St Etienne,Nimes,1,1,1.0,1.0,D,D,1.66,3.6,4.5,1.93,1.93
F2,2022-08-06,18:00:00,Amiens,Annecy,1,0,0.0,0.0,H,D,2.2,3.0,3.25,2.35,1.57
F2,2022-08-06,18:00:00,Grenoble,Sochaux,1,0,1.0,0.0,H,H,3.5,3.0,2.15,2.6,1.47
F2,2022-08-06,18:00:00,Laval,Guingamp,1,2,1.0,0.0,A,H,2.7,3.0,2.55,2.3,1.6
F2,2022-08-06,18:00:00,Niort,Bastia,1,4,0.0,4.0,A,A,2.5,2.8,3.0,2.7,1.44
F2,2022-08-06,18:00:00,Paris FC,Quevilly Rouen,2,1,2.0,0.0,H,H,1.66,3.3,5.0,2.4,1.53
F2,2022-08-06,18:00:00,Pau FC,Dijon,0,0,0.0,0.0,D,D,2.55,3.2,2.62,2.1,1.7
F2,2022-08-06,18:00:00,Rodez,Bordeaux,0,3,0.0,2.0,A,A,2.1,3.0,3.6,2.2,1.65
F2,2022-08-06,18:00:00,Valenciennes,Le Havre,1,0,1.0,0.0,H,H,2.2,3.1,3.25,2.4,1.53
F2,2022-08-08,19:45:00,Caen,Metz,1,0,1.0,0.0,H,H,2.62,3.0,2.6,2.25,1.61
F2,2022-08-13,14:00:00,Guingamp,Paris FC,0,0,0.0,0.0,D,D,2.4,3.1,3.0,2.1,1.7
F2,2022-08-13,18:00:00,Annecy,Laval,0,1,0.0,1.0,A,A,2.25,3.1,3.25,2.4,1.53
F2,2022-08-13,18:00:00,Bastia,Grenoble,3,0,2.0,0.0,H,H,2.05,3.1,3.8,2.5,1.5
F2,2022-08-13,18:00:00,Bordeaux,Niort,1,0,0.0,0.0,H,D,1.75,3.6,4.0,2.07,1.72
F2,2022-08-13,18:00:00,Dijon,Caen,2,2,0.0,0.0,D,D,2.55,3.1,2.8,2.15,1.66
F2,2022-08-13,18:00:00,Le Havre,Pau FC,1,1,1.0,0.0,D,H,2.1,3.25,3.5,2.2,1.65
F2,2022-08-13,18:00:00,Metz,Valenciennes,2,0,1.0,0.0,H,H,1.9,3.4,3.8,2.3,1.6
F2,2022-08-13,18:00:00,Nimes,Rodez,1,0,0.0,0.0,H,D,2.15,3.1,3.4,2.35,1.57
F2,2022-08-13,18:00:00,Sochaux,Amiens,0,1,0.0,0.0,A,D,1.9,3.3,4.0,2.15,1.66
F2,2022-08-15,19:45:00,Quevilly Rouen,St Etienne,2,2,2.0,2.0,D,D,3.6,3.4,2.0,2.15,1.66
F2,2022-08-20,14:00:00,St Etienne,Le Havre,0,6,0.0,0.0,A,D,1.85,3.4,4.0,2.25,1.61
F2,2022-08-20,18:00:00,Amiens,Bastia,3,1,2.0,1.0,H,H,2.4,3.0,3.1,2.5,1.5
F2,2022-08-20,18:00:00,Caen,Guingamp,4,1,2.0,1.0,H,H,2.3,3.0,3.3,2.35,1.57
F2,2022-08-20,18:00:00,Dijon,Nimes,2,1,1.0,0.0,H,H,1.85,3.3,4.2,2.15,1.66
F2,2022-08-20,18:00:00,Laval,Metz,3,3,1.0,3.0,D,A,2.75,3.2,2.55,2.15,1.66
F2,2022-08-20,18:00:00,Niort,Paris FC,2,1,0.0,0.0,H,D,3.3,3.1,2.25,2.3,1.6
F2,2022-08-20,18:00:00,Pau FC,Sochaux,0,3,0.0,1.0,A,A,3.4,3.1,2.2,2.3,1.6
F2,2022-08-20,18:00:00,Rodez,Annecy,2,2,1.0,2.0,D,A,2.45,2.8,3.2,2.7,1.44
F2,2022-08-20,18:00:00,Valenciennes,Quevilly Rouen,0,0,0.0,0.0,D,D,2.0,3.0,4.2,2.5,1.5
F2,2022-08-22,19:45:00,Grenoble,Bordeaux,0,0,0.0,0.0,D,D,3.2,2.9,2.37,2.5,1.5
F2,2022-08-27,14:00:00,Bordeaux,Guingamp,0,1,0.0,1.0,A,A,2.3,3.2,3.0,2.15,1.66
F2,2022-08-27,14:00:00,Metz,Dijon,1,2,0.0,1.0,A,A,2.15,3.25,3.25,2.07,1.72
F2,2022-08-27,18:00:00,Annecy,Grenoble,0,0,0.0,0.0,D,D,2.45,2.9,3.1,2.6,1.47
F2,2022-08-27,18:00:00,Bastia,Rodez,0,2,0.0,0.0,A,D,1.9,3.1,4.2,2.87,1.4
F2,2022-08-27,18:00:00,Le Havre,Amiens,1,1,0.0,1.0,D,A,2.2,3.2,3.25,2.25,1.61
F2,2022-08-27,18:00:00,Nimes,Laval,1,0,0.0,0.0,H,D,2.75,3.0,2.62,2.4,1.53
F2,2022-08-27,18:00:00,Paris FC,Caen,1,1,0.0,1.0,D,A,2.3,3.1,3.2,2.15,1.66
F2,2022-08-27,18:00:00,Quevilly Rouen,Pau FC,2,1,0.0,0.0,H,D,2.2,3.1,3.4,2.2,1.65
F2,2022-08-27,18:00:00,Sochaux,Niort,3,0,1.0,0.0,H,H,1.7,3.6,4.75,2.2,1.65
F2,2022-08-27,18:00:00,Valenciennes,St Etienne,2,2,1.0,1.0,D,D,2.62,3.0,2.7,2.35,1.57
F2,2022-08-30,19:45:00,Amiens,Paris FC,1,1,0.0,0.0,D,D,2.75,3.0,2.62,2.15,1.66
F2,2022-08-30,19:45:00,Bordeaux,Quevilly Rouen,4,0,3.0,0.0,H,H,2.0,3.25,3.6,2.25,1.61
F2,2022-08-30,19:45:00,Caen,Pau FC,1,1,1.0,1.0,D,D,1.61,3.75,5.75,2.15,1.66
F2,2022-08-30,19:45:00,Dijon,Annecy,0,2,0.0,1.0,A,A,1.85,3.25,4.33,2.25,1.61
F2,2022-08-30,19:45:00,Grenoble,Nimes,3,2,1.0,0.0,H,H,2.3,2.87,3.4,2.4,1.53
F2,2022-08-30,19:45:00,Guingamp,Sochaux,1,2,1.0,1.0,A,D,2.45,3.2,2.87,2.3,1.6
F2,2022-08-30,19:45:00,Laval,Le Havre,1,3,1.0,0.0,A,H,2.55,3.2,2.7,2.25,1.61
F2,2022-08-30,19:45:00,Niort,Valenciennes,0,1,0.0,1.0,A,A,2.55,3.0,2.87,2.4,1.53
F2,2022-08-30,19:45:00,Rodez,Metz,1,4,0.0,3.0,A,A,3.8,3.0,2.15,2.5,1.5
F2,2022-08-30,19:45:00,St Etienne,Bastia,5,0,4.0,0.0,H,H,2.3,3.1,3.25,2.25,1.61
F2,2022-09-02,19:45:00,Amiens,Grenoble,1,0,0.0,0.0,H,D,2.2,3.1,3.25,2.3,1.6
F2,2022-09-02,19:45:00,Bastia,Dijon,1,0,0.0,0.0,H,D,2.3,3.1,3.0,2.25,1.61
F2,2022-09-02,19:45:00,Le Havre,Caen,2,1,1.0,0.0,H,H,2.25,3.1,3.2,2.35,1.57
F2,2022-09-02,19:45:00,Metz,Annecy,0,0,0.0,0.0,D,D,1.7,3.5,5.0,2.05,1.75
F2,2022-09-02,19:45:00,Quevilly Rouen,Niort,3,3,3.0,2.0,D,H,2.25,3.2,3.0,2.25,1.61
F2,2022-09-02,19:45:00,Sochaux,Laval,4,1,1.0,1.0,H,D,1.9,3.2,4.2,2.25,1.61
F2,2022-09-02,19:45:00,Valenciennes,Nimes,3,2,1.0,1.0,H,D,2.15,3.1,3.3,2.3,1.6
F2,2022-09-03,14:00:00,Paris FC,Bordeaux,1,3,0.0,2.0,A,A,1.9,3.2,4.0,2.25,1.61
F2,2022-09-05,19:45:00,Pau FC,St Etienne,2,2,0.0,1.0,D,A,2.8,3.1,2.5,2.25,1.61
F2,2022-09-10,14:00:00,St Etienne,Bordeaux,2,0,1.0,0.0,H,H,2.05,3.4,3.3,2.1,1.7
F2,2022-09-10,18:00:00,Annecy,Quevilly Rouen,1,0,0.0,0.0,H,D,2.2,3.2,3.25,2.4,1.53
F2,2022-09-10,18:00:00,Caen,Amiens,3,1,0.0,0.0,H,D,1.9,3.3,3.8,2.25,1.61
F2,2022-09-10,18:00:00,Dijon,Sochaux,0,2,0.0,1.0,A,A,2.62,3.1,2.55,2.2,1.65
F2,2022-09-10,18:00:00,Grenoble,Paris FC,1,2,0.0,0.0,A,D,2.87,3.1,2.37,2.35,1.57
F2,2022-09-10,18:00:00,Laval,Pau FC,0,1,0.0,0.0,A,D,1.9,3.25,3.8,2.25,1.61
F2,2022-09-10,18:00:00,Nimes,Bastia,0,0,0.0,0.0,D,D,2.6,3.1,2.6,2.35,1.57
F2,2022-09-10,18:00:00,Niort,Le Havre,0,1,0.0,0.0,A,D,2.9,3.1,2.4,2.25,1.61
F2,2022-09-10,18:00:00,Rodez,Valenciennes,1,1,0.0,0.0,D,D,2.55,3.0,2.7,2.5,1.5
F2,2022-09-12,19:45:00,Metz,Guingamp,3,6,3.0,3.0,A,D,2.1,3.1,3.4,2.15,1.66
F2,2022-09-17,14:00:00,Bordeaux,Dijon,2,1,1.0,0.0,H,H,1.95,3.3,3.5,2.1,1.7
F2,2022-09-17,14:00:00,Guingamp,St Etienne,2,1,1.0,0.0,H,H,2.2,3.2,3.0,2.1,1.7
F2,2022-09-17,18:00:00,Amiens,Niort,3,0,0.0,0.0,H,D,1.85,3.3,4.0,2.15,1.66
F2,2022-09-17,18:00:00,Bastia,Metz,1,0,1.0,0.0,H,H,2.37,3.2,2.75,2.2,1.65
F2,2022-09-17,18:00:00,Grenoble,Caen,1,0,0.0,0.0,H,D,3.2,3.1,2.2,2.5,1.5
F2,2022-09-17,18:00:00,Le Havre,Annecy,2,0,0.0,0.0,H,D,1.83,3.3,4.0,2.35,1.57
F2,2022-09-17,18:00:00,Paris FC,Rodez,1,2,1.0,0.0,A,H,1.7,3.4,4.75,2.2,1.65
F2,2022-09-17,18:00:00,Pau FC,Valenciennes,1,0,0.0,0.0,H,D,2.5,3.1,2.62,2.35,1.57
F2,2022-09-17,18:00:00,Quevilly Rouen,Laval,1,3,1.0,2.0,A,A,2.25,3.3,2.87,2.2,1.65
F2,2022-09-17,18:00:00,Sochaux,Nimes,3,1,2.0,1.0,H,H,1.6,3.75,5.0,2.05,1.75
F2,2022-10-01,14:00:00,St Etienne,Grenoble,2,2,0.0,1.0,D,A,1.85,3.4,4.33,2.1,1.7
F2,2022-10-01,18:00:00,Annecy,Bastia,0,2,0.0,1.0,A,A,2.7,3.0,2.7,2.5,1.5
F2,2022-10-01,18:00:00,Caen,Quevilly Rouen,0,1,0.0,1.0,A,A,1.7,3.5,5.25,2.15,1.66
F2,2022-10-01,18:00:00,Dijon,Le Havre,0,0,0.0,0.0,D,D,2.8,3.1,2.6,2.25,1.61
F2,2022-10-01,18:00:00,Metz,Pau FC,1,0,1.0,0.0,H,H,1.6,3.6,5.75,2.1,1.7
F2,2022-10-01,18:00:00,Nimes,Paris FC,0,1,0.0,0.0,A,D,3.2,3.3,2.2,2.07,1.72
F2,2022-10-01,18:00:00,Niort,Guingamp,0,0,0.0,0.0,D,D,3.3,3.3,2.15,2.15,1.66
F2,2022-10-01,18:00:00,Rodez,Amiens,0,1,0.0,1.0,A,A,2.87,3.1,2.55,2.5,1.5
F2,2022-10-01,18:00:00,Valenciennes,Sochaux,2,1,1.0,1.0,H,D,3.5,3.0,2.25,2.5,1.5
F2,2022-10-03,19:45:00,Laval,Bordeaux,1,2,0.0,1.0,A,A,3.3,3.25,2.2,2.1,1.7
F2,2022-10-04,19:45:00,Guingamp,Rodez,0,0,0.0,0.0,D,D,1.8,3.6,4.2,2.2,1.65
F2,2022-10-08,14:00:00,Bordeaux,Metz,2,0,1.0,0.0,H,H,2.2,3.3,3.1,2.07,1.72
F2,2022-10-08,18:00:00,Amiens,Dijon,2,1,0.0,1.0,H,A,2.1,3.5,3.2,2.05,1.8
F2,2022-10-08,18:00:00,Caen,Niort,1,0,1.0,0.0,H,H,1.6,3.75,6.0,2.15,1.66
F2,2022-10-08,18:00:00,Grenoble,Laval,3,2,3.0,2.0,H,H,2.37,3.2,2.9,2.35,1.57
F2,2022-10-08,18:00:00,Guingamp,Annecy,0,4,0.0,1.0,A,A,1.8,3.5,4.5,2.15,1.66
F2,2022-10-08,18:00:00,Le Havre,Bastia,3,0,2.0,0.0,H,H,1.95,3.3,3.8,2.4,1.53
F2,2022-10-08,18:00:00,Paris FC,Valenciennes,0,1,0.0,1.0,A,A,1.8,3.6,4.5,2.1,1.7
F2,2022-10-08,18:00:00,Pau FC,Rodez,2,2,1.0,0.0,D,H,2.45,3.1,3.0,2.4,1.53
F2,2022-10-08,18:00:00,Quevilly Rouen,Nimes,3,1,2.0,0.0,H,H,2.3,3.2,3.1,2.25,1.61
F2,2022-10-10,19:45:00,Sochaux,St Etienne,2,1,1.0,0.0,H,H,1.9,3.4,4.0,2.02,1.83
F2,2022-10-15,14:00:00,St Etienne,Paris FC,0,2,0.0,0.0,A,D,2.25,3.25,3.2,2.0,1.8
F2,2022-10-15,18:00:00,Annecy,Pau FC,0,2,0.0,1.0,A,A,2.25,3.1,3.3,2.5,1.5
F2,2022-10-15,18:00:00,Dijon,Quevilly Rouen,0,0,0.0,0.0,D,D,2.1,3.2,3.6,2.15,1.66
F2,2022-10-15,18:00:00,Laval,Caen,4,0,2.0,0.0,H,H,3.0,3.25,2.37,2.07,1.72
F2,2022-10-15,18:00:00,Metz,Sochaux,0,0,0.0,0.0,D,D,2.62,3.2,2.7,2.1,1.7
F2,2022-10-15,18:00:00,Nimes,Amiens,2,0,2.0,0.0,H,H,3.0,3.2,2.4,2.2,1.65
F2,2022-10-15,18:00:00,Niort,Grenoble,0,3,0.0,1.0,A,A,2.5,3.0,3.0,2.5,1.5
F2,2022-10-15,18:00:00,Rodez,Le Havre,1,1,0.0,1.0,D,A,3.8,3.2,2.0,2.4,1.53
F2,2022-10-15,18:00:00,Valenciennes,Guingamp,1,0,1.0,0.0,H,H,2.8,3.2,2.5,2.15,1.66
F2,2022-10-17,19:45:00,Bastia,Bordeaux,1,1,0.0,0.0,D,D,2.87,3.2,2.5,2.4,1.53
F2,2022-10-22,14:00:00,Amiens,St Etienne,0,1,0.0,0.0,A,D,2.5,3.3,2.8,2.07,1.72
F2,2022-10-22,18:00:00,Bordeaux,Annecy,1,0,1.0,0.0,H,H,1.7,3.6,5.0,2.05,1.75
F2,2022-10-22,18:00:00,Caen,Rodez,2,0,0.0,0.0,H,D,1.72,3.6,5.0,2.2,1.65
F2,2022-10-22,18:00:00,Grenoble,Valenciennes,1,0,0.0,0.0,H,D,2.37,3.2,3.0,2.4,1.53
F2,2022-10-22,18:00:00,Guingamp,Bastia,1,1,0.0,0.0,D,D,2.25,3.1,3.4,2.4,1.53
F2,2022-10-22,18:00:00,Niort,Dijon,2,1,0.0,0.0,H,D,2.62,3.25,2.62,2.3,1.6
F2,2022-10-22,18:00:00,Paris FC,Laval,0,0,0.0,0.0,D,D,1.83,3.5,4.33,2.05,1.75
F2,2022-10-22,18:00:00,Pau FC,Nimes,1,0,1.0,0.0,H,H,2.2,3.2,3.4,2.15,1.66
F2,2022-10-22,18:00:00,Sochaux,Quevilly Rouen,2,2,0.0,1.0,D,A,1.7,3.6,5.0,2.1,1.7
F2,2022-10-24,19:45:00,Le Havre,Metz,2,0,1.0,0.0,H,H,1.95,3.4,4.0,2.15,1.66
F2,2022-11-05,14:00:00,Nimes,Bordeaux,1,0,1.0,0.0,H,H,3.4,3.4,2.1,2.05,1.75
F2,2022-11-05,18:00:00,Annecy,Sochaux,2,1,0.0,1.0,H,A,3.5,3.4,2.05,2.2,1.65
F2,2022-11-05,18:00:00,Bastia,Paris FC,0,1,0.0,1.0,A,A,2.5,3.1,2.9,2.4,1.53
F2,2022-11-05,18:00:00,Dijon,Guingamp,1,1,0.0,1.0,D,A,2.45,3.25,2.9,2.25,1.61
F2,2022-11-05,18:00:00,Laval,Niort,2,1,1.0,1.0,H,D,1.9,3.6,4.0,2.15,1.66
F2,2022-11-05,18:00:00,Pau FC,Amiens,2,1,1.0,0.0,H,H,2.7,3.25,2.62,2.2,1.65
F2,2022-11-05,18:00:00,Quevilly Rouen,Le Havre,0,1,0.0,0.0,A,D,3.8,3.3,2.0,2.3,1.6
F2,2022-11-05,18:00:00,Rodez,Grenoble,0,1,0.0,0.0,A,D,2.4,3.25,3.0,2.6,1.47
F2,2022-11-05,18:00:00,Valenciennes,Caen,1,1,1.0,1.0,D,D,3.0,3.3,2.3,2.35,1.57
F2,2022-11-07,19:45:00,Metz,St Etienne,3,2,2.0,1.0,H,H,2.15,3.5,3.25,2.05,1.8
F2,2022-11-12,14:00:00,St Etienne,Rodez,0,2,0.0,0.0,A,D,1.6,3.6,5.75,2.15,1.66
F2,2022-11-12,18:00:00,Amiens,Quevilly Rouen,0,2,0.0,1.0,A,A,1.85,3.25,4.2,2.3,1.6
F2,2022-11-12,18:00:00,Bordeaux,Pau FC,1,1,0.0,1.0,D,A,1.61,3.75,5.25,2.02,1.83
F2,2022-11-12,18:00:00,Caen,Annecy,0,0,0.0,0.0,D,D,1.8,3.3,4.5,2.3,1.6
F2,2022-11-12,18:00:00,Grenoble,Dijon,0,0,0.0,0.0,D,D,2.55,3.0,2.8,2.4,1.53
F2,2022-11-12,18:00:00,Guingamp,Le Havre,0,1,0.0,0.0,A,D,2.8,3.1,2.5,2.3,1.6
F2,2022-11-12,18:00:00,Laval,Valenciennes,1,0,1.0,0.0,H,H,2.1,3.2,3.4,2.2,1.65
F2,2022-11-12,18:00:00,Niort,Nimes,1,1,0.0,1.0,D,A,2.5,3.2,2.7,2.25,1.61
F2,2022-11-12,18:00:00,Paris FC,Metz,1,4,1.0,2.0,A,A,2.2,3.25,3.1,2.1,1.7
F2,2022-11-12,18:00:00,Sochaux,Bastia,1,0,1.0,0.0,H,H,1.9,3.2,4.0,2.15,1.66
F2,2022-12-26,16:00:00,Annecy,St Etienne,2,1,1.0,0.0,H,H,3.0,3.3,2.2,2.0,1.85
F2,2022-12-26,18:05:00,Le Havre,Bordeaux,1,0,1.0,0.0,H,H,2.2,3.1,3.3,2.35,1.57
F2,2022-12-26,20:00:00,Bastia,Caen,1,0,0.0,0.0,H,D,2.8,3.0,2.6,2.5,1.5
F2,2022-12-26,20:00:00,Dijon,Laval,5,0,3.0,0.0,H,H,,,,,
F2,2022-12-26,20:00:00,Metz,Niort,0,0,0.0,0.0,D,D,1.73,3.5,4.75,2.1,1.7
F2,2022-12-26,20:00:00,Nimes,Guingamp,1,2,1.0,1.0,A,D,2.8,3.2,2.4,2.15,1.67
F2,2022-12-26,20:00:00,Pau FC,Paris FC,0,1,0.0,1.0,A,A,3.1,3.2,2.25,2.2,1.65
F2,2022-12-26,20:00:00,Quevilly Rouen,Grenoble,2,0,0.0,0.0,H,D,2.5,3.0,2.88,2.5,1.5
F2,2022-12-26,20:00:00,Sochaux,Rodez,1,0,0.0,0.0,H,D,1.53,3.8,5.75,2.0,1.85
F2,2022-12-26,20:00:00,Valenciennes,Amiens,1,1,1.0,1.0,D,D,2.4,3.0,3.0,2.25,1.62
F2,2022-12-30,16:00:00,Bordeaux,Sochaux,2,1,2.0,0.0,H,H,2.1,3.3,3.3,2.0,1.8
F2,2022-12-30,18:05:00,St Etienne,Caen,1,1,0.0,1.0,D,A,2.45,3.1,2.8,2.15,1.67
F2,2022-12-30,20:00:00,Annecy,Nimes,0,0,0.0,0.0,D,D,2.3,3.1,3.0,2.15,1.67
F2,2022-12-30,20:00:00,Bastia,Valenciennes,1,0,0.0,0.0,H,D,2.15,3.0,3.4,2.5,1.5
F2,2022-12-30,20:00:00,Grenoble,Metz,0,1,0.0,0.0,A,D,2.63,3.0,2.6,2.4,1.53
F2,2022-12-30,20:00:00,Guingamp,Quevilly Rouen,0,2,0.0,1.0,A,A,1.91,3.4,3.6,2.25,1.62
F2,2022-12-30,20:00:00,Laval,Amiens,0,3,0.0,1.0,A,A,2.6,3.1,2.6,2.2,1.65
F2,2022-12-30,20:00:00,Niort,Pau FC,2,1,1.0,0.0,H,H,2.3,3.0,2.9,2.3,1.6
F2,2022-12-30,20:00:00,Paris FC,Le Havre,0,0,0.0,0.0,D,D,2.7,3.0,2.55,2.3,1.6
F2,2022-12-30,20:00:00,Rodez,Dijon,2,1,2.0,0.0,H,H,3.0,3.0,2.38,2.4,1.53
F2,2023-01-10,19:45:00,Amiens,Guingamp,1,1,0.0,0.0,D,D,2.25,3.1,3.3,2.2,1.65
F2,2023-01-10,19:45:00,Caen,Bordeaux,2,2,0.0,2.0,D,A,2.45,2.9,3.25,2.4,1.53
F2,2023-01-10,19:45:00,Le Havre,Sochaux,1,0,0.0,0.0,H,D,2.15,3.0,3.8,2.4,1.53
F2,2023-01-10,19:45:00,Nimes,Metz,1,4,0.0,0.0,A,D,3.1,3.2,2.38,2.15,1.67
F2,2023-01-10,19:45:00,Paris FC,Dijon,2,1,1.0,0.0,H,H,2.1,3.1,3.6,2.3,1.6
F2,2023-01-10,19:45:00,Pau FC,Grenoble,0,0,0.0,0.0,D,D,2.4,3.1,3.1,2.5,1.5
F2,2023-01-10,19:45:00,Quevilly Rouen,Bastia,1,1,1.0,0.0,D,H,2.3,3.2,3.2,2.5,1.5
F2,2023-01-10,19:45:00,Rodez,Niort,1,1,0.0,0.0,D,D,2.4,3.1,3.1,2.5,1.5
F2,2023-01-10,19:45:00,St Etienne,Laval,1,0,0.0,0.0,H,D,1.91,3.6,3.8,2.05,1.8
F2,2023-01-10,19:45:00,Valenciennes,Annecy,2,2,1.0,1.0,D,D,2.25,2.9,3.5,2.5,1.5
F2,2023-01-13,19:45:00,Annecy,Paris FC,2,0,1.0,0.0,H,H,2.8,3.2,2.55,2.3,1.6
F2,2023-01-13,19:45:00,Bastia,Pau FC,1,0,0.0,0.0,H,D,2.05,3.3,3.6,2.5,1.5
F2,2023-01-13,19:45:00,Bordeaux,Amiens,1,1,1.0,0.0,D,H,1.85,3.5,4.2,2.15,1.67
F2,2023-01-13,19:45:00,Dijon,Valenciennes,2,1,1.0,0.0,H,H,1.95,3.3,4.0,2.3,1.6
F2,2023-01-13,19:45:00,Guingamp,Grenoble,2,4,1.0,1.0,A,D,2.15,3.25,3.4,2.5,1.5
F2,2023-01-13,19:45:00,Laval,Rodez,3,1,1.0,0.0,H,H,2.1,3.3,3.6,2.25,1.62
F2,2023-01-13,19:45:00,Le Havre,Nimes,3,1,0.0,0.0,H,D,1.6,3.8,5.5,2.2,1.65
F2,2023-01-13,19:45:00,Metz,Quevilly Rouen,2,0,0.0,0.0,H,D,2.05,3.4,3.75,2.1,1.7
F2,2023-01-16,19:45:00,Niort,St Etienne,0,1,0.0,0.0,A,D,3.2,3.4,2.2,2.1,1.7
F2,2023-01-20,17:30:00,Sochaux,Caen,1,2,1.0,0.0,A,H,2.38,3.1,3.1,2.3,1.6
F2,2023-01-28,14:00:00,St Etienne,Sochaux,2,3,0.0,1.0,A,A,2.1,3.3,3.4,2.05,1.8
F2,2023-01-28,18:00:00,Amiens,Le Havre,1,1,1.0,0.0,D,H,2.7,3.1,2.75,2.5,1.5
F2,2023-01-28,18:00:00,Caen,Laval,0,0,0.0,0.0,D,D,1.67,3.6,5.25,2.15,1.67
F2,2023-01-28,18:00:00,Dijon,Bordeaux,0,3,0.0,1.0,A,A,3.0,3.2,2.38,2.2,1.65
F2,2023-01-28,18:00:00,Grenoble,Bastia,0,1,0.0,0.0,A,D,2.5,2.88,3.2,2.88,1.4
F2,2023-01-28,18:00:00,Nimes,Niort,3,2,3.0,1.0,H,H,2.25,3.25,3.25,2.15,1.67
F2,2023-01-28,18:00:00,Pau FC,Annecy,2,2,0.0,2.0,D,A,2.4,3.1,3.1,2.5,1.5
F2,2023-01-28,18:00:00,Quevilly Rouen,Paris FC,3,1,1.0,0.0,H,H,2.75,3.1,2.63,2.35,1.57
F2,2023-01-28,18:00:00,Rodez,Guingamp,0,1,0.0,0.0,A,D,2.9,3.0,2.55,2.35,1.57
F2,2023-01-28,18:00:00,Valenciennes,Metz,1,1,0.0,0.0,D,D,3.3,3.1,2.25,2.15,1.67
F2,2023-01-31,19:45:00,Annecy,Caen,2,0,0.0,0.0,H,D,3.25,3.1,2.2,2.4,1.53
F2,2023-01-31,19:45:00,Bastia,St Etienne,2,0,0.0,0.0,H,D,3.1,3.0,2.4,2.3,1.6
F2,2023-01-31,19:45:00,Bordeaux,Le Havre,1,2,0.0,1.0,A,A,2.38,3.0,3.25,2.5,1.5
F2,2023-01-31,19:45:00,Grenoble,Quevilly Rouen,1,0,0.0,0.0,H,D,2.55,2.8,3.2,2.88,1.4
F2,2023-01-31,19:45:00,Guingamp,Nimes,1,2,1.0,0.0,A,H,1.91,3.5,3.8,2.1,1.7
F2,2023-01-31,19:45:00,Laval,Dijon,1,0,0.0,0.0,H,D,2.8,2.9,2.75,2.5,1.5
F2,2023-01-31,19:45:00,Metz,Rodez,1,1,0.0,0.0,D,D,1.62,3.75,5.75,2.3,1.6
F2,2023-01-31,19:45:00,Niort,Amiens,1,3,0.0,2.0,A,A,3.4,3.1,2.2,2.25,1.62
F2,2023-01-31,19:45:00,Paris FC,Pau FC,0,1,0.0,0.0,A,D,1.91,3.4,4.33,2.2,1.65
F2,2023-01-31,19:45:00,Sochaux,Valenciennes,4,0,2.0,0.0,H,H,1.65,3.75,5.25,2.05,1.8
F2,2023-02-03,19:45:00,Caen,Bastia,3,1,0.0,0.0,H,D,2.1,3.0,3.8,2.7,1.44
F2,2023-02-03,19:45:00,Dijon,Niort,0,1,0.0,1.0,A,A,1.95,3.3,4.0,2.25,1.62
F2,2023-02-03,19:45:00,Le Havre,Paris FC,0,0,0.0,0.0,D,D,1.91,3.1,4.5,2.5,1.5
F2,2023-02-03,19:45:00,Nimes,Grenoble,0,2,0.0,1.0,A,A,2.5,2.9,3.1,2.6,1.48
F2,2023-02-03,19:45:00,Pau FC,Bordeaux,0,2,0.0,1.0,A,A,4.5,3.1,1.85,2.1,1.7
F2,2023-02-03,19:45:00,Quevilly Rouen,Guingamp,2,0,1.0,0.0,H,H,2.25,3.0,3.4,2.4,1.53
F2,2023-02-03,19:45:00,Rodez,Sochaux,1,2,1.0,1.0,A,D,3.6,3.4,2.05,2.3,1.6
F2,2023-02-03,19:45:00,Valenciennes,Laval,3,1,2.0,0.0,H,H,2.63,3.1,2.75,2.2,1.65
F2,2023-02-04,14:00:00,St Etienne,Annecy,3,2,1.0,1.0,H,D,1.8,3.5,4.5,1.85,2.0
F2,2023-02-06,19:45:00,Amiens,Metz,0,2,0.0,0.0,A,D,2.55,3.25,2.75,2.15,1.67
F2,2023-02-11,14:00:00,St Etienne,Dijon,2,0,2.0,0.0,H,H,1.85,3.3,4.0,2.08,1.73
F2,2023-02-11,18:00:00,Bastia,Quevilly Rouen,0,1,0.0,1.0,A,A,2.15,3.0,3.5,2.7,1.44
F2,2023-02-11,18:00:00,Grenoble,Pau FC,1,1,0.0,1.0,D,A,2.15,3.0,3.5,2.7,1.44
F2,2023-02-11,18:00:00,Guingamp,Valenciennes,3,1,1.0,0.0,H,H,1.91,3.2,4.0,2.3,1.6
F2,2023-02-11,18:00:00,Laval,Annecy,1,1,1.0,1.0,D,D,2.15,3.2,3.4,2.25,1.62
F2,2023-02-11,18:00:00,Niort,Bordeaux,3,1,2.0,1.0,H,H,4.5,3.3,1.8,2.15,1.67
F2,2023-02-11,18:00:00,Rodez,Nimes,1,1,1.0,0.0,D,H,2.5,3.0,2.88,2.4,1.53
F2,2023-02-11,18:00:00,Sochaux,Le Havre,1,1,0.0,1.0,D,A,2.5,3.0,2.88,2.5,1.5
F2,2023-02-13,19:45:00,Metz,Caen,0,0,0.0,0.0,D,D,,,,,
F2,2023-02-18,14:00:00,Bordeaux,Paris FC,2,1,2.0,0.0,H,H,1.91,3.4,3.6,2.2,1.65
F2,2023-02-18,18:00:00,Annecy,Amiens,2,0,1.0,0.0,H,H,2.7,3.25,2.4,2.15,1.67
F2,2023-02-18,18:00:00,Bastia,Guingamp,1,1,1.0,0.0,D,H,2.25,3.0,3.2,2.5,1.5
F2,2023-02-18,18:00:00,Caen,Grenoble,2,1,0.0,1.0,H,A,1.8,3.2,4.5,2.6,1.48
F2,2023-02-18,18:00:00,Dijon,Metz,0,0,0.0,0.0,D,D,3.2,3.1,2.2,2.25,1.62
F2,2023-02-18,18:00:00,Le Havre,Niort,1,0,0.0,0.0,H,D,1.65,3.6,4.75,2.25,1.62
F2,2023-02-18,18:00:00,Pau FC,Laval,0,1,0.0,1.0,A,A,2.4,3.0,2.9,2.35,1.57
F2,2023-02-18,18:00:00,Quevilly Rouen,Sochaux,0,0,0.0,0.0,D,D,2.7,3.1,2.63,2.3,1.6
F2,2023-02-18,18:00:00,Valenciennes,Rodez,0,0,0.0,0.0,D,D,2.25,3.2,2.9,2.4,1.53
F2,2023-02-20,19:45:00,Nimes,St Etienne,1,2,0.0,1.0,A,A,3.4,3.3,2.0,2.05,1.75
F2,2023-02-25,14:00:00,Grenoble,Le Havre,0,0,0.0,0.0,D,D,3.5,2.88,2.3,2.88,1.4
F2,2023-02-25,18:00:00,Guingamp,Caen,1,2,0.0,2.0,A,A,2.6,3.1,2.88,2.3,1.6
F2,2023-02-25,18:00:00,Laval,Quevilly Rouen,0,1,0.0,0.0,A,D,2.88,2.88,2.75,2.4,1.53
F2,2023-02-25,18:00:00,Metz,Nimes,2,0,1.0,0.0,H,H,1.67,3.75,5.25,2.1,1.7
F2,2023-02-25,18:00:00,Paris FC,Niort,3,0,0.0,0.0,H,D,1.8,3.5,4.5,2.25,1.62
F2,2023-02-25,18:00:00,Rodez,Bastia,0,2,0.0,1.0,A,A,2.55,3.0,2.88,2.6,1.48
F2,2023-02-25,18:00:00,Sochaux,Annecy,5,1,3.0,0.0,H,H,1.67,3.4,5.75,2.2,1.65
F2,2023-02-25,18:00:00,St Etienne,Pau FC,2,0,1.0,0.0,H,H,1.62,3.6,6.0,2.0,1.85
F2,2023-02-25,18:00:00,Valenciennes,Dijon,2,2,0.0,0.0,D,D,2.45,3.1,3.1,2.5,1.5
F2,2023-02-27,19:45:00,Amiens,Bordeaux,1,2,1.0,0.0,A,H,2.7,3.5,2.38,2.15,1.67
F2,2023-03-04,14:00:00,Bordeaux,St Etienne,1,1,0.0,0.0,D,D,2.15,3.2,3.6,2.1,1.77
F2,2023-03-04,18:00:00,Amiens,Pau FC,1,0,1.0,0.0,H,H,1.73,3.5,5.0,2.05,1.75
F2,2023-03-04,18:00:00,Annecy,Metz,0,3,0.0,1.0,A,A,3.8,3.2,2.05,2.2,1.65
F2,2023-03-04,18:00:00,Bastia,Nimes,4,2,2.0,1.0,H,H,1.85,3.1,4.75,2.4,1.53
F2,2023-03-04,18:00:00,Dijon,Grenoble,1,0,1.0,0.0,H,H,2.38,3.0,3.2,2.6,1.48
F2,2023-03-04,18:00:00,Le Havre,Laval,2,1,1.0,1.0,H,D,1.67,3.5,5.5,2.5,1.5
F2,2023-03-04,18:00:00,Niort,Rodez,2,3,1.0,2.0,A,A,2.4,3.0,3.2,2.4,1.53
F2,2023-03-04,18:00:00,Paris FC,Guingamp,1,2,0.0,2.0,A,A,1.95,3.25,4.2,2.25,1.62
F2,2023-03-04,18:00:00,Quevilly Rouen,Valenciennes,1,1,0.0,1.0,D,A,1.85,3.0,5.0,2.6,1.48
F2,2023-03-06,19:45:00,Caen,Sochaux,0,0,0.0,0.0,D,D,2.4,3.2,3.0,2.25,1.62
F2,2023-03-11,14:00:00,Sochaux,Bordeaux,1,1,1.0,1.0,D,D,2.5,3.2,2.9,2.15,1.67
F2,2023-03-11,18:00:00,Grenoble,Annecy,2,1,1.0,1.0,H,D,2.2,3.1,3.5,2.5,1.5
F2,2023-03-11,18:00:00,Guingamp,Dijon,2,0,1.0,0.0,H,H,2.25,3.2,3.3,2.3,1.6
F2,2023-03-11,18:00:00,Laval,Paris FC,1,2,1.0,1.0,A,D,2.88,3.0,2.7,2.4,1.53
F2,2023-03-11,18:00:00,Nimes,Quevilly Rouen,2,0,0.0,0.0,H,D,3.0,3.0,2.55,2.5,1.5
F2,2023-03-11,18:00:00,Pau FC,Niort,1,0,1.0,0.0,H,H,2.2,3.25,3.3,2.3,1.6
F2,2023-03-11,18:00:00,Rodez,Caen,3,2,2.0,1.0,H,H,3.5,3.1,2.2,2.5,1.5
F2,2023-03-11,18:00:00,St Etienne,Amiens,1,1,0.0,0.0,D,D,1.83,3.75,4.0,1.9,1.95
F2,2023-03-11,18:00:00,Valenciennes,Bastia,2,2,1.0,1.0,D,D,3.1,3.1,2.4,2.6,1.48
F2,2023-03-13,19:45:00,Metz,Le Havre,1,1,1.0,0.0,D,H,2.25,3.1,3.3,2.7,1.44
F2,2023-03-14,18:00:00,Paris FC,Amiens,3,0,1.0,0.0,H,H,2.1,3.6,3.3,2.1,1.7
F2,2023-03-18,14:00:00,Le Havre,St Etienne,2,2,0.0,0.0,D,D,2.3,3.1,3.3,2.35,1.57
F2,2023-03-18,18:00:00,Amiens,Rodez,1,3,1.0,1.0,A,D,1.83,3.4,4.5,2.1,1.7
F2,2023-03-18,18:00:00,Annecy,Guingamp,1,1,1.0,1.0,D,D,2.45,3.2,2.88,2.25,1.62
F2,2023-03-18,18:00:00,Bordeaux,Nimes,1,0,0.0,0.0,H,D,1.53,4.0,6.0,2.0,1.8
F2,2023-03-18,18:00:00,Caen,Valenciennes,2,1,1.0,1.0,H,D,1.65,3.6,5.25,2.25,1.62
F2,2023-03-18,18:00:00,Dijon,Pau FC,0,1,0.0,1.0,A,A,2.15,3.0,3.8,2.4,1.53
F2,2023-03-18,18:00:00,Niort,Laval,3,2,1.0,1.0,H,D,2.7,3.0,2.75,2.4,1.53
F2,2023-03-18,18:00:00,Paris FC,Bastia,0,1,0.0,0.0,A,D,2.15,3.1,3.5,2.4,1.53
F2,2023-03-18,18:00:00,Quevilly Rouen,Metz,1,2,0.0,0.0,A,D,3.0,3.0,2.5,2.5,1.5
F2,2023-03-18,18:00:00,Sochaux,Grenoble,1,0,0.0,0.0,H,D,1.73,3.4,5.5,2.25,1.62
F2,2023-04-01,14:00:00,St Etienne,Niort,2,0,0.0,0.0,H,D,1.44,4.0,7.5,1.88,1.98
F2,2023-04-01,18:00:00,Bastia,Sochaux,3,2,1.0,2.0,H,A,2.55,3.2,2.75,2.35,1.57
F2,2023-04-01,18:00:00,Caen,Dijon,2,1,0.0,1.0,H,A,1.85,3.5,4.0,2.3,1.6
F2,2023-04-01,18:00:00,Grenoble,Amiens,2,1,1.0,0.0,H,H,2.7,3.1,2.63,2.35,1.57
F2,2023-04-01,18:00:00,Metz,Laval,1,0,0.0,0.0,H,D,1.7,3.4,5.75,2.4,1.53
F2,2023-04-01,18:00:00,Nimes,Annecy,4,0,2.0,0.0,H,H,2.1,3.2,3.5,2.1,1.7
F2,2023-04-01,18:00:00,Pau FC,Le Havre,0,1,0.0,1.0,A,A,3.75,3.1,2.1,2.6,1.48
F2,2023-04-01,18:00:00,Rodez,Quevilly Rouen,1,0,0.0,0.0,H,D,3.1,3.1,2.3,2.35,1.57
F2,2023-04-01,18:00:00,Valenciennes,Paris FC,4,5,2.0,2.0,A,D,3.2,3.3,2.25,2.3,1.6
F2,2023-04-03,19:45:00,Guingamp,Bordeaux,0,1,0.0,1.0,A,A,3.1,3.3,2.25,2.15,1.67
F2,2023-04-08,14:00:00,Bordeaux,Bastia,2,0,1.0,0.0,H,H,1.91,3.4,4.0,2.15,1.67
F2,2023-04-08,18:00:00,Amiens,Nimes,1,0,0.0,0.0,H,D,2.0,3.4,3.75,2.0,1.8
F2,2023-04-08,18:00:00,Dijon,Rodez,1,0,0.0,0.0,H,D,1.95,3.4,3.8,2.35,1.57
F2,2023-04-08,18:00:00,Laval,Grenoble,0,1,0.0,1.0,A,A,2.4,3.0,3.1,2.5,1.5
F2,2023-04-08,18:00:00,Le Havre,Guingamp,0,0,0.0,0.0,D,D,1.85,3.1,5.0,2.5,1.5
F2,2023-04-08,18:00:00,Niort,Sochaux,0,3,0.0,3.0,A,A,4.0,3.6,1.91,2.02,1.83
F2,2023-04-08,18:00:00,Paris FC,St Etienne,2,4,2.0,2.0,A,D,2.8,3.3,2.45,2.05,1.8
F2,2023-04-08,18:00:00,Pau FC,Metz,1,1,0.0,0.0,D,D,4.2,3.2,1.95,2.2,1.65
F2,2023-04-08,18:00:00,Quevilly Rouen,Caen,2,1,2.0,0.0,H,H,2.75,3.1,2.63,2.5,1.5
F2,2023-04-10,19:45:00,Annecy,Valenciennes,2,1,1.0,1.0,H,D,2.2,3.3,3.25,2.1,1.7
F2,2023-04-15,14:00:00,Metz,Bordeaux,3,0,0.0,0.0,H,D,2.3,3.2,3.1,2.15,1.67
F2,2023-04-15,18:00:00,Bastia,Annecy,3,0,3.0,0.0,H,H,1.73,3.4,5.0,2.15,1.67
F2,2023-04-15,18:00:00,Caen,Paris FC,3,1,2.0,0.0,H,H,2.1,3.2,3.75,2.3,1.6
F2,2023-04-15,18:00:00,Guingamp,Amiens,3,1,1.0,0.0,H,H,2.25,3.2,3.4,2.08,1.73
F2,2023-04-15,18:00:00,Nimes,Le Havre,0,1,0.0,1.0,A,A,3.4,3.0,2.3,2.5,1.5
F2,2023-04-15,18:00:00,Quevilly Rouen,Dijon,2,2,1.0,0.0,D,H,2.3,3.0,3.4,2.6,1.48
F2,2023-04-15,18:00:00,Rodez,Laval,1,0,1.0,0.0,H,H,2.7,3.0,2.8,2.4,1.53
F2,2023-04-15,18:00:00,Sochaux,Pau FC,2,3,0.0,2.0,A,A,1.57,3.75,6.5,2.05,1.75
F2,2023-04-15,18:00:00,Valenciennes,Niort,0,0,0.0,0.0,D,D,2.15,3.2,3.5,2.1,1.7
F2,2023-04-17,19:45:00,Grenoble,St Etienne,0,2,0.0,0.0,A,D,3.4,3.2,2.15,2.15,1.67
F2,2023-04-22,14:00:00,St Etienne,Metz,1,3,1.0,3.0,A,A,2.15,3.4,3.4,1.95,1.9
F2,2023-04-22,18:00:00,Amiens,Valenciennes,0,2,0.0,0.0,A,D,1.85,3.5,4.33,2.0,1.85
F2,2023-04-22,18:00:00,Annecy,Rodez,0,3,0.0,0.0,A,D,2.1,3.2,3.5,2.1,1.7
F2,2023-04-22,18:00:00,Dijon,Bastia,1,1,0.0,0.0,D,D,2.8,3.1,2.6,2.5,1.5
F2,2023-04-22,18:00:00,Laval,Sochaux,2,1,2.0,0.0,H,H,3.4,3.2,2.2,2.15,1.67
F2,2023-04-22,18:00:00,Le Havre,Quevilly Rouen,0,0,0.0,0.0,D,D,2.0,3.1,4.0,2.7,1.44
F2,2023-04-22,18:00:00,Niort,Caen,1,2,0.0,2.0,A,A,5.25,3.4,1.73,2.05,1.75
F2,2023-04-22,18:00:00,Paris FC,Nimes,3,0,1.0,0.0,H,H,1.75,3.4,5.0,2.0,1.8
F2,2023-04-22,18:00:00,Pau FC,Guingamp,2,1,1.0,1.0,H,D,2.7,3.1,2.75,2.3,1.6
F2,2023-04-24,19:45:00,Bordeaux,Grenoble,3,0,1.0,0.0,H,H,1.62,3.6,6.0,2.15,1.67
F2,2023-04-29,13:45:00,Caen,Le Havre,1,2,0.0,1.0,A,A,2.4,3.0,3.2,2.6,1.48
F2,2023-04-29,18:00:00,Bastia,Amiens,1,1,1.0,1.0,D,D,1.91,3.4,4.0,2.08,1.73
F2,2023-04-29,18:00:00,Grenoble,Niort,2,0,1.0,0.0,H,H,1.85,3.4,4.33,2.25,1.62
F2,2023-04-29,18:00:00,Guingamp,Laval,3,1,1.0,1.0,H,D,2.2,3.2,3.2,2.3,1.6
F2,2023-04-29,18:00:00,Metz,Paris FC,1,1,1.0,1.0,D,D,1.73,3.6,4.75,2.1,1.7
F2,2023-04-29,18:00:00,Nimes,Pau FC,3,2,2.0,1.0,H,H,2.38,3.25,3.0,2.15,1.67
F2,2023-04-29,18:00:00,Quevilly Rouen,Annecy,2,2,0.0,1.0,D,A,1.85,3.4,4.2,2.25,1.62
F2,2023-04-29,18:00:00,Rodez,St Etienne,1,1,0.0,0.0,D,D,4.2,3.75,1.75,1.93,1.93
F2,2023-04-29,18:00:00,Valenciennes,Bordeaux,0,2,0.0,0.0,A,D,4.75,3.4,1.8,2.08,1.73
F2,2023-05-01,19:45:00,Sochaux,Dijon,0,2,0.0,2.0,A,A,1.8,3.4,4.75,2.15,1.67
F2,2023-05-06,14:00:00,Bordeaux,Caen,1,0,1.0,0.0,H,H,1.95,3.3,3.8,2.0,1.85
F2,2023-05-06,18:00:00,Amiens,Sochaux,1,0,0.0,0.0,H,D,2.8,3.2,2.5,2.05,1.75
F2,2023-05-06,18:00:00,Annecy,Dijon,1,1,0.0,0.0,D,D,3.4,3.1,2.25,2.3,1.6
F2,2023-05-06,18:00:00,Laval,Bastia,2,1,2.0,0.0,H,H,2.75,3.0,2.75,2.4,1.53
F2,2023-05-06,18:00:00,Nimes,Valenciennes,3,3,1.0,1.0,D,D,2.2,3.2,3.25,2.2,1.65
F2,2023-05-06,18:00:00,Niort,Metz,1,3,1.0,1.0,A,D,5.75,3.8,1.55,1.93,1.93
F2,2023-05-06,18:00:00,Paris FC,Grenoble,1,0,1.0,0.0,H,H,1.91,3.4,3.8,2.15,1.67
F2,2023-05-06,18:00:00,Pau FC,Quevilly Rouen,3,4,1.0,1.0,A,D,2.63,3.0,2.75,2.3,1.6
F2,2023-05-06,18:00:00,St Etienne,Guingamp,3,2,1.0,2.0,H,A,1.6,3.8,5.25,1.73,2.08
F2,2023-05-08,19:45:00,Le Havre,Rodez,1,0,0.0,0.0,H,D,1.6,3.6,5.75,2.3,1.6
F2,2023-05-13,14:00:00,Quevilly Rouen,Bordeaux,0,0,0.0,0.0,D,D,4.5,3.3,1.8,2.08,1.73
F2,2023-05-13,18:00:00,Bastia,Niort,2,1,0.0,0.0,H,D,1.5,4.0,6.5,1.88,1.98
F2,2023-05-13,18:00:00,Caen,Nimes,4,2,0.0,0.0,H,D,1.8,3.5,4.33,2.0,1.85
F2,2023-05-13,18:00:00,Dijon,Amiens,3,0,2.0,0.0,H,H,1.83,3.2,4.33,2.15,1.67
F2,2023-05-13,18:00:00,Laval,St Etienne,2,1,1.0,1.0,H,D,2.75,3.3,2.38,1.73,2.08
F2,2023-05-13,18:00:00,Metz,Grenoble,1,0,0.0,0.0,H,D,1.45,4.2,6.5,1.85,1.95
F2,2023-05-13,18:00:00,Rodez,Paris FC,0,0,0.0,0.0,D,D,2.88,3.25,2.3,2.0,1.85
F2,2023-05-13,18:00:00,Sochaux,Guingamp,0,1,0.0,0.0,A,D,1.95,3.25,3.8,1.95,1.9
F2,2023-05-13,18:00:00,Valenciennes,Pau FC,1,1,0.0,0.0,D,D,2.25,3.0,3.2,2.15,1.67
F2,2023-05-15,19:45:00,Annecy,Le Havre,1,0,0.0,0.0,H,D,3.75,3.1,2.05,2.4,1.53
F2,2023-05-19,18:00:00,Grenoble,Rodez,1,1,1.0,1.0,D,D,2.63,3.2,2.75,2.15,1.67
F2,2023-05-20,13:45:00,Bordeaux,Laval,3,0,2.0,0.0,H,H,1.7,3.8,4.5,1.93,1.93
F2,2023-05-20,18:00:00,Amiens,Caen,1,3,1.0,1.0,A,D,2.7,3.2,2.63,2.02,1.82
F2,2023-05-20,18:00:00,Guingamp,Metz,1,1,0.0,1.0,D,A,4.75,3.5,1.75,1.98,1.88
F2,2023-05-20,18:00:00,Nimes,Dijon,1,2,1.0,0.0,A,H,3.25,3.25,2.2,2.08,1.73
F2,2023-05-20,18:00:00,Niort,Annecy,2,2,0.0,1.0,D,A,3.6,3.4,2.05,2.05,1.75
F2,2023-05-20,18:00:00,Paris FC,Sochaux,2,1,0.0,1.0,H,A,2.1,3.4,3.4,1.9,1.95
F2,2023-05-20,18:00:00,Pau FC,Bastia,2,6,1.0,2.0,A,A,2.25,3.25,3.2,2.1,1.7
F2,2023-05-20,18:00:00,St Etienne,Quevilly Rouen,4,2,1.0,1.0,H,D,1.62,4.0,5.0,1.73,2.08
F2,2023-05-22,19:45:00,Le Havre,Valenciennes,0,2,0.0,2.0,A,A,1.6,3.75,5.5,2.2,1.65
F2,2023-05-26,19:45:00,Annecy,Bordeaux,1,0,1.0,0.0,H,H,4.33,3.3,1.75,1.93,1.93
F2,2023-05-26,19:45:00,Bastia,Le Havre,1,1,0.0,0.0,D,D,2.8,3.1,2.45,2.15,1.67
F2,2023-05-26,19:45:00,Caen,St Etienne,2,2,0.0,2.0,D,A,2.25,3.5,2.7,1.53,2.4
F2,2023-05-26,19:45:00,Dijon,Paris FC,1,1,0.0,0.0,D,D,1.75,3.5,4.2,2.05,1.8
F2,2023-05-26,19:45:00,Guingamp,Niort,2,0,1.0,0.0,H,H,1.5,4.2,5.25,1.6,2.3
F2,2023-05-26,19:45:00,Laval,Nimes,2,0,2.0,0.0,H,H,1.45,4.33,7.0,1.7,2.1
F2,2023-05-26,19:45:00,Quevilly Rouen,Amiens,1,3,1.0,0.0,A,H,2.3,3.4,2.8,1.8,2.0
F2,2023-05-26,19:45:00,Rodez,Pau FC,2,3,1.0,3.0,A,A,2.15,3.3,3.1,2.0,1.85
F2,2023-05-26,19:45:00,Sochaux,Metz,0,1,0.0,0.0,A,D,5.25,4.0,1.55,1.62,2.25
F2,2023-05-26,19:45:00,Valenciennes,Grenoble,1,0,0.0,0.0,H,D,1.91,3.4,3.75,1.98,1.88
F2,2023-06-02,19:45:00,Amiens,Laval,1,2,0.0,0.0,A,D,3.6,3.6,1.91,1.73,2.08
F2,2023-06-02,19:45:00,Grenoble,Guingamp,0,2,0.0,1.0,A,A,2.88,3.3,2.25,1.73,2.08
F2,2023-06-02,19:45:00,Le Havre,Dijon,1,0,1.0,0.0,H,H,2.1,3.2,3.5,2.35,1.57
F2,2023-06-02,19:45:00,Metz,Bastia,3,2,1.0,0.0,H,H,1.36,4.75,8.0,1.65,2.2
F2,2023-06-02,19:45:00,Nimes,Sochaux,3,1,1.0,1.0,H,D,3.25,3.2,2.3,1.65,2.2
F2,2023-06-02,19:45:00,Niort,Quevilly Rouen,3,3,2.0,1.0,D,H,3.4,3.8,1.95,1.48,2.6
F2,2023-06-02,19:45:00,Paris FC,Annecy,1,0,0.0,0.0,H,D,1.91,3.5,3.8,1.85,2.0
F2,2023-06-02,19:45:00,Pau FC,Caen,1,0,1.0,0.0,H,H,2.3,3.6,2.88,1.73,2.08
F2,2023-06-02,19:45:00,St Etienne,Valenciennes,2,0,0.0,0.0,H,D,1.62,4.2,4.5,1.44,2.7
