Div,Date,Time,HomeTeam,AwayTeam,FTHG,FTAG,HTHG,HTAG,FTR,HTR,B365H,B365D,B365A,B365>2.5,B365<2.5
E0,2025-08-15,20:00:00,Liverpool,Bournemouth,4,2,1,0,H,H,1.3,6.0,8.5,1.36,3.2
E0,2025-08-16,12:30:00,Aston Villa,Newcastle,0,0,0,0,D,D,2.25,3.5,2.9,1.62,2.3
E0,2025-08-16,15:00:00,Brighton,Fulham,1,1,0,0,D,D,1.91,3.6,4.0,1.73,2.1
E0,2025-08-16,15:00:00,Sunderland,West Ham,3,0,0,0,H,D,3.25,3.4,2.25,1.93,1.93
E0,2025-08-16,15:00:00,Tottenham,Burnley,3,0,1,0,H,H,1.38,4.75,8.5,1.73,2.1
E0,2025-08-16,17:30:00,Wolves,Man City,0,4,0,2,A,A,6.25,4.75,1.45,1.62,2.3
E0,2025-08-17,14:00:00,Chelsea,Crystal Palace,0,0,0,0,D,D,1.62,4.33,4.5,1.67,2.2
E0,2025-08-17,14:00:00,Nott'm Forest,Brentford,3,1,3,0,H,H,2.2,3.3,3.5,2.0,1.85
E0,2025-08-17,16:30:00,Man United,Arsenal,0,1,0,1,A,A,3.6,3.6,1.95,1.83,2.03
E0,2025-08-18,20:00:00,Leeds,Everton,1,0,0,0,H,D,2.38,3.3,3.0,2.1,1.73
E0,2025-08-22,20:00:00,West Ham,Chelsea,1,5,1,3,A,A,4.75,3.8,1.73,1.73,2.1
E0,2025-08-23,12:30:00,Man City,Tottenham,0,2,0,2,A,A,1.48,4.5,6.25,1.44,2.75
E0,2025-08-23,15:00:00,Bournemouth,Wolves,1,0,1,0,H,H,1.8,3.8,4.2,1.73,2.1
E0,2025-08-23,15:00:00,Brentford,Aston Villa,1,0,1,0,H,H,3.1,3.6,2.2,1.8,2.0
E0,2025-08-23,15:00:00,Burnley,Sunderland,2,0,0,0,H,D,2.2,3.2,3.5,2.3,1.62
E0,2025-08-23,17:30:00,Arsenal,Leeds,5,0,2,0,H,H,1.27,6.25,9.5,1.53,2.5
E0,2025-08-24,14:00:00,Crystal Palace,Nott'm Forest,1,1,1,0,D,H,2.35,3.3,3.1,2.1,1.73
E0,2025-08-24,14:00:00,Everton,Brighton,2,0,1,0,H,H,3.1,3.3,2.3,2.0,1.8
E0,2025-08-24,16:30:00,Fulham,Man United,1,1,0,0,D,D,3.25,3.5,2.15,1.8,2.0
E0,2025-08-25,20:00:00,Newcastle,Liverpool,2,3,0,1,A,A,3.25,3.8,2.05,1.57,2.38
E0,2025-08-30,12:30:00,Chelsea,Fulham,2,0,1,0,H,H,1.55,4.33,5.25,1.67,2.2
E0,2025-08-30,15:00:00,Man United,Burnley,3,2,1,0,H,H,1.33,5.25,8.0,1.67,2.2
E0,2025-08-30,15:00:00,Sunderland,Brentford,2,1,0,0,H,D,3.0,3.3,2.4,2.1,1.73
E0,2025-08-30,15:00:00,Tottenham,Bournemouth,0,1,0,1,A,A,1.73,4.2,4.2,1.57,2.38
E0,2025-08-30,15:00:00,Wolves,Everton,2,3,1,2,A,A,2.7,3.2,2.75,2.2,1.67
E0,2025-08-30,17:30:00,Leeds,Newcastle,0,0,0,0,D,D,3.5,3.4,2.1,1.8,2.0
E0,2025-08-31,14:00:00,Brighton,Man City,2,1,0,1,H,A,3.8,3.9,1.9,1.62,2.3
E0,2025-08-31,14:00:00,Nott'm Forest,West Ham,0,3,0,0,A,D,1.67,3.75,5.25,1.98,1.88
E0,2025-08-31,16:30:00,Liverpool,Arsenal,1,0,0,0,H,D,2.2,3.5,3.2,1.73,2.1
E0,2025-08-31,19:00:00,Aston Villa,Crystal Palace,0,3,0,1,A,A,1.85,3.7,4.0,1.98,1.88
E0,2025-09-13,12:30:00,Arsenal,Nott'm Forest,3,0,1,0,H,H,1.38,5.0,8.0,1.73,2.1
E0,2025-09-13,15:00:00,Bournemouth,Brighton,2,1,1,0,H,H,2.35,3.5,2.9,1.67,2.2
E0,2025-09-13,15:00:00,Crystal Palace,Sunderland,0,0,0,0,D,D,1.65,3.75,5.75,2.1,1.73
E0,2025-09-13,15:00:00,Everton,Aston Villa,0,0,0,0,D,D,2.45,3.3,2.9,2.05,1.8
E0,2025-09-13,15:00:00,Fulham,Leeds,1,0,0,0,H,D,1.91,3.5,4.0,2.03,1.83
E0,2025-09-13,15:00:00,Newcastle,Wolves,1,0,1,0,H,H,1.42,4.75,7.0,1.8,2.0
E0,2025-09-13,17:30:00,West Ham,Tottenham,0,3,0,0,A,D,3.4,3.6,2.1,1.8,2.0
E0,2025-09-13,20:00:00,Brentford,Chelsea,2,2,1,0,D,H,4.5,3.9,1.73,1.73,2.1
E0,2025-09-14,14:00:00,Burnley,Liverpool,0,1,0,0,A,D,8.0,5.5,1.33,1.53,2.5
E0,2025-09-14,16:30:00,Man City,Man United,3,0,1,0,H,H,1.75,4.0,4.2,1.57,2.38
E0,2025-09-20,12:30:00,Liverpool,Everton,2,1,2,0,H,H,1.45,4.75,6.5,1.62,2.3
E0,2025-09-20,15:00:00,Brighton,Tottenham,2,2,2,1,D,H,2.25,3.7,3.0,1.67,2.2
E0,2025-09-20,15:00:00,Burnley,Nott'm Forest,1,1,1,1,D,D,3.4,3.3,2.2,2.0,1.85
E0,2025-09-20,15:00:00,West Ham,Crystal Palace,1,2,0,1,A,A,2.88,3.5,2.38,2.05,1.8
E0,2025-09-20,15:00:00,Wolves,Leeds,1,3,1,3,A,A,2.7,3.2,2.75,2.3,1.62
E0,2025-09-20,17:30:00,Man United,Chelsea,2,1,2,0,H,H,2.6,3.8,2.45,1.57,2.38
E0,2025-09-20,20:00:00,Fulham,Brentford,3,1,2,1,H,H,2.0,3.4,3.8,2.0,1.85
E0,2025-09-21,14:00:00,Bournemouth,Newcastle,0,0,0,0,D,D,2.5,3.5,2.7,1.83,2.03
E0,2025-09-21,14:00:00,Sunderland,Aston Villa,1,1,0,0,D,D,3.4,3.5,2.1,2.2,1.67
E0,2025-09-21,16:30:00,Arsenal,Man City,1,1,0,1,D,A,1.85,3.9,3.8,1.8,2.0
E0,2025-09-27,12:30:00,Brentford,Man United,3,1,2,1,H,H,3.4,3.8,2.0,1.67,2.2
E0,2025-09-27,15:00:00,Chelsea,Brighton,1,3,1,0,A,H,1.85,3.8,3.8,1.62,2.3
E0,2025-09-27,15:00:00,Crystal Palace,Liverpool,2,1,1,0,H,H,3.8,3.8,1.9,1.73,2.1
E0,2025-09-27,15:00:00,Leeds,Bournemouth,2,2,1,1,D,D,3.1,3.25,2.38,2.03,1.83
E0,2025-09-27,15:00:00,Man City,Burnley,5,1,1,1,H,D,1.17,7.5,15.0,1.44,2.75
E0,2025-09-27,17:30:00,Nott'm Forest,Sunderland,0,1,0,1,A,A,1.75,3.75,4.5,2.0,1.85
E0,2025-09-27,20:00:00,Tottenham,Wolves,1,1,0,0,D,D,1.5,4.5,6.0,1.73,2.1
E0,2025-09-28,14:00:00,Aston Villa,Fulham,3,1,1,1,H,D,2.3,3.1,3.4,2.1,1.73
E0,2025-09-28,16:30:00,Newcastle,Arsenal,1,2,1,0,A,H,3.6,3.4,2.1,2.1,1.73
E0,2025-09-29,20:00:00,Everton,West Ham,1,1,1,0,D,H,1.7,3.75,5.0,1.93,1.93
E0,2025-10-03,20:00:00,Bournemouth,Fulham,3,1,0,0,H,D,1.95,3.5,3.9,2.0,1.85
E0,2025-10-04,12:30:00,Leeds,Tottenham,1,2,1,1,A,D,2.7,3.5,2.5,1.95,1.9
E0,2025-10-04,15:00:00,Arsenal,West Ham,2,0,1,0,H,H,1.18,6.5,17.0,1.53,2.5
E0,2025-10-04,15:00:00,Man United,Sunderland,2,0,2,0,H,H,1.5,4.75,5.75,1.62,2.3
E0,2025-10-04,17:30:00,Chelsea,Liverpool,2,1,1,0,H,H,2.8,3.75,2.3,1.53,2.5
E0,2025-10-05,14:00:00,Aston Villa,Burnley,2,1,1,0,H,H,1.6,4.0,5.75,1.98,1.88
E0,2025-10-05,14:00:00,Everton,Crystal Palace,2,1,0,1,H,A,2.45,3.25,3.0,2.2,1.67
E0,2025-10-05,14:00:00,Newcastle,Nott'm Forest,2,0,0,0,H,D,1.57,4.2,5.5,1.73,2.1
E0,2025-10-05,14:00:00,Wolves,Brighton,1,1,1,0,D,H,3.6,3.7,2.0,1.85,2.0
E0,2025-10-05,16:30:00,Brentford,Man City,0,1,0,1,A,A,4.75,4.5,1.62,1.57,2.38
E0,2025-10-18,12:30:00,Nott'm Forest,Chelsea,0,3,0,0,A,D,3.7,3.8,1.95,1.73,2.1
E0,2025-10-18,15:00:00,Brighton,Newcastle,2,1,1,0,H,H,2.63,3.4,2.6,1.88,1.98
E0,2025-10-18,15:00:00,Burnley,Leeds,2,0,1,0,H,H,3.25,3.25,2.25,2.2,1.67
E0,2025-10-18,15:00:00,Crystal Palace,Bournemouth,3,3,0,2,D,A,2.2,3.4,3.25,1.95,1.9
E0,2025-10-18,15:00:00,Man City,Everton,2,0,0,0,H,D,1.4,5.0,7.0,1.73,2.1
E0,2025-10-18,15:00:00,Sunderland,Wolves,2,0,1,0,H,H,2.5,3.0,3.1,2.5,1.53
E0,2025-10-18,17:30:00,Fulham,Arsenal,0,1,0,0,A,D,5.75,4.1,1.55,1.98,1.88
E0,2025-10-19,14:00:00,Tottenham,Aston Villa,1,2,1,1,A,D,2.05,3.5,3.5,1.83,2.03
E0,2025-10-19,16:30:00,Liverpool,Man United,1,2,0,1,A,A,1.6,4.5,5.0,1.44,2.75
E0,2025-10-20,20:00:00,West Ham,Brentford,0,2,0,1,A,A,2.5,3.25,2.88,1.9,1.95
E0,2025-10-24,20:00:00,Leeds,West Ham,2,1,2,0,H,H,1.8,3.5,4.75,2.1,1.73
E0,2025-10-25,15:00:00,Chelsea,Sunderland,1,2,1,1,A,D,1.36,4.75,9.0,1.73,2.1
E0,2025-10-25,15:00:00,Newcastle,Fulham,2,1,1,0,H,H,1.62,3.9,5.5,1.93,1.93
E0,2025-10-25,17:30:00,Man United,Brighton,4,2,2,0,H,H,1.95,3.8,3.5,1.53,2.5
E0,2025-10-25,20:00:00,Brentford,Liverpool,3,2,2,1,H,H,4.1,4.2,1.75,1.53,2.5
E0,2025-10-26,14:00:00,Arsenal,Crystal Palace,1,0,1,0,H,H,1.4,4.75,7.5,1.73,2.1
E0,2025-10-26,14:00:00,Aston Villa,Man City,1,0,1,0,H,H,4.33,3.8,1.8,1.73,2.1
E0,2025-10-26,14:00:00,Bournemouth,Nott'm Forest,2,0,2,0,H,H,1.8,3.8,4.33,1.88,1.98
E0,2025-10-26,14:00:00,Wolves,Burnley,2,3,2,2,A,D,1.95,3.3,4.2,2.3,1.62
E0,2025-10-26,16:30:00,Everton,Tottenham,0,3,0,2,A,A,2.35,3.4,3.0,1.98,1.88
E0,2025-11-01,15:00:00,Brighton,Leeds,3,0,1,0,H,H,1.85,3.75,4.0,1.85,2.0
E0,2025-11-01,15:00:00,Burnley,Arsenal,0,2,0,2,A,A,10.0,6.0,1.27,1.73,2.1
E0,2025-11-01,15:00:00,Crystal Palace,Brentford,2,0,1,0,H,H,1.91,3.6,3.9,1.73,2.1
E0,2025-11-01,15:00:00,Fulham,Wolves,3,0,1,0,H,H,1.83,3.5,4.5,2.2,1.67
E0,2025-11-01,15:00:00,Nott'm Forest,Man United,2,2,0,1,D,A,3.3,3.75,2.05,1.73,2.1
E0,2025-11-01,17:30:00,Tottenham,Chelsea,0,1,0,1,A,A,2.7,3.5,2.5,1.73,2.1
E0,2025-11-01,20:00:00,Liverpool,Aston Villa,2,0,1,0,H,H,1.65,4.33,4.5,1.53,2.5
E0,2025-11-02,14:00:00,West Ham,Newcastle,3,1,2,1,H,H,5.25,4.0,1.62,1.8,2.0
E0,2025-11-02,16:30:00,Man City,Bournemouth,3,1,2,1,H,H,1.5,4.75,5.75,1.53,2.5
E0,2025-11-03,20:00:00,Sunderland,Everton,1,1,0,1,D,A,2.7,3.2,2.7,2.3,1.62
E0,2025-11-08,12:30:00,Tottenham,Man United,2,2,0,1,D,A,2.63,3.6,2.5,1.67,2.2
E0,2025-11-08,15:00:00,Everton,Fulham,2,0,1,0,H,H,2.2,3.3,3.4,2.2,1.67
E0,2025-11-08,15:00:00,West Ham,Burnley,3,2,1,1,H,D,1.91,3.5,4.0,2.0,1.8
E0,2025-11-08,17:30:00,Sunderland,Arsenal,2,2,1,0,D,H,7.5,5.0,1.38,2.05,1.8
E0,2025-11-08,20:00:00,Chelsea,Wolves,3,0,0,0,H,D,1.36,4.75,8.5,1.62,2.3
E0,2025-11-09,14:00:00,Aston Villa,Bournemouth,4,0,2,0,H,H,2.2,3.4,3.25,1.88,1.98
E0,2025-11-09,14:00:00,Brentford,Newcastle,3,1,0,1,H,A,2.8,3.5,2.45,1.85,2.0
E0,2025-11-09,14:00:00,Crystal Palace,Brighton,0,0,0,0,D,D,2.25,3.5,3.1,1.73,2.1
E0,2025-11-09,14:00:00,Nott'm Forest,Leeds,3,1,1,1,H,D,2.25,3.25,3.3,2.1,1.73
E0,2025-11-09,16:30:00,Man City,Liverpool,3,0,2,0,H,H,1.9,3.9,3.7,1.5,2.63
E0,2025-11-22,12:30:00,Burnley,Chelsea,0,2,0,1,A,A,6.25,4.5,1.48,1.8,2.0
E0,2025-11-22,15:00:00,Bournemouth,West Ham,2,2,0,2,D,A,1.62,4.2,4.75,1.67,2.2
E0,2025-11-22,15:00:00,Brighton,Brentford,2,1,0,1,H,A,1.91,3.6,4.0,1.73,2.1
E0,2025-11-22,15:00:00,Fulham,Sunderland,1,0,0,0,H,D,2.1,3.25,3.75,2.2,1.67
E0,2025-11-22,15:00:00,Liverpool,Nott'm Forest,0,3,0,1,A,A,1.44,5.0,6.25,1.53,2.5
E0,2025-11-22,15:00:00,Wolves,Crystal Palace,0,2,0,0,A,D,3.8,3.6,1.95,2.05,1.8
E0,2025-11-22,17:30:00,Newcastle,Man City,2,1,0,0,H,D,3.6,3.8,1.95,1.67,2.2
E0,2025-11-23,14:00:00,Leeds,Aston Villa,1,2,1,0,A,H,3.0,3.3,2.4,2.1,1.73
E0,2025-11-23,16:30:00,Arsenal,Tottenham,4,1,2,0,H,H,1.42,4.75,7.5,1.8,2.0
E0,2025-11-24,20:00:00,Man United,Everton,0,1,0,1,A,A,1.75,4.0,4.33,1.73,2.1
E0,2025-11-29,15:00:00,Brentford,Burnley,3,1,0,0,H,D,1.45,4.5,7.0,1.73,2.1
E0,2025-11-29,15:00:00,Man City,Leeds,3,2,2,0,H,H,1.22,6.5,12.0,1.53,2.5
E0,2025-11-29,15:00:00,Sunderland,Bournemouth,3,2,1,2,H,A,3.2,3.3,2.3,2.0,1.85
E0,2025-11-29,17:30:00,Everton,Newcastle,1,4,0,3,A,A,2.8,3.25,2.63,2.0,1.8
E0,2025-11-29,20:00:00,Tottenham,Fulham,1,2,0,2,A,A,2.2,3.3,3.3,1.95,1.9
E0,2025-11-30,12:00:00,Crystal Palace,Man United,1,2,1,0,A,H,2.3,3.4,3.1,1.73,2.1
E0,2025-11-30,14:05:00,Aston Villa,Wolves,1,0,0,0,H,D,1.5,4.33,6.5,1.8,2.0
E0,2025-11-30,14:05:00,Nott'm Forest,Brighton,0,2,0,1,A,A,2.75,3.3,2.63,1.91,1.91
E0,2025-11-30,14:05:00,West Ham,Liverpool,0,2,0,0,A,D,4.33,4.33,1.67,1.53,2.5
E0,2025-11-30,16:30:00,Chelsea,Arsenal,1,1,0,0,D,D,3.4,3.3,2.2,1.98,1.88
E0,2025-12-02,19:30:00,Bournemouth,Everton,0,1,0,0,A,D,2.2,3.25,3.3,1.98,1.88
E0,2025-12-02,19:30:00,Fulham,Man City,4,5,1,3,A,A,4.33,4.1,1.73,1.67,2.2
E0,2025-12-02,20:15:00,Newcastle,Tottenham,2,2,0,0,D,D,1.83,3.8,4.1,1.73,2.1
E0,2025-12-03,19:30:00,Arsenal,Brentford,2,0,1,0,H,H,1.36,5.0,8.5,1.73,2.1
E0,2025-12-03,19:30:00,Brighton,Aston Villa,3,4,2,2,A,D,2.15,3.5,3.4,1.88,1.98
E0,2025-12-03,19:30:00,Burnley,Crystal Palace,0,1,0,1,A,A,4.5,3.8,1.75,2.0,1.8
E0,2025-12-03,19:30:00,Wolves,Nott'm Forest,0,1,0,0,A,D,3.25,3.4,2.25,2.1,1.73
E0,2025-12-03,20:15:00,Leeds,Chelsea,3,1,2,0,H,H,4.1,4.1,1.8,1.83,2.03
E0,2025-12-03,20:15:00,Liverpool,Sunderland,1,1,0,0,D,D,1.36,5.25,7.0,1.57,2.38
E0,2025-12-04,20:00:00,Man United,West Ham,1,1,0,0,D,D,1.45,5.0,6.0,1.53,2.5
E0,2025-12-06,12:30:00,Aston Villa,Arsenal,2,1,1,0,H,H,4.2,3.5,1.9,2.1,1.73
E0,2025-12-06,15:00:00,Bournemouth,Chelsea,0,0,0,0,D,D,3.1,3.75,2.15,1.62,2.3
E0,2025-12-06,15:00:00,Everton,Nott'm Forest,3,0,2,0,H,H,2.2,3.2,3.5,2.1,1.73
E0,2025-12-06,15:00:00,Man City,Sunderland,3,0,2,0,H,H,1.25,6.5,10.0,1.5,2.63
E0,2025-12-06,15:00:00,Newcastle,Burnley,2,1,2,0,H,H,1.27,6.0,9.5,1.57,2.38
E0,2025-12-06,15:00:00,Tottenham,Brentford,2,0,2,0,H,H,2.3,3.5,3.0,1.83,2.03
E0,2025-12-06,17:30:00,Leeds,Liverpool,3,3,0,0,D,D,3.8,4.0,1.85,1.67,2.2
E0,2025-12-07,14:00:00,Brighton,West Ham,1,1,0,0,D,D,1.55,4.33,5.75,1.62,2.3
E0,2025-12-07,16:30:00,Fulham,Crystal Palace,1,2,1,1,A,D,2.55,3.3,2.8,2.0,1.8
E0,2025-12-08,20:00:00,Wolves,Man United,1,4,1,1,A,D,4.2,4.0,1.75,1.67,2.2
E0,2025-12-13,15:00:00,Chelsea,Everton,2,0,2,0,H,H,1.67,3.8,5.25,1.88,1.98
E0,2025-12-13,15:00:00,Liverpool,Brighton,2,0,1,0,H,H,1.67,4.0,4.75,1.53,2.5
E0,2025-12-13,17:30:00,Burnley,Fulham,2,3,1,2,A,A,4.0,3.5,1.91,2.1,1.73
E0,2025-12-13,20:00:00,Arsenal,Wolves,2,1,0,0,H,D,1.13,8.5,21.0,1.53,2.5
E0,2025-12-14,14:00:00,Crystal Palace,Man City,0,3,0,1,A,A,3.9,3.9,1.85,1.67,2.2
E0,2025-12-14,14:00:00,Nott'm Forest,Tottenham,3,0,1,0,H,H,2.55,3.3,2.8,2.03,1.83
E0,2025-12-14,14:00:00,Sunderland,Newcastle,1,0,0,0,H,D,3.3,3.3,2.25,1.91,1.91
E0,2025-12-14,14:00:00,West Ham,Aston Villa,2,3,2,1,A,H,3.75,3.5,2.0,1.8,2.0
E0,2025-12-14,16:30:00,Brentford,Leeds,1,1,0,0,D,D,1.91,3.6,4.0,1.9,1.95
E0,2025-12-15,20:00:00,Man United,Bournemouth,4,4,2,1,D,H,1.83,4.0,3.8,1.57,2.38
E0,2025-12-20,12:30:00,Newcastle,Chelsea,2,2,2,0,D,H,2.75,3.6,2.45,1.67,2.2
E0,2025-12-20,15:00:00,Bournemouth,Burnley,1,1,0,0,D,D,1.48,4.33,6.5,1.67,2.2
E0,2025-12-20,15:00:00,Brighton,Sunderland,0,0,0,0,D,D,1.67,4.0,5.25,1.85,2.0
E0,2025-12-20,15:00:00,Man City,West Ham,3,0,2,0,H,H,1.22,8.0,10.0,1.36,3.2
E0,2025-12-20,15:00:00,Wolves,Brentford,0,2,0,0,A,D,3.5,3.6,2.05,2.0,1.85
E0,2025-12-20,17:30:00,Tottenham,Liverpool,1,2,0,0,A,D,3.5,3.75,2.0,1.67,2.2
E0,2025-12-20,20:00:00,Everton,Arsenal,0,1,0,1,A,A,5.75,4.1,1.57,2.1,1.73
E0,2025-12-20,20:00:00,Leeds,Crystal Palace,4,1,2,0,H,H,2.6,3.3,2.75,2.1,1.73
E0,2025-12-21,16:30:00,Aston Villa,Man United,2,1,1,1,H,D,2.1,3.6,3.3,1.67,2.2
E0,2025-12-22,20:00:00,Fulham,Nott'm Forest,1,0,1,0,H,H,2.4,3.25,3.0,2.05,1.8
E0,2025-12-26,20:00:00,Man United,Newcastle,1,0,1,0,H,H,2.55,3.6,2.6,1.67,2.2
E0,2025-12-27,12:30:00,Nott'm Forest,Man City,1,2,0,0,A,D,5.0,4.33,1.6,1.67,2.2
E0,2025-12-27,15:00:00,Arsenal,Brighton,2,1,1,0,H,H,1.42,4.75,7.0,1.67,2.2
E0,2025-12-27,15:00:00,Brentford,Bournemouth,4,1,2,0,H,H,2.25,3.6,3.0,1.67,2.2
E0,2025-12-27,15:00:00,Burnley,Everton,0,0,0,0,D,D,4.1,3.4,1.95,2.2,1.67
E0,2025-12-27,15:00:00,Liverpool,Wolves,2,1,2,0,H,H,1.25,6.5,10.0,1.5,2.63
E0,2025-12-27,15:00:00,West Ham,Fulham,0,1,0,0,A,D,2.63,3.4,2.6,1.8,2.0
E0,2025-12-27,17:30:00,Chelsea,Aston Villa,1,2,1,0,A,H,1.83,3.9,4.0,1.67,2.2
E0,2025-12-28,14:00:00,Sunderland,Leeds,1,1,1,0,D,H,2.5,3.1,2.88,2.2,1.67
E0,2025-12-28,16:30:00,Crystal Palace,Tottenham,0,1,0,1,A,A,2.25,3.25,3.2,2.0,1.8
E1,2025-08-08,20:00:00,Birmingham,Ipswich,1,1,0,0,D,D,2.4,3.3,2.9,2.1,1.73
E1,2025-08-09,12:30:00,Charlton,Watford,1,0,0,0,H,D,2.45,3.3,2.88,2.2,1.67
E1,2025-08-09,12:30:00,Coventry,Hull,0,0,0,0,D,D,1.73,3.8,4.5,1.9,1.95
E1,2025-08-09,12:30:00,Southampton,Wrexham,2,1,0,1,H,A,1.7,3.75,4.75,1.98,1.88
E1,2025-08-09,15:00:00,Middlesbrough,Swansea,1,0,0,0,H,D,2.0,3.5,3.6,1.98,1.88
E1,2025-08-09,15:00:00,Norwich,Millwall,1,2,0,0,A,D,2.0,3.3,3.8,2.1,1.73
E1,2025-08-09,15:00:00,Oxford,Portsmouth,0,1,0,1,A,A,2.55,3.4,2.7,2.1,1.73
E1,2025-08-09,15:00:00,QPR,Preston,1,1,1,0,D,H,2.3,3.2,3.2,2.3,1.62
E1,2025-08-09,15:00:00,Stoke,Derby,3,1,0,0,H,D,2.3,3.2,3.2,2.5,1.53
E1,2025-08-09,15:00:00,West Brom,Blackburn,1,0,1,0,H,H,1.83,3.4,4.33,2.2,1.67
E1,2025-08-09,17:30:00,Sheffield United,Bristol City,1,4,1,2,A,A,1.7,3.75,4.75,1.93,1.93
E1,2025-08-10,16:30:00,Leicester,Sheffield Weds,2,1,0,1,H,A,1.14,8.0,17.0,1.53,2.5
E1,2025-08-16,12:30:00,Derby,Coventry,3,5,2,2,A,D,3.1,3.2,2.38,2.3,1.62
E1,2025-08-16,12:30:00,Portsmouth,Norwich,1,2,0,2,A,A,2.45,3.4,2.75,1.98,1.88
E1,2025-08-16,12:30:00,Wrexham,West Brom,2,3,1,1,A,D,2.75,3.2,2.55,2.2,1.67
E1,2025-08-16,15:00:00,Blackburn,Birmingham,1,2,0,0,A,D,3.1,3.25,2.3,2.3,1.62
E1,2025-08-16,15:00:00,Bristol City,Charlton,0,0,0,0,D,D,1.91,3.5,3.8,2.1,1.73
E1,2025-08-16,15:00:00,Millwall,Middlesbrough,0,3,0,0,A,D,2.15,3.25,3.4,2.3,1.62
E1,2025-08-16,15:00:00,Preston,Leicester,2,1,1,0,H,H,3.6,3.3,2.05,2.1,1.73
E1,2025-08-16,15:00:00,Sheffield Weds,Stoke,0,3,0,1,A,A,3.9,3.4,1.95,2.0,1.8
E1,2025-08-16,15:00:00,Swansea,Sheffield United,1,0,0,0,H,D,2.75,3.2,2.63,2.2,1.67
E1,2025-08-16,15:00:00,Watford,QPR,2,1,2,1,H,H,2.15,3.1,3.6,2.2,1.67
E1,2025-08-17,12:00:00,Ipswich,Southampton,1,1,1,1,D,D,2.1,3.5,3.3,1.88,1.98
E1,2025-08-17,15:00:00,Hull,Oxford,3,2,2,2,H,D,1.91,3.4,4.1,2.3,1.62
E1,2025-08-22,20:00:00,Derby,Bristol City,1,1,0,1,D,A,3.0,3.2,2.38,2.38,1.57
E1,2025-08-23,12:30:00,Charlton,Leicester,0,1,0,0,A,D,3.3,3.3,2.2,2.1,1.73
E1,2025-08-23,12:30:00,Hull,Blackburn,0,3,0,1,A,A,2.38,3.25,3.0,2.3,1.62
E1,2025-08-23,12:30:00,Swansea,Watford,1,1,0,1,D,A,2.0,3.3,3.7,2.2,1.67
E1,2025-08-23,15:00:00,Birmingham,Oxford,1,0,1,0,H,H,1.45,4.5,6.5,1.93,1.93
E1,2025-08-23,15:00:00,Coventry,QPR,7,1,5,0,H,H,1.55,4.2,5.5,1.95,1.9
E1,2025-08-23,15:00:00,Norwich,Middlesbrough,1,2,0,2,A,A,2.25,3.4,3.1,1.93,1.93
E1,2025-08-23,15:00:00,Preston,Ipswich,1,0,1,0,H,H,3.7,3.4,2.05,2.1,1.73
E1,2025-08-23,15:00:00,Sheffield United,Millwall,0,1,0,1,A,A,2.0,3.4,3.7,2.2,1.67
E1,2025-08-23,15:00:00,Southampton,Stoke,1,2,0,0,A,D,1.73,3.8,4.5,1.98,1.88
E1,2025-08-23,15:00:00,West Brom,Portsmouth,1,1,1,0,D,H,1.75,3.6,4.5,2.03,1.83
E1,2025-08-23,15:00:00,Wrexham,Sheffield Weds,2,2,2,0,D,H,1.55,4.1,5.75,1.8,2.0
E1,2025-08-29,20:00:00,Leicester,Birmingham,2,0,1,0,H,H,2.35,3.25,2.85,2.2,1.67
E1,2025-08-30,12:30:00,Middlesbrough,Sheffield United,1,0,0,0,H,D,2.15,3.4,3.1,1.9,1.95
E1,2025-08-30,12:30:00,QPR,Charlton,3,1,1,0,H,H,2.85,3.3,2.4,2.2,1.67
E1,2025-08-30,12:30:00,Stoke,West Brom,0,1,0,1,A,A,2.65,3.2,2.65,2.1,1.73
E1,2025-08-30,15:00:00,Blackburn,Norwich,0,2,0,1,A,A,2.25,3.4,3.0,2.1,1.73
E1,2025-08-30,15:00:00,Bristol City,Hull,4,2,3,1,H,H,1.86,3.4,4.2,2.0,1.8
E1,2025-08-30,15:00:00,Ipswich,Derby,2,2,1,0,D,H,1.49,3.9,6.5,2.0,1.8
E1,2025-08-30,15:00:00,Millwall,Wrexham,0,2,0,0,A,D,1.96,3.4,3.75,2.1,1.73
E1,2025-08-30,15:00:00,Oxford,Coventry,2,2,1,2,D,A,4.5,3.6,1.71,2.0,1.85
E1,2025-08-30,15:00:00,Portsmouth,Preston,1,0,1,0,H,H,2.15,3.3,3.3,2.1,1.73
E1,2025-08-30,15:00:00,Sheffield Weds,Swansea,0,2,0,0,A,D,3.25,3.3,2.2,2.2,1.67
E1,2025-08-30,15:00:00,Watford,Southampton,2,2,0,1,D,A,3.0,3.3,2.35,2.03,1.83
E1,2025-09-12,20:00:00,Ipswich,Sheffield United,5,0,1,0,H,H,1.76,3.5,4.5,1.95,1.9
E1,2025-09-13,12:30:00,Charlton,Millwall,1,1,1,0,D,H,2.4,3.1,3.1,2.5,1.53
E1,2025-09-13,12:30:00,Oxford,Leicester,2,2,2,1,D,H,4.2,3.5,1.81,2.1,1.73
E1,2025-09-13,12:30:00,Preston,Middlesbrough,2,2,1,0,D,H,3.0,3.3,2.2,2.1,1.73
E1,2025-09-13,15:00:00,Coventry,Norwich,1,1,0,1,D,A,1.68,3.9,4.33,1.67,2.2
E1,2025-09-13,15:00:00,Sheffield Weds,Bristol City,0,3,0,3,A,A,3.75,3.4,1.91,1.9,1.95
E1,2025-09-13,15:00:00,Stoke,Birmingham,1,0,1,0,H,H,3.0,3.2,2.35,2.3,1.62
E1,2025-09-13,15:00:00,Swansea,Hull,2,2,1,1,D,D,1.79,3.5,4.5,2.0,1.8
E1,2025-09-13,15:00:00,Watford,Blackburn,0,1,0,0,A,D,2.15,3.5,3.1,2.2,1.67
E1,2025-09-13,15:00:00,West Brom,Derby,0,1,0,0,A,D,1.71,3.5,4.75,2.3,1.62
E1,2025-09-13,15:00:00,Wrexham,QPR,1,3,0,2,A,A,1.86,3.5,4.0,1.93,1.93
E1,2025-09-14,12:00:00,Southampton,Portsmouth,0,0,0,0,D,D,1.66,3.9,4.5,1.85,2.0
E1,2025-09-19,20:00:00,Middlesbrough,West Brom,2,1,1,0,H,H,2.1,3.4,3.3,2.1,1.73
E1,2025-09-20,12:30:00,Birmingham,Swansea,1,0,0,0,H,D,1.81,3.3,4.5,2.38,1.57
E1,2025-09-20,12:30:00,Leicester,Coventry,0,0,0,0,D,D,2.4,3.4,2.65,1.73,2.1
E1,2025-09-20,12:30:00,QPR,Stoke,1,0,0,0,H,D,2.65,3.2,2.55,2.1,1.73
E1,2025-09-20,15:00:00,Derby,Preston,0,1,0,1,A,A,2.3,3.1,3.1,2.75,1.44
E1,2025-09-20,15:00:00,Hull,Southampton,3,1,1,0,H,H,3.0,3.5,2.2,1.73,2.1
E1,2025-09-20,15:00:00,Norwich,Wrexham,2,3,1,0,A,H,1.71,3.8,4.33,1.73,2.1
E1,2025-09-20,15:00:00,Portsmouth,Sheffield Weds,0,2,0,1,A,A,1.51,4.1,6.0,1.88,1.98
E1,2025-09-20,15:00:00,Sheffield United,Charlton,0,1,0,0,A,D,1.76,3.6,4.33,2.1,1.73
E1,2025-09-21,15:00:00,Bristol City,Oxford,1,3,0,2,A,A,1.56,4.2,5.25,1.93,1.93
E1,2025-09-22,20:00:00,Millwall,Watford,1,0,1,0,H,H,2.01,3.2,3.8,2.3,1.62
E1,2025-09-26,20:00:00,West Brom,Leicester,1,1,1,0,D,H,2.05,3.3,3.5,2.2,1.67
E1,2025-09-27,12:30:00,Coventry,Birmingham,3,0,1,0,H,H,1.96,3.5,3.6,1.98,1.88
E1,2025-09-27,12:30:00,Swansea,Millwall,1,1,1,1,D,D,2.15,3.1,3.5,2.38,1.57
E1,2025-09-27,12:30:00,Wrexham,Derby,1,1,0,0,D,D,2.05,3.3,3.5,2.38,1.57
E1,2025-09-27,15:00:00,Charlton,Blackburn,3,0,1,0,H,H,2.25,3.25,3.1,2.3,1.62
E1,2025-09-27,15:00:00,Ipswich,Portsmouth,2,1,2,0,H,H,1.49,3.9,6.25,1.8,2.0
E1,2025-09-27,15:00:00,Oxford,Sheffield United,0,1,0,0,A,D,3.2,3.2,2.25,2.1,1.73
E1,2025-09-27,15:00:00,Preston,Bristol City,0,0,0,0,D,D,2.5,3.3,2.65,2.1,1.73
E1,2025-09-27,15:00:00,Sheffield Weds,QPR,1,1,1,0,D,H,2.7,3.4,2.45,2.0,1.8
E1,2025-09-27,15:00:00,Southampton,Middlesbrough,1,1,0,0,D,D,2.3,3.4,2.85,1.88,1.98
E1,2025-09-27,15:00:00,Stoke,Norwich,1,1,0,1,D,A,1.96,3.6,3.5,1.93,1.93
E1,2025-09-27,15:00:00,Watford,Hull,2,1,0,1,H,A,2.2,3.4,3.1,1.95,1.9
E1,2025-09-30,19:45:00,Birmingham,Sheffield Weds,2,2,1,1,D,D,1.45,4.0,7.5,1.93,1.93
E1,2025-09-30,19:45:00,Blackburn,Swansea,1,2,1,1,A,D,2.57,3.1,2.65,2.2,1.67
E1,2025-09-30,19:45:00,Bristol City,Ipswich,1,1,1,0,D,H,2.7,3.3,2.45,1.93,1.93
E1,2025-09-30,19:45:00,Hull,Preston,2,2,0,2,D,A,2.05,3.5,3.4,2.05,1.8
E1,2025-09-30,19:45:00,Leicester,Wrexham,1,1,1,0,D,H,1.61,3.75,5.0,1.9,1.95
E1,2025-09-30,19:45:00,Middlesbrough,Stoke,0,0,0,0,D,D,1.76,3.4,4.5,2.0,1.8
E1,2025-09-30,19:45:00,Sheffield United,Southampton,1,2,1,0,A,H,2.3,3.4,2.85,1.93,1.93
E1,2025-09-30,20:00:00,Derby,Charlton,1,1,0,1,D,A,2.55,3.25,2.65,2.63,1.5
E1,2025-10-01,19:45:00,Millwall,Coventry,0,4,0,1,A,A,3.0,3.3,2.3,1.93,1.93
E1,2025-10-01,19:45:00,Norwich,West Brom,0,1,0,1,A,A,2.7,3.4,2.5,2.0,1.85
E1,2025-10-01,19:45:00,Portsmouth,Watford,2,2,1,0,D,H,2.1,3.4,3.25,2.1,1.73
E1,2025-10-01,20:00:00,QPR,Oxford,0,0,0,0,D,D,2.01,3.4,3.5,2.0,1.8
E1,2025-10-03,20:00:00,Wrexham,Birmingham,1,1,1,0,D,H,3.1,3.1,2.4,2.38,1.57
E1,2025-10-04,12:30:00,Blackburn,Stoke,1,1,0,0,D,D,2.5,3.25,2.7,2.2,1.67
E1,2025-10-04,12:30:00,Hull,Sheffield United,1,0,1,0,H,H,2.57,3.2,2.57,1.88,1.98
E1,2025-10-04,12:30:00,Sheffield Weds,Coventry,0,5,0,3,A,A,5.5,4.5,1.46,1.62,2.3
E1,2025-10-04,15:00:00,Bristol City,QPR,1,2,1,0,A,H,1.71,3.5,4.5,1.85,2.0
E1,2025-10-04,15:00:00,Derby,Southampton,1,1,1,1,D,D,3.5,3.3,2.05,2.2,1.67
E1,2025-10-04,15:00:00,Millwall,West Brom,3,0,1,0,H,H,2.75,3.2,2.5,2.38,1.57
E1,2025-10-04,15:00:00,Portsmouth,Middlesbrough,1,0,1,0,H,H,3.0,3.4,2.25,2.03,1.83
E1,2025-10-04,15:00:00,Preston,Charlton,2,0,0,0,H,D,2.45,3.4,2.7,2.3,1.62
E1,2025-10-04,15:00:00,Swansea,Leicester,1,3,0,1,A,A,2.35,3.5,2.7,2.2,1.67
E1,2025-10-04,15:00:00,Watford,Oxford,2,1,2,1,H,H,1.96,3.25,3.9,2.0,1.8
E1,2025-10-05,12:00:00,Ipswich,Norwich,3,1,2,1,H,H,1.53,3.9,5.75,1.73,2.1
E1,2025-10-17,20:00:00,Middlesbrough,Ipswich,2,1,1,0,H,H,2.7,3.25,2.5,2.1,1.73
E1,2025-10-18,12:30:00,Oxford,Derby,1,0,1,0,H,H,2.4,3.05,2.95,2.5,1.53
E1,2025-10-18,12:30:00,QPR,Millwall,1,2,0,2,A,A,2.57,2.95,2.82,2.38,1.57
E1,2025-10-18,12:30:00,Southampton,Swansea,0,0,0,0,D,D,1.91,3.5,3.8,2.03,1.83
E1,2025-10-18,15:00:00,Birmingham,Hull,2,3,1,2,A,A,1.71,3.75,4.5,2.03,1.83
E1,2025-10-18,15:00:00,Charlton,Sheffield Weds,2,1,2,0,H,H,1.62,3.6,5.25,2.1,1.73
E1,2025-10-18,15:00:00,Coventry,Blackburn,2,0,0,0,H,D,1.53,4.0,5.75,1.67,2.2
E1,2025-10-18,15:00:00,Norwich,Bristol City,0,1,0,0,A,D,2.5,3.4,2.57,1.83,2.03
E1,2025-10-18,15:00:00,Sheffield United,Watford,1,0,0,0,H,D,1.91,3.3,3.9,2.0,1.8
E1,2025-10-18,15:00:00,Stoke,Wrexham,1,0,1,0,H,H,1.91,3.5,3.75,2.0,1.85
E1,2025-10-18,15:00:00,West Brom,Preston,2,1,1,0,H,H,1.76,3.5,4.5,2.2,1.67
E1,2025-10-18,19:45:00,Leicester,Portsmouth,1,1,1,0,D,H,1.62,3.75,5.0,1.98,1.88
E1,2025-10-21,19:45:00,Blackburn,Sheffield United,1,3,1,0,A,H,2.3,3.3,2.95,2.2,1.67
E1,2025-10-21,19:45:00,Derby,Norwich,1,0,0,0,H,D,2.5,3.05,2.82,2.2,1.67
E1,2025-10-21,19:45:00,Hull,Leicester,2,1,2,0,H,H,3.25,3.5,2.1,1.85,2.0
E1,2025-10-21,19:45:00,Ipswich,Charlton,0,3,0,0,A,D,1.56,3.7,5.75,2.1,1.73
E1,2025-10-21,19:45:00,Millwall,Stoke,2,0,2,0,H,H,2.3,3.2,2.95,2.3,1.62
E1,2025-10-21,19:45:00,Portsmouth,Coventry,1,2,0,1,A,A,4.0,3.6,1.79,1.8,2.0
E1,2025-10-21,19:45:00,Preston,Birmingham,0,1,0,1,A,A,2.82,3.05,2.45,2.2,1.67
E1,2025-10-21,20:00:00,Bristol City,Southampton,3,1,1,1,H,D,2.4,3.3,2.75,1.93,1.93
E1,2025-10-22,19:45:00,Swansea,QPR,0,1,0,1,A,A,2.05,3.25,3.4,2.1,1.73
E1,2025-10-22,19:45:00,Watford,West Brom,2,1,1,1,H,D,2.65,3.25,2.55,2.2,1.67
E1,2025-10-22,19:45:00,Wrexham,Oxford,1,0,1,0,H,H,1.91,3.4,3.75,2.0,1.85
E1,2025-10-22,20:00:00,Sheffield Weds,Middlesbrough,0,1,0,1,A,A,4.75,3.75,1.66,1.93,1.93
E1,2025-10-24,20:00:00,Preston,Sheffield United,3,2,1,2,H,A,2.5,3.05,2.85,2.3,1.62
E1,2025-10-25,12:30:00,Coventry,Watford,3,1,3,0,H,H,1.45,4.75,6.0,1.67,2.2
E1,2025-10-25,12:30:00,Ipswich,West Brom,1,0,0,0,H,D,1.71,3.6,4.5,2.0,1.85
E1,2025-10-25,12:30:00,Portsmouth,Stoke,0,1,0,0,A,D,2.75,3.05,2.57,2.0,1.8
E1,2025-10-25,15:00:00,Blackburn,Southampton,2,1,0,1,H,A,2.95,3.25,2.3,2.0,1.8
E1,2025-10-25,15:00:00,Bristol City,Birmingham,1,0,1,0,H,H,2.15,3.3,3.3,2.1,1.73
E1,2025-10-25,15:00:00,Derby,QPR,1,0,1,0,H,H,2.55,3.25,2.65,2.1,1.73
E1,2025-10-25,15:00:00,Hull,Charlton,1,1,0,0,D,D,2.4,3.3,2.75,2.05,1.8
E1,2025-10-25,15:00:00,Middlesbrough,Wrexham,1,1,0,1,D,A,1.68,3.6,4.75,2.0,1.85
E1,2025-10-25,15:00:00,Millwall,Leicester,1,0,1,0,H,H,2.55,3.2,2.65,2.1,1.73
E1,2025-10-25,15:00:00,Sheffield Weds,Oxford,1,2,0,2,A,A,2.7,3.25,2.5,2.05,1.8
E1,2025-10-25,15:00:00,Swansea,Norwich,2,1,1,1,H,D,2.2,3.25,3.2,1.93,1.93
E1,2025-10-31,20:00:00,Wrexham,Coventry,3,2,0,1,H,A,3.9,3.4,1.91,2.05,1.8
E1,2025-11-01,12:30:00,Leicester,Blackburn,0,2,0,1,A,A,1.76,3.9,4.0,2.0,1.85
E1,2025-11-01,12:30:00,Norwich,Hull,0,2,0,0,A,D,2.05,3.8,3.05,1.73,2.1
E1,2025-11-01,12:30:00,West Brom,Sheffield Weds,0,0,0,0,D,D,1.46,4.33,6.0,1.9,1.95
E1,2025-11-01,15:00:00,Birmingham,Portsmouth,4,0,1,0,H,H,1.76,3.6,4.5,2.1,1.73
E1,2025-11-01,15:00:00,Charlton,Swansea,1,1,0,0,D,D,2.01,3.5,3.5,2.3,1.62
E1,2025-11-01,15:00:00,Oxford,Millwall,2,2,1,1,D,D,2.7,3.3,2.45,2.2,1.67
E1,2025-11-01,15:00:00,QPR,Ipswich,1,4,1,1,A,D,3.5,3.5,2.01,1.9,1.95
E1,2025-11-01,15:00:00,Sheffield United,Derby,1,3,0,1,A,A,1.76,3.5,4.33,2.2,1.67
E1,2025-11-01,15:00:00,Southampton,Preston,0,2,0,1,A,A,1.68,3.9,4.33,1.88,1.98
E1,2025-11-01,15:00:00,Stoke,Bristol City,5,1,3,0,H,H,2.32,3.3,2.85,2.1,1.73
E1,2025-11-01,15:00:00,Watford,Middlesbrough,3,0,2,0,H,H,2.65,3.4,2.45,2.05,1.8
E1,2025-11-04,19:45:00,Birmingham,Millwall,4,0,2,0,H,H,1.81,3.4,4.2,2.2,1.67
E1,2025-11-04,19:45:00,Bristol City,Blackburn,0,1,0,1,A,A,2.1,3.25,3.5,2.03,1.83
E1,2025-11-04,19:45:00,Charlton,West Brom,1,0,0,0,H,D,2.5,2.95,2.85,2.63,1.5
E1,2025-11-04,19:45:00,Derby,Hull,2,1,1,0,H,H,2.15,3.25,3.3,2.1,1.73
E1,2025-11-04,19:45:00,Ipswich,Watford,1,1,1,1,D,D,1.66,3.6,5.0,1.9,1.95
E1,2025-11-04,19:45:00,Leicester,Middlesbrough,1,1,1,0,D,H,2.15,3.4,3.2,1.98,1.88
E1,2025-11-04,19:45:00,Oxford,Stoke,0,3,0,2,A,A,3.3,3.05,2.3,2.1,1.73
E1,2025-11-04,20:00:00,Coventry,Sheffield United,3,1,0,1,H,A,1.57,4.0,5.25,1.62,2.3
E1,2025-11-05,19:45:00,Preston,Swansea,2,1,1,0,H,H,2.2,3.05,3.4,2.2,1.67
E1,2025-11-05,19:45:00,QPR,Southampton,1,2,0,0,A,D,2.75,3.25,2.45,1.95,1.9
E1,2025-11-05,19:45:00,Sheffield Weds,Norwich,1,1,1,0,D,H,3.3,3.5,2.05,1.9,1.95
E1,2025-11-05,20:00:00,Portsmouth,Wrexham,0,0,0,0,D,D,2.5,3.05,2.82,2.1,1.73
E1,2025-11-07,20:00:00,Watford,Bristol City,1,1,1,1,D,D,2.01,3.4,3.6,2.2,1.67
E1,2025-11-08,12:30:00,Blackburn,Derby,1,2,0,2,A,A,1.91,3.3,3.9,2.38,1.57
E1,2025-11-08,12:30:00,Hull,Portsmouth,3,2,2,2,H,D,2.05,3.5,3.25,1.9,1.95
E1,2025-11-08,12:30:00,Millwall,Preston,1,1,1,1,D,D,2.15,3.25,3.25,2.3,1.62
E1,2025-11-08,15:00:00,Middlesbrough,Birmingham,2,1,2,1,H,H,2.55,3.25,2.65,2.3,1.62
E1,2025-11-08,15:00:00,Norwich,Leicester,1,2,0,0,A,D,2.95,3.4,2.2,1.83,2.03
E1,2025-11-08,15:00:00,Sheffield United,QPR,0,0,0,0,D,D,1.96,3.6,3.5,1.95,1.9
E1,2025-11-08,15:00:00,Southampton,Sheffield Weds,3,1,2,1,H,H,1.39,4.75,6.5,1.67,2.2
E1,2025-11-08,15:00:00,Stoke,Coventry,0,1,0,0,A,D,2.82,3.6,2.25,1.8,2.0
E1,2025-11-08,15:00:00,Swansea,Ipswich,1,4,0,1,A,A,3.5,3.5,2.01,2.05,1.8
E1,2025-11-08,15:00:00,West Brom,Oxford,2,1,0,0,H,D,1.71,3.4,5.0,2.1,1.73
E1,2025-11-08,15:00:00,Wrexham,Charlton,1,0,0,0,H,D,2.15,3.4,3.2,2.2,1.67
E1,2025-11-21,20:00:00,Preston,Blackburn,1,2,1,1,A,D,2.45,3.05,2.85,2.2,1.67
E1,2025-11-22,12:30:00,Bristol City,Swansea,3,0,2,0,H,H,2.1,3.25,3.4,2.1,1.73
E1,2025-11-22,12:30:00,Charlton,Southampton,1,5,1,5,A,A,2.65,3.05,2.65,2.1,1.73
E1,2025-11-22,12:30:00,Coventry,West Brom,3,2,1,2,H,A,1.71,3.5,4.75,1.93,1.93
E1,2025-11-22,15:00:00,Birmingham,Norwich,4,1,3,1,H,H,1.62,3.7,5.0,1.9,1.95
E1,2025-11-22,15:00:00,Derby,Watford,2,3,1,0,A,H,2.45,3.2,2.82,2.3,1.62
E1,2025-11-22,15:00:00,Ipswich,Wrexham,0,0,0,0,D,D,1.51,3.8,6.0,1.88,1.98
E1,2025-11-22,15:00:00,Leicester,Stoke,2,1,2,0,H,H,1.96,3.4,3.7,1.85,2.0
E1,2025-11-22,15:00:00,Oxford,Middlesbrough,1,1,1,0,D,H,3.7,3.3,1.96,2.05,1.8
E1,2025-11-22,15:00:00,Portsmouth,Millwall,3,1,1,0,H,H,2.57,3.05,2.7,2.3,1.62
E1,2025-11-22,15:00:00,QPR,Hull,3,2,1,1,H,D,2.05,3.25,3.6,1.98,1.88
E1,2025-11-23,12:00:00,Sheffield Weds,Sheffield United,0,3,0,1,A,A,3.8,3.4,1.91,2.03,1.83
E1,2025-11-25,19:45:00,Hull,Ipswich,0,2,0,0,A,D,4.5,3.6,1.71,1.85,2.0
E1,2025-11-25,19:45:00,Middlesbrough,Coventry,2,4,1,2,A,A,2.57,3.4,2.55,1.93,1.93
E1,2025-11-25,19:45:00,Norwich,Oxford,1,1,1,0,D,H,1.81,3.6,4.1,1.83,2.03
E1,2025-11-25,19:45:00,Stoke,Charlton,3,0,3,0,H,H,1.68,3.7,4.75,2.0,1.8
E1,2025-11-25,19:45:00,Swansea,Derby,1,2,0,1,A,A,2.1,3.05,3.6,2.5,1.53
E1,2025-11-25,19:45:00,Watford,Preston,1,1,1,1,D,D,1.81,3.6,4.2,2.1,1.73
E1,2025-11-25,20:00:00,Southampton,Leicester,3,0,3,0,H,H,1.96,3.6,3.7,1.8,2.0
E1,2025-11-26,19:45:00,Blackburn,QPR,0,1,0,0,A,D,2.15,3.4,3.25,2.05,1.8
E1,2025-11-26,19:45:00,Millwall,Sheffield Weds,1,0,0,0,H,D,1.62,3.7,5.25,2.05,1.8
E1,2025-11-26,19:45:00,Sheffield United,Portsmouth,3,0,1,0,H,H,1.76,3.6,4.5,2.0,1.85
E1,2025-11-26,19:45:00,Wrexham,Bristol City,2,0,1,0,H,H,2.45,3.3,2.75,2.0,1.8
E1,2025-11-26,20:00:00,West Brom,Birmingham,1,1,1,0,D,H,2.65,3.05,2.65,2.38,1.57
E1,2025-11-28,20:00:00,Oxford,Ipswich,2,1,1,0,H,H,5.5,3.8,1.61,1.91,1.91
E1,2025-11-29,12:30:00,Leicester,Sheffield United,2,3,0,3,A,A,2.3,3.3,3.05,2.0,1.8
E1,2025-11-29,12:30:00,Portsmouth,Bristol City,0,1,0,1,A,A,2.85,3.4,2.35,2.0,1.8
E1,2025-11-29,12:30:00,Stoke,Hull,1,2,1,0,A,H,1.62,3.8,5.0,1.8,2.0
E1,2025-11-29,15:00:00,Coventry,Charlton,3,1,2,1,H,H,1.42,4.2,7.5,1.8,2.0
E1,2025-11-29,15:00:00,Middlesbrough,Derby,2,1,0,1,H,A,1.71,3.6,5.0,2.2,1.67
E1,2025-11-29,15:00:00,Millwall,Southampton,3,2,0,0,H,D,3.05,3.6,2.2,1.98,1.88
E1,2025-11-29,15:00:00,Norwich,QPR,3,1,3,1,H,H,2.5,3.4,2.75,2.0,1.85
E1,2025-11-29,15:00:00,Sheffield Weds,Preston,2,3,2,1,A,H,3.4,3.25,2.15,2.1,1.73
E1,2025-11-29,15:00:00,West Brom,Swansea,3,2,0,2,H,A,1.68,3.25,4.33,2.2,1.67
E1,2025-11-29,15:00:00,Wrexham,Blackburn,1,1,0,1,D,A,2.15,3.4,3.25,2.1,1.73
E1,2025-12-01,20:00:00,Birmingham,Watford,2,1,2,0,H,H,1.79,3.6,4.33,2.1,1.73
E1,2025-12-02,19:45:00,Blackburn,Ipswich,1,1,0,0,D,D,3.9,3.5,1.96,2.0,1.8
E1,2025-12-05,20:00:00,Hull,Middlesbrough,1,4,0,4,A,A,2.95,3.5,2.2,1.73,2.1
E1,2025-12-06,12:30:00,Derby,Leicester,1,3,0,3,A,A,2.7,3.2,2.57,2.3,1.62
E1,2025-12-06,12:30:00,Watford,Norwich,3,2,1,2,H,A,1.86,3.6,3.8,1.85,2.0
E1,2025-12-06,15:00:00,Bristol City,Millwall,0,1,0,0,A,D,2.1,3.4,3.3,2.1,1.73
E1,2025-12-06,15:00:00,Ipswich,Coventry,3,0,1,0,H,H,2.2,3.5,2.95,1.73,2.1
E1,2025-12-06,15:00:00,Preston,Wrexham,1,1,0,1,D,A,2.32,3.05,3.05,2.2,1.67
E1,2025-12-06,15:00:00,QPR,West Brom,3,1,1,0,H,H,2.4,3.05,3.05,2.2,1.67
E1,2025-12-06,15:00:00,Sheffield United,Stoke,4,0,3,0,H,H,2.05,3.3,3.6,2.1,1.73
E1,2025-12-06,15:00:00,Southampton,Birmingham,3,1,2,0,H,H,2.25,3.5,2.85,1.93,1.93
E1,2025-12-06,15:00:00,Swansea,Oxford,2,0,2,0,H,H,2.05,3.4,3.6,2.1,1.73
E1,2025-12-09,19:45:00,Blackburn,Oxford,1,1,0,1,D,A,1.76,3.5,4.75,2.1,1.73
E1,2025-12-09,19:45:00,Charlton,Middlesbrough,1,2,0,2,A,A,3.3,3.25,2.1,2.1,1.73
E1,2025-12-09,19:45:00,Preston,Coventry,1,1,0,0,D,D,3.75,3.7,1.86,1.8,2.0
E1,2025-12-09,19:45:00,Sheffield United,Norwich,1,1,0,0,D,D,1.56,3.9,5.25,1.67,2.2
E1,2025-12-09,19:45:00,Southampton,West Brom,3,2,3,0,H,H,1.79,3.75,3.9,1.73,2.1
E1,2025-12-09,19:45:00,Swansea,Portsmouth,1,0,0,0,H,D,2.05,3.3,3.5,2.0,1.8
E1,2025-12-09,19:45:00,Watford,Sheffield Weds,1,1,0,1,D,A,1.53,4.33,5.0,1.57,2.38
E1,2025-12-09,20:00:00,QPR,Birmingham,2,1,1,0,H,H,2.85,3.3,2.35,1.98,1.88
E1,2025-12-10,19:45:00,Bristol City,Leicester,2,2,0,2,D,A,2.25,3.25,3.05,2.0,1.85
E1,2025-12-10,19:45:00,Derby,Millwall,1,1,0,0,D,D,2.5,2.95,2.95,2.5,1.53
E1,2025-12-10,19:45:00,Ipswich,Stoke,1,0,1,0,H,H,1.57,3.75,5.5,1.88,1.98
E1,2025-12-10,20:00:00,Hull,Wrexham,2,0,1,0,H,H,2.25,3.3,2.95,1.91,1.91
E1,2025-12-12,20:00:00,West Brom,Sheffield United,2,0,0,0,H,D,2.3,3.3,2.85,1.93,1.93
E1,2025-12-13,12:30:00,Norwich,Southampton,2,1,0,0,H,D,3.3,3.9,1.96,1.62,2.3
E1,2025-12-13,12:30:00,Oxford,Preston,1,2,0,1,A,A,2.65,3.2,2.65,2.1,1.73
E1,2025-12-13,12:30:00,Stoke,Swansea,2,1,1,0,H,H,1.81,3.5,4.2,2.1,1.73
E1,2025-12-13,15:00:00,Birmingham,Charlton,1,1,1,0,D,H,1.53,4.0,5.75,2.0,1.8
E1,2025-12-13,15:00:00,Coventry,Bristol City,1,0,0,0,H,D,1.66,3.75,4.75,1.67,2.2
E1,2025-12-13,15:00:00,Leicester,Ipswich,3,1,2,0,H,H,3.25,3.5,2.1,1.91,1.91
E1,2025-12-13,15:00:00,Middlesbrough,QPR,3,1,2,0,H,H,1.86,3.7,3.8,1.91,1.91
E1,2025-12-13,15:00:00,Millwall,Hull,1,3,0,2,A,A,1.91,3.5,3.7,1.91,1.91
E1,2025-12-13,15:00:00,Portsmouth,Blackburn,2,1,0,1,H,A,2.7,3.25,2.5,2.1,1.73
E1,2025-12-13,15:00:00,Wrexham,Watford,2,2,1,2,D,A,2.5,3.2,2.7,2.0,1.8
E1,2025-12-15,20:00:00,Sheffield Weds,Derby,0,3,0,1,A,A,3.2,3.2,2.2,2.1,1.73
E1,2025-12-19,20:00:00,Swansea,Wrexham,2,1,0,1,H,A,2.15,3.4,3.2,2.1,1.73
E1,2025-12-20,12:30:00,Blackburn,Millwall,2,0,2,0,H,H,2.1,3.3,3.4,2.1,1.73
E1,2025-12-20,12:30:00,Preston,Norwich,1,1,0,0,D,D,2.15,3.5,3.05,1.88,1.98
E1,2025-12-20,12:30:00,Southampton,Coventry,1,1,0,1,D,A,2.4,3.7,2.57,1.62,2.3
E1,2025-12-20,15:00:00,Bristol City,Middlesbrough,2,0,1,0,H,H,2.65,3.4,2.45,1.85,2.0
E1,2025-12-20,15:00:00,Charlton,Oxford,1,0,0,0,H,D,2.05,3.4,3.5,2.2,1.67
E1,2025-12-20,15:00:00,Derby,Portsmouth,1,1,1,1,D,D,1.96,3.2,4.0,2.2,1.67
E1,2025-12-20,15:00:00,Hull,West Brom,1,0,1,0,H,H,2.75,3.4,2.4,1.93,1.93
E1,2025-12-20,15:00:00,Ipswich,Sheffield Weds,3,1,1,0,H,H,1.19,6.0,12.0,1.57,2.38
E1,2025-12-20,15:00:00,QPR,Leicester,4,1,4,0,H,H,2.3,3.4,2.85,2.0,1.85
E1,2025-12-20,15:00:00,Sheffield United,Birmingham,3,0,2,0,H,H,2.25,3.5,2.95,1.93,1.93
E1,2025-12-20,15:00:00,Watford,Stoke,1,0,0,0,H,D,2.01,3.2,3.2,1.91,1.91
E1,2025-12-26,12:30:00,Birmingham,Derby,1,1,0,1,D,A,1.86,3.4,4.2,2.1,1.73
E1,2025-12-26,13:00:00,Millwall,Ipswich,0,0,0,0,D,D,3.6,3.4,2.01,2.1,1.73
E1,2025-12-26,15:00:00,Coventry,Swansea,1,0,1,0,H,H,1.51,3.9,6.0,1.73,2.1
E1,2025-12-26,15:00:00,Leicester,Watford,1,2,1,1,A,D,2.25,3.3,3.05,1.95,1.9
E1,2025-12-26,15:00:00,Middlesbrough,Blackburn,0,0,0,0,D,D,1.76,3.6,4.33,1.93,1.93
E1,2025-12-26,15:00:00,Norwich,Charlton,1,0,0,0,H,D,1.91,3.5,3.7,1.98,1.88
E1,2025-12-26,15:00:00,Oxford,Southampton,2,1,1,1,H,D,3.9,3.8,1.76,1.73,2.1
E1,2025-12-26,15:00:00,Portsmouth,QPR,1,1,1,0,D,H,2.82,3.5,2.25,1.95,1.9
E1,2025-12-26,15:00:00,Sheffield Weds,Hull,2,2,1,1,D,D,3.7,3.6,1.91,1.8,2.0
E1,2025-12-26,15:00:00,Stoke,Preston,0,0,0,0,D,D,2.05,3.25,3.4,2.1,1.73
E1,2025-12-26,15:00:00,West Brom,Bristol City,1,2,0,2,A,A,2.01,3.4,3.5,1.98,1.88
E1,2025-12-26,17:30:00,Wrexham,Sheffield United,5,3,2,3,H,A,3.2,3.4,2.15,2.0,1.85
E2,2025-08-01,20:00:00,Luton,AFC Wimbledon,1,0,0,0,H,D,1.5,4.33,5.5,1.9,1.95
E2,2025-08-02,12:30:00,Cardiff,Peterboro,2,1,0,1,H,A,1.55,4.2,5.25,1.58,2.25
E2,2025-08-02,15:00:00,Blackpool,Stevenage,2,3,1,2,A,A,1.9,3.5,3.75,2.08,1.73
E2,2025-08-02,15:00:00,Bradford,Wycombe,2,1,2,0,H,H,2.45,3.25,2.8,2.15,1.67
E2,2025-08-02,15:00:00,Burton,Mansfield,2,1,1,0,H,H,2.45,3.4,2.7,1.88,1.98
E2,2025-08-02,15:00:00,Doncaster,Exeter,1,0,0,0,H,D,1.85,3.5,4.1,2.0,1.85
E2,2025-08-02,15:00:00,Huddersfield,Leyton Orient,3,0,1,0,H,H,1.95,3.8,3.4,1.93,1.93
E2,2025-08-02,15:00:00,Lincoln,Reading,2,0,1,0,H,H,1.9,3.5,3.8,1.83,2.03
E2,2025-08-02,15:00:00,Plymouth,Barnsley,1,3,0,2,A,A,2.2,3.7,2.88,1.62,2.2
E2,2025-08-02,15:00:00,Rotherham,Port Vale,2,1,2,0,H,H,2.2,3.6,2.9,1.75,2.05
E2,2025-08-02,15:00:00,Wigan,Northampton,3,1,2,0,H,H,2.1,3.1,3.6,2.4,1.53
E2,2025-08-03,12:00:00,Stockport,Bolton,2,0,1,0,H,H,1.91,3.5,3.8,1.95,1.9
E2,2025-08-07,20:00:00,Port Vale,Cardiff,0,0,0,0,D,D,2.6,3.4,2.6,2.0,1.85
E2,2025-08-09,12:30:00,Peterboro,Luton,0,2,0,0,A,D,4.0,3.7,1.85,1.65,2.2
E2,2025-08-09,12:30:00,Reading,Huddersfield,0,2,0,0,A,D,3.0,3.5,2.25,1.93,1.93
E2,2025-08-09,15:00:00,AFC Wimbledon,Lincoln,2,0,1,0,H,H,3.0,3.25,2.38,2.35,1.57
E2,2025-08-09,15:00:00,Barnsley,Burton,3,2,0,2,H,A,1.7,3.8,4.75,1.85,2.0
E2,2025-08-09,15:00:00,Bolton,Plymouth,2,0,1,0,H,H,1.67,3.9,4.75,1.73,2.08
E2,2025-08-09,15:00:00,Exeter,Blackpool,4,1,2,1,H,H,3.4,3.3,2.15,2.0,1.85
E2,2025-08-09,15:00:00,Leyton Orient,Wigan,2,0,1,0,H,H,2.05,3.4,3.6,2.3,1.6
E2,2025-08-09,15:00:00,Mansfield,Doncaster,1,2,0,0,A,D,2.45,3.4,2.75,1.98,1.88
E2,2025-08-09,15:00:00,Northampton,Bradford,0,0,0,0,D,D,3.0,3.2,2.35,2.1,1.7
E2,2025-08-09,15:00:00,Stevenage,Rotherham,1,0,1,0,H,H,1.8,3.5,4.5,2.2,1.65
E2,2025-08-09,15:00:00,Wycombe,Stockport,1,2,0,1,A,A,2.5,3.25,2.8,2.15,1.67
E2,2025-08-16,12:30:00,Burton,Port Vale,0,0,0,0,D,D,3.0,3.3,2.25,2.08,1.73
E2,2025-08-16,12:30:00,Exeter,Mansfield,1,2,0,1,A,A,2.63,3.25,2.63,2.05,1.75
E2,2025-08-16,15:00:00,Barnsley,Bolton,1,1,0,0,D,D,2.7,3.4,2.45,1.67,2.15
E2,2025-08-16,15:00:00,Blackpool,Huddersfield,3,2,3,2,H,H,2.7,3.3,2.45,2.0,1.85
E2,2025-08-16,15:00:00,Bradford,Luton,2,1,1,0,H,H,3.3,3.3,2.15,2.1,1.7
E2,2025-08-16,15:00:00,Cardiff,Rotherham,3,0,1,0,H,H,1.7,3.75,4.75,1.93,1.93
E2,2025-08-16,15:00:00,Doncaster,Wycombe,1,1,0,0,D,D,2.38,3.3,2.88,2.05,1.75
E2,2025-08-16,15:00:00,Leyton Orient,Stockport,2,2,0,2,D,A,2.8,3.25,2.45,2.25,1.62
E2,2025-08-16,15:00:00,Lincoln,Plymouth,3,2,1,0,H,H,2.0,3.25,3.75,2.05,1.75
E2,2025-08-16,15:00:00,Reading,AFC Wimbledon,1,2,0,1,A,A,2.05,3.3,3.5,2.25,1.62
E2,2025-08-16,15:00:00,Stevenage,Northampton,2,0,0,0,H,D,1.67,3.4,5.5,2.25,1.62
E2,2025-08-16,15:00:00,Wigan,Peterboro,2,0,2,0,H,H,1.95,3.5,3.6,2.0,1.85
E2,2025-08-19,19:45:00,AFC Wimbledon,Cardiff,0,1,0,0,A,D,3.3,3.4,2.1,2.2,1.65
E2,2025-08-19,19:45:00,Huddersfield,Doncaster,2,0,0,0,H,D,1.9,3.8,3.6,1.93,1.93
E2,2025-08-19,19:45:00,Luton,Wigan,1,0,1,0,H,H,1.6,3.75,5.5,2.15,1.67
E2,2025-08-19,19:45:00,Mansfield,Blackpool,2,0,0,0,H,D,2.55,3.3,2.63,2.03,1.83
E2,2025-08-19,19:45:00,Northampton,Lincoln,0,1,0,1,A,A,3.3,3.4,2.15,2.25,1.62
E2,2025-08-19,19:45:00,Peterboro,Barnsley,0,1,0,1,A,A,3.0,3.6,2.15,1.6,2.3
E2,2025-08-19,19:45:00,Plymouth,Leyton Orient,0,1,0,0,A,D,2.7,3.3,2.5,1.8,2.0
E2,2025-08-19,19:45:00,Port Vale,Stevenage,1,2,1,0,A,H,2.45,3.0,3.0,2.5,1.5
E2,2025-08-19,19:45:00,Stockport,Bradford,1,2,1,0,A,H,2.05,3.4,3.5,2.15,1.67
E2,2025-08-19,19:45:00,Wycombe,Exeter,0,1,0,0,A,D,1.65,4.0,4.75,2.0,1.85
E2,2025-08-20,20:00:00,Bolton,Reading,1,1,0,0,D,D,1.57,4.1,5.25,1.7,2.1
E2,2025-08-23,12:30:00,Luton,Cardiff,0,1,0,0,A,D,2.0,3.3,3.7,2.05,1.75
E2,2025-08-23,12:30:00,Rotherham,Wigan,2,2,0,1,D,A,3.0,3.2,2.35,2.25,1.62
E2,2025-08-23,15:00:00,AFC Wimbledon,Barnsley,2,0,1,0,H,H,2.9,3.4,2.3,2.05,1.75
E2,2025-08-23,15:00:00,Bolton,Lincoln,1,1,0,1,D,A,1.7,3.5,5.0,2.05,1.75
E2,2025-08-23,15:00:00,Huddersfield,Stevenage,1,0,0,0,H,D,1.95,3.3,3.9,2.2,1.65
E2,2025-08-23,15:00:00,Mansfield,Leyton Orient,4,1,2,1,H,H,2.75,3.4,2.4,1.98,1.88
E2,2025-08-23,15:00:00,Northampton,Exeter,2,0,2,0,H,H,2.35,3.1,3.1,2.25,1.62
E2,2025-08-23,15:00:00,Peterboro,Bradford,1,1,0,0,D,D,3.5,3.7,1.95,1.8,2.0
E2,2025-08-23,15:00:00,Plymouth,Blackpool,1,0,0,0,H,D,2.6,3.3,2.6,1.95,1.9
E2,2025-08-23,15:00:00,Port Vale,Doncaster,0,1,0,0,A,D,2.8,3.0,2.6,2.15,1.67
E2,2025-08-23,15:00:00,Stockport,Burton,2,1,0,1,H,A,1.53,4.1,5.75,1.98,1.88
E2,2025-08-23,15:00:00,Wycombe,Reading,2,2,1,2,D,A,1.8,3.4,4.5,2.0,1.85
E2,2025-08-30,12:30:00,Cardiff,Plymouth,4,0,2,0,H,H,1.49,4.5,5.5,1.83,2.03
E2,2025-08-30,12:30:00,Doncaster,Rotherham,1,0,1,0,H,H,1.66,4.0,4.33,2.05,1.75
E2,2025-08-30,15:00:00,Barnsley,Huddersfield,3,1,2,0,H,H,2.5,3.75,2.35,1.75,2.05
E2,2025-08-30,15:00:00,Blackpool,Bolton,1,1,1,0,D,H,3.2,3.2,2.2,1.85,2.0
E2,2025-08-30,15:00:00,Bradford,AFC Wimbledon,3,2,1,1,H,D,1.68,3.6,4.75,2.15,1.67
E2,2025-08-30,15:00:00,Burton,Luton,0,3,0,2,A,A,4.5,3.9,1.66,2.0,1.85
E2,2025-08-30,15:00:00,Exeter,Peterboro,3,0,1,0,H,H,2.1,3.8,3.0,1.75,2.05
E2,2025-08-30,15:00:00,Leyton Orient,Northampton,0,1,0,0,A,D,1.68,3.8,4.5,2.1,1.7
E2,2025-08-30,15:00:00,Lincoln,Mansfield,1,1,1,0,D,H,2.2,3.6,2.85,2.1,1.7
E2,2025-08-30,15:00:00,Reading,Port Vale,1,0,0,0,H,D,2.45,3.5,2.57,2.15,1.67
E2,2025-08-30,15:00:00,Stevenage,Wycombe,1,0,1,0,H,H,2.25,3.3,3.0,2.35,1.57
E2,2025-08-30,15:00:00,Wigan,Stockport,1,1,0,1,D,A,2.7,3.1,2.57,2.4,1.53
E2,2025-09-06,15:00:00,Bolton,AFC Wimbledon,3,0,1,0,H,H,1.46,3.9,6.25,2.05,1.75
E2,2025-09-06,15:00:00,Doncaster,Bradford,3,1,3,1,H,H,2.15,3.3,3.1,2.05,1.75
E2,2025-09-06,15:00:00,Huddersfield,Peterboro,3,2,0,0,H,D,1.46,4.2,5.25,1.67,2.15
E2,2025-09-06,15:00:00,Lincoln,Wigan,2,2,2,1,D,H,2.3,3.1,3.0,2.6,1.48
E2,2025-09-06,15:00:00,Plymouth,Stockport,4,2,2,1,H,H,3.3,3.5,1.93,1.88,1.98
E2,2025-09-06,15:00:00,Port Vale,Leyton Orient,2,3,1,2,A,A,2.05,3.5,3.0,2.08,1.73
E2,2025-09-06,15:00:00,Rotherham,Exeter,1,0,1,0,H,H,2.1,3.3,3.1,2.05,1.75
E2,2025-09-06,15:00:00,Wycombe,Mansfield,2,0,1,0,H,H,1.93,3.6,3.3,1.98,1.88
E2,2025-09-13,12:30:00,Bradford,Huddersfield,3,1,3,0,H,H,2.5,3.4,2.65,2.05,1.75
E2,2025-09-13,12:30:00,Northampton,Blackpool,1,0,0,0,H,D,2.57,3.4,2.57,2.4,1.53
E2,2025-09-13,15:00:00,AFC Wimbledon,Rotherham,2,1,0,1,H,A,2.15,3.4,3.25,2.15,1.67
E2,2025-09-13,15:00:00,Barnsley,Reading,3,2,1,1,H,D,1.76,3.8,4.2,1.62,2.25
E2,2025-09-13,15:00:00,Burton,Lincoln,0,1,0,1,A,A,2.75,3.5,2.35,2.2,1.65
E2,2025-09-13,15:00:00,Exeter,Port Vale,0,2,0,2,A,A,2.82,3.4,2.32,2.1,1.7
E2,2025-09-13,15:00:00,Leyton Orient,Bolton,1,1,0,0,D,D,3.1,3.6,2.15,1.93,1.93
E2,2025-09-13,15:00:00,Luton,Plymouth,2,3,1,2,A,A,1.49,4.2,6.0,1.75,2.05
E2,2025-09-13,15:00:00,Mansfield,Stevenage,1,1,0,0,D,D,2.4,3.25,2.75,2.25,1.62
E2,2025-09-13,15:00:00,Peterboro,Wycombe,2,1,2,0,H,H,3.25,3.5,2.1,1.88,1.98
E2,2025-09-13,15:00:00,Stockport,Cardiff,1,1,1,0,D,H,2.65,3.5,2.45,2.03,1.83
E2,2025-09-13,15:00:00,Wigan,Doncaster,3,0,2,0,H,H,2.3,3.5,2.82,2.35,1.57
E2,2025-09-20,12:30:00,Blackpool,Barnsley,1,0,0,0,H,D,2.4,3.5,2.55,1.73,2.08
E2,2025-09-20,12:30:00,Bolton,Wigan,4,1,3,0,H,H,1.68,3.6,4.75,2.03,1.83
E2,2025-09-20,12:30:00,Lincoln,Luton,3,1,1,0,H,H,3.5,3.2,2.05,2.1,1.7
E2,2025-09-20,15:00:00,Cardiff,Bradford,1,3,0,2,A,A,1.79,3.5,4.2,1.85,2.0
E2,2025-09-20,15:00:00,Doncaster,AFC Wimbledon,1,2,0,0,A,D,1.76,3.3,4.75,2.3,1.6
E2,2025-09-20,15:00:00,Huddersfield,Burton,0,0,0,0,D,D,1.57,3.9,5.0,1.85,2.0
E2,2025-09-20,15:00:00,Plymouth,Peterboro,0,1,0,1,A,A,1.86,3.6,3.75,1.73,2.08
E2,2025-09-20,15:00:00,Port Vale,Mansfield,2,1,0,0,H,D,2.05,3.2,3.5,2.05,1.75
E2,2025-09-20,15:00:00,Reading,Leyton Orient,2,1,1,0,H,H,2.55,3.3,2.55,1.95,1.9
E2,2025-09-20,15:00:00,Rotherham,Stockport,0,1,0,0,A,D,3.3,3.5,2.01,2.05,1.75
E2,2025-09-20,15:00:00,Stevenage,Exeter,2,1,1,1,H,D,1.76,3.4,4.5,2.25,1.62
E2,2025-09-20,15:00:00,Wycombe,Northampton,2,0,1,0,H,H,1.76,3.4,4.5,2.08,1.73
E2,2025-09-27,12:30:00,AFC Wimbledon,Wycombe,2,1,2,0,H,H,2.75,3.2,2.5,2.35,1.57
E2,2025-09-27,12:30:00,Leyton Orient,Stevenage,2,3,1,1,A,D,2.5,3.2,2.65,2.2,1.65
E2,2025-09-27,15:00:00,Barnsley,Port Vale,0,2,0,0,A,D,2.01,3.5,3.25,1.8,2.0
E2,2025-09-27,15:00:00,Bradford,Blackpool,1,0,0,0,H,D,1.91,3.4,3.7,1.93,1.93
E2,2025-09-27,15:00:00,Burton,Plymouth,0,4,0,2,A,A,2.5,3.3,2.55,1.88,1.98
E2,2025-09-27,15:00:00,Exeter,Huddersfield,0,1,0,1,A,A,3.2,3.5,2.05,1.9,1.95
E2,2025-09-27,15:00:00,Luton,Doncaster,1,0,1,0,H,H,1.68,3.7,4.5,1.98,1.88
E2,2025-09-27,15:00:00,Mansfield,Rotherham,2,1,0,1,H,A,1.81,3.6,3.9,2.0,1.85
E2,2025-09-27,15:00:00,Northampton,Bolton,2,0,0,0,H,D,4.33,3.6,1.76,2.08,1.73
E2,2025-09-27,15:00:00,Peterboro,Lincoln,0,3,0,1,A,A,2.75,3.3,2.35,2.03,1.83
E2,2025-09-27,15:00:00,Stockport,Reading,1,1,1,0,D,H,1.62,3.9,4.75,1.93,1.93
E2,2025-09-27,15:00:00,Wigan,Cardiff,0,2,0,1,A,A,2.65,3.3,2.45,2.08,1.73
E2,2025-09-30,19:45:00,Blackpool,Luton,2,2,1,0,D,H,3.2,3.3,2.1,2.05,1.75
E2,2025-09-30,19:45:00,Cardiff,Burton,0,1,0,0,A,D,1.37,4.33,7.0,1.7,2.1
E2,2025-10-02,20:00:00,Rotherham,Bradford,2,2,1,0,D,H,3.6,3.4,1.96,1.93,1.93
E2,2025-10-04,12:30:00,Doncaster,Burton,1,1,1,0,D,H,1.66,3.75,4.5,1.95,1.9
E2,2025-10-04,12:30:00,Wycombe,Barnsley,2,2,0,1,D,A,1.91,3.6,3.5,1.7,2.1
E2,2025-10-04,15:00:00,Blackpool,AFC Wimbledon,0,2,0,1,A,A,1.96,3.3,3.7,2.1,1.7
E2,2025-10-04,15:00:00,Bolton,Peterboro,2,1,2,1,H,H,1.41,4.5,6.0,1.62,2.25
E2,2025-10-04,15:00:00,Cardiff,Leyton Orient,4,3,1,1,H,D,1.62,3.9,4.75,1.7,2.1
E2,2025-10-04,15:00:00,Huddersfield,Stockport,1,2,0,1,A,A,2.15,3.5,3.0,1.98,1.88
E2,2025-10-04,15:00:00,Lincoln,Exeter,0,1,0,0,A,D,1.57,3.8,5.0,2.1,1.7
E2,2025-10-04,15:00:00,Plymouth,Wigan,1,1,0,0,D,D,2.4,3.25,2.7,2.03,1.83
E2,2025-10-04,15:00:00,Port Vale,Northampton,0,0,0,0,D,D,1.76,3.5,4.33,2.35,1.57
E2,2025-10-04,15:00:00,Reading,Mansfield,1,1,0,1,D,A,2.3,3.3,2.85,1.93,1.93
E2,2025-10-04,15:00:00,Stevenage,Luton,2,0,0,0,H,D,2.7,3.1,2.5,2.15,1.67
E2,2025-10-11,14:00:00,Northampton,Rotherham,1,2,1,0,A,H,2.01,3.3,3.5,2.2,1.65
E2,2025-10-11,15:00:00,AFC Wimbledon,Port Vale,1,1,0,0,D,D,2.55,3.1,2.65,2.5,1.5
E2,2025-10-11,15:00:00,Burton,Bolton,3,0,1,0,H,H,4.33,3.9,1.66,1.75,2.05
E2,2025-10-11,15:00:00,Exeter,Reading,1,1,1,1,D,D,3.0,3.3,2.25,1.88,1.98
E2,2025-10-11,15:00:00,Leyton Orient,Doncaster,4,0,2,0,H,H,2.15,3.5,3.0,1.8,2.0
E2,2025-10-11,15:00:00,Stockport,Blackpool,1,0,0,0,H,D,1.68,3.6,4.5,1.98,1.88
E2,2025-10-11,15:00:00,Wigan,Wycombe,0,1,0,1,A,A,2.4,3.25,2.75,2.15,1.67
E2,2025-10-16,20:00:00,Huddersfield,Bolton,1,2,1,0,A,H,2.5,3.25,2.65,1.85,2.0
E2,2025-10-18,12:30:00,Burton,Peterboro,0,1,0,0,A,D,2.32,3.4,2.75,1.8,2.0
E2,2025-10-18,12:30:00,Lincoln,Stevenage,1,0,0,0,H,D,2.3,3.25,2.95,2.3,1.6
E2,2025-10-18,15:00:00,Blackpool,Wycombe,1,1,1,0,D,H,2.75,3.3,2.35,2.03,1.83
E2,2025-10-18,15:00:00,Bradford,Barnsley,2,2,2,1,D,H,2.01,3.6,3.2,1.62,2.25
E2,2025-10-18,15:00:00,Cardiff,Reading,2,1,0,1,H,A,1.53,4.0,5.25,1.7,2.1
E2,2025-10-18,15:00:00,Doncaster,Northampton,1,2,1,0,A,H,1.76,3.6,4.2,2.1,1.7
E2,2025-10-18,15:00:00,Luton,Mansfield,0,2,0,1,A,A,1.57,3.9,5.0,1.85,2.0
E2,2025-10-18,15:00:00,Plymouth,AFC Wimbledon,1,2,1,1,A,D,2.01,3.25,3.6,2.05,1.75
E2,2025-10-18,15:00:00,Rotherham,Leyton Orient,1,0,0,0,H,D,2.85,3.4,2.25,1.7,2.1
E2,2025-10-18,15:00:00,Stockport,Exeter,1,0,1,0,H,H,1.41,4.2,7.0,1.83,2.03
E2,2025-10-18,15:00:00,Wigan,Port Vale,1,0,0,0,H,D,2.5,3.05,2.75,2.35,1.57
E2,2025-10-21,20:00:00,Reading,Northampton,1,0,0,0,H,D,1.91,3.5,3.6,2.0,1.85
E2,2025-10-23,20:00:00,Exeter,Plymouth,2,0,1,0,H,H,2.75,3.4,2.32,1.85,2.0
E2,2025-10-25,12:30:00,Bolton,Cardiff,1,0,0,0,H,D,1.86,3.6,3.6,1.67,2.15
E2,2025-10-25,12:30:00,Mansfield,Wigan,1,1,1,0,D,H,2.35,3.05,2.95,2.15,1.67
E2,2025-10-25,15:00:00,AFC Wimbledon,Burton,0,1,0,0,A,D,1.81,3.3,4.2,2.2,1.65
E2,2025-10-25,15:00:00,Barnsley,Rotherham,0,1,0,0,A,D,1.81,3.6,3.9,1.7,2.1
E2,2025-10-25,15:00:00,Leyton Orient,Lincoln,1,0,0,0,H,D,2.57,3.25,2.57,2.0,1.85
E2,2025-10-25,15:00:00,Northampton,Luton,0,1,0,0,A,D,4.2,3.2,1.86,2.25,1.62
E2,2025-10-25,15:00:00,Peterboro,Blackpool,1,2,1,1,A,D,2.25,3.3,2.85,1.88,1.98
E2,2025-10-25,15:00:00,Reading,Doncaster,1,1,0,0,D,D,2.15,3.25,3.2,1.88,1.98
E2,2025-10-25,15:00:00,Stevenage,Bradford,1,1,1,1,D,D,2.32,3.25,2.85,2.1,1.7
E2,2025-10-25,15:00:00,Wycombe,Huddersfield,3,0,1,0,H,H,2.05,3.4,3.3,1.9,1.95
E2,2025-10-27,20:00:00,Port Vale,Stockport,0,3,0,3,A,A,2.57,3.2,2.57,2.2,1.65
E2,2025-10-28,19:45:00,Bradford,Lincoln,0,0,0,0,D,D,2.1,3.3,3.4,2.05,1.75
E2,2025-10-28,19:45:00,Mansfield,Plymouth,2,0,1,0,H,H,2.05,3.5,3.4,1.9,1.95
E2,2025-11-04,19:45:00,Rotherham,Burton,2,2,0,0,D,D,2.15,3.4,2.95,2.08,1.73
E2,2025-11-06,20:00:00,Reading,Stevenage,1,0,1,0,H,H,2.75,3.25,2.45,2.15,1.67
E2,2025-11-08,12:30:00,Northampton,Mansfield,2,1,0,1,H,A,3.3,3.25,2.1,2.25,1.62
E2,2025-11-08,12:30:00,Wycombe,Leyton Orient,4,1,3,1,H,H,1.76,3.6,4.1,1.88,1.98
E2,2025-11-08,15:00:00,Blackpool,Cardiff,3,1,0,0,H,D,3.5,3.4,1.96,1.93,1.93
E2,2025-11-08,15:00:00,Bolton,Port Vale,4,0,2,0,H,H,1.66,3.75,4.75,1.93,1.93
E2,2025-11-08,15:00:00,Bradford,Burton,1,2,0,2,A,A,1.62,3.7,4.75,1.85,2.0
E2,2025-11-08,15:00:00,Doncaster,Barnsley,1,2,1,1,A,D,2.15,3.5,2.95,1.73,2.08
E2,2025-11-08,15:00:00,Exeter,Wigan,1,1,0,1,D,A,2.82,3.2,2.4,2.25,1.62
E2,2025-11-08,15:00:00,Huddersfield,Plymouth,3,1,1,0,H,H,1.79,3.6,4.0,1.73,2.08
E2,2025-11-08,15:00:00,Peterboro,AFC Wimbledon,5,0,3,0,H,H,2.5,3.25,2.65,2.15,1.67
E2,2025-11-08,15:00:00,Rotherham,Lincoln,3,0,2,0,H,H,3.4,3.3,2.05,2.1,1.7
E2,2025-11-08,15:00:00,Stockport,Luton,0,3,0,2,A,A,2.05,3.25,3.5,2.15,1.67
E2,2025-11-15,15:00:00,Burton,Blackpool,1,0,0,0,H,D,2.15,3.5,2.95,1.85,2.0
E2,2025-11-15,15:00:00,Leyton Orient,Exeter,2,1,0,1,H,A,1.76,3.75,4.0,1.88,1.98
E2,2025-11-15,15:00:00,Lincoln,Doncaster,2,1,1,0,H,H,2.01,3.25,3.6,2.08,1.73
E2,2025-11-15,15:00:00,Luton,Rotherham,0,0,0,0,D,D,1.49,3.9,6.0,1.93,1.93
E2,2025-11-15,15:00:00,Port Vale,Wycombe,0,0,0,0,D,D,2.57,3.3,2.5,2.15,1.67
E2,2025-11-20,20:00:00,Peterboro,Stockport,3,0,2,0,H,H,3.05,3.5,2.1,1.8,2.0
E2,2025-11-22,12:30:00,Port Vale,Plymouth,0,1,0,0,A,D,1.91,3.3,4.0,2.0,1.85
E2,2025-11-22,15:00:00,AFC Wimbledon,Wigan,1,2,0,0,A,D,2.85,2.95,2.55,2.5,1.5
E2,2025-11-22,15:00:00,Barnsley,Luton,5,0,3,0,H,H,3.05,3.4,2.15,1.75,2.05
E2,2025-11-22,15:00:00,Bolton,Bradford,0,0,0,0,D,D,1.71,3.9,4.1,1.65,2.2
E2,2025-11-22,15:00:00,Leyton Orient,Blackpool,1,1,1,0,D,H,1.76,3.9,4.2,1.83,2.03
E2,2025-11-22,15:00:00,Mansfield,Huddersfield,1,3,0,3,A,A,2.35,3.3,2.85,1.9,1.95
E2,2025-11-22,15:00:00,Northampton,Cardiff,1,3,0,1,A,A,3.4,3.5,2.01,2.03,1.83
E2,2025-11-22,15:00:00,Reading,Rotherham,1,1,0,1,D,A,1.79,3.75,4.0,1.93,1.93
E2,2025-11-22,15:00:00,Stevenage,Doncaster,0,0,0,0,D,D,1.91,3.3,4.0,2.15,1.67
E2,2025-11-22,15:00:00,Wycombe,Lincoln,3,2,2,0,H,H,1.86,3.6,3.8,2.1,1.7
E2,2025-11-25,19:45:00,Luton,Huddersfield,2,1,1,0,H,H,2.15,3.3,3.2,2.0,1.85
E2,2025-11-25,19:45:00,Peterboro,Stevenage,0,1,0,1,A,A,2.45,3.05,2.85,2.15,1.67
E2,2025-11-29,12:30:00,Blackpool,Reading,0,3,0,1,A,A,2.5,3.4,2.55,2.0,1.8
E2,2025-11-29,12:30:00,Stockport,Barnsley,1,1,0,1,D,A,1.91,3.5,3.6,1.7,2.1
E2,2025-11-29,15:00:00,Bradford,Exeter,1,0,1,0,H,H,1.62,3.7,5.0,1.85,1.95
E2,2025-11-29,15:00:00,Burton,Leyton Orient,0,4,0,2,A,A,2.65,3.3,2.45,1.75,2.05
E2,2025-11-29,15:00:00,Cardiff,Mansfield,3,0,1,0,H,H,1.79,3.6,4.1,1.7,2.1
E2,2025-11-29,15:00:00,Doncaster,Peterboro,2,1,2,0,H,H,2.15,3.4,3.2,1.83,2.03
E2,2025-11-29,15:00:00,Huddersfield,AFC Wimbledon,3,3,0,1,D,A,1.68,3.4,5.0,2.03,1.83
E2,2025-11-29,15:00:00,Lincoln,Port Vale,1,0,1,0,H,H,1.96,3.3,3.7,2.15,1.67
E2,2025-11-29,15:00:00,Luton,Bolton,1,1,0,1,D,A,2.45,3.4,2.65,1.98,1.88
E2,2025-11-29,15:00:00,Plymouth,Northampton,0,3,0,0,A,D,2.01,3.25,3.6,2.08,1.73
E2,2025-11-29,15:00:00,Rotherham,Wycombe,1,1,0,1,D,A,4.33,3.4,1.76,2.05,1.75
E2,2025-11-29,15:00:00,Wigan,Stevenage,0,0,0,0,D,D,2.15,2.95,3.4,2.5,1.5
E2,2025-12-02,19:45:00,Wigan,Burton,1,0,1,0,H,H,1.71,3.5,4.5,2.05,1.75
E2,2025-12-06,12:30:00,Cardiff,Huddersfield,3,2,1,0,H,H,2.05,3.6,3.2,1.67,2.15
E2,2025-12-06,12:30:00,Plymouth,Bradford,0,1,0,0,A,D,2.95,3.5,2.1,1.83,2.03
E2,2025-12-09,19:45:00,Doncaster,Stockport,0,2,0,0,A,D,2.55,3.25,2.57,1.9,1.9
E2,2025-12-09,19:45:00,Exeter,AFC Wimbledon,1,0,0,0,H,D,2.3,3.2,2.95,2.2,1.65
E2,2025-12-09,19:45:00,Leyton Orient,Luton,1,1,0,0,D,D,2.57,3.25,2.5,1.93,1.93
E2,2025-12-09,19:45:00,Lincoln,Barnsley,3,1,1,0,H,H,1.86,3.5,3.9,1.93,1.93
E2,2025-12-09,19:45:00,Mansfield,Bolton,0,1,0,1,A,A,4.5,3.75,1.66,1.73,2.08
E2,2025-12-09,19:45:00,Northampton,Huddersfield,1,1,1,1,D,D,3.3,3.4,2.05,2.0,1.85
E2,2025-12-09,19:45:00,Wycombe,Plymouth,0,1,0,0,A,D,1.56,3.9,5.25,1.8,2.0
E2,2025-12-09,20:00:00,Reading,Peterboro,1,2,0,1,A,A,2.15,3.25,3.05,1.88,1.98
E2,2025-12-09,20:00:00,Stevenage,Cardiff,0,1,0,0,A,D,2.75,3.2,2.4,2.1,1.7
E2,2025-12-10,19:45:00,Rotherham,Blackpool,0,3,0,2,A,A,2.25,3.05,3.05,2.08,1.73
E2,2025-12-13,12:30:00,AFC Wimbledon,Mansfield,0,0,0,0,D,D,2.3,3.3,2.85,2.1,1.7
E2,2025-12-13,12:30:00,Huddersfield,Wigan,1,1,1,0,D,H,2.01,3.4,3.4,2.08,1.73
E2,2025-12-13,15:00:00,Barnsley,Leyton Orient,3,2,1,2,H,A,2.1,3.6,2.95,1.67,2.15
E2,2025-12-13,15:00:00,Blackpool,Lincoln,2,2,1,2,D,A,3.05,3.3,2.2,2.0,1.8
E2,2025-12-13,15:00:00,Bolton,Exeter,2,1,0,1,H,A,1.41,4.5,6.25,1.67,2.15
E2,2025-12-13,15:00:00,Bradford,Reading,2,0,0,0,H,D,1.91,3.6,3.6,1.8,2.0
E2,2025-12-13,15:00:00,Burton,Wycombe,0,0,0,0,D,D,3.5,3.4,1.96,2.0,1.8
E2,2025-12-13,15:00:00,Cardiff,Doncaster,4,3,2,2,H,D,1.76,3.8,3.9,1.67,2.15
E2,2025-12-13,15:00:00,Luton,Port Vale,2,2,1,1,D,D,1.71,3.6,4.5,2.05,1.75
E2,2025-12-13,15:00:00,Peterboro,Northampton,2,1,1,0,H,H,2.01,3.3,3.5,2.05,1.75
E2,2025-12-13,15:00:00,Plymouth,Rotherham,1,0,1,0,H,H,1.96,3.5,3.4,1.93,1.93
E2,2025-12-13,15:00:00,Stockport,Stevenage,1,3,0,1,A,A,1.81,3.25,4.2,2.25,1.62
E2,2025-12-18,20:00:00,Reading,Luton,3,2,1,0,H,H,2.65,3.4,2.4,1.98,1.88
E2,2025-12-19,19:45:00,Northampton,AFC Wimbledon,3,1,1,1,H,D,2.2,3.05,3.3,2.5,1.5
E2,2025-12-20,12:30:00,Stevenage,Burton,2,2,0,1,D,A,1.79,3.3,4.33,2.2,1.65
E2,2025-12-20,12:30:00,Wigan,Blackpool,0,2,0,0,A,D,1.86,3.2,4.0,2.1,1.7
E2,2025-12-20,15:00:00,Doncaster,Plymouth,1,5,1,3,A,A,1.86,3.6,3.75,1.85,2.0
E2,2025-12-20,15:00:00,Exeter,Barnsley,3,0,1,0,H,H,3.2,3.5,2.1,1.83,2.03
E2,2025-12-20,15:00:00,Leyton Orient,Bradford,2,1,1,1,H,D,2.4,3.3,2.7,1.93,1.93
E2,2025-12-20,15:00:00,Lincoln,Cardiff,2,1,1,0,H,H,2.5,3.25,2.65,2.0,1.85
E2,2025-12-20,15:00:00,Mansfield,Stockport,1,2,1,1,A,D,3.3,3.4,2.01,1.93,1.93
E2,2025-12-20,15:00:00,Port Vale,Peterboro,0,1,0,0,A,D,2.2,3.4,3.05,1.95,1.9
E2,2025-12-20,15:00:00,Rotherham,Huddersfield,1,3,0,3,A,A,3.3,3.4,2.05,1.9,1.95
E2,2025-12-20,15:00:00,Wycombe,Bolton,2,1,2,1,H,H,2.65,3.3,2.45,1.95,1.9
E2,2025-12-26,15:00:00,AFC Wimbledon,Stevenage,0,0,0,0,D,D,2.82,2.75,2.65,2.88,1.4
E2,2025-12-26,15:00:00,Barnsley,Mansfield,2,3,2,1,A,H,1.86,3.5,3.75,1.75,2.05
E2,2025-12-26,15:00:00,Blackpool,Doncaster,1,0,1,0,H,H,2.25,3.5,2.82,1.8,2.0
E2,2025-12-26,15:00:00,Bolton,Rotherham,2,1,1,0,H,H,1.35,4.5,7.5,1.7,2.1
E2,2025-12-26,15:00:00,Bradford,Wigan,2,1,1,0,H,H,1.86,3.4,3.75,2.1,1.7
E2,2025-12-26,15:00:00,Burton,Northampton,5,1,4,1,H,H,2.2,3.05,3.25,2.25,1.62
E2,2025-12-26,15:00:00,Cardiff,Exeter,1,0,0,0,H,D,1.51,4.0,5.75,1.73,2.08
E2,2025-12-26,15:00:00,Huddersfield,Port Vale,5,0,3,0,H,H,1.68,3.6,4.5,1.95,1.85
E2,2025-12-26,15:00:00,Luton,Wycombe,4,0,2,0,H,H,2.2,3.3,3.05,2.08,1.73
E2,2025-12-26,15:00:00,Peterboro,Leyton Orient,1,0,0,0,H,D,2.05,3.5,3.2,1.73,2.08
E2,2025-12-26,15:00:00,Plymouth,Reading,1,4,0,3,A,A,2.35,3.5,2.57,1.95,1.85
E2,2025-12-26,15:00:00,Stockport,Lincoln,1,2,0,1,A,A,2.1,3.25,3.25,2.1,1.7
E3,2025-08-02,15:00:00,Accrington,Gillingham,1,1,0,0,D,D,2.75,3.0,2.63,2.2,1.65
E3,2025-08-02,15:00:00,Barnet,Fleetwood Town,0,2,0,1,A,A,1.95,3.5,3.6,1.98,1.88
E3,2025-08-02,15:00:00,Bristol Rvs,Harrogate,0,1,0,0,A,D,1.8,3.5,4.2,2.05,1.75
E3,2025-08-02,15:00:00,Cambridge,Cheltenham,1,0,0,0,H,D,1.83,3.6,4.0,1.75,2.05
E3,2025-08-02,15:00:00,Chesterfield,Barrow,1,0,1,0,H,H,1.62,3.8,5.25,1.9,1.95
E3,2025-08-02,15:00:00,Colchester,Tranmere,1,1,0,1,D,A,2.1,3.25,3.6,2.5,1.5
E3,2025-08-02,15:00:00,Grimsby,Crawley Town,3,0,2,0,H,H,2.0,3.6,3.4,1.67,2.15
E3,2025-08-02,15:00:00,Milton Keynes Dons,Oldham,0,0,0,0,D,D,1.62,3.6,5.5,1.9,1.95
E3,2025-08-02,15:00:00,Salford,Crewe,1,3,1,3,A,A,1.85,3.8,3.6,1.75,2.05
E3,2025-08-02,15:00:00,Shrewsbury,Bromley,0,0,0,0,D,D,2.3,3.5,2.8,1.82,2.0
E3,2025-08-02,15:00:00,Walsall,Swindon,2,1,1,0,H,H,2.2,3.3,3.2,1.87,1.92
E3,2025-08-02,16:00:00,Newport County,Notts County,1,1,0,0,D,D,4.75,3.75,1.67,1.75,2.05
E3,2025-08-09,12:30:00,Notts County,Salford,1,2,0,1,A,A,2.0,3.6,3.4,1.8,2.0
E3,2025-08-09,12:30:00,Tranmere,Shrewsbury,4,0,2,0,H,H,2.0,3.2,3.7,2.35,1.57
E3,2025-08-09,15:00:00,Barrow,Milton Keynes Dons,0,2,0,0,A,D,2.5,3.3,2.7,2.1,1.7
E3,2025-08-09,15:00:00,Bromley,Barnet,2,0,1,0,H,H,2.75,3.3,2.45,1.98,1.88
E3,2025-08-09,15:00:00,Cheltenham,Chesterfield,0,2,0,0,A,D,3.4,3.6,2.0,1.83,2.03
E3,2025-08-09,15:00:00,Crawley Town,Newport County,1,2,0,0,A,D,1.57,4.0,5.25,1.73,2.08
E3,2025-08-09,15:00:00,Crewe,Accrington,2,0,2,0,H,H,2.1,3.3,3.4,2.2,1.65
E3,2025-08-09,15:00:00,Fleetwood Town,Bristol Rvs,2,1,2,0,H,H,2.45,3.3,2.75,1.95,1.9
E3,2025-08-09,15:00:00,Gillingham,Walsall,1,0,0,0,H,D,2.75,3.1,2.55,2.3,1.6
E3,2025-08-09,15:00:00,Harrogate,Grimsby,3,3,0,0,D,D,3.0,3.3,2.25,2.08,1.73
E3,2025-08-09,15:00:00,Oldham,Colchester,1,1,1,1,D,D,2.35,3.3,2.9,2.1,1.7
E3,2025-08-09,15:00:00,Swindon,Cambridge,3,2,2,1,H,H,2.1,3.3,3.4,1.93,1.93
E3,2025-08-16,12:30:00,Chesterfield,Bristol Rvs,3,1,1,0,H,H,1.73,3.8,4.2,1.85,2.0
E3,2025-08-16,12:30:00,Oldham,Swindon,1,2,1,2,A,A,2.7,3.1,2.6,2.03,1.83
E3,2025-08-16,15:00:00,Barnet,Walsall,1,2,1,2,A,A,2.0,3.5,3.5,1.95,1.9
E3,2025-08-16,15:00:00,Barrow,Notts County,2,1,1,0,H,H,2.75,3.1,2.55,2.1,1.7
E3,2025-08-16,15:00:00,Bromley,Fleetwood Town,2,2,1,1,D,D,2.2,3.2,3.25,2.0,1.85
E3,2025-08-16,15:00:00,Cambridge,Harrogate,1,1,1,0,D,H,1.8,3.5,4.33,2.08,1.73
E3,2025-08-16,15:00:00,Crewe,Crawley Town,1,0,1,0,H,H,1.8,3.5,4.2,1.75,2.05
E3,2025-08-16,15:00:00,Grimsby,Newport County,2,1,1,0,H,H,1.44,4.33,6.5,1.8,2.0
E3,2025-08-16,15:00:00,Milton Keynes Dons,Cheltenham,5,0,3,0,H,H,1.57,3.9,5.5,1.98,1.88
E3,2025-08-16,15:00:00,Salford,Accrington,2,1,2,0,H,H,1.67,4.0,4.33,1.83,2.03
E3,2025-08-16,15:00:00,Shrewsbury,Colchester,0,2,0,0,A,D,2.63,2.9,2.88,2.6,1.48
E3,2025-08-16,15:00:00,Tranmere,Gillingham,1,1,0,0,D,D,2.1,3.1,3.6,2.4,1.53
E3,2025-08-19,19:30:00,Newport County,Salford,0,1,0,0,A,D,3.5,4.0,1.85,1.83,2.03
E3,2025-08-19,19:45:00,Bristol Rvs,Oldham,0,0,0,0,D,D,2.15,3.5,3.1,2.0,1.85
E3,2025-08-19,19:45:00,Cheltenham,Bromley,1,2,0,1,A,A,3.0,3.2,2.3,2.05,1.75
E3,2025-08-19,19:45:00,Colchester,Cambridge,1,2,1,2,A,A,2.63,3.0,2.75,2.5,1.5
E3,2025-08-19,19:45:00,Crawley Town,Milton Keynes Dons,1,1,1,0,D,H,3.8,3.8,1.83,1.88,1.98
E3,2025-08-19,19:45:00,Fleetwood Town,Crewe,1,4,0,2,A,A,2.6,3.3,2.6,2.0,1.85
E3,2025-08-19,19:45:00,Gillingham,Chesterfield,4,1,1,0,H,H,3.0,3.2,2.35,2.3,1.6
E3,2025-08-19,19:45:00,Harrogate,Barrow,1,0,1,0,H,H,2.88,3.0,2.55,2.6,1.48
E3,2025-08-19,19:45:00,Swindon,Barnet,0,2,0,0,A,D,2.2,3.5,3.0,1.9,1.95
E3,2025-08-19,20:00:00,Walsall,Grimsby,0,1,0,0,A,D,2.45,3.25,2.8,2.25,1.62
E3,2025-08-20,19:45:00,Notts County,Shrewsbury,4,1,2,1,H,H,1.73,3.6,4.75,2.05,1.75
E3,2025-08-23,12:30:00,Newport County,Milton Keynes Dons,1,2,1,1,A,D,4.5,4.0,1.67,1.93,1.93
E3,2025-08-23,12:30:00,Walsall,Salford,1,0,1,0,H,H,2.2,3.25,3.2,2.03,1.83
E3,2025-08-23,15:00:00,Accrington,Grimsby,1,1,0,1,D,A,3.3,3.3,2.15,2.15,1.67
E3,2025-08-23,15:00:00,Bristol Rvs,Cambridge,1,0,1,0,H,H,2.38,3.25,2.9,2.15,1.67
E3,2025-08-23,15:00:00,Cheltenham,Barnet,0,1,0,0,A,D,3.6,3.4,2.0,2.03,1.83
E3,2025-08-23,15:00:00,Colchester,Barrow,0,2,0,1,A,A,2.15,3.2,3.4,2.35,1.57
E3,2025-08-23,15:00:00,Crawley Town,Tranmere,0,2,0,0,A,D,2.75,3.2,2.5,2.05,1.75
E3,2025-08-23,15:00:00,Fleetwood Town,Oldham,1,1,1,1,D,D,2.4,3.25,2.88,2.08,1.73
E3,2025-08-23,15:00:00,Gillingham,Crewe,1,0,0,0,H,D,2.6,3.0,2.8,2.3,1.6
E3,2025-08-23,15:00:00,Harrogate,Chesterfield,1,2,0,1,A,A,4.33,3.7,1.75,2.03,1.83
E3,2025-08-23,15:00:00,Notts County,Bromley,2,2,2,1,D,H,2.15,3.4,3.2,1.83,2.03
E3,2025-08-23,15:00:00,Swindon,Shrewsbury,2,1,1,0,H,H,1.8,3.5,4.5,2.03,1.83
E3,2025-08-29,19:45:00,Salford,Cheltenham,1,1,0,0,D,D,1.66,3.8,4.5,1.8,2.0
E3,2025-08-30,12:30:00,Barrow,Fleetwood Town,0,1,0,1,A,A,2.05,3.2,3.6,2.1,1.7
E3,2025-08-30,12:30:00,Crewe,Swindon,0,3,0,3,A,A,1.96,3.4,3.6,1.83,2.03
E3,2025-08-30,15:00:00,Barnet,Colchester,1,1,0,1,D,A,1.91,3.6,3.6,2.05,1.75
E3,2025-08-30,15:00:00,Bromley,Harrogate,2,0,0,0,H,D,1.71,3.6,4.5,2.05,1.8
E3,2025-08-30,15:00:00,Cambridge,Newport County,2,0,1,0,H,H,1.46,4.0,6.5,1.98,1.88
E3,2025-08-30,15:00:00,Chesterfield,Crawley Town,2,2,0,2,D,A,1.51,4.0,5.75,1.7,2.1
E3,2025-08-30,15:00:00,Grimsby,Bristol Rvs,0,1,0,1,A,A,1.91,3.6,3.6,1.98,1.88
E3,2025-08-30,15:00:00,Milton Keynes Dons,Walsall,0,1,0,0,A,D,1.86,3.4,4.0,2.25,1.62
E3,2025-08-30,15:00:00,Oldham,Gillingham,0,1,0,0,A,D,2.25,3.1,3.25,2.4,1.53
E3,2025-08-30,15:00:00,Shrewsbury,Accrington,0,0,0,0,D,D,2.25,3.2,3.1,2.25,1.62
E3,2025-08-30,15:00:00,Tranmere,Notts County,1,2,1,0,A,H,2.25,3.1,3.2,2.1,1.7
E3,2025-09-06,12:30:00,Newport County,Bristol Rvs,2,3,0,0,A,D,3.5,3.9,1.82,1.75,2.05
E3,2025-09-06,15:00:00,Barnet,Shrewsbury,1,3,1,3,A,A,1.66,3.75,4.5,1.98,1.88
E3,2025-09-06,15:00:00,Barrow,Swindon,1,3,0,2,A,A,2.65,3.4,2.4,2.05,1.75
E3,2025-09-06,15:00:00,Cambridge,Oldham,0,1,0,1,A,A,1.86,3.3,4.0,2.25,1.62
E3,2025-09-06,15:00:00,Cheltenham,Accrington,1,0,1,0,H,H,2.35,3.4,2.7,2.05,1.8
E3,2025-09-06,15:00:00,Colchester,Crewe,1,1,0,1,D,A,2.57,3.2,2.57,2.08,1.73
E3,2025-09-06,15:00:00,Harrogate,Crawley Town,0,1,0,1,A,A,2.57,3.4,2.45,1.95,1.9
E3,2025-09-06,15:00:00,Milton Keynes Dons,Grimsby,2,3,0,3,A,A,1.96,3.4,3.5,1.93,1.93
E3,2025-09-06,15:00:00,Notts County,Fleetwood Town,1,0,0,0,H,D,1.86,3.5,3.75,1.93,1.93
E3,2025-09-06,15:00:00,Salford,Tranmere,3,1,0,0,H,D,2.2,3.3,3.1,2.05,1.75
E3,2025-09-06,15:00:00,Walsall,Chesterfield,1,0,1,0,H,H,2.75,3.2,2.45,2.1,1.7
E3,2025-09-06,17:30:00,Bromley,Gillingham,2,2,2,0,D,H,2.15,3.2,3.3,2.25,1.62
E3,2025-09-13,12:30:00,Accrington,Colchester,1,0,1,0,H,H,2.75,3.25,2.5,2.3,1.6
E3,2025-09-13,12:30:00,Crawley Town,Cheltenham,2,0,0,0,H,D,1.81,3.6,4.2,1.83,2.03
E3,2025-09-13,15:00:00,Bristol Rvs,Barrow,2,1,2,0,H,H,1.81,3.6,4.2,2.08,1.73
E3,2025-09-13,15:00:00,Chesterfield,Milton Keynes Dons,1,1,0,1,D,A,2.15,3.4,3.25,2.0,1.85
E3,2025-09-13,15:00:00,Crewe,Barnet,1,2,0,0,A,D,2.45,3.5,2.65,1.88,1.98
E3,2025-09-13,15:00:00,Fleetwood Town,Walsall,1,1,1,1,D,D,2.7,3.1,2.65,2.25,1.62
E3,2025-09-13,15:00:00,Gillingham,Notts County,1,0,0,0,H,D,2.25,3.2,3.1,2.2,1.65
E3,2025-09-13,15:00:00,Grimsby,Cambridge,1,1,0,1,D,A,2.15,3.3,3.3,2.05,1.75
E3,2025-09-13,15:00:00,Oldham,Bromley,1,0,0,0,H,D,2.45,3.2,2.82,2.05,1.75
E3,2025-09-13,15:00:00,Shrewsbury,Salford,1,3,0,1,A,A,2.65,3.25,2.57,1.98,1.88
E3,2025-09-13,15:00:00,Swindon,Harrogate,3,1,1,1,H,D,1.57,4.0,5.25,1.85,2.0
E3,2025-09-13,15:00:00,Tranmere,Newport County,1,1,1,0,D,H,1.66,3.75,5.0,1.93,1.93
E3,2025-09-20,12:30:00,Cambridge,Fleetwood Town,2,1,0,0,H,D,1.86,3.5,4.2,2.35,1.57
E3,2025-09-20,12:30:00,Harrogate,Shrewsbury,2,0,0,0,H,D,2.5,3.5,2.5,2.1,1.7
E3,2025-09-20,15:00:00,Barnet,Grimsby,3,0,1,0,H,H,2.2,3.5,2.85,1.85,2.0
E3,2025-09-20,15:00:00,Barrow,Crewe,1,0,0,0,H,D,2.65,3.3,2.45,2.1,1.7
E3,2025-09-20,15:00:00,Bromley,Chesterfield,2,2,1,1,D,D,2.75,3.4,2.3,1.98,1.88
E3,2025-09-20,15:00:00,Cheltenham,Oldham,0,3,0,1,A,A,2.85,3.3,2.25,2.1,1.7
E3,2025-09-20,15:00:00,Colchester,Bristol Rvs,1,1,0,1,D,A,2.3,3.3,2.85,2.15,1.67
E3,2025-09-20,15:00:00,Milton Keynes Dons,Accrington,1,2,0,1,A,A,1.49,4.33,5.25,1.75,2.05
E3,2025-09-20,15:00:00,Newport County,Gillingham,1,3,1,3,A,A,3.7,3.25,1.96,2.15,1.67
E3,2025-09-20,15:00:00,Notts County,Crawley Town,4,0,1,0,H,H,1.86,3.8,3.5,1.7,2.1
E3,2025-09-20,15:00:00,Salford,Swindon,3,2,2,0,H,H,2.2,3.6,2.82,1.73,2.08
E3,2025-09-20,15:00:00,Walsall,Tranmere,4,2,2,1,H,H,1.91,3.25,3.9,2.35,1.57
E3,2025-09-27,12:30:00,Crewe,Notts County,2,1,1,1,H,D,2.2,3.4,3.0,1.88,1.98
E3,2025-09-27,12:30:00,Oldham,Barnet,1,1,0,1,D,A,2.57,3.2,2.57,2.08,1.73
E3,2025-09-27,15:00:00,Accrington,Walsall,1,3,0,0,A,D,3.2,3.1,2.25,2.25,1.62
E3,2025-09-27,15:00:00,Bristol Rvs,Salford,2,1,1,1,H,D,2.2,3.5,2.82,1.83,2.03
E3,2025-09-27,15:00:00,Chesterfield,Newport County,4,1,2,0,H,H,1.33,5.0,7.0,1.62,2.25
E3,2025-09-27,15:00:00,Crawley Town,Barrow,1,2,0,2,A,A,2.1,3.3,3.2,1.93,1.93
E3,2025-09-27,15:00:00,Fleetwood Town,Colchester,4,2,1,2,H,A,2.2,3.25,3.1,2.08,1.73
E3,2025-09-27,15:00:00,Gillingham,Harrogate,0,1,0,1,A,A,1.68,3.5,4.75,2.05,1.75
E3,2025-09-27,15:00:00,Grimsby,Cheltenham,7,1,2,1,H,H,1.42,4.33,6.25,1.73,2.08
E3,2025-09-27,15:00:00,Shrewsbury,Milton Keynes Dons,1,2,0,2,A,A,3.1,3.4,2.15,2.05,1.8
E3,2025-09-27,15:00:00,Swindon,Bromley,2,0,2,0,H,H,1.91,3.5,3.6,1.88,1.98
E3,2025-09-27,15:00:00,Tranmere,Cambridge,0,0,0,0,D,D,2.65,3.1,2.57,2.3,1.6
E3,2025-10-04,12:30:00,Milton Keynes Dons,Gillingham,3,2,1,0,H,H,1.91,3.4,3.8,2.15,1.67
E3,2025-10-04,12:30:00,Newport County,Swindon,0,1,0,1,A,A,4.5,3.7,1.68,1.67,2.15
E3,2025-10-04,15:00:00,Barnet,Accrington,2,0,1,0,H,H,1.57,3.9,5.0,1.88,1.98
E3,2025-10-04,15:00:00,Barrow,Shrewsbury,0,0,0,0,D,D,2.05,3.4,3.3,2.05,1.75
E3,2025-10-04,15:00:00,Bromley,Tranmere,3,3,2,1,D,H,1.81,3.5,4.0,1.98,1.88
E3,2025-10-04,15:00:00,Cambridge,Crawley Town,3,1,1,0,H,H,1.71,3.6,4.5,1.93,1.93
E3,2025-10-04,15:00:00,Cheltenham,Fleetwood Town,2,0,0,0,H,D,3.2,3.3,2.15,2.05,1.75
E3,2025-10-04,15:00:00,Colchester,Chesterfield,6,2,4,1,H,H,3.0,3.3,2.25,2.0,1.85
E3,2025-10-04,15:00:00,Notts County,Oldham,3,1,2,0,H,H,2.1,3.3,3.25,2.03,1.83
E3,2025-10-04,15:00:00,Salford,Grimsby,0,2,0,2,A,A,2.15,3.4,3.1,1.7,2.1
E3,2025-10-04,15:00:00,Walsall,Bristol Rvs,2,1,0,1,H,A,2.01,3.3,3.5,2.1,1.7
E3,2025-10-06,20:00:00,Harrogate,Crewe,1,2,1,1,A,D,3.0,3.7,2.05,1.98,1.88
E3,2025-10-11,15:00:00,Accrington,Newport County,0,1,0,1,A,A,1.76,3.6,4.2,1.95,1.9
E3,2025-10-11,15:00:00,Bristol Rvs,Milton Keynes Dons,0,4,0,1,A,A,2.32,3.2,2.85,2.05,1.8
E3,2025-10-11,15:00:00,Chesterfield,Salford,2,0,0,0,H,D,2.15,3.5,3.0,1.7,2.1
E3,2025-10-11,15:00:00,Crawley Town,Walsall,1,1,1,0,D,H,2.7,3.4,2.4,1.98,1.88
E3,2025-10-11,15:00:00,Crewe,Bromley,0,1,0,0,A,D,2.2,3.4,3.0,1.9,1.95
E3,2025-10-11,15:00:00,Fleetwood Town,Harrogate,3,2,1,1,H,D,1.76,3.6,4.33,1.98,1.88
E3,2025-10-11,15:00:00,Gillingham,Cheltenham,1,1,0,0,D,D,1.51,3.75,6.0,2.05,1.75
E3,2025-10-11,15:00:00,Grimsby,Colchester,1,2,1,1,A,D,1.71,3.7,4.33,1.83,2.03
E3,2025-10-11,15:00:00,Shrewsbury,Cambridge,2,0,2,0,H,H,3.25,3.0,2.25,2.4,1.53
E3,2025-10-11,15:00:00,Tranmere,Barnet,0,2,0,2,A,A,3.25,3.2,2.15,2.03,1.83
E3,2025-10-11,17:30:00,Oldham,Barrow,0,0,0,0,D,D,1.81,3.3,4.33,2.15,1.67
E3,2025-10-18,12:30:00,Cambridge,Bromley,2,1,2,0,H,H,2.1,3.3,3.25,2.1,1.7
E3,2025-10-18,12:30:00,Salford,Oldham,1,0,1,0,H,H,2.01,3.5,3.4,1.85,2.0
E3,2025-10-18,15:00:00,Accrington,Swindon,4,0,1,0,H,H,3.7,3.5,1.86,1.93,1.93
E3,2025-10-18,15:00:00,Barnet,Notts County,0,1,0,0,A,D,1.96,3.5,3.5,1.85,2.0
E3,2025-10-18,15:00:00,Bristol Rvs,Tranmere,1,4,0,1,A,A,1.79,3.6,4.0,2.0,1.85
E3,2025-10-18,15:00:00,Chesterfield,Fleetwood Town,1,1,1,1,D,D,1.76,3.7,4.2,1.73,2.08
E3,2025-10-18,15:00:00,Colchester,Harrogate,3,1,3,1,H,H,1.62,3.6,5.0,1.83,2.03
E3,2025-10-18,15:00:00,Grimsby,Gillingham,1,0,0,0,H,D,1.96,3.5,3.5,2.05,1.8
E3,2025-10-18,15:00:00,Milton Keynes Dons,Crewe,3,1,2,0,H,H,1.76,3.4,4.5,2.0,1.85
E3,2025-10-18,15:00:00,Newport County,Cheltenham,0,2,0,1,A,A,2.15,3.4,3.05,2.08,1.73
E3,2025-10-18,15:00:00,Shrewsbury,Crawley Town,1,0,0,0,H,D,2.15,3.2,3.2,1.93,1.93
E3,2025-10-18,15:00:00,Walsall,Barrow,1,2,0,1,A,A,1.79,3.4,4.5,2.2,1.65
E3,2025-10-21,19:45:00,Swindon,Notts County,2,2,1,1,D,D,2.05,3.6,3.2,1.85,2.0
E3,2025-10-25,12:30:00,Cheltenham,Walsall,1,0,0,0,H,D,4.0,3.6,1.79,2.05,1.75
E3,2025-10-25,12:30:00,Fleetwood Town,Accrington,2,1,0,1,H,A,1.96,3.5,3.5,2.03,1.83
E3,2025-10-25,15:00:00,Barrow,Barnet,2,2,1,0,D,H,3.75,3.5,1.91,2.03,1.83
E3,2025-10-25,15:00:00,Bromley,Milton Keynes Dons,2,1,0,1,H,A,2.55,3.25,2.57,1.98,1.88
E3,2025-10-25,15:00:00,Crawley Town,Bristol Rvs,4,0,1,0,H,H,2.32,3.25,2.82,1.85,2.0
E3,2025-10-25,15:00:00,Crewe,Grimsby,3,2,2,2,H,D,2.57,3.25,2.55,1.9,1.95
E3,2025-10-25,15:00:00,Gillingham,Salford,1,2,1,2,A,A,2.5,3.05,2.7,2.05,1.8
E3,2025-10-25,15:00:00,Harrogate,Newport County,0,3,0,1,A,A,1.96,3.4,3.6,2.0,1.85
E3,2025-10-25,15:00:00,Notts County,Cambridge,2,0,0,0,H,D,2.32,3.25,2.85,2.25,1.62
E3,2025-10-25,15:00:00,Oldham,Shrewsbury,2,2,0,0,D,D,1.86,3.4,4.0,2.1,1.7
E3,2025-10-25,15:00:00,Swindon,Colchester,0,0,0,0,D,D,2.1,3.5,3.2,1.67,2.15
E3,2025-10-25,15:00:00,Tranmere,Chesterfield,1,1,0,1,D,A,2.95,3.25,2.25,1.88,1.98
E3,2025-10-28,19:45:00,Accrington,Tranmere,1,1,1,0,D,H,2.4,3.4,2.75,2.03,1.83
E3,2025-11-08,12:30:00,Colchester,Bromley,0,2,0,0,A,D,2.01,3.4,3.3,1.85,2.0
E3,2025-11-08,12:30:00,Crewe,Shrewsbury,3,1,1,1,H,D,1.86,3.25,4.2,2.15,1.67
E3,2025-11-08,15:00:00,Barnet,Milton Keynes Dons,2,2,2,1,D,H,2.05,3.6,3.05,1.9,1.95
E3,2025-11-08,15:00:00,Barrow,Grimsby,2,2,1,2,D,A,3.6,3.4,2.01,1.98,1.88
E3,2025-11-08,15:00:00,Bristol Rvs,Gillingham,0,1,0,0,A,D,2.55,3.05,2.65,2.08,1.73
E3,2025-11-08,15:00:00,Chesterfield,Accrington,3,3,1,2,D,A,1.62,3.7,5.0,1.95,1.9
E3,2025-11-08,15:00:00,Crawley Town,Fleetwood Town,2,1,1,0,H,H,2.1,3.5,2.95,1.7,2.1
E3,2025-11-08,15:00:00,Harrogate,Oldham,0,1,0,1,A,A,3.5,3.25,2.05,2.05,1.75
E3,2025-11-08,15:00:00,Newport County,Walsall,2,4,2,3,A,A,4.1,3.5,1.81,2.05,1.75
E3,2025-11-08,15:00:00,Salford,Cambridge,0,0,0,0,D,D,2.15,3.3,3.25,2.08,1.73
E3,2025-11-08,15:00:00,Swindon,Tranmere,2,1,0,0,H,D,1.66,3.75,4.5,1.67,2.15
E3,2025-11-10,20:00:00,Cheltenham,Notts County,1,2,0,2,A,A,3.9,3.4,1.86,1.88,1.98
E3,2025-11-15,15:00:00,Accrington,Bristol Rvs,3,1,1,0,H,H,2.32,3.3,2.82,1.95,1.9
E3,2025-11-15,15:00:00,Bromley,Barrow,2,1,1,0,H,H,1.66,3.6,4.75,1.93,1.93
E3,2025-11-15,15:00:00,Cambridge,Barnet,0,0,0,0,D,D,2.57,3.2,2.57,2.1,1.7
E3,2025-11-15,15:00:00,Fleetwood Town,Swindon,1,1,1,1,D,D,2.35,3.4,2.7,1.83,2.03
E3,2025-11-15,15:00:00,Grimsby,Chesterfield,0,1,0,0,A,D,2.05,3.5,3.2,1.75,2.05
E3,2025-11-15,15:00:00,Milton Keynes Dons,Salford,2,0,1,0,H,H,2.1,3.6,2.95,1.83,2.03
E3,2025-11-15,15:00:00,Notts County,Harrogate,1,1,0,1,D,A,1.42,4.1,7.0,1.73,2.08
E3,2025-11-15,15:00:00,Oldham,Crewe,0,0,0,0,D,D,2.2,3.25,3.05,2.05,1.75
E3,2025-11-15,15:00:00,Shrewsbury,Newport County,1,0,0,0,H,D,1.86,3.25,4.33,2.05,1.75
E3,2025-11-15,15:00:00,Tranmere,Cheltenham,3,2,2,1,H,H,1.66,3.6,4.75,1.93,1.93
E3,2025-11-15,15:00:00,Walsall,Colchester,0,2,0,2,A,A,2.15,3.4,3.05,2.15,1.67
E3,2025-11-15,17:30:00,Gillingham,Crawley Town,2,2,1,0,D,H,1.81,3.7,3.8,1.85,2.0
E3,2025-11-22,12:30:00,Gillingham,Barnet,1,1,1,1,D,D,2.95,3.3,2.2,2.05,1.8
E3,2025-11-22,12:30:00,Harrogate,Walsall,0,2,0,1,A,A,5.0,3.5,1.68,2.05,1.75
E3,2025-11-22,15:00:00,Barrow,Cambridge,0,2,0,0,A,D,3.2,3.2,2.2,2.4,1.53
E3,2025-11-22,15:00:00,Bromley,Salford,2,0,2,0,H,H,2.15,3.3,3.25,1.83,2.03
E3,2025-11-22,15:00:00,Cheltenham,Bristol Rvs,1,0,0,0,H,D,2.85,3.5,2.25,1.98,1.88
E3,2025-11-22,15:00:00,Crawley Town,Accrington,1,1,0,1,D,A,1.96,3.5,3.5,1.83,2.03
E3,2025-11-22,15:00:00,Crewe,Chesterfield,3,3,1,2,D,A,2.2,3.4,2.95,1.9,1.95
E3,2025-11-22,15:00:00,Fleetwood Town,Shrewsbury,3,1,1,0,H,H,2.1,3.25,3.4,2.08,1.73
E3,2025-11-22,15:00:00,Notts County,Colchester,1,3,1,1,A,D,2.15,3.3,3.2,1.93,1.93
E3,2025-11-22,15:00:00,Oldham,Newport County,3,0,0,0,H,D,1.57,4.0,5.0,1.88,1.98
E3,2025-11-22,15:00:00,Swindon,Grimsby,2,2,2,2,D,D,2.25,3.3,2.95,1.83,2.03
E3,2025-11-22,15:00:00,Tranmere,Milton Keynes Dons,2,2,2,0,D,H,2.7,3.6,2.25,1.98,1.88
E3,2025-11-27,20:00:00,Grimsby,Tranmere,1,2,0,1,A,A,1.68,3.8,4.33,1.9,1.95
E3,2025-11-29,12:30:00,Accrington,Oldham,1,0,1,0,H,H,2.57,3.2,2.55,2.1,1.7
E3,2025-11-29,12:30:00,Milton Keynes Dons,Fleetwood Town,2,1,1,0,H,H,1.66,3.6,5.0,1.85,1.95
E3,2025-11-29,15:00:00,Barnet,Harrogate,1,1,1,0,D,H,1.27,5.25,9.0,1.65,2.2
E3,2025-11-29,15:00:00,Bristol Rvs,Notts County,0,1,0,0,A,D,2.95,3.2,2.35,1.95,1.85
E3,2025-11-29,15:00:00,Cambridge,Crewe,2,1,0,0,H,D,2.25,2.95,3.25,2.2,1.65
E3,2025-11-29,15:00:00,Chesterfield,Swindon,1,2,1,1,A,D,2.25,3.5,2.85,1.73,2.08
E3,2025-11-29,15:00:00,Colchester,Cheltenham,2,0,1,0,H,H,1.46,3.9,6.5,1.9,1.9
E3,2025-11-29,15:00:00,Newport County,Barrow,2,2,1,1,D,D,2.65,3.2,2.55,2.05,1.75
E3,2025-11-29,15:00:00,Salford,Crawley Town,4,3,1,1,H,D,1.68,3.75,4.33,1.57,2.35
E3,2025-11-29,15:00:00,Shrewsbury,Gillingham,3,3,3,1,D,H,2.35,3.05,2.95,2.2,1.65
E3,2025-11-29,15:00:00,Walsall,Bromley,3,1,0,1,H,A,2.15,3.25,3.25,2.1,1.7
E3,2025-12-06,12:30:00,Colchester,Gillingham,0,0,0,0,D,D,1.91,3.4,3.7,2.05,1.8
E3,2025-12-09,19:45:00,Barnet,Bristol Rvs,4,0,2,0,H,H,1.53,3.75,5.75,1.93,1.93
E3,2025-12-09,19:45:00,Barrow,Tranmere,0,3,0,0,A,D,2.65,3.05,2.55,2.05,1.75
E3,2025-12-09,19:45:00,Bromley,Crawley Town,3,1,1,1,H,D,1.86,3.7,3.6,1.7,2.1
E3,2025-12-09,19:45:00,Cambridge,Chesterfield,1,1,1,0,D,H,1.96,3.2,3.75,2.25,1.62
E3,2025-12-09,19:45:00,Fleetwood Town,Salford,1,1,0,1,D,A,2.7,3.5,2.3,1.7,2.1
E3,2025-12-09,19:45:00,Harrogate,Accrington,0,2,0,1,A,A,3.25,3.2,2.15,2.05,1.8
E3,2025-12-09,19:45:00,Notts County,Milton Keynes Dons,3,2,2,2,H,D,2.75,3.2,2.4,2.05,1.75
E3,2025-12-09,19:45:00,Shrewsbury,Grimsby,1,1,1,1,D,D,3.25,3.3,2.1,1.9,1.95
E3,2025-12-09,19:45:00,Swindon,Cheltenham,0,1,0,0,A,D,1.39,4.33,7.0,1.62,2.25
E3,2025-12-10,19:45:00,Crewe,Newport County,2,2,1,0,D,H,1.57,3.75,5.25,1.8,2.0
E3,2025-12-10,19:45:00,Oldham,Walsall,0,1,0,1,A,A,2.5,3.2,2.65,2.2,1.65
E3,2025-12-13,12:30:00,Bristol Rvs,Swindon,0,3,0,3,A,A,2.75,3.6,2.2,1.85,1.95
E3,2025-12-13,12:30:00,Salford,Colchester,4,3,1,1,H,D,2.15,3.5,2.95,1.85,1.95
E3,2025-12-13,15:00:00,Accrington,Bromley,0,1,0,0,A,D,2.75,3.2,2.45,2.03,1.83
E3,2025-12-13,15:00:00,Cheltenham,Harrogate,1,1,0,0,D,D,1.96,3.4,3.6,2.05,1.75
E3,2025-12-13,15:00:00,Chesterfield,Barnet,3,1,2,1,H,H,2.82,3.4,2.3,1.85,1.95
E3,2025-12-13,15:00:00,Crawley Town,Oldham,2,2,1,0,D,H,2.45,3.4,2.55,1.75,2.05
E3,2025-12-13,15:00:00,Gillingham,Barrow,2,2,2,0,D,H,1.81,3.4,4.2,2.1,1.7
E3,2025-12-13,15:00:00,Grimsby,Notts County,0,2,0,0,A,D,1.91,3.7,3.6,1.75,2.05
E3,2025-12-13,15:00:00,Milton Keynes Dons,Cambridge,1,1,1,0,D,H,2.05,3.3,3.4,2.25,1.62
E3,2025-12-13,15:00:00,Newport County,Fleetwood Town,0,2,0,2,A,A,2.75,3.4,2.35,1.88,1.98
E3,2025-12-13,15:00:00,Tranmere,Crewe,1,4,0,2,A,A,2.5,3.3,2.57,1.93,1.93
E3,2025-12-13,15:00:00,Walsall,Shrewsbury,1,1,1,0,D,H,1.62,3.7,4.75,2.05,1.75
E3,2025-12-19,19:45:00,Barrow,Cheltenham,1,2,0,1,A,A,1.91,3.5,3.7,2.05,1.75
E3,2025-12-19,19:45:00,Cambridge,Accrington,2,0,1,0,H,H,1.76,3.4,4.75,2.35,1.57
E3,2025-12-19,19:45:00,Crewe,Bristol Rvs,1,1,1,1,D,D,1.91,3.4,3.8,1.85,2.0
E3,2025-12-20,12:30:00,Bromley,Grimsby,2,0,1,0,H,H,2.2,3.4,2.95,1.85,1.95
E3,2025-12-20,12:30:00,Notts County,Walsall,0,0,0,0,D,D,2.4,3.25,2.75,2.05,1.75
E3,2025-12-20,15:00:00,Barnet,Salford,1,3,0,2,A,A,1.76,3.8,3.9,1.75,2.05
E3,2025-12-20,15:00:00,Colchester,Newport County,4,1,2,0,H,H,1.46,4.33,5.75,1.73,2.08
E3,2025-12-20,15:00:00,Fleetwood Town,Gillingham,2,1,0,1,H,A,2.25,3.3,2.95,1.98,1.88
E3,2025-12-20,15:00:00,Harrogate,Milton Keynes Dons,0,4,0,3,A,A,5.0,3.9,1.61,1.85,1.95
E3,2025-12-20,15:00:00,Oldham,Tranmere,3,1,1,1,H,D,1.91,3.5,3.7,2.0,1.8
E3,2025-12-20,15:00:00,Shrewsbury,Chesterfield,0,1,0,0,A,D,2.82,3.4,2.25,1.9,1.9
E3,2025-12-20,15:00:00,Swindon,Crawley Town,1,0,0,0,H,D,1.68,3.9,4.2,1.57,2.35
E3,2025-12-26,15:00:00,Accrington,Barrow,2,1,1,1,H,D,2.1,3.25,3.4,2.15,1.67
E3,2025-12-26,15:00:00,Bristol Rvs,Bromley,2,3,2,0,A,H,2.82,3.25,2.4,2.05,1.8
E3,2025-12-26,15:00:00,Cheltenham,Shrewsbury,3,1,2,0,H,H,2.65,3.4,2.4,2.08,1.73
E3,2025-12-26,15:00:00,Chesterfield,Notts County,2,0,0,0,H,D,2.25,3.4,2.82,1.75,2.05
E3,2025-12-26,15:00:00,Crawley Town,Colchester,1,1,1,1,D,D,2.85,3.5,2.2,1.83,2.03
E3,2025-12-26,15:00:00,Gillingham,Cambridge,1,1,0,1,D,A,2.85,2.95,2.45,2.4,1.53
E3,2025-12-26,15:00:00,Grimsby,Oldham,0,0,0,0,D,D,2.01,3.6,3.25,1.9,1.95
E3,2025-12-26,15:00:00,Milton Keynes Dons,Swindon,1,0,1,0,H,H,1.91,3.6,3.6,1.8,2.0
E3,2025-12-26,15:00:00,Newport County,Barnet,0,0,0,0,D,D,5.25,4.0,1.53,1.75,2.05
E3,2025-12-26,15:00:00,Salford,Harrogate,1,0,0,0,H,D,1.35,4.5,7.5,1.62,2.25
E3,2025-12-26,15:00:00,Tranmere,Fleetwood Town,1,0,1,0,H,H,2.25,3.4,2.95,1.85,1.95
E3,2025-12-26,15:00:00,Walsall,Crewe,1,0,1,0,H,H,1.96,3.3,3.7,2.1,1.7
D1,2025-08-22,19:30:00,Bayern Munich,RB Leipzig,6,0,3,0,H,H,1.22,7.0,9.0,1.25,4.0
D1,2025-08-23,14:30:00,Ein Frankfurt,Werder Bremen,4,1,2,0,H,H,1.7,4.1,4.5,1.57,2.38
D1,2025-08-23,14:30:00,Freiburg,Augsburg,1,3,0,3,A,A,1.85,3.6,4.33,1.93,1.93
D1,2025-08-23,14:30:00,Heidenheim,Wolfsburg,1,3,1,1,A,D,3.2,3.5,2.2,1.67,2.2
D1,2025-08-23,14:30:00,Leverkusen,Hoffenheim,1,2,1,1,A,D,1.53,4.75,5.25,1.5,2.63
D1,2025-08-23,14:30:00,Union Berlin,Stuttgart,2,1,2,0,H,H,3.4,3.7,2.05,1.67,2.2
D1,2025-08-23,17:30:00,St Pauli,Dortmund,3,3,0,1,D,A,4.5,3.9,1.75,1.83,2.03
D1,2025-08-24,14:30:00,Mainz,FC Koln,0,1,0,0,A,D,1.9,3.7,4.0,1.83,2.03
D1,2025-08-24,16:30:00,M'gladbach,Hamburg,0,0,0,0,D,D,1.85,3.9,3.9,1.53,2.5
D1,2025-08-29,19:30:00,Hamburg,St Pauli,0,2,0,1,A,A,2.4,3.3,3.0,2.0,1.8
D1,2025-08-30,14:30:00,Hoffenheim,Ein Frankfurt,1,3,0,2,A,A,2.88,3.75,2.25,1.5,2.63
D1,2025-08-30,14:30:00,RB Leipzig,Heidenheim,2,0,0,0,H,D,1.44,5.0,6.25,1.5,2.63
D1,2025-08-30,14:30:00,Stuttgart,M'gladbach,1,0,0,0,H,D,1.6,4.5,4.75,1.4,3.0
D1,2025-08-30,14:30:00,Werder Bremen,Leverkusen,3,3,1,2,D,A,3.7,3.8,1.91,1.57,2.38
D1,2025-08-30,17:30:00,Augsburg,Bayern Munich,2,3,0,2,A,A,9.0,6.5,1.27,1.33,3.4
D1,2025-08-31,14:30:00,Wolfsburg,Mainz,1,1,1,0,D,H,2.0,3.6,3.5,1.73,2.1
D1,2025-08-31,16:30:00,Dortmund,Union Berlin,3,0,1,0,H,H,1.4,5.25,6.5,1.5,2.63
D1,2025-08-31,18:30:00,FC Koln,Freiburg,4,1,1,0,H,H,2.55,3.3,2.8,2.03,1.83
D1,2025-09-12,19:30:00,Leverkusen,Ein Frankfurt,3,1,2,0,H,H,2.1,3.8,3.2,1.44,2.75
D1,2025-09-13,14:30:00,Freiburg,Stuttgart,3,1,0,1,H,A,2.9,3.6,2.35,1.57,2.38
D1,2025-09-13,14:30:00,Heidenheim,Dortmund,0,2,0,2,A,A,5.5,4.5,1.55,1.5,2.63
D1,2025-09-13,14:30:00,Mainz,RB Leipzig,0,1,0,1,A,A,2.55,3.6,2.63,1.67,2.2
D1,2025-09-13,14:30:00,Union Berlin,Hoffenheim,2,4,0,2,A,A,2.6,3.4,2.7,1.88,1.98
D1,2025-09-13,14:30:00,Wolfsburg,FC Koln,3,3,1,1,D,D,1.95,3.5,3.9,1.8,2.0
D1,2025-09-13,17:30:00,Bayern Munich,Hamburg,5,0,4,0,H,H,1.06,12.0,26.0,1.22,4.33
D1,2025-09-14,14:30:00,St Pauli,Augsburg,2,1,1,1,H,D,2.2,3.4,3.3,2.1,1.73
D1,2025-09-14,16:30:00,M'gladbach,Werder Bremen,0,4,0,2,A,A,1.95,3.9,3.4,1.5,2.63
D1,2025-09-19,19:30:00,Stuttgart,St Pauli,2,0,1,0,H,H,1.75,4.1,4.2,1.73,2.1
D1,2025-09-20,14:30:00,Augsburg,Mainz,1,4,0,2,A,A,2.7,3.4,2.6,1.93,1.93
D1,2025-09-20,14:30:00,Hamburg,Heidenheim,2,1,1,0,H,H,2.05,3.6,3.5,1.8,2.0
D1,2025-09-20,14:30:00,Hoffenheim,Bayern Munich,1,4,0,1,A,A,7.0,6.0,1.33,1.29,3.75
D1,2025-09-20,14:30:00,Werder Bremen,Freiburg,0,3,0,1,A,A,2.38,3.6,2.8,1.62,2.3
D1,2025-09-20,17:30:00,RB Leipzig,FC Koln,3,1,3,1,H,H,1.65,4.33,4.5,1.53,2.5
D1,2025-09-21,14:30:00,Ein Frankfurt,Union Berlin,3,4,1,2,A,A,1.57,4.33,5.5,1.57,2.38
D1,2025-09-21,16:30:00,Leverkusen,M'gladbach,1,1,0,0,D,D,1.57,5.0,4.5,1.44,2.75
D1,2025-09-21,18:30:00,Dortmund,Wolfsburg,1,0,1,0,H,H,1.5,5.0,5.5,1.44,2.75
D1,2025-09-26,19:30:00,Bayern Munich,Werder Bremen,4,0,2,0,H,H,1.09,11.0,21.0,1.2,4.5
D1,2025-09-27,14:30:00,Heidenheim,Augsburg,2,1,0,0,H,D,2.7,3.5,2.5,1.73,2.1
D1,2025-09-27,14:30:00,Mainz,Dortmund,0,2,0,2,A,A,3.2,3.7,2.1,1.62,2.3
D1,2025-09-27,14:30:00,St Pauli,Leverkusen,1,2,1,1,A,D,3.1,3.6,2.2,1.88,1.98
D1,2025-09-27,14:30:00,Wolfsburg,RB Leipzig,0,1,0,1,A,A,2.55,3.6,2.6,1.53,2.5
D1,2025-09-27,17:30:00,M'gladbach,Ein Frankfurt,4,6,0,5,A,A,3.1,3.6,2.2,1.53,2.5
D1,2025-09-28,14:30:00,Freiburg,Hoffenheim,1,1,1,1,D,D,2.25,3.4,3.1,1.62,2.3
D1,2025-09-28,16:30:00,FC Koln,Stuttgart,1,2,1,1,A,D,2.9,3.5,2.35,1.53,2.5
D1,2025-09-28,18:30:00,Union Berlin,Hamburg,0,0,0,0,D,D,1.95,3.4,4.0,1.8,2.0
D1,2025-10-03,19:30:00,Hoffenheim,FC Koln,0,1,0,1,A,A,1.91,3.7,3.75,1.57,2.38
D1,2025-10-04,14:30:00,Augsburg,Wolfsburg,3,1,1,0,H,H,2.75,3.5,2.45,1.73,2.1
D1,2025-10-04,14:30:00,Dortmund,RB Leipzig,1,1,1,1,D,D,1.7,4.5,4.2,1.36,3.2
D1,2025-10-04,14:30:00,Leverkusen,Union Berlin,2,0,1,0,H,H,1.7,4.0,4.75,1.8,2.0
D1,2025-10-04,14:30:00,Werder Bremen,St Pauli,1,0,1,0,H,H,2.35,3.7,2.88,1.73,2.1
D1,2025-10-04,17:30:00,Ein Frankfurt,Bayern Munich,0,3,0,2,A,A,6.25,5.25,1.42,1.29,3.75
D1,2025-10-05,14:30:00,Stuttgart,Heidenheim,1,0,0,0,H,D,1.42,4.75,7.0,1.5,2.63
D1,2025-10-05,16:30:00,Hamburg,Mainz,4,0,2,0,H,H,2.8,3.5,2.4,1.73,2.1
D1,2025-10-05,18:30:00,M'gladbach,Freiburg,0,0,0,0,D,D,2.25,3.6,3.0,1.73,2.1
D1,2025-10-17,19:30:00,Union Berlin,M'gladbach,3,1,2,1,H,H,2.2,3.4,3.2,1.88,1.98
D1,2025-10-18,14:30:00,FC Koln,Augsburg,1,1,0,0,D,D,1.95,3.9,3.5,1.57,2.38
D1,2025-10-18,14:30:00,Heidenheim,Werder Bremen,2,2,0,0,D,D,2.88,3.5,2.35,1.67,2.2
D1,2025-10-18,14:30:00,Mainz,Leverkusen,3,4,1,3,A,A,2.8,3.4,2.45,1.8,2.0
D1,2025-10-18,14:30:00,RB Leipzig,Hamburg,2,1,1,0,H,H,1.44,4.75,6.5,1.36,3.2
D1,2025-10-18,14:30:00,Wolfsburg,Stuttgart,0,3,0,1,A,A,2.63,3.6,2.5,1.62,2.3
D1,2025-10-18,17:30:00,Bayern Munich,Dortmund,2,1,1,0,H,H,1.33,5.5,7.5,1.33,3.4
D1,2025-10-19,14:30:00,Freiburg,Ein Frankfurt,2,2,1,2,D,A,2.5,3.5,2.7,1.62,2.3
D1,2025-10-19,16:30:00,St Pauli,Hoffenheim,0,3,0,0,A,D,2.5,3.4,2.8,1.8,2.0
D1,2025-10-24,19:30:00,Werder Bremen,Union Berlin,1,0,0,0,H,D,2.25,3.6,2.9,1.67,2.2
D1,2025-10-25,14:30:00,Augsburg,RB Leipzig,0,6,0,4,A,A,3.2,3.9,2.05,1.44,2.75
D1,2025-10-25,14:30:00,Ein Frankfurt,St Pauli,2,0,1,0,H,H,1.67,4.2,4.5,1.57,2.38
D1,2025-10-25,14:30:00,Hamburg,Wolfsburg,0,1,0,1,A,A,2.35,3.5,2.9,1.67,2.2
D1,2025-10-25,14:30:00,Hoffenheim,Heidenheim,3,1,2,0,H,H,1.57,4.5,5.25,1.5,2.63
D1,2025-10-25,14:30:00,M'gladbach,Bayern Munich,0,3,0,0,A,D,10.0,6.5,1.22,1.29,3.75
D1,2025-10-25,17:30:00,Dortmund,FC Koln,1,0,0,0,H,D,1.44,5.25,6.5,1.4,3.0
D1,2025-10-26,14:30:00,Leverkusen,Freiburg,2,0,1,0,H,H,1.83,3.9,4.0,1.73,2.1
D1,2025-10-26,16:30:00,Stuttgart,Mainz,2,1,1,1,H,D,1.75,4.0,4.33,1.57,2.38
D1,2025-10-31,19:30:00,Augsburg,Dortmund,0,1,0,1,A,A,5.0,4.5,1.57,1.5,2.63
D1,2025-11-01,14:30:00,Heidenheim,Ein Frankfurt,1,1,1,0,D,H,3.6,4.0,1.9,1.5,2.63
D1,2025-11-01,14:30:00,Mainz,Werder Bremen,1,1,1,0,D,H,1.95,3.9,3.5,1.57,2.38
D1,2025-11-01,14:30:00,RB Leipzig,Stuttgart,3,1,1,0,H,H,1.95,3.9,3.5,1.44,2.75
D1,2025-11-01,14:30:00,St Pauli,M'gladbach,0,4,0,2,A,A,2.15,3.5,3.3,1.88,1.98
D1,2025-11-01,14:30:00,Union Berlin,Freiburg,0,0,0,0,D,D,2.5,3.3,2.75,2.1,1.73
D1,2025-11-01,17:30:00,Bayern Munich,Leverkusen,3,0,3,0,H,H,1.22,7.0,9.5,1.25,4.0
D1,2025-11-02,14:30:00,FC Koln,Hamburg,4,1,1,0,H,H,2.1,3.7,3.2,1.62,2.3
D1,2025-11-02,16:30:00,Wolfsburg,Hoffenheim,2,3,1,1,A,D,2.75,3.9,2.3,1.57,2.38
D1,2025-11-07,19:30:00,Werder Bremen,Wolfsburg,2,1,0,1,H,A,2.15,3.6,3.1,1.53,2.5
D1,2025-11-08,14:30:00,Hamburg,Dortmund,1,1,0,0,D,D,4.33,4.2,1.7,1.5,2.63
D1,2025-11-08,14:30:00,Hoffenheim,RB Leipzig,3,1,2,1,H,H,2.6,3.9,2.4,1.4,3.0
D1,2025-11-08,14:30:00,Leverkusen,Heidenheim,6,0,5,0,H,H,1.4,5.0,6.5,1.53,2.5
D1,2025-11-08,14:30:00,Union Berlin,Bayern Munich,2,2,1,1,D,D,13.0,7.0,1.2,1.36,3.2
D1,2025-11-08,17:30:00,M'gladbach,FC Koln,3,1,1,0,H,H,2.2,3.6,3.1,1.62,2.3
D1,2025-11-09,14:30:00,Freiburg,St Pauli,2,1,1,0,H,H,1.83,3.5,4.5,2.0,1.8
D1,2025-11-09,16:30:00,Stuttgart,Augsburg,3,2,2,2,H,D,1.55,4.33,5.75,1.57,2.38
D1,2025-11-09,18:30:00,Ein Frankfurt,Mainz,1,0,0,0,H,D,1.83,4.0,3.9,1.57,2.38
D1,2025-11-21,19:30:00,Mainz,Hoffenheim,1,1,0,1,D,A,2.6,3.6,2.7,1.67,2.2
D1,2025-11-22,14:30:00,Augsburg,Hamburg,1,0,0,0,H,D,2.35,3.5,2.9,1.73,2.1
D1,2025-11-22,14:30:00,Bayern Munich,Freiburg,6,2,2,2,H,D,1.17,8.0,13.0,1.33,3.4
D1,2025-11-22,14:30:00,Dortmund,Stuttgart,3,3,2,0,D,H,1.75,4.0,4.33,1.53,2.5
D1,2025-11-22,14:30:00,Heidenheim,M'gladbach,0,3,0,1,A,A,3.2,3.6,2.15,1.67,2.2
D1,2025-11-22,14:30:00,Wolfsburg,Leverkusen,1,3,0,3,A,A,3.5,3.75,2.0,1.62,2.3
D1,2025-11-22,17:30:00,FC Koln,Ein Frankfurt,3,4,1,2,A,A,3.0,3.75,2.2,1.53,2.5
D1,2025-11-23,14:30:00,RB Leipzig,Werder Bremen,2,0,0,0,H,D,1.45,5.0,6.0,1.33,3.4
D1,2025-11-23,16:30:00,St Pauli,Union Berlin,0,1,0,1,A,A,2.45,3.3,2.9,2.1,1.73
D1,2025-11-28,19:30:00,M'gladbach,RB Leipzig,0,0,0,0,D,D,2.88,3.7,2.3,1.44,2.75
D1,2025-11-29,14:30:00,Bayern Munich,St Pauli,3,1,1,1,H,D,1.1,10.0,21.0,1.25,4.0
D1,2025-11-29,14:30:00,Hoffenheim,Augsburg,3,0,3,0,H,H,1.67,4.33,4.5,1.53,2.5
D1,2025-11-29,14:30:00,Union Berlin,Heidenheim,1,2,1,0,A,H,1.67,4.0,5.0,1.93,1.93
D1,2025-11-29,14:30:00,Werder Bremen,FC Koln,1,1,1,0,D,H,2.25,3.8,2.9,1.53,2.5
D1,2025-11-29,17:30:00,Leverkusen,Dortmund,1,2,0,1,A,A,2.55,3.6,2.63,1.57,2.38
D1,2025-11-30,14:30:00,Hamburg,Stuttgart,2,1,1,0,H,H,3.0,3.75,2.2,1.53,2.5
D1,2025-11-30,16:30:00,Ein Frankfurt,Wolfsburg,1,1,0,0,D,D,1.73,4.2,4.2,1.5,2.63
D1,2025-11-30,18:30:00,Freiburg,Mainz,4,0,2,0,H,H,1.91,3.4,4.2,2.0,1.8
D1,2025-12-05,19:30:00,Mainz,M'gladbach,0,1,0,0,A,D,2.55,3.4,2.63,1.73,2.1
D1,2025-12-06,14:30:00,Augsburg,Leverkusen,2,0,2,0,H,H,3.7,4.0,1.9,1.62,2.3
D1,2025-12-06,14:30:00,FC Koln,St Pauli,1,1,0,0,D,D,1.95,3.6,3.8,1.91,1.91
D1,2025-12-06,14:30:00,Heidenheim,Freiburg,2,1,0,1,H,A,3.9,3.6,1.91,1.91,1.91
D1,2025-12-06,14:30:00,Stuttgart,Bayern Munich,0,5,0,1,A,A,5.75,5.0,1.45,1.33,3.4
D1,2025-12-06,14:30:00,Wolfsburg,Union Berlin,3,1,2,0,H,H,2.15,3.4,3.5,1.93,1.93
D1,2025-12-06,17:30:00,RB Leipzig,Ein Frankfurt,6,0,2,0,H,H,1.73,4.2,4.2,1.44,2.75
D1,2025-12-07,14:30:00,Hamburg,Werder Bremen,3,2,0,1,H,A,2.25,3.5,3.0,1.73,2.1
D1,2025-12-07,16:30:00,Dortmund,Hoffenheim,2,0,1,0,H,H,1.62,4.5,4.75,1.5,2.63
D1,2025-12-12,19:30:00,Union Berlin,RB Leipzig,3,1,0,0,H,D,3.2,3.5,2.2,1.98,1.88
D1,2025-12-13,14:30:00,Ein Frankfurt,Augsburg,1,0,0,0,H,D,1.7,4.2,4.33,1.57,2.38
D1,2025-12-13,14:30:00,Hoffenheim,Hamburg,4,1,2,0,H,H,1.7,4.33,4.2,1.5,2.63
D1,2025-12-13,14:30:00,M'gladbach,Wolfsburg,1,3,1,3,A,A,1.95,3.8,3.6,1.57,2.38
D1,2025-12-13,14:30:00,St Pauli,Heidenheim,2,1,1,0,H,H,1.95,3.4,4.0,2.2,1.67
D1,2025-12-13,17:30:00,Leverkusen,FC Koln,2,0,0,0,H,D,1.55,4.33,5.25,1.53,2.5
D1,2025-12-14,14:30:00,Freiburg,Dortmund,1,1,0,1,D,A,3.25,3.5,2.15,1.83,2.03
D1,2025-12-14,16:30:00,Bayern Munich,Mainz,2,2,1,1,D,D,1.09,11.0,21.0,1.22,4.33
D1,2025-12-14,18:30:00,Werder Bremen,Stuttgart,0,4,0,2,A,A,2.9,3.8,2.25,1.53,2.5
D1,2025-12-19,19:30:00,Dortmund,M'gladbach,2,0,1,0,H,H,1.55,4.5,5.5,1.5,2.63
D1,2025-12-20,14:30:00,Augsburg,Werder Bremen,0,0,0,0,D,D,2.25,3.5,3.1,1.73,2.1
D1,2025-12-20,14:30:00,FC Koln,Union Berlin,0,1,0,0,A,D,2.3,3.3,3.1,1.98,1.88
D1,2025-12-20,14:30:00,Hamburg,Ein Frankfurt,1,1,1,1,D,D,2.6,3.6,2.55,1.67,2.2
D1,2025-12-20,14:30:00,Stuttgart,Hoffenheim,0,0,0,0,D,D,2.0,3.8,3.4,1.5,2.63
D1,2025-12-20,14:30:00,Wolfsburg,Freiburg,3,4,1,1,A,D,2.5,3.6,2.75,1.8,2.0
D1,2025-12-20,17:30:00,RB Leipzig,Leverkusen,1,3,1,2,A,A,2.1,3.8,3.2,1.53,2.5
D1,2025-12-21,14:30:00,Mainz,St Pauli,0,0,0,0,D,D,1.95,3.4,4.1,2.1,1.73
D1,2025-12-21,16:30:00,Heidenheim,Bayern Munich,0,4,0,2,A,A,13.0,9.5,1.14,1.25,4.0
SP1,2025-08-15,18:00:00,Girona,Vallecano,1,3,0,3,A,A,2.25,3.25,3.3,2.2,1.67
SP1,2025-08-15,20:30:00,Villarreal,Oviedo,2,0,2,0,H,H,1.4,4.75,8.0,1.85,2.0
SP1,2025-08-16,18:30:00,Mallorca,Barcelona,0,3,0,2,A,A,7.0,5.0,1.4,1.62,2.3
SP1,2025-08-16,20:30:00,Alaves,Levante,2,1,1,0,H,H,2.15,3.0,3.8,2.63,1.5
SP1,2025-08-16,20:30:00,Valencia,Sociedad,1,1,0,0,D,D,2.6,2.9,3.1,2.75,1.44
SP1,2025-08-17,16:00:00,Celta,Getafe,0,2,0,0,A,D,1.73,3.5,5.25,2.38,1.57
SP1,2025-08-17,18:30:00,Ath Bilbao,Sevilla,3,2,2,0,H,H,1.57,3.9,6.0,2.1,1.73
SP1,2025-08-17,20:30:00,Espanol,Ath Madrid,2,1,0,1,H,A,6.0,3.9,1.57,2.2,1.67
SP1,2025-08-18,20:00:00,Elche,Betis,1,1,0,1,D,A,3.4,3.3,2.2,2.2,1.67
SP1,2025-08-19,20:00:00,Real Madrid,Osasuna,1,0,0,0,H,D,1.22,6.25,13.0,1.5,2.63
SP1,2025-08-22,20:30:00,Betis,Alaves,1,0,1,0,H,H,1.91,3.4,4.2,2.2,1.67
SP1,2025-08-23,16:00:00,Mallorca,Celta,1,1,0,1,D,A,3.0,3.1,2.55,2.38,1.57
SP1,2025-08-23,18:30:00,Ath Madrid,Elche,1,1,1,1,D,D,1.25,5.25,15.0,1.8,2.0
SP1,2025-08-23,20:30:00,Levante,Barcelona,2,3,2,0,A,H,11.0,6.0,1.25,1.36,3.2
SP1,2025-08-24,16:00:00,Osasuna,Valencia,1,0,1,0,H,H,2.4,3.2,3.1,2.38,1.57
SP1,2025-08-24,18:30:00,Sociedad,Espanol,2,2,0,2,D,A,1.8,3.4,5.0,2.2,1.67
SP1,2025-08-24,18:30:00,Villarreal,Girona,5,0,4,0,H,H,1.53,4.33,6.0,1.67,2.2
SP1,2025-08-24,20:30:00,Oviedo,Real Madrid,0,3,0,1,A,A,9.5,5.5,1.3,1.73,2.1
SP1,2025-08-25,18:30:00,Ath Bilbao,Vallecano,1,0,0,0,H,D,1.7,3.5,5.5,2.2,1.67
SP1,2025-08-25,20:30:00,Sevilla,Getafe,1,2,1,1,A,D,2.25,3.0,3.6,2.63,1.5
SP1,2025-08-27,20:00:00,Celta,Betis,1,1,0,1,D,A,2.2,3.4,3.25,1.9,1.95
SP1,2025-08-29,18:30:00,Elche,Levante,2,0,0,0,H,D,2.15,3.25,3.5,2.3,1.62
SP1,2025-08-29,20:30:00,Valencia,Getafe,3,0,1,0,H,H,2.3,2.9,3.6,3.0,1.4
SP1,2025-08-30,16:00:00,Alaves,Ath Madrid,1,1,1,1,D,D,4.75,3.5,1.8,2.2,1.67
SP1,2025-08-30,18:00:00,Oviedo,Sociedad,1,0,1,0,H,H,3.5,3.1,2.25,2.5,1.53
SP1,2025-08-30,18:30:00,Girona,Sevilla,0,2,0,1,A,A,2.4,3.3,3.0,2.05,1.8
SP1,2025-08-30,20:30:00,Real Madrid,Mallorca,2,1,2,1,H,H,1.18,7.0,15.0,1.57,2.38
SP1,2025-08-31,16:00:00,Celta,Villarreal,1,1,0,0,D,D,2.75,3.5,2.5,1.73,2.1
SP1,2025-08-31,18:00:00,Betis,Ath Bilbao,1,2,0,0,A,D,3.0,3.1,2.55,2.2,1.67
SP1,2025-08-31,18:30:00,Espanol,Osasuna,1,0,0,0,H,D,2.38,3.2,3.1,2.2,1.67
SP1,2025-08-31,20:30:00,Vallecano,Barcelona,1,1,0,1,D,A,6.25,5.5,1.4,1.44,2.75
SP1,2025-09-12,20:00:00,Sevilla,Elche,2,2,1,0,D,H,1.85,3.4,4.5,2.2,1.67
SP1,2025-09-13,13:00:00,Getafe,Oviedo,2,0,2,0,H,H,1.95,3.1,4.5,2.75,1.44
SP1,2025-09-13,15:15:00,Sociedad,Real Madrid,1,2,0,2,A,A,5.0,4.33,1.6,1.73,2.1
SP1,2025-09-13,17:30:00,Ath Bilbao,Alaves,0,1,0,0,A,D,1.6,3.9,5.75,2.2,1.67
SP1,2025-09-13,20:00:00,Ath Madrid,Villarreal,2,0,1,0,H,H,1.8,3.7,4.33,1.73,2.1
SP1,2025-09-14,13:00:00,Celta,Girona,1,1,0,1,D,A,1.73,3.9,4.75,1.73,2.1
SP1,2025-09-14,15:15:00,Levante,Betis,2,2,2,1,D,H,3.25,3.25,2.3,2.0,1.8
SP1,2025-09-14,17:30:00,Osasuna,Vallecano,2,0,1,0,H,H,2.55,3.2,2.9,2.2,1.67
SP1,2025-09-14,20:00:00,Barcelona,Valencia,6,0,1,0,H,H,1.22,7.0,11.0,1.33,3.4
SP1,2025-09-15,20:00:00,Espanol,Mallorca,3,2,2,1,H,H,2.1,3.4,3.5,2.3,1.62
SP1,2025-09-19,20:00:00,Betis,Sociedad,3,1,1,1,H,D,1.91,3.6,3.75,1.73,2.1
SP1,2025-09-20,13:00:00,Girona,Levante,0,4,0,1,A,A,1.91,3.6,4.0,1.93,1.93
SP1,2025-09-20,15:15:00,Real Madrid,Espanol,2,0,1,0,H,H,1.2,7.0,13.0,1.4,3.0
SP1,2025-09-20,17:30:00,Alaves,Sevilla,1,2,1,1,A,D,2.25,3.1,3.5,2.5,1.53
SP1,2025-09-20,17:30:00,Villarreal,Osasuna,2,1,0,1,H,A,1.55,4.33,5.5,1.8,2.0
SP1,2025-09-20,20:00:00,Valencia,Ath Bilbao,2,0,0,0,H,D,3.0,3.0,2.55,2.5,1.53
SP1,2025-09-21,13:00:00,Vallecano,Celta,1,1,0,0,D,D,2.3,3.3,3.2,2.0,1.8
SP1,2025-09-21,15:15:00,Mallorca,Ath Madrid,1,1,0,0,D,D,5.0,3.6,1.75,2.2,1.67
SP1,2025-09-21,17:30:00,Elche,Oviedo,1,0,1,0,H,H,1.91,3.2,4.5,2.63,1.5
SP1,2025-09-21,20:00:00,Barcelona,Getafe,3,0,2,0,H,H,1.22,6.5,12.0,1.53,2.5
SP1,2025-09-23,18:00:00,Ath Bilbao,Girona,1,1,0,1,D,A,1.45,4.33,7.0,1.83,2.03
SP1,2025-09-23,18:00:00,Espanol,Valencia,2,2,0,1,D,A,2.25,3.1,3.4,2.2,1.67
SP1,2025-09-23,20:30:00,Levante,Real Madrid,1,4,0,2,A,A,7.5,5.75,1.33,1.44,2.75
SP1,2025-09-23,20:30:00,Sevilla,Villarreal,1,2,0,1,A,A,3.1,3.4,2.3,1.98,1.88
SP1,2025-09-24,18:00:00,Getafe,Alaves,1,1,0,0,D,D,2.3,2.9,3.6,3.4,1.33
SP1,2025-09-24,20:30:00,Ath Madrid,Vallecano,3,2,1,1,H,D,1.5,4.5,6.0,1.88,1.98
SP1,2025-09-24,20:30:00,Sociedad,Mallorca,1,0,0,0,H,D,1.8,3.4,4.75,2.1,1.73
SP1,2025-09-25,18:30:00,Osasuna,Elche,1,1,1,0,D,H,1.95,3.25,4.33,2.3,1.62
SP1,2025-09-25,20:30:00,Oviedo,Barcelona,1,3,1,0,A,H,10.0,5.75,1.25,1.44,2.75
SP1,2025-09-26,20:00:00,Girona,Espanol,0,0,0,0,D,D,2.45,3.3,2.88,2.03,1.83
SP1,2025-09-27,13:00:00,Getafe,Levante,1,1,0,1,D,A,2.05,3.1,4.1,2.5,1.53
SP1,2025-09-27,15:15:00,Ath Madrid,Real Madrid,5,2,2,2,H,D,3.0,3.6,2.3,1.67,2.2
SP1,2025-09-27,17:30:00,Mallorca,Alaves,1,0,1,0,H,H,2.35,3.0,3.4,3.0,1.4
SP1,2025-09-27,20:00:00,Villarreal,Ath Bilbao,1,0,0,0,H,D,2.1,3.25,3.7,2.0,1.85
SP1,2025-09-28,13:00:00,Vallecano,Sevilla,0,1,0,0,A,D,2.0,3.3,4.0,2.1,1.73
SP1,2025-09-28,15:15:00,Elche,Celta,2,1,1,1,H,D,2.88,3.1,2.6,2.3,1.62
SP1,2025-09-28,17:30:00,Barcelona,Sociedad,2,1,1,1,H,D,1.27,5.75,10.0,1.33,3.4
SP1,2025-09-28,20:00:00,Betis,Osasuna,2,0,2,0,H,H,1.75,3.8,4.5,1.93,1.93
SP1,2025-09-30,19:00:00,Valencia,Oviedo,1,2,1,0,A,H,1.7,3.5,5.5,2.1,1.73
SP1,2025-10-03,20:00:00,Osasuna,Getafe,2,1,1,1,H,D,2.15,2.9,4.1,3.4,1.33
SP1,2025-10-04,13:00:00,Oviedo,Levante,0,2,0,1,A,A,2.5,3.3,2.88,2.2,1.67
SP1,2025-10-04,15:15:00,Girona,Valencia,2,1,1,0,H,H,2.45,3.5,2.8,1.98,1.88
SP1,2025-10-04,17:30:00,Ath Bilbao,Mallorca,2,1,1,0,H,H,1.53,3.8,7.0,2.2,1.67
SP1,2025-10-04,20:00:00,Real Madrid,Villarreal,3,1,0,0,H,D,1.45,5.0,6.0,1.4,3.0
SP1,2025-10-05,13:00:00,Alaves,Elche,3,1,0,0,H,D,2.3,3.1,3.3,2.63,1.5
SP1,2025-10-05,15:15:00,Sevilla,Barcelona,4,1,2,1,H,H,5.75,5.25,1.45,1.44,2.75
SP1,2025-10-05,17:30:00,Espanol,Betis,1,2,1,0,A,H,2.63,3.4,2.63,1.85,2.0
SP1,2025-10-05,17:30:00,Sociedad,Vallecano,0,1,0,0,A,D,2.05,3.6,3.5,2.1,1.73
SP1,2025-10-05,20:00:00,Celta,Ath Madrid,1,1,0,1,D,A,4.5,3.8,1.75,1.83,2.03
SP1,2025-10-17,20:00:00,Oviedo,Espanol,0,2,0,0,A,D,3.0,3.1,2.5,2.63,1.5
SP1,2025-10-18,13:00:00,Sevilla,Mallorca,1,3,1,0,A,H,1.85,3.3,4.75,2.2,1.67
SP1,2025-10-18,15:15:00,Barcelona,Girona,2,1,1,1,H,D,1.2,7.0,12.0,1.29,3.75
SP1,2025-10-18,17:30:00,Villarreal,Betis,2,2,1,0,D,H,1.91,3.6,4.0,1.67,2.2
SP1,2025-10-18,20:00:00,Ath Madrid,Osasuna,1,0,0,0,H,D,1.38,4.75,8.5,1.88,1.98
SP1,2025-10-19,13:00:00,Elche,Ath Bilbao,0,0,0,0,D,D,3.75,3.25,2.1,2.3,1.62
SP1,2025-10-19,15:15:00,Celta,Sociedad,1,1,1,0,D,H,2.1,3.4,3.5,1.98,1.88
SP1,2025-10-19,17:30:00,Levante,Vallecano,0,3,0,2,A,A,2.88,3.25,2.5,1.98,1.88
SP1,2025-10-19,20:00:00,Getafe,Real Madrid,0,1,0,0,A,D,8.0,4.33,1.42,1.95,1.9
SP1,2025-10-20,20:00:00,Alaves,Valencia,0,0,0,0,D,D,2.25,3.0,3.6,2.5,1.53
SP1,2025-10-24,20:00:00,Sociedad,Sevilla,2,1,2,1,H,H,1.95,3.5,3.8,1.98,1.88
SP1,2025-10-25,13:00:00,Girona,Oviedo,3,3,0,1,D,A,1.8,3.5,4.75,2.0,1.8
SP1,2025-10-25,15:15:00,Espanol,Elche,1,0,0,0,H,D,1.95,3.25,4.1,2.1,1.73
SP1,2025-10-25,17:30:00,Ath Bilbao,Getafe,0,1,0,0,A,D,1.67,3.5,6.0,2.75,1.44
SP1,2025-10-25,20:00:00,Valencia,Villarreal,0,2,0,1,A,A,3.1,3.6,2.2,1.8,2.0
SP1,2025-10-26,13:00:00,Mallorca,Levante,1,1,0,1,D,A,2.1,3.3,3.6,2.1,1.73
SP1,2025-10-26,15:15:00,Real Madrid,Barcelona,2,1,2,1,H,H,1.95,4.1,3.3,1.3,3.5
SP1,2025-10-26,17:30:00,Osasuna,Celta,2,3,2,1,A,H,2.35,3.2,3.2,2.2,1.67
SP1,2025-10-26,20:00:00,Vallecano,Alaves,1,0,0,0,H,D,2.1,3.1,3.9,2.63,1.5
SP1,2025-10-27,20:00:00,Betis,Ath Madrid,0,2,0,2,A,A,3.1,3.6,2.2,1.8,2.0
SP1,2025-10-31,20:00:00,Getafe,Girona,2,1,0,0,H,D,2.15,3.0,3.8,2.75,1.44
SP1,2025-11-01,13:00:00,Villarreal,Vallecano,4,0,1,0,H,H,1.7,3.8,5.0,1.73,2.1
SP1,2025-11-01,15:15:00,Ath Madrid,Sevilla,3,0,0,0,H,D,1.33,5.0,9.0,1.62,2.3
SP1,2025-11-01,17:30:00,Sociedad,Ath Bilbao,3,2,1,1,H,D,2.7,3.0,2.8,2.5,1.53
SP1,2025-11-01,20:00:00,Real Madrid,Valencia,4,0,3,0,H,H,1.17,8.0,15.0,1.36,3.2
SP1,2025-11-02,13:00:00,Levante,Celta,1,2,0,1,A,A,2.88,3.4,2.45,1.8,2.0
SP1,2025-11-02,15:15:00,Alaves,Espanol,2,1,2,0,H,H,2.38,3.0,3.3,2.63,1.5
SP1,2025-11-02,17:30:00,Barcelona,Elche,3,1,2,1,H,H,1.22,6.25,12.0,1.36,3.2
SP1,2025-11-02,20:00:00,Betis,Mallorca,3,0,3,0,H,H,1.57,4.2,5.25,1.88,1.98
SP1,2025-11-03,20:00:00,Oviedo,Osasuna,0,0,0,0,D,D,3.0,3.1,2.5,2.38,1.57
SP1,2025-11-07,20:00:00,Elche,Sociedad,1,1,0,0,D,D,2.7,3.2,2.7,2.2,1.67
SP1,2025-11-08,13:00:00,Girona,Alaves,1,0,1,0,H,H,2.4,3.25,3.0,2.3,1.62
SP1,2025-11-08,15:15:00,Sevilla,Osasuna,1,0,0,0,H,D,2.15,3.3,3.5,2.2,1.67
SP1,2025-11-08,17:30:00,Ath Madrid,Levante,3,1,1,1,H,D,1.22,6.5,12.0,1.44,2.75
SP1,2025-11-08,20:00:00,Espanol,Villarreal,0,2,0,1,A,A,2.8,3.5,2.38,1.73,2.1
SP1,2025-11-09,13:00:00,Ath Bilbao,Oviedo,1,0,1,0,H,H,1.5,3.8,8.0,2.2,1.67
SP1,2025-11-09,15:15:00,Vallecano,Real Madrid,0,0,0,0,D,D,5.25,5.0,1.5,1.57,2.38
SP1,2025-11-09,17:30:00,Mallorca,Getafe,1,0,1,0,H,H,2.5,2.9,3.2,3.2,1.36
SP1,2025-11-09,17:30:00,Valencia,Betis,1,1,0,0,D,D,3.3,3.4,2.2,1.88,1.98
SP1,2025-11-09,20:00:00,Celta,Barcelona,2,4,2,3,A,A,4.5,4.2,1.65,1.44,2.75
SP1,2025-11-21,20:00:00,Valencia,Levante,1,0,0,0,H,D,2.0,3.5,3.7,1.85,2.0
SP1,2025-11-22,13:00:00,Alaves,Celta,0,1,0,0,A,D,2.6,3.0,2.9,2.3,1.62
SP1,2025-11-22,15:15:00,Barcelona,Ath Bilbao,4,0,2,0,H,H,1.36,5.5,7.0,1.53,2.5
SP1,2025-11-22,17:30:00,Osasuna,Sociedad,1,3,1,0,A,H,2.8,3.1,2.7,2.3,1.62
SP1,2025-11-22,20:00:00,Villarreal,Mallorca,2,1,1,1,H,D,1.44,4.75,7.0,1.67,2.2
SP1,2025-11-23,13:00:00,Oviedo,Vallecano,0,0,0,0,D,D,3.5,3.2,2.2,2.3,1.62
SP1,2025-11-23,15:15:00,Betis,Girona,1,1,0,1,D,A,1.53,4.33,5.75,1.62,2.3
SP1,2025-11-23,17:30:00,Getafe,Ath Madrid,0,1,0,0,A,D,5.25,3.5,1.73,2.63,1.5
SP1,2025-11-23,20:00:00,Elche,Real Madrid,2,2,0,0,D,D,7.0,5.25,1.38,1.5,2.63
SP1,2025-11-24,20:00:00,Espanol,Sevilla,2,1,0,0,H,D,2.05,3.3,3.8,2.1,1.73
SP1,2025-11-28,20:00:00,Getafe,Elche,1,0,0,0,H,D,2.25,2.88,3.8,3.0,1.4
SP1,2025-11-29,13:00:00,Mallorca,Osasuna,2,2,0,0,D,D,2.35,3.0,3.4,2.5,1.53
SP1,2025-11-29,15:15:00,Barcelona,Alaves,3,1,2,1,H,H,1.2,7.0,13.0,1.36,3.2
SP1,2025-11-29,17:30:00,Levante,Ath Bilbao,0,2,0,2,A,A,3.5,3.3,2.15,2.1,1.73
SP1,2025-11-29,20:00:00,Ath Madrid,Oviedo,2,0,2,0,H,H,1.2,6.25,17.0,1.67,2.2
SP1,2025-11-30,13:00:00,Sociedad,Villarreal,2,3,0,1,A,A,2.8,3.4,2.45,1.88,1.98
SP1,2025-11-30,15:15:00,Sevilla,Betis,0,2,0,0,A,D,3.0,3.3,2.38,1.91,1.91
SP1,2025-11-30,17:30:00,Celta,Espanol,0,1,0,0,A,D,2.05,3.5,3.5,1.8,2.0
SP1,2025-11-30,20:00:00,Girona,Real Madrid,1,1,1,0,D,H,6.5,5.25,1.4,1.4,3.0
SP1,2025-12-01,20:00:00,Vallecano,Valencia,1,1,1,0,D,H,1.95,3.4,4.1,2.1,1.73
SP1,2025-12-02,20:00:00,Barcelona,Ath Madrid,3,1,1,1,H,D,1.73,4.2,4.1,1.4,3.0
SP1,2025-12-03,18:00:00,Ath Bilbao,Real Madrid,0,3,0,2,A,A,4.1,3.9,1.8,1.73,2.1
SP1,2025-12-05,20:00:00,Oviedo,Mallorca,0,0,0,0,D,D,2.55,3.0,3.0,2.5,1.53
SP1,2025-12-06,13:00:00,Villarreal,Getafe,2,0,1,0,H,H,1.62,3.8,5.75,2.1,1.73
SP1,2025-12-06,15:15:00,Alaves,Sociedad,1,0,1,0,H,H,2.8,2.9,2.8,2.63,1.5
SP1,2025-12-06,17:30:00,Betis,Barcelona,3,5,1,4,A,A,4.0,4.5,1.73,1.36,3.2
SP1,2025-12-06,20:00:00,Ath Bilbao,Ath Madrid,1,0,0,0,H,D,3.25,3.25,2.25,2.2,1.67
SP1,2025-12-07,13:00:00,Elche,Girona,3,0,1,0,H,H,2.15,3.3,3.5,1.88,1.98
SP1,2025-12-07,15:15:00,Valencia,Sevilla,1,1,0,0,D,D,2.15,3.4,3.4,2.1,1.73
SP1,2025-12-07,17:30:00,Espanol,Vallecano,1,0,1,0,H,H,2.25,3.4,3.2,2.2,1.67
SP1,2025-12-07,20:00:00,Real Madrid,Celta,0,2,0,0,A,D,1.3,5.5,9.5,1.36,3.2
SP1,2025-12-08,20:00:00,Osasuna,Levante,2,0,2,0,H,H,1.73,3.8,4.5,1.91,1.91
SP1,2025-12-12,20:00:00,Sociedad,Girona,1,2,1,0,A,H,1.75,3.9,4.5,1.98,1.88
SP1,2025-12-13,13:00:00,Ath Madrid,Valencia,2,1,1,0,H,H,1.3,5.0,11.0,1.73,2.1
SP1,2025-12-13,15:15:00,Mallorca,Elche,3,1,1,1,H,D,2.45,3.1,3.1,2.38,1.57
SP1,2025-12-13,17:30:00,Barcelona,Osasuna,2,0,0,0,H,D,1.2,7.0,12.0,1.25,4.0
SP1,2025-12-13,20:00:00,Getafe,Espanol,0,1,0,0,A,D,2.5,2.8,3.25,3.2,1.36
SP1,2025-12-14,13:00:00,Sevilla,Oviedo,4,0,2,0,H,H,1.91,3.4,4.2,2.2,1.67
SP1,2025-12-14,15:15:00,Celta,Ath Bilbao,2,0,0,0,H,D,2.63,3.25,2.75,2.1,1.73
SP1,2025-12-14,20:00:00,Alaves,Real Madrid,1,2,0,1,A,A,5.5,4.0,1.6,1.73,2.1
SP1,2025-12-15,20:00:00,Vallecano,Betis,0,0,0,0,D,D,2.55,3.4,2.75,1.95,1.9
SP1,2025-12-19,20:00:00,Valencia,Mallorca,1,1,0,1,D,A,1.9,3.0,4.0,2.38,1.57
SP1,2025-12-20,13:00:00,Oviedo,Celta,0,0,0,0,D,D,3.6,3.4,2.05,2.2,1.67
SP1,2025-12-20,15:15:00,Levante,Sociedad,1,1,0,1,D,A,3.4,3.4,2.15,1.93,1.93
SP1,2025-12-20,17:30:00,Osasuna,Alaves,3,0,0,0,H,D,2.2,3.0,3.7,2.63,1.5
SP1,2025-12-20,20:00:00,Real Madrid,Sevilla,2,0,1,0,H,H,1.2,7.0,12.0,1.36,3.2
SP1,2025-12-21,13:00:00,Girona,Ath Madrid,0,3,0,2,A,A,5.0,4.0,1.67,1.73,2.1
SP1,2025-12-21,15:15:00,Villarreal,Barcelona,0,2,0,1,A,A,3.4,4.75,1.83,1.29,3.75
SP1,2025-12-21,17:30:00,Elche,Vallecano,4,0,1,0,H,H,2.4,3.1,3.2,2.38,1.57
SP1,2025-12-21,20:00:00,Betis,Getafe,4,0,1,0,H,H,1.7,3.5,5.5,2.38,1.57
SP1,2025-12-22,20:00:00,Ath Bilbao,Espanol,1,2,1,1,A,D,1.75,3.6,5.0,2.3,1.62
I1,2025-08-23,17:30:00,Genoa,Lecce,0,0,0,0,D,D,1.9,3.3,4.5,2.38,1.57
I1,2025-08-23,17:30:00,Sassuolo,Napoli,0,2,0,1,A,A,6.0,4.0,1.57,1.98,1.88
I1,2025-08-23,19:45:00,Milan,Cremonese,1,2,1,1,A,D,1.33,5.25,9.0,1.67,2.2
I1,2025-08-23,19:45:00,Roma,Bologna,1,0,0,0,H,D,2.1,3.3,3.5,2.1,1.73
I1,2025-08-24,17:30:00,Cagliari,Fiorentina,1,1,0,0,D,D,3.25,3.3,2.25,2.1,1.73
I1,2025-08-24,17:30:00,Como,Lazio,2,0,0,0,H,D,2.4,3.25,3.0,2.03,1.83
I1,2025-08-24,19:45:00,Atalanta,Pisa,1,1,0,1,D,A,1.4,5.0,7.0,1.67,2.2
I1,2025-08-24,19:45:00,Juventus,Parma,2,0,0,0,H,D,1.42,4.75,7.5,1.73,2.1
I1,2025-08-25,17:30:00,Udinese,Verona,1,1,0,0,D,D,1.95,3.3,4.1,2.2,1.67
I1,2025-08-25,19:45:00,Inter,Torino,5,0,2,0,H,H,1.42,4.75,7.5,1.73,2.1
I1,2025-08-29,17:30:00,Cremonese,Sassuolo,3,2,2,0,H,H,2.6,3.2,2.75,2.1,1.73
I1,2025-08-29,19:45:00,Lecce,Milan,0,2,0,0,A,D,6.0,3.9,1.57,2.0,1.85
I1,2025-08-30,17:30:00,Bologna,Como,1,0,0,0,H,D,2.45,3.1,3.1,2.3,1.62
I1,2025-08-30,17:30:00,Parma,Atalanta,1,1,0,0,D,D,4.1,3.5,1.91,1.93,1.93
I1,2025-08-30,19:45:00,Napoli,Cagliari,1,0,0,0,H,D,1.3,5.0,11.0,1.85,2.0
I1,2025-08-30,19:45:00,Pisa,Roma,0,1,0,0,A,D,5.25,3.6,1.7,2.03,1.83
I1,2025-08-31,17:30:00,Genoa,Juventus,0,1,0,0,A,D,4.5,3.4,1.85,2.3,1.62
I1,2025-08-31,17:30:00,Torino,Fiorentina,0,0,0,0,D,D,3.2,3.1,2.4,2.3,1.62
I1,2025-08-31,19:45:00,Inter,Udinese,1,2,1,2,A,A,1.3,5.25,9.5,1.62,2.3
I1,2025-08-31,19:45:00,Lazio,Verona,4,0,3,0,H,H,1.48,4.33,7.0,1.93,1.93
I1,2025-09-13,14:00:00,Cagliari,Parma,2,0,1,0,H,H,2.15,3.2,3.6,2.2,1.67
I1,2025-09-13,17:00:00,Juventus,Inter,4,3,2,1,H,H,2.75,3.0,2.75,2.2,1.67
I1,2025-09-13,19:45:00,Fiorentina,Napoli,1,3,0,2,A,A,3.5,3.1,2.25,2.38,1.57
I1,2025-09-14,11:30:00,Roma,Torino,0,1,0,0,A,D,1.5,4.1,7.0,2.05,1.8
I1,2025-09-14,14:00:00,Atalanta,Lecce,4,1,1,0,H,H,1.4,4.5,8.5,1.8,2.0
I1,2025-09-14,14:00:00,Pisa,Udinese,0,1,0,1,A,A,2.75,3.1,2.75,2.3,1.62
I1,2025-09-14,17:00:00,Sassuolo,Lazio,1,0,0,0,H,D,3.5,3.6,2.05,1.9,1.95
I1,2025-09-14,19:45:00,Milan,Bologna,1,0,0,0,H,D,1.91,3.4,4.2,2.0,1.85
I1,2025-09-15,17:30:00,Verona,Cremonese,0,0,0,0,D,D,2.38,3.1,3.2,2.3,1.62
I1,2025-09-15,19:45:00,Como,Genoa,1,1,1,0,D,H,1.62,3.75,6.0,2.1,1.73
I1,2025-09-19,19:45:00,Lecce,Cagliari,1,2,1,1,A,D,2.88,2.9,2.75,2.5,1.53
I1,2025-09-20,14:00:00,Bologna,Genoa,2,1,0,0,H,D,1.83,3.2,5.25,2.5,1.53
I1,2025-09-20,17:00:00,Verona,Juventus,1,1,1,1,D,D,6.5,3.9,1.55,2.2,1.67
I1,2025-09-20,19:45:00,Udinese,Milan,0,3,0,1,A,A,4.33,3.6,1.83,2.1,1.73
I1,2025-09-21,11:30:00,Lazio,Roma,0,1,0,1,A,A,2.8,3.1,2.63,2.3,1.62
I1,2025-09-21,14:00:00,Cremonese,Parma,0,0,0,0,D,D,2.55,3.2,2.88,2.2,1.67
I1,2025-09-21,14:00:00,Torino,Atalanta,0,3,0,3,A,A,3.25,3.4,2.2,2.2,1.67
I1,2025-09-21,17:00:00,Fiorentina,Como,1,2,1,0,A,H,2.6,3.2,2.8,2.1,1.73
I1,2025-09-21,19:45:00,Inter,Sassuolo,2,1,1,0,H,H,1.29,5.5,12.0,1.57,2.38
I1,2025-09-22,19:45:00,Napoli,Pisa,3,2,1,0,H,H,1.27,5.75,12.0,1.83,2.03
I1,2025-09-27,14:00:00,Como,Cremonese,1,1,1,0,D,H,1.45,4.33,8.0,1.88,1.98
I1,2025-09-27,17:00:00,Juventus,Atalanta,1,1,0,1,D,A,1.85,3.6,4.2,2.03,1.83
I1,2025-09-27,19:45:00,Cagliari,Inter,0,2,0,1,A,A,6.0,4.2,1.53,1.8,2.0
I1,2025-09-28,11:30:00,Sassuolo,Udinese,3,1,2,0,H,H,2.3,3.2,3.3,2.1,1.73
I1,2025-09-28,14:00:00,Pisa,Fiorentina,0,0,0,0,D,D,3.3,3.25,2.25,2.2,1.67
I1,2025-09-28,14:00:00,Roma,Verona,2,0,1,0,H,H,1.42,4.2,8.5,2.1,1.73
I1,2025-09-28,17:00:00,Lecce,Bologna,2,2,1,1,D,D,4.2,3.0,2.05,2.5,1.53
I1,2025-09-28,19:45:00,Milan,Napoli,2,1,2,0,H,H,2.35,3.1,3.2,2.1,1.73
I1,2025-09-29,17:30:00,Parma,Torino,2,1,1,0,H,H,2.3,3.1,3.4,2.2,1.67
I1,2025-09-29,19:45:00,Genoa,Lazio,0,3,0,2,A,A,3.0,3.0,2.6,2.3,1.62
I1,2025-10-03,19:45:00,Verona,Sassuolo,0,1,0,0,A,D,2.5,3.1,3.0,2.3,1.62
I1,2025-10-04,14:00:00,Lazio,Torino,3,3,2,1,D,H,1.7,3.6,5.25,2.1,1.73
I1,2025-10-04,14:00:00,Parma,Lecce,0,1,0,1,A,A,1.85,3.7,4.1,2.2,1.67
I1,2025-10-04,17:00:00,Inter,Cremonese,4,1,2,0,H,H,1.2,6.5,15.0,1.5,2.63
I1,2025-10-04,19:45:00,Atalanta,Como,1,1,1,1,D,D,2.2,3.4,3.25,1.73,2.1
I1,2025-10-05,11:30:00,Udinese,Cagliari,1,1,0,1,D,A,2.15,3.2,3.6,2.3,1.62
I1,2025-10-05,14:00:00,Bologna,Pisa,4,0,3,0,H,H,1.6,3.9,5.75,2.2,1.67
I1,2025-10-05,14:00:00,Fiorentina,Roma,1,2,1,2,A,A,3.0,3.3,2.4,2.0,1.8
I1,2025-10-05,17:00:00,Napoli,Genoa,2,1,0,1,H,A,1.48,4.0,8.0,2.2,1.67
I1,2025-10-05,19:45:00,Juventus,Milan,0,0,0,0,D,D,2.7,3.2,2.7,2.1,1.73
I1,2025-10-18,14:00:00,Lecce,Sassuolo,0,0,0,0,D,D,2.9,3.2,2.5,2.2,1.67
I1,2025-10-18,14:00:00,Pisa,Verona,0,0,0,0,D,D,2.55,3.1,2.9,2.38,1.57
I1,2025-10-18,17:00:00,Torino,Napoli,1,0,1,0,H,H,5.25,3.3,1.8,2.2,1.67
I1,2025-10-18,19:45:00,Roma,Inter,0,1,0,1,A,A,3.3,3.25,2.25,2.1,1.73
I1,2025-10-19,11:30:00,Como,Juventus,2,0,1,0,H,H,2.88,3.25,2.5,2.1,1.73
I1,2025-10-19,14:00:00,Cagliari,Bologna,0,2,0,1,A,A,3.6,3.3,2.1,2.3,1.62
I1,2025-10-19,14:00:00,Genoa,Parma,0,0,0,0,D,D,2.1,3.0,4.0,2.5,1.53
I1,2025-10-19,17:00:00,Atalanta,Lazio,0,0,0,0,D,D,1.73,4.0,4.5,1.8,2.0
I1,2025-10-19,19:45:00,Milan,Fiorentina,2,1,0,0,H,D,1.5,4.33,6.5,1.88,1.98
I1,2025-10-20,19:45:00,Cremonese,Udinese,1,1,1,0,D,H,3.0,3.25,2.4,2.2,1.67
I1,2025-10-24,19:45:00,Milan,Pisa,2,2,1,0,D,H,1.3,5.5,10.0,1.8,2.05
I1,2025-10-25,14:00:00,Parma,Como,0,0,0,0,D,D,3.9,3.5,1.95,2.05,1.75
I1,2025-10-25,14:00:00,Udinese,Lecce,3,2,2,0,H,H,1.8,3.4,4.75,2.2,1.67
I1,2025-10-25,17:00:00,Napoli,Inter,3,1,1,0,H,H,3.0,3.1,2.4,2.1,1.73
I1,2025-10-25,19:45:00,Cremonese,Atalanta,1,1,0,0,D,D,5.0,4.2,1.62,1.88,1.98
I1,2025-10-26,11:30:00,Torino,Genoa,2,1,0,1,H,A,2.25,2.9,3.5,2.75,1.44
I1,2025-10-26,14:00:00,Sassuolo,Roma,0,1,0,1,A,A,4.5,3.5,1.85,2.1,1.73
I1,2025-10-26,14:00:00,Verona,Cagliari,2,2,1,0,D,H,2.25,3.0,3.6,2.5,1.53
I1,2025-10-26,17:00:00,Fiorentina,Bologna,2,2,0,1,D,A,2.7,3.1,2.75,2.2,1.67
I1,2025-10-26,19:45:00,Lazio,Juventus,1,0,1,0,H,H,3.2,3.25,2.3,2.2,1.67
I1,2025-10-28,17:30:00,Lecce,Napoli,0,1,0,0,A,D,6.5,3.75,1.55,2.2,1.67
I1,2025-10-28,19:45:00,Atalanta,Milan,1,1,1,1,D,D,2.63,3.2,2.75,2.0,1.85
I1,2025-10-29,17:30:00,Como,Verona,3,1,1,1,H,D,1.6,3.6,6.5,2.1,1.73
I1,2025-10-29,17:30:00,Juventus,Udinese,3,1,1,1,H,D,1.44,4.1,8.5,1.98,1.88
I1,2025-10-29,17:30:00,Roma,Parma,2,1,0,0,H,D,1.53,3.75,7.5,2.1,1.73
I1,2025-10-29,19:45:00,Bologna,Torino,0,0,0,0,D,D,1.75,3.5,5.0,2.2,1.67
I1,2025-10-29,19:45:00,Genoa,Cremonese,0,2,0,1,A,A,1.85,3.25,4.75,2.5,1.53
I1,2025-10-29,19:45:00,Inter,Fiorentina,3,0,0,0,H,D,1.38,4.5,8.5,1.73,2.1
I1,2025-10-30,17:30:00,Cagliari,Sassuolo,1,2,0,0,A,D,2.6,3.1,2.88,2.2,1.67
I1,2025-10-30,19:45:00,Pisa,Lazio,0,0,0,0,D,D,3.7,3.25,2.1,2.2,1.67
I1,2025-11-01,14:00:00,Udinese,Atalanta,1,0,1,0,H,H,4.5,3.6,1.8,1.85,2.0
I1,2025-11-01,17:00:00,Napoli,Como,0,0,0,0,D,D,1.95,3.1,4.5,2.2,1.67
I1,2025-11-01,19:45:00,Cremonese,Juventus,1,2,0,1,A,A,6.5,4.33,1.5,1.98,1.88
I1,2025-11-02,11:30:00,Verona,Inter,1,2,1,1,A,D,7.5,4.5,1.42,1.8,2.0
I1,2025-11-02,14:00:00,Fiorentina,Lecce,0,1,0,1,A,A,1.62,3.8,5.75,2.2,1.67
I1,2025-11-02,14:00:00,Torino,Pisa,2,2,2,2,D,D,1.95,3.25,4.33,2.3,1.62
I1,2025-11-02,17:00:00,Parma,Bologna,1,3,1,1,A,D,4.2,3.0,2.05,2.5,1.53
I1,2025-11-02,19:45:00,Milan,Roma,1,0,1,0,H,H,2.2,3.0,3.7,2.2,1.67
I1,2025-11-03,17:30:00,Sassuolo,Genoa,1,2,0,1,A,A,2.45,3.0,3.2,2.5,1.53
I1,2025-11-03,19:45:00,Lazio,Cagliari,2,0,0,0,H,D,1.53,3.8,7.0,1.98,1.88
I1,2025-11-07,19:45:00,Pisa,Cremonese,1,0,0,0,H,D,2.25,3.1,3.4,2.38,1.57
I1,2025-11-08,14:00:00,Como,Cagliari,0,0,0,0,D,D,1.48,4.5,6.5,1.9,1.95
I1,2025-11-08,14:00:00,Lecce,Verona,0,0,0,0,D,D,2.75,2.9,2.9,2.63,1.5
I1,2025-11-08,17:00:00,Juventus,Torino,0,0,0,0,D,D,1.5,4.1,7.0,2.05,1.8
I1,2025-11-08,19:45:00,Parma,Milan,2,2,1,2,D,A,5.75,4.0,1.57,2.1,1.73
I1,2025-11-09,11:30:00,Atalanta,Sassuolo,0,3,0,1,A,A,1.44,4.5,7.0,1.67,2.2
I1,2025-11-09,14:00:00,Bologna,Napoli,2,0,0,0,H,D,3.0,3.1,2.55,2.5,1.53
I1,2025-11-09,14:00:00,Genoa,Fiorentina,2,2,1,1,D,D,2.75,3.0,2.75,2.5,1.53
I1,2025-11-09,17:00:00,Roma,Udinese,2,0,1,0,H,H,1.55,4.0,6.25,2.03,1.83
I1,2025-11-09,19:45:00,Inter,Lazio,2,0,1,0,H,H,1.36,5.0,8.0,1.67,2.2
I1,2025-11-22,14:00:00,Cagliari,Genoa,3,3,2,2,D,D,2.88,3.0,2.75,2.75,1.44
I1,2025-11-22,14:00:00,Udinese,Bologna,0,3,0,0,A,D,3.75,3.2,2.1,2.3,1.62
I1,2025-11-22,17:00:00,Fiorentina,Juventus,1,1,0,1,D,A,3.9,3.4,2.0,2.1,1.73
I1,2025-11-22,19:45:00,Napoli,Atalanta,3,1,3,0,H,H,2.25,3.25,3.4,2.1,1.73
I1,2025-11-23,11:30:00,Verona,Parma,1,2,0,1,A,A,2.25,3.0,3.6,2.5,1.53
I1,2025-11-23,14:00:00,Cremonese,Roma,1,3,0,1,A,A,6.0,3.75,1.62,2.1,1.73
I1,2025-11-23,17:00:00,Lazio,Lecce,2,0,1,0,H,H,1.62,3.7,6.25,2.2,1.67
I1,2025-11-23,19:45:00,Inter,Milan,0,1,0,0,A,D,1.9,3.5,4.0,1.88,1.98
I1,2025-11-24,17:30:00,Torino,Como,1,5,1,1,A,D,3.5,3.25,2.2,2.3,1.62
I1,2025-11-24,19:45:00,Sassuolo,Pisa,2,2,1,1,D,D,2.1,3.2,3.75,2.3,1.62
I1,2025-11-28,19:45:00,Como,Sassuolo,2,0,1,0,H,H,1.73,3.6,5.0,1.91,1.91
I1,2025-11-29,14:00:00,Genoa,Verona,2,1,1,1,H,D,2.05,3.0,4.2,2.75,1.44
I1,2025-11-29,14:00:00,Parma,Udinese,0,2,0,1,A,A,2.7,3.0,2.8,2.3,1.62
I1,2025-11-29,17:00:00,Juventus,Cagliari,2,1,2,1,H,H,1.3,5.5,10.0,1.93,1.93
I1,2025-11-29,19:45:00,Milan,Lazio,1,0,0,0,H,D,1.62,3.8,5.75,2.1,1.73
I1,2025-11-30,11:30:00,Lecce,Torino,2,1,2,0,H,H,3.0,2.88,2.7,2.75,1.44
I1,2025-11-30,14:00:00,Pisa,Inter,0,2,0,0,A,D,8.0,5.75,1.3,1.73,2.1
I1,2025-11-30,17:00:00,Atalanta,Fiorentina,2,0,1,0,H,H,1.73,3.75,4.75,1.91,1.91
I1,2025-11-30,19:45:00,Roma,Napoli,0,1,0,1,A,A,2.6,2.88,3.1,2.5,1.53
I1,2025-12-01,19:45:00,Bologna,Cremonese,1,3,1,2,A,A,1.48,4.0,8.0,2.0,1.8
I1,2025-12-06,14:00:00,Sassuolo,Fiorentina,3,1,2,1,H,H,2.88,3.25,2.5,2.1,1.73
I1,2025-12-06,17:00:00,Inter,Como,4,0,1,0,H,H,1.53,4.33,6.0,1.8,2.0
I1,2025-12-06,19:45:00,Verona,Atalanta,3,1,2,0,H,H,5.0,4.0,1.67,1.93,1.93
I1,2025-12-07,11:30:00,Cremonese,Lecce,2,0,0,0,H,D,2.4,3.1,3.2,2.5,1.53
I1,2025-12-07,14:00:00,Cagliari,Roma,1,0,0,0,H,D,5.25,3.6,1.67,2.2,1.67
I1,2025-12-07,17:00:00,Lazio,Bologna,1,1,1,1,D,D,2.6,3.1,2.9,2.5,1.53
I1,2025-12-07,19:45:00,Napoli,Juventus,2,1,1,0,H,H,2.35,3.0,3.2,2.5,1.53
I1,2025-12-08,14:00:00,Pisa,Parma,0,1,0,1,A,A,2.4,3.0,3.3,2.5,1.53
I1,2025-12-08,17:00:00,Udinese,Genoa,1,2,0,1,A,A,2.4,3.0,3.3,2.5,1.53
I1,2025-12-08,19:45:00,Torino,Milan,2,3,2,1,A,H,4.5,3.6,1.8,2.0,1.8
I1,2025-12-12,19:45:00,Lecce,Pisa,1,0,0,0,H,D,2.5,2.88,3.3,2.75,1.44
I1,2025-12-13,14:00:00,Torino,Cremonese,1,0,1,0,H,H,1.95,3.25,4.2,2.2,1.67
I1,2025-12-13,17:00:00,Parma,Lazio,0,1,0,0,A,D,3.6,3.3,2.1,2.3,1.62
I1,2025-12-13,19:45:00,Atalanta,Cagliari,2,1,1,0,H,H,1.33,5.0,9.5,1.73,2.1
I1,2025-12-14,11:30:00,Milan,Sassuolo,2,2,1,1,D,D,1.42,4.33,8.0,1.83,2.03
I1,2025-12-14,14:00:00,Fiorentina,Verona,1,2,0,1,A,A,1.8,3.4,4.75,2.2,1.67
I1,2025-12-14,14:00:00,Udinese,Napoli,1,0,0,0,H,D,4.5,3.4,1.85,2.3,1.62
I1,2025-12-14,17:00:00,Genoa,Inter,1,2,0,2,A,A,6.5,4.2,1.5,2.0,1.8
I1,2025-12-14,19:45:00,Bologna,Juventus,0,1,0,0,A,D,2.88,3.25,2.5,2.2,1.67
I1,2025-12-15,19:45:00,Roma,Como,1,0,0,0,H,D,2.1,3.3,3.6,2.2,1.67
I1,2025-12-20,17:00:00,Lazio,Cremonese,0,0,0,0,D,D,1.62,3.8,5.75,2.1,1.73
I1,2025-12-20,19:45:00,Juventus,Roma,2,1,1,0,H,H,1.95,3.2,4.33,2.3,1.62
I1,2025-12-21,11:30:00,Cagliari,Pisa,2,2,0,1,D,A,2.15,3.1,3.75,2.38,1.57
I1,2025-12-21,14:00:00,Sassuolo,Torino,0,1,0,0,A,D,2.3,3.2,3.3,2.2,1.67
I1,2025-12-21,17:00:00,Fiorentina,Udinese,5,1,3,0,H,H,2.2,3.3,3.4,2.1,1.73
I1,2025-12-21,19:45:00,Genoa,Atalanta,0,1,0,0,A,D,4.0,3.4,1.95,2.1,1.73
I1,2025-12-27,11:30:00,Parma,Fiorentina,1,0,0,0,H,D,3.5,3.0,2.25,2.2,1.67
I1,2025-12-27,14:00:00,Lecce,Como,0,3,0,1,A,A,4.75,3.3,1.8,2.3,1.62
I1,2025-12-27,14:00:00,Torino,Cagliari,1,2,1,1,A,D,1.91,3.2,4.2,2.2,1.67
I1,2025-12-27,17:00:00,Udinese,Lazio,1,1,0,0,D,D,3.1,3.0,2.45,2.3,1.62
I1,2025-12-27,19:45:00,Pisa,Juventus,0,2,0,0,A,D,7.5,4.5,1.4,1.91,1.91
I1,2025-12-28,11:30:00,Milan,Verona,3,0,1,0,H,H,1.38,4.75,8.5,1.8,2.0
I1,2025-12-28,14:00:00,Cremonese,Napoli,0,2,0,2,A,A,6.25,3.9,1.55,2.1,1.73
I1,2025-12-28,17:00:00,Bologna,Sassuolo,1,1,0,0,D,D,1.75,3.6,4.75,2.0,1.8
I2,2025-08-22,19:30:00,Pescara,Cesena,1,3,1,1,A,D,3.6,3.2,2.1,2.2,1.65
I2,2025-08-23,18:00:00,Empoli,Padova,3,1,2,1,H,H,1.9,3.7,3.8,2.1,1.7
I2,2025-08-23,18:00:00,Virtus Entella,Juve Stabia,1,1,0,0,D,D,2.35,3.1,3.2,2.25,1.62
I2,2025-08-23,20:00:00,Monza,Mantova,1,0,0,0,H,D,1.8,3.75,4.1,2.03,1.78
I2,2025-08-23,20:00:00,Palermo,Reggiana,2,1,1,0,H,H,1.75,3.6,4.75,2.05,1.75
I2,2025-08-24,18:00:00,Spezia,Carrarese,0,2,0,1,A,A,1.7,3.6,5.0,2.05,1.75
I2,2025-08-24,18:00:00,Venezia,Bari,2,1,2,1,H,H,2.05,3.25,3.9,2.25,1.62
I2,2025-08-24,20:00:00,Catanzaro,Sudtirol,1,1,0,1,D,A,2.3,3.1,3.3,2.35,1.57
I2,2025-08-24,20:00:00,Frosinone,Avellino,2,0,2,0,H,H,2.25,3.2,3.25,2.25,1.62
I2,2025-08-25,19:30:00,Sampdoria,Modena,0,2,0,0,A,D,2.2,3.0,3.6,2.4,1.53
I2,2025-08-29,19:30:00,Reggiana,Empoli,3,1,1,1,H,D,3.25,3.0,2.3,2.5,1.5
I2,2025-08-30,18:00:00,Juve Stabia,Venezia,0,0,0,0,D,D,2.85,3.1,2.45,2.4,1.53
I2,2025-08-30,18:00:00,Mantova,Pescara,2,1,1,0,H,H,2.2,3.25,3.25,1.98,1.83
I2,2025-08-30,20:00:00,Cesena,Virtus Entella,1,1,0,0,D,D,1.96,3.1,4.2,2.4,1.53
I2,2025-08-30,20:00:00,Palermo,Frosinone,0,0,0,0,D,D,1.76,3.25,5.0,2.0,1.8
I2,2025-08-30,20:00:00,Spezia,Catanzaro,0,0,0,0,D,D,1.91,3.4,3.8,2.2,1.65
I2,2025-08-31,18:00:00,Carrarese,Padova,0,0,0,0,D,D,2.15,3.1,3.5,2.3,1.6
I2,2025-08-31,18:00:00,Sudtirol,Sampdoria,3,1,3,0,H,H,2.45,3.2,2.82,2.25,1.62
I2,2025-08-31,20:00:00,Bari,Monza,1,1,1,1,D,D,3.1,3.0,2.4,2.35,1.57
I2,2025-08-31,20:00:00,Modena,Avellino,1,1,0,0,D,D,2.15,3.2,3.4,2.1,1.7
I2,2025-09-12,19:30:00,Avellino,Monza,2,1,1,0,H,H,3.9,3.1,1.96,2.25,1.62
I2,2025-09-13,14:00:00,Juve Stabia,Reggiana,0,0,0,0,D,D,2.1,3.0,3.9,2.4,1.53
I2,2025-09-13,14:00:00,Modena,Bari,3,0,1,0,H,H,2.3,3.2,3.25,2.35,1.57
I2,2025-09-13,14:00:00,Padova,Frosinone,0,1,0,1,A,A,2.4,2.82,3.3,2.35,1.57
I2,2025-09-13,14:00:00,Pescara,Venezia,2,2,0,1,D,A,4.33,3.6,1.79,2.08,1.73
I2,2025-09-13,16:15:00,Catanzaro,Carrarese,1,1,0,0,D,D,2.32,2.85,3.4,2.4,1.53
I2,2025-09-13,18:30:00,Sampdoria,Cesena,1,2,0,1,A,A,2.5,3.0,3.0,2.7,1.44
I2,2025-09-14,14:00:00,Virtus Entella,Mantova,1,0,1,0,H,H,2.05,3.2,3.6,2.15,1.67
I2,2025-09-14,16:15:00,Sudtirol,Palermo,0,2,0,1,A,A,3.6,3.2,2.05,2.15,1.67
I2,2025-09-14,18:30:00,Empoli,Spezia,1,1,0,1,D,A,2.3,3.1,3.2,2.5,1.5
I2,2025-09-19,18:00:00,Frosinone,Sudtirol,2,2,2,0,D,H,2.05,3.2,3.5,2.3,1.6
I2,2025-09-19,20:00:00,Palermo,Bari,2,0,0,0,H,D,1.62,3.5,5.75,2.0,1.8
I2,2025-09-20,14:00:00,Reggiana,Catanzaro,2,2,1,1,D,D,2.35,3.2,3.0,2.25,1.62
I2,2025-09-20,14:00:00,Spezia,Juve Stabia,1,3,0,2,A,A,1.91,3.2,4.1,2.5,1.5
I2,2025-09-20,14:00:00,Venezia,Cesena,1,2,0,0,A,D,1.86,3.4,4.1,2.15,1.67
I2,2025-09-20,16:15:00,Monza,Sampdoria,1,0,0,0,H,D,1.81,3.3,4.5,2.1,1.7
I2,2025-09-20,18:30:00,Mantova,Modena,1,3,1,2,A,A,2.82,3.2,2.4,2.1,1.7
I2,2025-09-21,14:00:00,Carrarese,Avellino,3,4,2,2,A,D,2.1,3.0,3.75,2.25,1.62
I2,2025-09-21,16:15:00,Pescara,Empoli,4,0,0,0,H,D,3.3,3.2,2.2,2.25,1.62
I2,2025-09-21,18:30:00,Padova,Virtus Entella,2,1,0,1,H,A,2.35,3.1,3.1,2.5,1.5
I2,2025-09-26,19:30:00,Catanzaro,Juve Stabia,2,2,0,2,D,A,2.82,3.0,2.57,2.3,1.6
I2,2025-09-27,14:00:00,Avellino,Virtus Entella,2,0,1,0,H,H,2.57,3.1,2.7,2.4,1.53
I2,2025-09-27,14:00:00,Cesena,Palermo,1,1,1,0,D,H,2.75,3.0,2.65,2.25,1.62
I2,2025-09-27,14:00:00,Mantova,Frosinone,1,5,0,4,A,A,2.45,3.25,2.75,1.98,1.83
I2,2025-09-27,14:00:00,Sudtirol,Reggiana,3,1,2,0,H,H,2.05,3.3,3.5,2.2,1.65
I2,2025-09-27,14:00:00,Venezia,Spezia,2,0,1,0,H,H,2.15,3.2,3.4,2.15,1.67
I2,2025-09-27,16:15:00,Monza,Padova,0,1,0,0,A,D,1.66,3.6,5.0,2.25,1.62
I2,2025-09-27,18:30:00,Bari,Sampdoria,1,1,1,1,D,D,2.25,3.0,3.4,2.25,1.62
I2,2025-09-28,16:15:00,Modena,Pescara,2,1,0,1,H,A,1.53,4.1,5.25,2.0,1.8
I2,2025-09-28,18:30:00,Empoli,Carrarese,2,2,1,1,D,D,2.05,3.2,3.7,2.3,1.6
I2,2025-09-30,19:30:00,Frosinone,Cesena,3,1,0,0,H,D,2.55,3.0,2.82,2.1,1.7
I2,2025-09-30,19:30:00,Juve Stabia,Mantova,2,1,2,0,H,H,1.57,3.9,5.25,2.0,1.8
I2,2025-09-30,19:30:00,Padova,Avellino,2,2,2,2,D,D,2.15,3.0,3.6,2.5,1.5
I2,2025-09-30,19:30:00,Palermo,Venezia,0,0,0,0,D,D,2.05,3.3,3.5,2.0,1.8
I2,2025-09-30,19:30:00,Reggiana,Spezia,1,1,0,1,D,A,4.2,3.2,1.91,2.4,1.53
I2,2025-09-30,19:30:00,Virtus Entella,Bari,2,2,0,1,D,A,2.15,3.1,3.4,2.4,1.53
I2,2025-10-01,19:30:00,Carrarese,Modena,0,0,0,0,D,D,2.82,3.1,2.55,2.3,1.6
I2,2025-10-01,19:30:00,Empoli,Monza,1,1,0,0,D,D,2.82,3.1,2.55,2.35,1.57
I2,2025-10-01,19:30:00,Pescara,Sudtirol,1,1,0,0,D,D,2.82,3.1,2.45,2.2,1.65
I2,2025-10-01,19:30:00,Sampdoria,Catanzaro,0,0,0,0,D,D,2.1,3.25,3.4,2.35,1.57
I2,2025-10-04,14:00:00,Avellino,Mantova,0,0,0,0,D,D,1.96,3.4,3.7,2.0,1.8
I2,2025-10-04,14:00:00,Bari,Padova,2,1,0,0,H,D,2.1,3.2,3.5,2.25,1.62
I2,2025-10-04,14:00:00,Monza,Catanzaro,2,1,1,1,H,D,1.76,3.5,4.5,2.25,1.62
I2,2025-10-04,14:00:00,Venezia,Frosinone,3,0,2,0,H,H,1.66,3.75,4.75,1.98,1.83
I2,2025-10-04,16:15:00,Spezia,Palermo,1,2,0,1,A,A,2.82,3.0,2.55,2.5,1.5
I2,2025-10-04,18:30:00,Cesena,Reggiana,1,2,1,2,A,A,1.62,3.8,4.75,2.05,1.75
I2,2025-10-05,14:00:00,Carrarese,Juve Stabia,3,0,1,0,H,H,2.5,3.1,2.82,2.35,1.57
I2,2025-10-05,14:00:00,Sudtirol,Empoli,1,2,1,0,A,H,2.3,3.0,3.25,2.3,1.6
I2,2025-10-05,16:15:00,Sampdoria,Pescara,4,1,0,1,H,A,1.79,3.4,4.5,2.35,1.57
I2,2025-10-05,18:30:00,Modena,Virtus Entella,2,0,0,0,H,D,1.76,3.4,5.0,2.35,1.57
I2,2025-10-17,19:30:00,Virtus Entella,Sampdoria,3,1,2,0,H,H,2.57,2.85,2.85,2.88,1.4
I2,2025-10-18,14:00:00,Frosinone,Monza,0,1,0,1,A,A,2.57,3.2,2.7,2.1,1.7
I2,2025-10-18,14:00:00,Mantova,Sudtirol,1,1,0,1,D,A,2.57,3.25,2.57,2.0,1.8
I2,2025-10-18,14:00:00,Pescara,Carrarese,2,2,0,1,D,A,3.3,2.95,2.3,2.2,1.65
I2,2025-10-18,14:00:00,Reggiana,Bari,3,1,1,1,H,D,2.82,2.95,2.57,2.2,1.65
I2,2025-10-18,16:15:00,Juve Stabia,Avellino,2,0,2,0,H,H,2.01,3.05,3.9,2.4,1.53
I2,2025-10-18,18:30:00,Spezia,Cesena,1,2,1,2,A,A,2.1,3.25,3.5,2.35,1.57
I2,2025-10-19,14:00:00,Palermo,Modena,1,1,1,0,D,H,2.05,3.2,3.6,2.1,1.7
I2,2025-10-19,16:15:00,Empoli,Venezia,1,1,1,1,D,D,2.75,3.05,2.55,2.25,1.62
I2,2025-10-19,18:30:00,Catanzaro,Padova,0,1,0,1,A,A,2.15,3.2,3.4,2.4,1.53
I2,2025-10-24,19:30:00,Modena,Empoli,2,1,1,1,H,D,1.68,3.4,5.0,2.15,1.67
I2,2025-10-25,14:00:00,Avellino,Spezia,0,4,0,0,A,D,2.65,2.95,2.65,2.4,1.53
I2,2025-10-25,14:00:00,Monza,Reggiana,3,1,3,1,H,H,1.49,3.75,7.0,1.98,1.83
I2,2025-10-25,14:00:00,Sampdoria,Frosinone,1,1,0,1,D,A,2.25,3.05,3.3,2.2,1.65
I2,2025-10-25,14:00:00,Sudtirol,Cesena,0,1,0,1,A,A,2.75,3.25,2.45,2.05,1.75
I2,2025-10-25,14:00:00,Virtus Entella,Pescara,1,1,0,0,D,D,1.79,3.5,4.33,2.15,1.67
I2,2025-10-25,16:15:00,Carrarese,Venezia,3,2,1,1,H,D,2.95,3.2,2.35,2.1,1.7
I2,2025-10-25,18:30:00,Catanzaro,Palermo,1,0,1,0,H,H,3.4,3.2,2.15,2.15,1.67
I2,2025-10-26,14:00:00,Padova,Juve Stabia,2,2,1,1,D,D,2.57,2.95,2.85,2.5,1.5
I2,2025-10-26,16:15:00,Bari,Mantova,1,0,0,0,H,D,2.05,3.2,3.7,1.9,1.9
I2,2025-10-28,19:30:00,Cesena,Carrarese,2,1,1,0,H,H,1.96,3.2,4.0,2.1,1.7
I2,2025-10-28,19:30:00,Empoli,Sampdoria,1,1,0,0,D,D,2.3,2.95,3.2,2.4,1.53
I2,2025-10-28,19:30:00,Frosinone,Virtus Entella,4,0,1,0,H,H,2.2,3.05,3.4,2.25,1.62
I2,2025-10-28,19:30:00,Palermo,Monza,0,3,0,1,A,A,2.25,2.85,3.4,2.2,1.65
I2,2025-10-28,19:30:00,Pescara,Avellino,1,1,1,1,D,D,2.95,3.05,2.35,2.25,1.62
I2,2025-10-28,19:30:00,Reggiana,Modena,1,0,1,0,H,H,4.2,3.3,1.86,2.25,1.62
I2,2025-10-29,19:30:00,Mantova,Catanzaro,1,3,1,0,A,H,2.45,3.25,2.75,2.0,1.8
I2,2025-10-29,19:30:00,Spezia,Padova,1,1,1,0,D,H,1.81,3.3,4.5,2.25,1.62
I2,2025-10-29,19:30:00,Venezia,Sudtirol,3,0,2,0,H,H,1.71,3.9,4.2,1.93,1.88
I2,2025-11-01,11:30:00,Avellino,Reggiana,4,3,1,1,H,D,1.81,3.5,4.2,2.2,1.65
I2,2025-11-01,14:00:00,Carrarese,Frosinone,0,2,0,1,A,A,2.45,3.25,2.75,1.98,1.83
I2,2025-11-01,14:00:00,Padova,Sudtirol,1,1,0,1,D,A,2.4,2.95,3.05,2.35,1.57
I2,2025-11-01,16:15:00,Virtus Entella,Empoli,1,0,0,0,H,D,2.35,2.95,3.2,2.3,1.6
I2,2025-11-01,18:30:00,Palermo,Pescara,5,0,1,0,H,H,1.45,4.75,5.75,1.7,2.1
I2,2025-11-02,14:00:00,Bari,Cesena,1,0,0,0,H,D,2.85,3.05,2.45,2.25,1.62
I2,2025-11-02,14:00:00,Catanzaro,Venezia,2,1,0,0,H,D,3.3,3.05,2.2,2.08,1.73
I2,2025-11-02,14:00:00,Modena,Juve Stabia,3,0,1,0,H,H,1.91,3.3,4.0,2.4,1.53
I2,2025-11-02,16:15:00,Monza,Spezia,1,0,0,0,H,D,2.05,3.05,3.75,2.6,1.48
I2,2025-11-02,18:30:00,Sampdoria,Mantova,0,1,0,0,A,D,1.91,3.4,3.9,2.03,1.78
I2,2025-11-07,19:30:00,Spezia,Bari,1,1,1,1,D,D,1.86,3.2,4.33,2.5,1.5
I2,2025-11-08,14:00:00,Empoli,Catanzaro,1,0,0,0,H,D,2.25,3.05,3.3,2.25,1.62
I2,2025-11-08,14:00:00,Frosinone,Modena,2,2,1,0,D,H,2.75,3.05,2.5,2.15,1.67
I2,2025-11-08,14:00:00,Mantova,Padova,1,0,0,0,H,D,2.2,3.2,3.25,2.05,1.75
I2,2025-11-08,14:00:00,Reggiana,Virtus Entella,0,0,0,0,D,D,2.55,2.95,2.85,2.4,1.53
I2,2025-11-08,14:00:00,Sudtirol,Carrarese,1,1,0,0,D,D,2.25,3.2,3.05,2.15,1.67
I2,2025-11-08,16:15:00,Juve Stabia,Palermo,1,0,1,0,H,H,2.95,3.05,2.32,2.35,1.57
I2,2025-11-08,18:30:00,Venezia,Sampdoria,3,1,2,0,H,H,1.66,3.6,5.0,2.05,1.75
I2,2025-11-09,14:00:00,Cesena,Avellino,3,0,2,0,H,H,1.71,3.6,4.5,2.15,1.67
I2,2025-11-09,16:15:00,Pescara,Monza,0,2,0,1,A,A,5.0,3.6,1.66,2.15,1.67
I2,2025-11-21,19:30:00,Catanzaro,Pescara,3,3,1,2,D,A,1.66,3.4,5.5,2.1,1.7
I2,2025-11-22,14:00:00,Avellino,Empoli,0,3,0,2,A,A,2.15,3.05,3.6,2.25,1.62
I2,2025-11-22,14:00:00,Carrarese,Reggiana,0,0,0,0,D,D,1.86,3.4,4.1,2.05,1.75
I2,2025-11-22,14:00:00,Virtus Entella,Palermo,1,1,1,0,D,H,2.85,3.05,2.5,2.2,1.65
I2,2025-11-22,16:15:00,Padova,Venezia,0,2,0,1,A,A,4.2,3.5,1.79,2.15,1.67
I2,2025-11-22,18:30:00,Bari,Frosinone,2,3,2,3,A,A,2.7,3.2,2.55,2.05,1.75
I2,2025-11-23,14:00:00,Mantova,Spezia,4,1,1,1,H,D,2.65,3.2,2.65,2.15,1.67
I2,2025-11-23,14:00:00,Modena,Sudtirol,0,0,0,0,D,D,1.62,3.5,5.5,2.15,1.67
I2,2025-11-23,16:15:00,Monza,Cesena,1,0,1,0,H,H,1.76,3.5,4.5,2.3,1.6
I2,2025-11-24,19:30:00,Sampdoria,Juve Stabia,1,0,0,0,H,D,2.57,2.95,2.82,2.5,1.5
I2,2025-11-28,19:30:00,Cesena,Modena,1,0,1,0,H,H,3.3,2.82,2.4,2.4,1.53
I2,2025-11-29,14:00:00,Empoli,Bari,5,0,1,0,H,H,2.1,3.05,3.6,2.25,1.62
I2,2025-11-29,14:00:00,Pescara,Padova,0,1,0,0,A,D,2.82,2.95,2.57,2.08,1.73
I2,2025-11-29,14:00:00,Reggiana,Frosinone,0,1,0,0,A,D,3.3,3.3,2.15,1.9,1.9
I2,2025-11-29,14:00:00,Sudtirol,Avellino,0,1,0,1,A,A,1.96,3.2,4.0,2.2,1.65
I2,2025-11-29,14:00:00,Venezia,Mantova,3,0,1,0,H,H,1.46,4.5,5.75,1.7,2.1
I2,2025-11-29,16:15:00,Catanzaro,Virtus Entella,3,2,2,2,H,D,2.45,3.05,2.85,2.3,1.6
I2,2025-11-29,18:30:00,Palermo,Carrarese,5,0,2,0,H,H,1.68,3.4,5.25,1.85,1.95
I2,2025-11-30,14:00:00,Juve Stabia,Monza,2,2,1,1,D,D,3.5,2.85,2.25,2.5,1.5
I2,2025-11-30,16:15:00,Spezia,Sampdoria,1,0,0,0,H,D,2.25,3.05,3.2,2.35,1.57
I2,2025-12-04,18:30:00,Juve Stabia,Bari,0,0,0,0,D,D,1.86,3.2,4.5,2.4,1.53
I2,2025-12-07,16:15:00,Empoli,Palermo,1,3,0,2,A,A,3.05,3.2,2.32,2.15,1.67
I2,2025-12-07,18:30:00,Sampdoria,Carrarese,3,2,2,2,H,D,2.01,3.2,3.8,2.15,1.67
I2,2025-12-08,11:30:00,Modena,Catanzaro,1,2,1,0,A,H,1.66,3.5,5.25,2.05,1.75
I2,2025-12-08,14:00:00,Avellino,Venezia,1,1,1,0,D,H,4.5,3.7,1.71,1.95,1.85
I2,2025-12-08,14:00:00,Frosinone,Juve Stabia,3,0,1,0,H,H,2.01,3.3,3.6,2.08,1.73
I2,2025-12-08,14:00:00,Mantova,Reggiana,0,1,0,0,A,D,2.01,3.4,3.6,1.95,1.85
I2,2025-12-08,14:00:00,Monza,Sudtirol,1,1,1,0,D,H,1.51,3.75,6.5,2.1,1.7
I2,2025-12-08,14:00:00,Padova,Cesena,1,1,0,0,D,D,3.25,2.82,2.4,2.5,1.5
I2,2025-12-08,16:15:00,Bari,Pescara,1,1,0,1,D,A,1.91,3.3,4.1,2.15,1.67
I2,2025-12-08,18:30:00,Virtus Entella,Spezia,0,1,0,0,A,D,2.3,3.05,3.2,2.35,1.57
I2,2025-12-12,19:30:00,Palermo,Sampdoria,1,0,1,0,H,H,1.62,3.75,5.25,2.05,1.75
I2,2025-12-13,14:00:00,Juve Stabia,Empoli,2,0,1,0,H,H,2.2,2.85,3.5,2.4,1.53
I2,2025-12-13,14:00:00,Reggiana,Padova,1,2,0,1,A,A,2.25,3.05,3.3,2.4,1.53
I2,2025-12-13,14:00:00,Spezia,Modena,0,2,0,1,A,A,3.4,3.2,2.2,2.25,1.62
I2,2025-12-13,14:00:00,Sudtirol,Bari,0,0,0,0,D,D,1.91,3.2,4.2,2.2,1.65
I2,2025-12-13,14:00:00,Venezia,Monza,2,0,0,0,H,D,2.2,2.95,3.5,2.15,1.67
I2,2025-12-13,16:15:00,Catanzaro,Avellino,1,0,0,0,H,D,1.81,3.6,3.9,2.0,1.8
I2,2025-12-13,18:30:00,Cesena,Mantova,3,2,1,2,H,A,1.71,3.5,4.75,1.95,1.85
I2,2025-12-14,14:00:00,Carrarese,Virtus Entella,3,1,0,0,H,D,2.55,3.05,2.82,2.2,1.65
I2,2025-12-14,16:15:00,Pescara,Frosinone,1,2,1,1,A,D,3.7,3.9,1.81,1.7,2.1
I2,2025-12-19,19:30:00,Bari,Catanzaro,1,2,0,1,A,A,2.95,2.95,2.5,2.25,1.62
I2,2025-12-20,14:00:00,Cesena,Juve Stabia,1,1,1,1,D,D,2.01,3.05,4.1,2.4,1.53
I2,2025-12-20,14:00:00,Frosinone,Spezia,2,1,1,0,H,H,1.76,3.6,4.2,1.9,1.9
I2,2025-12-20,14:00:00,Modena,Venezia,1,2,0,1,A,A,2.25,3.2,3.2,2.15,1.67
I2,2025-12-20,14:00:00,Monza,Carrarese,4,1,2,0,H,H,1.56,3.75,5.75,2.0,1.8
I2,2025-12-20,14:00:00,Padova,Sampdoria,1,1,0,1,D,A,2.7,2.95,2.7,2.4,1.53
I2,2025-12-20,16:15:00,Avellino,Palermo,2,2,1,0,D,H,4.33,3.6,1.76,2.0,1.8
I2,2025-12-20,18:30:00,Pescara,Reggiana,2,1,1,1,H,D,2.55,3.2,2.7,2.08,1.73
I2,2025-12-21,14:00:00,Virtus Entella,Sudtirol,1,1,1,0,D,H,2.2,2.95,3.5,2.25,1.62
I2,2025-12-21,16:15:00,Mantova,Empoli,0,1,0,0,A,D,2.7,2.95,2.7,2.08,1.73
I2,2025-12-26,16:15:00,Modena,Monza,1,2,1,0,A,H,2.25,3.05,3.05,2.4,1.53
I2,2025-12-27,11:30:00,Spezia,Pescara,2,1,1,1,H,D,1.66,3.5,4.5,1.85,1.95
I2,2025-12-27,14:00:00,Carrarese,Mantova,0,0,0,0,D,D,2.05,3.3,3.3,1.93,1.88
I2,2025-12-27,14:00:00,Catanzaro,Cesena,2,0,1,0,H,H,2.5,2.95,2.85,2.2,1.65
I2,2025-12-27,14:00:00,Empoli,Frosinone,1,1,1,1,D,D,2.4,3.2,2.7,1.98,1.83
I2,2025-12-27,14:00:00,Juve Stabia,Sudtirol,1,0,1,0,H,H,2.1,3.05,3.6,2.35,1.57
I2,2025-12-27,14:00:00,Sampdoria,Reggiana,2,1,1,1,H,D,1.86,3.25,3.9,2.2,1.65
I2,2025-12-27,14:00:00,Venezia,Virtus Entella,1,0,1,0,H,H,1.41,4.0,7.5,1.85,1.95
I2,2025-12-27,16:15:00,Palermo,Padova,1,0,1,0,H,H,1.46,3.8,6.5,1.95,1.85
I2,2025-12-27,18:30:00,Bari,Avellino,1,1,0,0,D,D,2.15,3.05,3.2,2.2,1.65
F1,2025-08-15,19:45:00,Rennes,Marseille,1,0,0,0,H,D,3.5,3.6,2.05,1.88,1.98
F1,2025-08-16,16:00:00,Lens,Lyon,0,1,0,1,A,A,2.3,3.6,2.9,1.67,2.2
F1,2025-08-16,18:00:00,Monaco,Le Havre,3,1,1,0,H,H,1.33,5.25,8.0,1.53,2.5
F1,2025-08-16,20:05:00,Nice,Toulouse,0,1,0,0,A,D,2.1,3.3,3.6,2.0,1.85
F1,2025-08-17,14:00:00,Brest,Lille,3,3,1,2,D,A,3.3,3.4,2.2,1.9,1.95
F1,2025-08-17,16:15:00,Angers,Paris FC,1,0,1,0,H,H,2.63,3.2,2.8,2.2,1.67
F1,2025-08-17,16:15:00,Auxerre,Lorient,1,0,0,0,H,D,2.38,3.3,3.0,1.9,1.95
F1,2025-08-17,16:15:00,Metz,Strasbourg,0,1,0,0,A,D,3.2,3.4,2.25,1.88,1.98
F1,2025-08-17,19:45:00,Nantes,Paris SG,0,1,0,0,A,D,7.5,5.5,1.36,1.44,2.75
F1,2025-08-22,19:45:00,Paris SG,Angers,1,0,0,0,H,D,1.08,12.0,21.0,1.25,4.0
F1,2025-08-23,16:00:00,Marseille,Paris FC,5,2,2,1,H,H,1.38,5.0,7.5,1.65,2.2
F1,2025-08-23,18:00:00,Nice,Auxerre,3,1,2,1,H,H,1.62,4.2,5.0,1.73,2.08
F1,2025-08-23,20:05:00,Lyon,Metz,3,0,2,0,H,H,1.4,5.0,7.0,1.53,2.5
F1,2025-08-24,14:00:00,Lorient,Rennes,4,0,1,0,H,H,2.8,3.3,2.55,1.98,1.88
F1,2025-08-24,16:15:00,Le Havre,Lens,1,2,1,2,A,A,3.75,3.6,1.95,1.85,2.0
F1,2025-08-24,16:15:00,Strasbourg,Nantes,1,0,0,0,H,D,1.75,3.5,5.0,1.93,1.93
F1,2025-08-24,16:15:00,Toulouse,Brest,2,0,0,0,H,D,2.1,3.6,3.3,1.93,1.93
F1,2025-08-24,19:45:00,Lille,Monaco,1,0,0,0,H,D,3.1,3.6,2.2,1.67,2.15
F1,2025-08-29,19:45:00,Lens,Brest,3,1,0,1,H,A,1.85,3.75,4.0,1.8,2.0
F1,2025-08-30,16:00:00,Lorient,Lille,1,7,0,0,A,D,3.4,3.5,2.1,1.88,1.98
F1,2025-08-30,18:00:00,Nantes,Auxerre,1,0,1,0,H,H,2.2,3.4,3.25,2.2,1.67
F1,2025-08-30,20:05:00,Toulouse,Paris SG,3,6,1,4,A,A,8.5,5.25,1.33,1.57,2.38
F1,2025-08-31,14:00:00,Angers,Rennes,1,1,0,1,D,A,3.4,3.5,2.1,2.05,1.8
F1,2025-08-31,16:15:00,Le Havre,Nice,3,1,1,0,H,H,3.6,3.5,2.05,1.88,1.98
F1,2025-08-31,16:15:00,Monaco,Strasbourg,3,2,1,0,H,H,1.55,4.33,5.5,1.62,2.3
F1,2025-08-31,16:15:00,Paris FC,Metz,3,2,1,1,H,D,1.8,3.7,4.33,1.98,1.88
F1,2025-08-31,19:45:00,Lyon,Marseille,1,0,0,0,H,D,2.63,3.6,2.5,1.53,2.4
F1,2025-09-12,19:45:00,Marseille,Lorient,4,0,3,0,H,H,1.38,5.0,7.5,1.5,2.63
F1,2025-09-13,16:00:00,Nice,Nantes,1,0,0,0,H,D,1.67,3.7,5.25,1.9,1.95
F1,2025-09-13,20:05:00,Auxerre,Monaco,1,2,0,1,A,A,5.0,4.33,1.6,1.53,2.5
F1,2025-09-14,14:00:00,Lille,Toulouse,2,1,0,0,H,D,1.75,3.8,4.5,1.8,2.0
F1,2025-09-14,16:15:00,Brest,Paris FC,1,2,0,2,A,A,2.25,3.5,3.1,1.73,2.1
F1,2025-09-14,16:15:00,Metz,Angers,1,1,1,0,D,H,2.25,3.4,3.2,2.1,1.73
F1,2025-09-14,16:15:00,Paris SG,Lens,2,0,1,0,H,H,1.33,5.75,7.5,1.36,3.2
F1,2025-09-14,16:15:00,Strasbourg,Le Havre,1,0,0,0,H,D,1.62,4.0,5.5,1.8,2.0
F1,2025-09-14,19:45:00,Rennes,Lyon,3,1,0,1,H,A,2.63,3.6,2.55,1.73,2.1
F1,2025-09-19,19:45:00,Lyon,Angers,1,0,0,0,H,D,1.44,4.33,7.0,1.8,2.0
F1,2025-09-20,16:00:00,Nantes,Rennes,2,2,0,2,D,A,3.5,3.4,2.1,2.05,1.8
F1,2025-09-20,18:00:00,Brest,Nice,4,1,2,1,H,H,2.63,3.5,2.6,1.73,2.1
F1,2025-09-20,20:05:00,Lens,Lille,3,0,2,0,H,H,2.38,3.5,2.9,1.8,2.0
F1,2025-09-21,14:00:00,Paris FC,Strasbourg,2,3,0,1,A,A,2.35,3.5,2.9,1.73,2.1
F1,2025-09-21,16:15:00,Auxerre,Toulouse,1,0,1,0,H,H,2.75,3.2,2.7,2.05,1.8
F1,2025-09-21,16:15:00,Le Havre,Lorient,1,1,0,1,D,A,2.25,3.5,3.1,1.95,1.9
F1,2025-09-21,16:15:00,Monaco,Metz,5,2,1,1,H,D,1.27,6.0,10.0,1.36,3.2
F1,2025-09-22,22:00:00,Marseille,Paris SG,1,0,1,0,H,H,3.7,4.1,1.9,1.53,2.5
F1,2025-09-26,19:45:00,Strasbourg,Marseille,1,2,0,0,A,D,3.6,3.6,2.0,1.73,2.1
F1,2025-09-27,16:00:00,Lorient,Monaco,3,1,1,0,H,H,5.5,4.1,1.6,1.57,2.38
F1,2025-09-27,18:00:00,Toulouse,Nantes,2,2,0,1,D,A,1.7,3.5,5.5,2.1,1.73
F1,2025-09-27,20:05:00,Paris SG,Auxerre,2,0,1,0,H,H,1.14,8.0,15.0,1.3,3.5
F1,2025-09-28,14:00:00,Nice,Paris FC,1,1,1,0,D,H,1.85,3.75,4.0,1.62,2.3
F1,2025-09-28,16:15:00,Angers,Brest,0,2,0,2,A,A,3.1,3.25,2.38,2.0,1.85
F1,2025-09-28,16:15:00,Lille,Lyon,0,1,0,1,A,A,2.25,3.4,3.2,1.73,2.1
F1,2025-09-28,16:15:00,Metz,Le Havre,0,0,0,0,D,D,2.7,3.2,2.7,2.0,1.85
F1,2025-09-28,19:45:00,Rennes,Lens,0,0,0,0,D,D,2.5,3.4,2.75,1.73,2.1
F1,2025-10-03,19:45:00,Paris FC,Lorient,2,0,2,0,H,H,1.73,3.9,4.5,1.67,2.2
F1,2025-10-04,16:00:00,Metz,Marseille,0,3,0,0,A,D,6.25,5.0,1.45,1.62,2.3
F1,2025-10-04,18:00:00,Brest,Nantes,0,0,0,0,D,D,1.85,3.75,4.0,1.93,1.93
F1,2025-10-04,20:05:00,Auxerre,Lens,1,2,0,1,A,A,3.6,3.8,1.95,1.85,2.0
F1,2025-10-05,14:00:00,Lyon,Toulouse,1,2,1,0,A,H,1.9,3.7,4.0,1.8,2.0
F1,2025-10-05,16:15:00,Le Havre,Rennes,2,2,1,2,D,A,3.1,3.3,2.35,2.0,1.85
F1,2025-10-05,16:15:00,Monaco,Nice,2,2,1,2,D,A,1.9,3.7,3.9,1.57,2.38
F1,2025-10-05,16:15:00,Strasbourg,Angers,5,0,1,0,H,H,1.67,3.9,5.25,2.03,1.83
F1,2025-10-05,19:45:00,Lille,Paris SG,1,1,0,0,D,D,4.5,3.9,1.75,1.67,2.2
F1,2025-10-17,19:45:00,Paris SG,Strasbourg,3,3,1,2,D,A,1.3,6.0,8.5,1.44,2.75
F1,2025-10-18,16:00:00,Nice,Lyon,3,2,2,1,H,H,2.45,3.4,2.8,1.8,2.0
F1,2025-10-18,18:00:00,Angers,Monaco,1,1,0,0,D,D,5.5,4.0,1.62,1.67,2.2
F1,2025-10-18,20:05:00,Marseille,Le Havre,6,2,1,1,H,D,1.33,5.0,9.0,1.62,2.3
F1,2025-10-19,14:00:00,Lens,Paris FC,2,1,1,1,H,D,1.85,3.75,4.0,1.67,2.2
F1,2025-10-19,16:15:00,Lorient,Brest,3,3,1,2,D,A,2.38,3.25,3.0,1.98,1.88
F1,2025-10-19,16:15:00,Rennes,Auxerre,2,2,1,1,D,D,1.75,3.7,4.75,1.83,2.03
F1,2025-10-19,16:15:00,Toulouse,Metz,4,0,2,0,H,H,1.6,3.8,6.0,1.88,1.98
F1,2025-10-19,19:45:00,Nantes,Lille,0,2,0,1,A,A,4.5,3.6,1.8,1.9,1.95
F1,2025-10-24,19:45:00,Paris FC,Nantes,1,2,1,2,A,A,1.65,4.1,5.0,1.73,2.1
F1,2025-10-25,16:00:00,Brest,Paris SG,0,3,0,2,A,A,7.5,5.5,1.33,1.44,2.75
F1,2025-10-25,18:00:00,Monaco,Toulouse,1,0,1,0,H,H,1.83,3.9,4.0,1.62,2.3
F1,2025-10-25,20:05:00,Lens,Marseille,2,1,1,1,H,D,2.7,3.6,2.45,1.73,2.1
F1,2025-10-26,14:00:00,Lille,Metz,6,1,2,0,H,H,1.3,5.5,9.5,1.57,2.38
F1,2025-10-26,16:15:00,Angers,Lorient,2,0,1,0,H,H,2.55,3.2,2.88,2.3,1.62
F1,2025-10-26,16:15:00,Auxerre,Le Havre,0,1,0,0,A,D,2.1,3.4,3.5,2.0,1.8
F1,2025-10-26,16:15:00,Rennes,Nice,1,2,0,2,A,A,2.2,3.5,3.2,1.73,2.1
F1,2025-10-26,19:45:00,Lyon,Strasbourg,2,1,1,1,H,D,2.1,3.75,3.3,1.67,2.2
F1,2025-10-29,18:00:00,Le Havre,Brest,1,0,0,0,H,D,2.55,3.2,2.9,1.98,1.88
F1,2025-10-29,18:00:00,Lorient,Paris SG,1,1,0,0,D,D,9.5,6.5,1.25,1.44,2.75
F1,2025-10-29,18:00:00,Metz,Lens,2,0,0,0,H,D,6.25,4.5,1.5,1.67,2.2
F1,2025-10-29,18:00:00,Nice,Lille,2,0,1,0,H,H,3.0,3.5,2.3,1.73,2.1
F1,2025-10-29,20:05:00,Marseille,Angers,2,2,0,1,D,A,1.22,6.5,12.0,1.57,2.38
F1,2025-10-29,20:05:00,Nantes,Monaco,3,5,2,2,A,D,4.75,4.0,1.7,1.67,2.2
F1,2025-10-29,20:05:00,Paris FC,Lyon,3,3,0,1,D,A,2.7,3.5,2.5,1.67,2.2
F1,2025-10-29,20:05:00,Strasbourg,Auxerre,3,0,0,0,H,D,1.75,3.8,4.5,1.8,2.0
F1,2025-10-29,20:05:00,Toulouse,Rennes,2,2,0,0,D,D,2.15,3.5,3.3,1.93,1.93
F1,2025-11-01,16:00:00,Paris SG,Nice,1,0,0,0,H,D,1.25,6.0,10.0,1.36,3.2
F1,2025-11-01,18:00:00,Monaco,Paris FC,0,1,0,0,A,D,1.67,4.33,4.33,1.44,2.75
F1,2025-11-01,20:05:00,Auxerre,Marseille,0,1,0,1,A,A,4.75,4.0,1.67,1.67,2.2
F1,2025-11-02,14:00:00,Rennes,Strasbourg,4,1,2,0,H,H,2.25,3.6,3.0,1.67,2.2
F1,2025-11-02,16:15:00,Lens,Lorient,3,0,1,0,H,H,1.48,4.33,6.5,1.67,2.2
F1,2025-11-02,16:15:00,Lille,Angers,1,0,1,0,H,H,1.27,6.0,10.0,1.67,2.2
F1,2025-11-02,16:15:00,Nantes,Metz,0,2,0,0,A,D,1.91,3.6,4.0,1.95,1.9
F1,2025-11-02,16:15:00,Toulouse,Le Havre,0,0,0,0,D,D,1.75,3.7,4.75,2.0,1.85
F1,2025-11-02,19:45:00,Brest,Lyon,0,0,0,0,D,D,3.1,3.5,2.25,1.8,2.0
F1,2025-11-07,19:45:00,Paris FC,Rennes,0,1,0,0,A,D,2.2,3.5,3.2,1.8,2.0
F1,2025-11-08,16:00:00,Marseille,Brest,3,0,2,0,H,H,1.44,4.75,6.5,1.67,2.2
F1,2025-11-08,18:00:00,Le Havre,Nantes,1,1,0,1,D,A,1.9,3.3,4.5,2.2,1.67
F1,2025-11-08,20:05:00,Monaco,Lens,1,4,1,3,A,A,2.05,3.9,3.2,1.53,2.5
F1,2025-11-09,14:00:00,Lorient,Toulouse,1,1,1,0,D,H,3.0,3.3,2.4,2.1,1.73
F1,2025-11-09,16:15:00,Angers,Auxerre,2,0,0,0,H,D,2.55,3.1,2.9,2.3,1.62
F1,2025-11-09,16:15:00,Metz,Nice,2,1,0,1,H,A,3.3,3.6,2.1,1.73,2.1
F1,2025-11-09,16:15:00,Strasbourg,Lille,2,0,1,0,H,H,2.63,3.5,2.55,1.73,2.1
F1,2025-11-09,19:45:00,Lyon,Paris SG,2,3,1,2,A,A,4.2,3.9,1.8,1.62,2.3
F1,2025-11-21,19:45:00,Nice,Marseille,1,5,0,2,A,A,3.8,3.75,1.91,1.73,2.1
F1,2025-11-22,16:00:00,Lens,Strasbourg,1,0,0,0,H,D,2.05,3.75,3.4,1.67,2.2
F1,2025-11-22,18:00:00,Rennes,Monaco,4,1,1,0,H,H,2.63,3.7,2.45,1.57,2.38
F1,2025-11-22,20:05:00,Paris SG,Le Havre,3,0,1,0,H,H,1.18,7.5,12.0,1.5,2.63
F1,2025-11-23,14:00:00,Auxerre,Lyon,0,0,0,0,D,D,3.9,3.4,2.0,1.98,1.88
F1,2025-11-23,16:15:00,Brest,Metz,3,2,1,1,H,D,1.8,3.75,4.33,1.83,2.03
F1,2025-11-23,16:15:00,Nantes,Lorient,1,1,0,1,D,A,2.63,3.3,2.7,2.03,1.83
F1,2025-11-23,16:15:00,Toulouse,Angers,0,1,0,1,A,A,1.6,3.8,6.0,2.05,1.8
F1,2025-11-23,19:45:00,Lille,Paris FC,4,2,1,1,H,D,1.62,4.0,5.5,1.67,2.2
F1,2025-11-28,19:45:00,Metz,Rennes,0,1,0,1,A,A,4.0,3.6,1.85,1.67,2.2
F1,2025-11-29,16:00:00,Monaco,Paris SG,1,0,0,0,H,D,5.0,4.33,1.6,1.44,2.75
F1,2025-11-29,18:00:00,Paris FC,Auxerre,1,1,1,1,D,D,1.8,3.6,4.5,1.88,1.98
F1,2025-11-29,20:05:00,Marseille,Toulouse,2,2,0,1,D,A,1.6,3.9,6.0,1.8,2.0
F1,2025-11-30,14:00:00,Strasbourg,Brest,1,2,1,0,A,H,1.8,3.75,4.33,1.73,2.1
F1,2025-11-30,16:15:00,Angers,Lens,1,2,0,1,A,A,4.75,3.8,1.75,1.91,1.91
F1,2025-11-30,16:15:00,Le Havre,Lille,0,1,0,0,A,D,4.33,3.6,1.85,1.91,1.91
F1,2025-11-30,16:15:00,Lorient,Nice,3,1,2,1,H,H,2.45,3.3,2.88,1.8,2.0
F1,2025-11-30,19:45:00,Lyon,Nantes,3,0,0,0,H,D,1.42,4.75,7.0,1.73,2.1
F1,2025-12-05,18:00:00,Brest,Monaco,1,0,1,0,H,H,3.3,3.9,2.0,1.5,2.63
F1,2025-12-05,20:00:00,Lille,Marseille,1,0,1,0,H,H,2.3,3.6,2.9,1.73,2.1
F1,2025-12-06,16:00:00,Nantes,Lens,1,2,1,1,A,D,4.75,3.9,1.7,1.73,2.1
F1,2025-12-06,18:00:00,Toulouse,Strasbourg,1,0,1,0,H,H,2.5,3.4,2.8,1.93,1.93
F1,2025-12-06,20:05:00,Paris SG,Rennes,5,0,2,0,H,H,1.3,6.5,7.5,1.4,3.0
F1,2025-12-07,14:00:00,Nice,Angers,0,1,0,1,A,A,1.95,3.6,3.8,1.88,1.98
F1,2025-12-07,16:15:00,Auxerre,Metz,3,1,2,1,H,H,2.0,3.5,3.75,2.0,1.85
F1,2025-12-07,16:15:00,Le Havre,Paris FC,0,0,0,0,D,D,2.7,3.2,2.7,2.03,1.83
F1,2025-12-07,19:45:00,Lorient,Lyon,1,0,1,0,H,H,3.2,3.5,2.2,1.91,1.91
F1,2025-12-12,19:45:00,Angers,Nantes,4,1,1,0,H,H,2.15,3.2,3.6,2.38,1.57
F1,2025-12-13,16:00:00,Rennes,Brest,3,1,2,1,H,H,1.83,3.75,4.1,1.73,2.1
F1,2025-12-13,18:00:00,Metz,Paris SG,2,3,1,2,A,A,10.0,6.5,1.25,1.36,3.2
F1,2025-12-13,20:05:00,Paris FC,Toulouse,0,3,0,2,A,A,2.4,3.4,2.88,2.03,1.83
F1,2025-12-14,14:00:00,Lyon,Le Havre,1,0,0,0,H,D,1.6,4.1,5.25,1.91,1.91
F1,2025-12-14,16:15:00,Auxerre,Lille,3,4,0,1,A,A,4.5,3.6,1.8,1.93,1.93
F1,2025-12-14,16:15:00,Lens,Nice,2,0,1,0,H,H,1.48,4.5,6.25,1.53,2.5
F1,2025-12-14,16:15:00,Strasbourg,Lorient,0,0,0,0,D,D,1.73,3.7,4.75,1.8,2.0
F1,2025-12-14,19:45:00,Marseille,Monaco,1,0,0,0,H,D,1.9,3.75,3.75,1.5,2.63
F2,2025-08-09,13:00:00,Guingamp,Le Mans,3,3,0,2,D,A,1.67,3.5,4.5,1.95,1.85
F2,2025-08-09,19:00:00,Dunkerque,Clermont,2,2,1,2,D,A,2.1,3.1,3.2,2.15,1.67
F2,2025-08-09,19:00:00,Laval,St Etienne,3,3,2,2,D,D,2.8,3.3,2.2,1.9,1.9
F2,2025-08-09,19:00:00,Montpellier,Red Star,1,1,1,1,D,D,1.85,3.3,3.7,1.93,1.88
F2,2025-08-09,19:00:00,Pau FC,Annecy,2,0,1,0,H,H,2.3,3.2,2.75,1.98,1.83
F2,2025-08-09,19:00:00,Rodez,Nancy,0,0,0,0,D,D,2.05,3.25,3.25,2.03,1.78
F2,2025-08-09,19:00:00,Troyes,Grenoble,2,1,1,1,H,D,1.7,3.4,4.33,2.05,1.75
F2,2025-08-11,19:45:00,Amiens,Reims,2,2,1,1,D,D,4.33,3.3,1.73,2.1,1.7
F2,2025-08-15,19:00:00,Bastia,Pau FC,1,1,1,0,D,H,1.73,3.3,4.33,2.03,1.78
F2,2025-08-15,19:00:00,Clermont,Troyes,0,0,0,0,D,D,2.5,3.2,2.5,2.05,1.75
F2,2025-08-15,19:00:00,Grenoble,Laval,1,1,0,0,D,D,2.38,3.25,2.6,2.15,1.67
F2,2025-08-15,19:00:00,Nancy,Boulogne,1,0,1,0,H,H,1.73,3.5,4.0,2.15,1.67
F2,2025-08-15,19:00:00,Red Star,Amiens,1,3,0,1,A,A,1.83,3.4,3.6,2.1,1.7
F2,2025-08-16,13:00:00,Annecy,Dunkerque,2,2,2,1,D,H,2.8,3.25,2.2,2.2,1.65
F2,2025-08-16,13:00:00,Reims,Guingamp,1,0,1,0,H,H,1.95,3.3,3.5,2.2,1.65
F2,2025-08-16,19:00:00,St Etienne,Rodez,4,0,1,0,H,H,1.73,3.6,3.75,1.8,2.0
F2,2025-08-18,19:45:00,Le Mans,Montpellier,1,2,0,0,A,D,2.35,3.4,2.55,2.0,1.8
F2,2025-08-22,19:00:00,Amiens,Annecy,0,1,0,1,A,A,2.55,3.0,2.8,2.35,1.57
F2,2025-08-22,19:00:00,Clermont,Grenoble,2,1,0,0,H,D,2.15,3.2,3.25,2.03,1.78
F2,2025-08-22,19:00:00,Dunkerque,Nancy,1,3,1,2,A,A,2.1,3.1,3.2,2.25,1.62
F2,2025-08-22,19:00:00,Le Mans,Bastia,1,0,0,0,H,D,2.5,3.2,2.45,2.25,1.62
F2,2025-08-22,19:00:00,Rodez,Laval,1,1,1,0,D,H,2.2,3.25,2.9,1.93,1.88
F2,2025-08-23,13:00:00,Guingamp,Red Star,0,4,0,1,A,A,1.8,3.5,4.0,1.9,1.9
F2,2025-08-23,13:00:00,Troyes,Montpellier,1,0,1,0,H,H,2.2,3.4,2.7,2.03,1.78
F2,2025-08-23,19:00:00,Boulogne,St Etienne,0,1,0,0,A,D,,,,,
F2,2025-08-25,19:45:00,Pau FC,Reims,2,0,2,0,H,H,2.88,3.3,2.15,2.0,1.8
F2,2025-08-29,19:00:00,Dunkerque,Troyes,2,0,0,0,H,D,2.9,3.25,2.25,2.03,1.78
F2,2025-08-29,19:00:00,Laval,Clermont,0,0,0,0,D,D,2.05,3.25,3.4,2.03,1.78
F2,2025-08-29,19:00:00,Montpellier,Amiens,1,1,0,1,D,A,1.5,4.2,5.5,1.8,2.0
F2,2025-08-29,19:00:00,Nancy,Pau FC,2,2,2,1,D,H,1.95,3.25,3.6,2.15,1.67
F2,2025-08-29,19:00:00,Red Star,Annecy,1,0,1,0,H,H,1.8,3.3,4.2,2.2,1.65
F2,2025-08-29,19:00:00,Rodez,Boulogne,1,0,1,0,H,H,1.75,3.3,4.33,1.88,1.93
F2,2025-08-30,13:00:00,Bastia,Guingamp,1,3,0,2,A,A,2.1,3.25,3.25,2.03,1.78
F2,2025-08-30,13:00:00,Reims,Le Mans,1,0,0,0,H,D,1.8,3.25,4.33,2.1,1.7
F2,2025-08-30,19:00:00,St Etienne,Grenoble,1,1,1,0,D,H,1.5,3.8,6.0,1.75,2.05
F2,2025-09-12,19:00:00,Amiens,Bastia,0,0,0,0,D,D,3.5,3.2,2.0,2.2,1.65
F2,2025-09-12,19:00:00,Boulogne,Laval,1,2,0,2,A,A,3.1,3.2,2.15,2.25,1.62
F2,2025-09-12,19:00:00,Le Mans,Rodez,0,1,0,0,A,D,2.0,3.4,3.3,1.9,1.9
F2,2025-09-12,19:00:00,Pau FC,Red Star,0,3,0,2,A,A,2.8,3.0,2.55,2.15,1.67
F2,2025-09-12,19:00:00,Troyes,Nancy,3,0,1,0,H,H,2.1,3.0,3.5,2.25,1.62
F2,2025-09-13,13:00:00,Annecy,Reims,1,1,1,0,D,H,3.1,3.25,2.15,2.2,1.65
F2,2025-09-13,13:00:00,Grenoble,Dunkerque,1,0,1,0,H,H,2.7,3.3,2.4,2.08,1.73
F2,2025-09-13,19:00:00,Clermont,St Etienne,1,2,1,0,A,H,3.6,3.5,1.9,1.9,1.9
F2,2025-09-15,19:45:00,Guingamp,Montpellier,1,0,1,0,H,H,2.38,3.25,2.75,2.03,1.78
F2,2025-09-16,18:00:00,Boulogne,Bastia,1,0,0,0,H,D,3.75,3.2,2.0,2.6,1.48
F2,2025-09-19,19:00:00,Boulogne,Pau FC,0,3,0,3,A,A,2.63,3.3,2.5,2.08,1.73
F2,2025-09-19,19:00:00,Dunkerque,Le Mans,2,2,1,1,D,D,2.05,3.3,3.5,2.15,1.67
F2,2025-09-19,19:00:00,Grenoble,Annecy,1,3,0,0,A,D,2.15,3.1,3.3,2.25,1.62
F2,2025-09-19,19:00:00,Laval,Amiens,0,3,0,1,A,A,1.7,3.9,4.33,2.0,1.8
F2,2025-09-19,19:00:00,Nancy,Red Star,0,1,0,0,A,D,2.4,3.2,2.9,2.25,1.62
F2,2025-09-19,19:00:00,Rodez,Clermont,0,1,0,0,A,D,2.1,3.4,3.3,1.98,1.83
F2,2025-09-20,13:00:00,Montpellier,Bastia,2,0,2,0,H,H,2.2,3.1,3.2,2.3,1.6
F2,2025-09-20,13:00:00,Troyes,Guingamp,5,2,3,1,H,H,1.83,3.5,3.8,1.83,1.98
F2,2025-09-20,19:00:00,St Etienne,Reims,3,2,2,1,H,H,1.9,3.6,3.8,1.85,1.95
F2,2025-09-23,19:30:00,Amiens,St Etienne,0,1,0,0,A,D,5.0,3.9,1.57,1.8,2.0
F2,2025-09-23,19:30:00,Annecy,Nancy,1,2,1,1,A,D,2.45,3.1,2.7,2.3,1.6
F2,2025-09-23,19:30:00,Bastia,Rodez,2,3,1,0,A,H,1.85,3.4,3.75,1.85,1.95
F2,2025-09-23,19:30:00,Guingamp,Dunkerque,2,1,2,1,H,H,2.45,3.4,2.6,1.9,1.9
F2,2025-09-23,19:30:00,Le Mans,Grenoble,1,0,1,0,H,H,1.95,3.2,3.6,2.05,1.75
F2,2025-09-23,19:30:00,Montpellier,Boulogne,1,3,0,1,A,A,1.55,3.7,5.75,2.2,1.65
F2,2025-09-23,19:30:00,Pau FC,Laval,1,0,0,0,H,D,2.1,3.4,3.1,1.95,1.85
F2,2025-09-23,19:30:00,Red Star,Troyes,1,3,1,2,A,A,2.4,3.2,2.7,2.0,1.8
F2,2025-09-23,19:30:00,Reims,Clermont,4,1,2,0,H,H,1.4,4.33,6.5,1.67,2.15
F2,2025-09-26,19:00:00,Clermont,Le Mans,1,1,1,0,D,H,2.75,3.1,2.5,2.08,1.73
F2,2025-09-26,19:00:00,Grenoble,Bastia,0,0,0,0,D,D,2.9,3.1,2.45,2.25,1.62
F2,2025-09-26,19:00:00,Nancy,Reims,0,1,0,0,A,D,3.25,3.3,2.1,1.95,1.85
F2,2025-09-26,19:00:00,Rodez,Pau FC,1,2,1,1,A,D,2.4,3.25,2.8,1.98,1.83
F2,2025-09-26,19:00:00,Troyes,Annecy,3,1,1,0,H,H,1.53,3.9,6.25,2.08,1.73
F2,2025-09-27,13:00:00,Dunkerque,Amiens,6,2,4,0,H,H,1.7,3.6,4.75,1.83,1.98
F2,2025-09-27,13:00:00,Laval,Montpellier,0,1,0,1,A,A,2.88,3.0,2.5,2.2,1.65
F2,2025-09-27,19:00:00,St Etienne,Guingamp,2,3,1,1,A,D,1.62,4.33,4.2,1.57,2.35
F2,2025-09-29,19:45:00,Boulogne,Red Star,1,2,1,1,A,D,3.25,3.2,2.2,2.3,1.6
F2,2025-10-03,19:00:00,Amiens,Boulogne,0,1,0,0,A,D,2.7,3.1,2.6,2.25,1.62
F2,2025-10-03,19:00:00,Annecy,Laval,0,0,0,0,D,D,2.6,3.1,2.7,2.5,1.5
F2,2025-10-03,19:00:00,Bastia,Dunkerque,0,0,0,0,D,D,2.25,3.2,3.1,2.15,1.67
F2,2025-10-03,19:00:00,Guingamp,Nancy,2,2,0,0,D,D,2.45,3.3,2.7,1.9,1.9
F2,2025-10-03,19:00:00,Le Mans,Troyes,2,2,0,0,D,D,3.2,3.25,2.2,2.05,1.75
F2,2025-10-03,19:00:00,Pau FC,Clermont,3,1,3,0,H,H,1.65,3.7,5.0,1.73,2.08
F2,2025-10-04,13:00:00,Red Star,Rodez,1,1,0,0,D,D,1.95,3.4,3.8,1.85,1.95
F2,2025-10-04,13:00:00,Reims,Grenoble,2,4,1,2,A,A,1.5,3.75,6.25,1.85,1.95
F2,2025-10-04,19:00:00,Montpellier,St Etienne,0,2,0,2,A,A,3.0,3.5,2.25,1.85,1.95
F2,2025-10-17,19:00:00,Boulogne,Guingamp,2,2,0,1,D,A,2.6,3.2,2.63,2.25,1.62
F2,2025-10-17,19:00:00,Clermont,Annecy,0,1,0,1,A,A,2.63,3.1,2.63,2.35,1.57
F2,2025-10-17,19:00:00,Grenoble,Pau FC,1,1,0,0,D,D,3.0,2.88,2.6,2.25,1.62
F2,2025-10-17,19:00:00,Rodez,Reims,2,2,1,1,D,D,3.2,3.5,2.15,1.8,2.0
F2,2025-10-17,19:00:00,Troyes,Bastia,1,0,1,0,H,H,1.75,3.5,4.5,2.1,1.7
F2,2025-10-18,13:00:00,Dunkerque,Montpellier,0,1,0,0,A,D,2.15,3.3,3.3,2.0,1.8
F2,2025-10-18,13:00:00,Laval,Red Star,0,1,0,0,A,D,2.5,3.1,2.75,2.3,1.6
F2,2025-10-18,19:00:00,St Etienne,Le Mans,2,3,1,1,A,D,1.53,4.2,5.0,1.6,2.3
F2,2025-10-20,19:45:00,Nancy,Amiens,0,1,0,1,A,A,1.7,3.6,4.75,2.05,1.75
F2,2025-10-24,19:00:00,Guingamp,Clermont,0,1,0,0,A,D,1.7,3.7,4.75,1.98,1.83
F2,2025-10-24,19:00:00,Le Mans,Boulogne,1,0,0,0,H,D,1.95,3.4,3.9,2.25,1.62
F2,2025-10-24,19:00:00,Pau FC,Dunkerque,0,3,0,2,A,A,2.15,3.5,3.2,1.9,1.9
F2,2025-10-24,19:00:00,Red Star,Grenoble,1,0,0,0,H,D,1.75,3.7,4.75,2.0,1.8
F2,2025-10-24,19:00:00,Reims,Troyes,0,0,0,0,D,D,2.1,3.4,3.4,2.05,1.75
F2,2025-10-25,13:00:00,Amiens,Rodez,2,1,0,1,H,A,3.0,3.25,2.38,1.73,2.08
F2,2025-10-25,13:00:00,Montpellier,Nancy,4,1,1,1,H,D,1.95,3.4,3.7,2.08,1.73
F2,2025-10-25,19:00:00,Annecy,St Etienne,4,0,1,0,H,H,3.2,3.5,2.1,1.98,1.83
F2,2025-10-28,19:30:00,Boulogne,Reims,2,6,2,4,A,A,3.7,3.4,1.91,2.15,1.67
F2,2025-10-28,19:30:00,Clermont,Montpellier,1,1,1,1,D,D,3.1,3.4,2.15,2.1,1.7
F2,2025-10-28,19:30:00,Dunkerque,Red Star,3,0,1,0,H,H,2.55,3.2,2.8,2.05,1.75
F2,2025-10-28,19:30:00,Grenoble,Guingamp,0,0,0,0,D,D,2.9,3.2,2.38,1.98,1.83
F2,2025-10-28,19:30:00,Laval,Le Mans,1,1,0,1,D,A,2.63,3.0,2.75,2.6,1.48
F2,2025-10-28,19:30:00,Nancy,Bastia,2,0,1,0,H,H,2.4,2.9,3.1,2.5,1.5
F2,2025-10-28,19:30:00,Rodez,Annecy,2,1,0,0,H,D,2.2,3.3,3.25,2.15,1.67
F2,2025-10-28,19:30:00,St Etienne,Pau FC,6,0,4,0,H,H,1.7,3.7,4.5,1.62,2.25
F2,2025-10-28,19:30:00,Troyes,Amiens,3,1,0,1,H,A,1.42,4.75,6.25,1.75,2.05
F2,2025-10-31,19:00:00,Annecy,Boulogne,1,1,1,0,D,H,2.15,3.0,3.7,2.7,1.44
F2,2025-10-31,19:00:00,Bastia,Clermont,1,0,0,0,H,D,1.8,3.4,4.75,2.25,1.62
F2,2025-10-31,19:00:00,Guingamp,Laval,2,0,2,0,H,H,1.85,3.4,4.2,2.15,1.67
F2,2025-10-31,19:00:00,Le Mans,Nancy,1,0,0,0,H,D,2.0,3.25,3.7,2.25,1.62
F2,2025-10-31,19:00:00,Montpellier,Rodez,2,0,0,0,H,D,1.85,3.4,4.1,1.8,2.0
F2,2025-11-01,13:00:00,Amiens,Grenoble,2,3,0,2,A,A,2.8,3.2,2.55,2.1,1.7
F2,2025-11-01,13:00:00,Reims,Dunkerque,1,2,1,1,A,D,2.1,3.2,3.6,1.95,1.85
F2,2025-11-01,19:00:00,Red Star,St Etienne,2,1,2,0,H,H,2.88,3.3,2.38,1.9,1.9
F2,2025-11-03,19:45:00,Pau FC,Troyes,1,1,1,0,D,H,2.9,3.3,2.35,1.9,1.9
F2,2025-11-07,19:00:00,Bastia,Reims,1,3,1,2,A,A,3.25,3.0,2.35,2.5,1.5
F2,2025-11-07,19:00:00,Clermont,Amiens,2,1,0,0,H,D,1.8,3.4,4.5,2.05,1.75
F2,2025-11-07,19:00:00,Dunkerque,Boulogne,1,1,0,0,D,D,1.62,3.7,5.75,2.05,1.75
F2,2025-11-07,19:00:00,Grenoble,Rodez,2,1,2,0,H,H,2.25,3.2,3.2,2.0,1.8
F2,2025-11-07,19:00:00,Montpellier,Annecy,1,0,0,0,H,D,1.7,3.7,5.0,2.1,1.7
F2,2025-11-07,19:00:00,Nancy,Laval,0,2,0,2,A,A,2.15,3.1,3.5,2.25,1.62
F2,2025-11-08,13:00:00,Guingamp,Pau FC,2,2,2,1,D,H,2.1,3.4,3.3,1.95,1.85
F2,2025-11-08,13:00:00,Le Mans,Red Star,0,0,0,0,D,D,2.2,3.2,3.4,2.25,1.62
F2,2025-11-08,19:00:00,Troyes,St Etienne,2,3,0,3,A,A,2.2,3.4,3.0,1.83,1.98
F2,2025-11-21,19:00:00,Annecy,Bastia,1,0,1,0,H,H,2.25,2.8,3.4,2.88,1.4
F2,2025-11-21,19:00:00,Boulogne,Grenoble,3,1,0,1,H,A,2.5,3.0,2.63,2.35,1.57
F2,2025-11-21,19:00:00,Laval,Troyes,0,1,0,0,A,D,3.3,3.0,2.05,2.3,1.6
F2,2025-11-21,19:00:00,Pau FC,Le Mans,1,2,1,2,A,A,2.5,3.0,2.55,2.08,1.73
F2,2025-11-21,19:00:00,Rodez,Dunkerque,1,1,0,1,D,A,2.55,3.1,2.55,2.05,1.75
F2,2025-11-22,13:00:00,Amiens,Guingamp,1,2,1,2,A,A,3.8,3.2,1.83,2.05,1.75
F2,2025-11-22,13:00:00,Red Star,Clermont,2,2,1,2,D,A,1.67,3.3,4.75,2.0,1.8
F2,2025-11-22,19:00:00,St Etienne,Nancy,2,1,1,0,H,H,1.6,3.6,4.75,1.73,2.08
F2,2025-11-24,19:45:00,Reims,Montpellier,2,0,1,0,H,H,1.95,3.2,3.5,1.95,1.85
F2,2025-11-25,19:00:00,Bastia,Laval,0,2,0,1,A,A,2.05,2.9,3.5,2.6,1.48
F2,2025-12-05,19:00:00,Clermont,Boulogne,1,1,0,0,D,D,2.25,3.3,3.2,2.35,1.57
F2,2025-12-05,19:00:00,Grenoble,Nancy,1,0,0,0,H,D,2.8,3.3,2.45,2.1,1.7
F2,2025-12-05,19:00:00,Guingamp,Annecy,0,3,0,1,A,A,1.95,3.5,3.8,2.05,1.75
F2,2025-12-05,19:00:00,Le Mans,Amiens,1,0,1,0,H,H,1.4,4.5,7.5,1.88,1.93
F2,2025-12-06,13:00:00,Montpellier,Pau FC,0,1,0,1,A,A,1.9,3.7,3.8,1.8,2.0
F2,2025-12-06,13:00:00,Troyes,Rodez,1,1,0,0,D,D,1.62,3.9,5.25,1.83,1.98
F2,2025-12-06,19:00:00,Dunkerque,St Etienne,1,0,0,0,H,D,2.35,3.5,2.88,1.7,2.1
F2,2025-12-08,19:45:00,Reims,Laval,4,0,3,0,H,H,1.62,3.75,5.25,2.08,1.73
F2,2025-12-12,19:00:00,Annecy,Le Mans,1,2,0,1,A,A,2.7,2.75,2.7,2.88,1.4
F2,2025-12-12,19:00:00,Laval,Dunkerque,1,2,1,1,A,D,3.2,3.0,2.15,2.4,1.53
F2,2025-12-12,19:00:00,Nancy,Clermont,1,0,1,0,H,H,1.85,3.2,3.7,2.0,1.8
F2,2025-12-12,19:00:00,Pau FC,Amiens,1,2,0,1,A,A,1.44,3.8,6.0,1.83,1.98
F2,2025-12-12,19:00:00,Rodez,Guingamp,2,1,1,0,H,H,2.1,3.25,3.0,1.95,1.85
F2,2025-12-13,13:00:00,Grenoble,Montpellier,1,1,0,0,D,D,2.9,3.1,2.2,2.05,1.75
F2,2025-12-13,13:00:00,Red Star,Reims,0,0,0,0,D,D,2.7,3.0,2.35,2.1,1.7
F2,2025-12-13,19:00:00,St Etienne,Bastia,2,2,1,2,D,A,1.67,3.4,4.75,1.9,1.9
F2,2025-12-15,19:45:00,Boulogne,Troyes,1,2,1,1,A,D,3.6,3.0,1.95,2.2,1.65
