Div,Date,Time,HomeTeam,AwayTeam,FTHG,FTAG,HTHG,HTAG,FTR,HTR,B365H,B365D,B365A,B365>2.5,B365<2.5
E0,2024-08-16,20:00:00,Man United,Fulham,1,0,0.0,0.0,H,D,1.6,4.2,5.25,1.53,2.5
E0,2024-08-17,12:30:00,Ipswich,Liverpool,0,2,0.0,0.0,A,D,8.5,5.5,1.33,1.4,3.0
E0,2024-08-17,15:00:00,Arsenal,Wolves,2,0,1.0,0.0,H,H,1.18,7.5,13.0,1.44,2.75
E0,2024-08-17,15:00:00,Everton,Brighton,0,3,0.0,1.0,A,A,2.63,3.3,2.63,1.8,2.0
E0,2024-08-17,15:00:00,Newcastle,Southampton,1,0,1.0,0.0,H,H,1.36,5.25,8.0,1.4,3.0
E0,2024-08-17,15:00:00,Nott'm Forest,Bournemouth,1,1,1.0,0.0,D,H,2.45,3.5,2.8,1.73,2.1
E0,2024-08-17,17:30:00,West Ham,Aston Villa,1,2,1.0,1.0,A,D,2.45,3.6,2.75,1.57,2.38
E0,2024-08-18,14:00:00,Brentford,Crystal Palace,2,1,1.0,0.0,H,H,2.4,3.4,2.9,1.8,2.0
E0,2024-08-18,16:30:00,Chelsea,Man City,0,2,0.0,1.0,A,A,4.1,3.9,1.8,1.5,2.63
E0,2024-08-19,20:00:00,Leicester,Tottenham,1,1,0.0,1.0,D,A,5.0,4.33,1.62,1.53,2.5
E0,2024-08-24,12:30:00,Brighton,Man United,2,1,1.0,0.0,H,H,2.5,3.7,2.63,1.57,2.38
E0,2024-08-24,15:00:00,Crystal Palace,West Ham,0,2,0.0,0.0,A,D,2.15,3.6,3.2,1.73,2.1
E0,2024-08-24,15:00:00,Fulham,Leicester,2,1,1.0,1.0,H,D,1.8,3.75,4.2,1.89,2.01
E0,2024-08-24,15:00:00,Man City,Ipswich,4,1,3.0,1.0,H,H,1.08,12.0,21.0,1.3,3.5
E0,2024-08-24,15:00:00,Southampton,Nott'm Forest,0,1,0.0,0.0,A,D,2.55,3.3,2.8,2.01,1.89
E0,2024-08-24,15:00:00,Tottenham,Everton,4,0,2.0,0.0,H,H,1.44,4.75,6.5,1.5,2.63
E0,2024-08-24,17:30:00,Aston Villa,Arsenal,0,2,0.0,0.0,A,D,4.33,3.8,1.75,1.73,2.1
E0,2024-08-25,14:00:00,Bournemouth,Newcastle,1,1,1.0,0.0,D,H,2.9,3.8,2.2,1.57,2.38
E0,2024-08-25,14:00:00,Wolves,Chelsea,2,6,2.0,2.0,A,D,4.33,4.0,1.75,1.62,2.3
E0,2024-08-25,16:30:00,Liverpool,Brentford,2,0,1.0,0.0,H,H,1.27,5.75,11.0,1.36,3.2
E0,2024-08-31,12:30:00,Arsenal,Brighton,1,1,1.0,0.0,D,H,1.33,5.5,8.5,1.53,2.5
E0,2024-08-31,15:00:00,Brentford,Southampton,3,1,1.0,0.0,H,H,1.75,3.9,4.33,1.73,2.1
E0,2024-08-31,15:00:00,Everton,Bournemouth,2,3,0.0,0.0,A,D,2.75,3.4,2.55,1.92,1.98
E0,2024-08-31,15:00:00,Ipswich,Fulham,1,1,1.0,1.0,D,D,3.0,3.5,2.3,1.84,2.06
E0,2024-08-31,15:00:00,Leicester,Aston Villa,1,2,0.0,1.0,A,A,4.5,4.0,1.7,1.67,2.2
E0,2024-08-31,15:00:00,Nott'm Forest,Wolves,1,1,1.0,1.0,D,D,2.0,3.7,3.7,1.85,2.05
E0,2024-08-31,17:30:00,West Ham,Man City,1,3,1.0,2.0,A,A,7.0,5.5,1.38,1.44,2.75
E0,2024-09-01,13:30:00,Chelsea,Crystal Palace,1,1,1.0,0.0,D,H,1.6,4.33,5.0,1.5,2.63
E0,2024-09-01,13:30:00,Newcastle,Tottenham,2,1,1.0,0.0,H,H,2.5,4.0,2.5,1.36,3.2
E0,2024-09-01,16:00:00,Man United,Liverpool,0,3,0.0,2.0,A,A,3.7,4.2,1.85,1.44,2.75
E0,2024-09-14,12:30:00,Southampton,Man United,0,3,0.0,2.0,A,A,4.5,4.0,1.7,1.62,2.3
E0,2024-09-14,15:00:00,Brighton,Ipswich,0,0,0.0,0.0,D,D,1.38,5.0,7.5,1.53,2.5
E0,2024-09-14,15:00:00,Crystal Palace,Leicester,2,2,0.0,1.0,D,A,1.62,4.0,5.5,1.73,2.1
E0,2024-09-14,15:00:00,Fulham,West Ham,1,1,1.0,0.0,D,H,2.38,3.25,3.0,1.73,2.1
E0,2024-09-14,15:00:00,Liverpool,Nott'm Forest,0,1,0.0,0.0,A,D,1.22,6.5,12.0,1.44,2.75
E0,2024-09-14,15:00:00,Man City,Brentford,2,1,2.0,1.0,H,H,1.18,8.0,12.0,1.36,3.2
E0,2024-09-14,17:30:00,Aston Villa,Everton,3,2,1.0,2.0,H,A,1.5,4.2,6.5,1.67,2.2
E0,2024-09-14,20:00:00,Bournemouth,Chelsea,0,1,0.0,0.0,A,D,3.4,3.8,2.0,1.44,2.75
E0,2024-09-15,14:00:00,Tottenham,Arsenal,0,1,0.0,0.0,A,D,3.0,3.5,2.3,1.57,2.38
E0,2024-09-15,16:30:00,Wolves,Newcastle,1,2,1.0,0.0,A,H,3.4,3.5,2.1,1.57,2.38
E0,2024-09-21,12:30:00,West Ham,Chelsea,0,3,0.0,2.0,A,A,3.6,3.9,1.95,1.5,2.63
E0,2024-09-21,15:00:00,Aston Villa,Wolves,3,1,0.0,1.0,H,A,1.57,4.2,5.25,1.57,2.38
E0,2024-09-21,15:00:00,Fulham,Newcastle,3,1,2.0,0.0,H,H,3.0,3.4,2.4,1.67,2.2
E0,2024-09-21,15:00:00,Leicester,Everton,1,1,0.0,1.0,D,A,2.45,3.4,2.88,1.87,2.03
E0,2024-09-21,15:00:00,Liverpool,Bournemouth,3,0,3.0,0.0,H,H,1.3,6.25,9.0,1.36,3.2
E0,2024-09-21,15:00:00,Southampton,Ipswich,1,1,1.0,0.0,D,H,2.25,3.5,3.2,1.8,2.0
E0,2024-09-21,15:00:00,Tottenham,Brentford,3,1,2.0,1.0,H,H,1.55,4.5,5.5,1.44,2.75
E0,2024-09-21,17:30:00,Crystal Palace,Man United,0,0,0.0,0.0,D,D,2.88,3.75,2.3,1.57,2.38
E0,2024-09-22,14:00:00,Brighton,Nott'm Forest,2,2,2.0,1.0,D,H,1.75,3.75,4.75,1.86,2.04
E0,2024-09-22,16:30:00,Man City,Arsenal,2,2,1.0,2.0,D,A,1.8,3.6,4.5,2.04,1.86
E0,2024-09-28,12:30:00,Newcastle,Man City,1,1,0.0,1.0,D,A,5.25,4.33,1.6,1.5,2.63
E0,2024-09-28,15:00:00,Arsenal,Leicester,4,2,2.0,0.0,H,H,1.17,8.0,15.0,1.5,2.63
E0,2024-09-28,15:00:00,Brentford,West Ham,1,1,1.0,0.0,D,H,2.2,3.5,3.2,1.67,2.2
E0,2024-09-28,15:00:00,Chelsea,Brighton,4,2,4.0,2.0,H,H,1.73,4.2,4.2,1.5,2.63
E0,2024-09-28,15:00:00,Everton,Crystal Palace,2,1,0.0,1.0,H,A,2.7,3.3,2.63,1.88,2.02
E0,2024-09-28,15:00:00,Nott'm Forest,Fulham,0,1,0.0,0.0,A,D,2.38,3.3,3.0,2.02,1.88
E0,2024-09-28,17:30:00,Wolves,Liverpool,1,2,0.0,1.0,A,A,8.0,5.75,1.33,1.44,2.75
E0,2024-09-29,14:00:00,Ipswich,Aston Villa,2,2,1.0,2.0,D,A,4.0,3.75,1.85,1.73,2.1
E0,2024-09-29,16:30:00,Man United,Tottenham,0,3,0.0,1.0,A,A,2.35,3.75,2.75,1.44,2.75
E0,2024-09-30,20:00:00,Bournemouth,Southampton,3,1,3.0,0.0,H,H,1.65,4.1,5.0,1.5,2.63
E0,2024-10-05,12:30:00,Crystal Palace,Liverpool,0,1,0.0,1.0,A,A,6.0,4.5,1.5,1.57,2.38
E0,2024-10-05,15:00:00,Arsenal,Southampton,3,1,0.0,0.0,H,D,1.14,9.0,17.0,1.36,3.2
E0,2024-10-05,15:00:00,Brentford,Wolves,5,3,4.0,2.0,H,H,2.05,3.6,3.4,1.73,2.1
E0,2024-10-05,15:00:00,Leicester,Bournemouth,1,0,1.0,0.0,H,H,3.1,3.75,2.15,1.67,2.2
E0,2024-10-05,15:00:00,Man City,Fulham,3,2,1.0,1.0,H,D,1.25,7.0,9.5,1.44,2.75
E0,2024-10-05,15:00:00,West Ham,Ipswich,4,1,2.0,1.0,H,H,1.8,3.8,4.33,1.67,2.2
E0,2024-10-05,17:30:00,Everton,Newcastle,0,0,0.0,0.0,D,D,3.2,3.6,2.2,1.67,2.2
E0,2024-10-06,14:00:00,Aston Villa,Man United,0,0,0.0,0.0,D,D,2.2,3.75,3.0,1.53,2.5
E0,2024-10-06,14:00:00,Chelsea,Nott'm Forest,1,1,0.0,0.0,D,D,1.48,4.5,6.5,1.57,2.38
E0,2024-10-06,16:30:00,Brighton,Tottenham,3,2,0.0,2.0,H,A,2.9,4.0,2.2,1.4,3.0
E0,2024-10-19,12:30:00,Tottenham,West Ham,4,1,1.0,1.0,H,D,1.5,5.0,5.25,1.36,3.2
E0,2024-10-19,15:00:00,Fulham,Aston Villa,1,3,1.0,1.0,A,D,2.45,3.5,2.8,1.73,2.1
E0,2024-10-19,15:00:00,Ipswich,Everton,0,2,0.0,2.0,A,A,2.38,3.3,3.0,1.86,2.04
E0,2024-10-19,15:00:00,Man United,Brentford,2,1,0.0,1.0,H,A,1.7,4.2,4.5,1.5,2.63
E0,2024-10-19,15:00:00,Newcastle,Brighton,0,1,0.0,1.0,A,A,1.95,3.7,3.6,1.49,2.45
E0,2024-10-19,15:00:00,Southampton,Leicester,2,3,2.0,0.0,A,H,2.3,3.5,3.0,1.73,2.1
E0,2024-10-19,17:30:00,Bournemouth,Arsenal,2,0,0.0,0.0,H,D,5.0,3.9,1.65,1.73,2.1
E0,2024-10-20,14:00:00,Wolves,Man City,1,2,1.0,1.0,A,D,8.0,6.0,1.33,1.44,2.75
E0,2024-10-20,16:30:00,Liverpool,Chelsea,2,1,1.0,0.0,H,H,1.62,4.1,5.0,1.4,3.0
E0,2024-10-21,20:00:00,Nott'm Forest,Crystal Palace,1,0,0.0,0.0,H,D,2.3,3.5,3.0,2.1,1.73
E0,2024-10-25,20:00:00,Leicester,Nott'm Forest,1,3,1.0,1.0,A,D,3.0,3.3,2.4,2.0,1.8
E0,2024-10-26,15:00:00,Aston Villa,Bournemouth,1,1,0.0,0.0,D,D,1.85,3.9,3.8,1.57,2.38
E0,2024-10-26,15:00:00,Brentford,Ipswich,4,3,2.0,2.0,H,D,1.65,4.33,4.75,1.67,2.2
E0,2024-10-26,15:00:00,Brighton,Wolves,2,2,1.0,0.0,D,H,1.62,4.5,4.5,1.57,2.38
E0,2024-10-26,15:00:00,Man City,Southampton,1,0,1.0,0.0,H,H,1.11,10.0,17.0,1.29,3.75
E0,2024-10-26,17:30:00,Everton,Fulham,1,1,0.0,0.0,D,D,2.75,3.25,2.63,1.91,1.99
E0,2024-10-27,14:00:00,Chelsea,Newcastle,2,1,1.0,1.0,H,D,1.73,4.33,4.2,1.44,2.75
E0,2024-10-27,14:00:00,Crystal Palace,Tottenham,1,0,1.0,0.0,H,H,3.9,4.0,1.83,1.57,2.38
E0,2024-10-27,14:00:00,West Ham,Man United,2,1,0.0,0.0,H,D,2.88,3.75,2.3,1.53,2.5
E0,2024-10-27,16:30:00,Arsenal,Liverpool,2,2,2.0,1.0,D,H,2.5,3.25,2.9,1.92,1.98
E0,2024-11-02,12:30:00,Newcastle,Arsenal,1,0,1.0,0.0,H,H,3.75,3.75,1.95,1.84,2.06
E0,2024-11-02,15:00:00,Bournemouth,Man City,2,1,1.0,0.0,H,H,5.5,4.2,1.57,1.57,2.38
E0,2024-11-02,15:00:00,Ipswich,Leicester,1,1,0.0,0.0,D,D,2.25,3.5,3.1,1.73,2.1
E0,2024-11-02,15:00:00,Liverpool,Brighton,2,1,0.0,1.0,H,A,1.4,5.0,7.5,1.4,3.0
E0,2024-11-02,15:00:00,Nott'm Forest,West Ham,3,0,1.0,0.0,H,H,2.15,3.5,3.4,1.89,2.01
E0,2024-11-02,15:00:00,Southampton,Everton,1,0,0.0,0.0,H,D,2.63,3.4,2.63,1.84,2.06
E0,2024-11-02,17:30:00,Wolves,Crystal Palace,2,2,0.0,0.0,D,D,2.5,3.4,2.88,1.9,2.0
E0,2024-11-03,14:00:00,Tottenham,Aston Villa,4,1,0.0,1.0,H,A,1.91,4.0,3.6,1.44,2.75
E0,2024-11-03,16:30:00,Man United,Chelsea,1,1,0.0,0.0,D,D,2.6,3.5,2.6,1.44,2.75
E0,2024-11-04,20:00:00,Fulham,Brentford,2,1,0.0,1.0,H,A,2.0,3.7,3.5,1.67,2.2
E0,2024-11-09,15:00:00,Brentford,Bournemouth,3,2,1.0,1.0,H,D,2.5,3.5,2.7,1.62,2.3
E0,2024-11-09,15:00:00,Crystal Palace,Fulham,0,2,0.0,1.0,A,A,2.7,3.5,2.55,1.95,1.95
E0,2024-11-09,15:00:00,West Ham,Everton,0,0,0.0,0.0,D,D,2.15,3.4,3.4,1.84,2.06
E0,2024-11-09,15:00:00,Wolves,Southampton,2,0,1.0,0.0,H,H,1.91,3.75,3.75,1.67,2.2
E0,2024-11-09,17:30:00,Brighton,Man City,2,1,0.0,1.0,H,A,4.1,4.2,1.73,1.53,2.5
E0,2024-11-09,20:00:00,Liverpool,Aston Villa,2,0,1.0,0.0,H,H,1.42,5.25,6.5,1.44,2.75
E0,2024-11-10,14:00:00,Man United,Leicester,3,0,2.0,0.0,H,H,1.38,5.5,6.5,1.44,2.75
E0,2024-11-10,14:00:00,Nott'm Forest,Newcastle,1,3,1.0,0.0,A,H,2.7,3.3,2.7,1.97,1.93
E0,2024-11-10,14:00:00,Tottenham,Ipswich,1,2,0.0,2.0,A,A,1.25,6.5,9.0,1.3,3.5
E0,2024-11-10,16:30:00,Chelsea,Arsenal,1,1,0.0,0.0,D,D,2.7,3.4,2.55,1.73,2.1
E0,2024-11-23,12:30:00,Leicester,Chelsea,1,2,0.0,1.0,A,A,6.5,4.75,1.44,1.5,2.63
E0,2024-11-23,15:00:00,Arsenal,Nott'm Forest,3,0,1.0,0.0,H,H,1.38,4.75,9.0,1.8,2.0
E0,2024-11-23,15:00:00,Aston Villa,Crystal Palace,2,2,1.0,2.0,D,A,1.62,4.0,5.5,1.73,2.1
E0,2024-11-23,15:00:00,Bournemouth,Brighton,1,2,0.0,1.0,A,A,2.4,3.6,2.8,1.57,2.38
E0,2024-11-23,15:00:00,Everton,Brentford,0,0,0.0,0.0,D,D,2.45,3.4,2.88,1.86,2.04
E0,2024-11-23,15:00:00,Fulham,Wolves,1,4,1.0,1.0,A,D,1.62,4.0,5.25,1.67,2.2
E0,2024-11-23,17:30:00,Man City,Tottenham,0,4,0.0,2.0,A,A,1.48,4.75,6.0,1.3,3.5
E0,2024-11-24,14:00:00,Southampton,Liverpool,2,3,1.0,1.0,A,D,11.0,5.75,1.27,1.44,2.75
E0,2024-11-24,16:30:00,Ipswich,Man United,1,1,1.0,1.0,D,D,5.25,4.0,1.62,1.57,2.38
E0,2024-11-25,20:00:00,Newcastle,West Ham,0,2,0.0,1.0,A,A,1.5,4.5,6.0,1.53,2.5
E0,2024-11-29,20:00:00,Brighton,Southampton,1,1,1.0,0.0,D,H,1.38,5.0,7.5,1.44,2.75
E0,2024-11-30,15:00:00,Brentford,Leicester,4,1,3.0,1.0,H,H,1.65,4.2,4.75,1.57,2.38
E0,2024-11-30,15:00:00,Crystal Palace,Newcastle,1,1,0.0,0.0,D,D,2.9,3.6,2.3,1.8,2.0
E0,2024-11-30,15:00:00,Nott'm Forest,Ipswich,1,0,0.0,0.0,H,D,1.7,3.8,4.75,1.92,1.98
E0,2024-11-30,15:00:00,Wolves,Bournemouth,2,4,1.0,3.0,A,A,2.8,3.6,2.4,1.67,2.2
E0,2024-11-30,17:30:00,West Ham,Arsenal,2,5,2.0,5.0,A,A,7.0,4.5,1.45,1.73,2.1
E0,2024-12-01,13:30:00,Chelsea,Aston Villa,3,0,2.0,0.0,H,H,1.7,4.1,4.5,1.53,2.5
E0,2024-12-01,13:30:00,Man United,Everton,4,0,2.0,0.0,H,H,1.53,4.2,6.0,1.73,2.1
E0,2024-12-01,13:30:00,Tottenham,Fulham,1,1,0.0,0.0,D,D,1.7,4.5,4.1,1.44,2.75
E0,2024-12-01,16:00:00,Liverpool,Man City,2,0,1.0,0.0,H,H,2.1,3.6,3.3,1.57,2.38
E0,2024-12-03,19:30:00,Ipswich,Crystal Palace,0,1,0.0,0.0,A,D,3.0,3.4,2.35,2.01,1.89
E0,2024-12-03,20:15:00,Leicester,West Ham,3,1,1.0,0.0,H,H,2.9,3.4,2.38,1.73,2.1
E0,2024-12-04,19:30:00,Everton,Wolves,4,0,2.0,0.0,H,H,2.1,3.4,3.5,2.03,1.87
E0,2024-12-04,19:30:00,Man City,Nott'm Forest,3,0,2.0,0.0,H,H,1.36,4.75,9.0,1.57,2.38
E0,2024-12-04,19:30:00,Newcastle,Liverpool,3,3,1.0,0.0,D,H,4.2,4.0,1.75,1.57,2.38
E0,2024-12-04,19:30:00,Southampton,Chelsea,1,5,1.0,3.0,A,A,8.5,5.25,1.33,1.44,2.75
E0,2024-12-04,20:15:00,Arsenal,Man United,2,0,0.0,0.0,H,D,1.44,4.5,7.0,1.62,2.3
E0,2024-12-04,20:15:00,Aston Villa,Brentford,3,1,3.0,0.0,H,H,1.8,3.75,4.33,1.57,2.38
E0,2024-12-05,19:30:00,Fulham,Brighton,3,1,1.0,0.0,H,H,2.35,3.6,2.88,1.62,2.3
E0,2024-12-05,20:15:00,Bournemouth,Tottenham,1,0,1.0,0.0,H,H,2.63,3.75,2.45,1.44,2.75
E0,2024-12-07,15:00:00,Aston Villa,Southampton,1,0,1.0,0.0,H,H,1.36,5.5,7.0,1.44,2.75
E0,2024-12-07,15:00:00,Brentford,Newcastle,4,2,2.0,2.0,H,D,2.88,3.75,2.3,1.57,2.38
E0,2024-12-07,15:00:00,Crystal Palace,Man City,2,2,1.0,1.0,D,D,5.5,4.2,1.57,1.62,2.3
E0,2024-12-07,17:30:00,Man United,Nott'm Forest,2,3,1.0,1.0,A,D,1.65,3.9,5.25,1.8,2.0
E0,2024-12-08,14:00:00,Fulham,Arsenal,1,1,1.0,0.0,D,H,5.0,4.33,1.6,1.8,2.0
E0,2024-12-08,14:00:00,Ipswich,Bournemouth,1,2,1.0,0.0,A,H,3.5,3.75,2.0,1.73,2.1
E0,2024-12-08,14:00:00,Leicester,Brighton,2,2,0.0,1.0,D,A,4.5,3.8,1.73,1.57,2.38
E0,2024-12-08,16:30:00,Tottenham,Chelsea,3,4,2.0,1.0,A,H,3.4,3.9,2.0,1.36,3.2
E0,2024-12-09,20:00:00,West Ham,Wolves,2,1,0.0,0.0,H,D,1.9,3.9,3.75,1.62,2.3
E0,2024-12-14,15:00:00,Arsenal,Everton,0,0,0.0,0.0,D,D,1.22,6.5,12.0,1.67,2.2
E0,2024-12-14,15:00:00,Liverpool,Fulham,2,2,0.0,1.0,D,A,1.33,5.5,8.0,1.5,2.63
E0,2024-12-14,15:00:00,Newcastle,Leicester,4,0,1.0,0.0,H,H,1.3,6.0,8.5,1.44,2.75
E0,2024-12-14,15:00:00,Wolves,Ipswich,1,2,0.0,1.0,A,A,1.9,3.8,3.8,1.73,2.1
E0,2024-12-14,17:30:00,Nott'm Forest,Aston Villa,2,1,0.0,0.0,H,D,2.63,3.3,2.7,1.9,2.0
E0,2024-12-15,14:00:00,Brighton,Crystal Palace,1,3,0.0,2.0,A,A,1.85,3.8,3.9,1.73,2.1
E0,2024-12-15,16:30:00,Man City,Man United,1,2,1.0,0.0,A,H,1.57,4.5,5.0,1.44,2.75
E0,2024-12-15,19:00:00,Chelsea,Brentford,2,1,1.0,0.0,H,H,1.33,6.0,7.5,1.33,3.4
E0,2024-12-15,19:00:00,Southampton,Tottenham,0,5,0.0,5.0,A,A,4.33,4.5,1.67,1.3,3.5
E0,2024-12-16,20:00:00,Bournemouth,West Ham,1,1,0.0,0.0,D,D,1.7,4.0,4.75,1.53,2.5
E0,2024-12-21,12:30:00,Aston Villa,Man City,2,1,1.0,0.0,H,H,3.25,3.7,2.1,1.57,2.38
E0,2024-12-21,15:00:00,Brentford,Nott'm Forest,0,2,0.0,1.0,A,A,2.3,3.6,2.9,1.73,2.1
E0,2024-12-21,15:00:00,Ipswich,Newcastle,0,4,0.0,3.0,A,A,4.75,3.75,1.73,1.62,2.3
E0,2024-12-21,15:00:00,West Ham,Brighton,1,1,0.0,0.0,D,D,2.88,3.7,2.35,1.5,2.63
E0,2024-12-21,17:30:00,Crystal Palace,Arsenal,1,5,1.0,3.0,A,A,6.25,4.2,1.55,1.87,2.03
E0,2024-12-22,14:00:00,Everton,Chelsea,0,0,0.0,0.0,D,D,5.0,4.2,1.62,1.67,2.2
E0,2024-12-22,14:00:00,Fulham,Southampton,0,0,0.0,0.0,D,D,1.42,4.75,7.0,1.57,2.38
E0,2024-12-22,14:00:00,Leicester,Wolves,0,3,0.0,3.0,A,A,2.55,3.4,2.7,1.67,2.2
E0,2024-12-22,14:00:00,Man United,Bournemouth,0,3,0.0,1.0,A,A,1.8,3.8,4.2,1.57,2.38
E0,2024-12-22,16:30:00,Tottenham,Liverpool,3,6,1.0,3.0,A,A,4.5,4.0,1.73,1.3,3.5
E0,2024-12-26,12:30:00,Man City,Everton,1,1,1.0,1.0,D,D,1.33,5.5,7.5,1.53,2.5
E0,2024-12-26,15:00:00,Bournemouth,Crystal Palace,0,0,0.0,0.0,D,D,1.9,3.8,3.8,1.73,2.1
E0,2024-12-26,15:00:00,Chelsea,Fulham,1,2,1.0,0.0,A,H,1.48,4.75,6.0,1.44,2.75
E0,2024-12-26,15:00:00,Newcastle,Aston Villa,3,0,1.0,0.0,H,H,1.91,3.8,3.75,1.62,2.3
E0,2024-12-26,15:00:00,Nott'm Forest,Tottenham,1,0,1.0,0.0,H,H,2.3,3.75,2.88,1.5,2.63
E0,2024-12-26,15:00:00,Southampton,West Ham,0,1,0.0,0.0,A,D,3.25,3.5,2.2,1.67,2.2
E0,2024-12-26,17:30:00,Wolves,Man United,2,0,0.0,0.0,H,D,3.9,3.7,1.91,1.67,2.2
E0,2024-12-26,20:00:00,Liverpool,Leicester,3,1,1.0,1.0,H,D,1.08,12.0,23.0,1.2,4.5
E0,2024-12-27,19:30:00,Brighton,Brentford,0,0,0.0,0.0,D,D,1.62,4.33,4.75,1.44,2.75
E0,2024-12-27,20:15:00,Arsenal,Ipswich,1,0,1.0,0.0,H,H,1.14,9.0,15.0,1.4,3.0
E0,2024-12-29,14:30:00,Leicester,Man City,0,2,0.0,1.0,A,A,7.5,5.5,1.36,1.36,3.2
E0,2024-12-29,15:00:00,Crystal Palace,Southampton,2,1,1.0,1.0,H,D,1.57,3.9,5.5,1.73,2.1
E0,2024-12-29,15:00:00,Everton,Nott'm Forest,0,2,0.0,1.0,A,A,2.6,3.2,2.8,2.2,1.67
E0,2024-12-29,15:00:00,Fulham,Bournemouth,2,2,1.0,0.0,D,H,2.3,3.6,2.88,1.67,2.2
E0,2024-12-29,15:00:00,Tottenham,Wolves,2,2,2.0,1.0,D,H,1.6,5.0,4.2,1.33,3.4
E0,2024-12-29,17:15:00,West Ham,Liverpool,0,5,0.0,3.0,A,A,7.0,5.0,1.4,1.4,3.0
E0,2024-12-30,19:45:00,Aston Villa,Brighton,2,2,1.0,1.0,D,D,1.9,3.8,3.6,1.57,2.38
E0,2024-12-30,19:45:00,Ipswich,Chelsea,2,0,1.0,0.0,H,H,6.5,4.75,1.42,1.44,2.75
E0,2024-12-30,20:00:00,Man United,Newcastle,0,2,0.0,2.0,A,A,2.75,3.5,2.55,1.62,2.3
E0,2025-01-01,17:30:00,Brentford,Arsenal,1,3,1.0,1.0,A,D,6.5,4.75,1.44,1.53,2.5
E0,2025-01-04,12:30:00,Tottenham,Newcastle,1,2,1.0,2.0,A,A,2.88,3.8,2.25,1.33,3.4
E0,2025-01-04,15:00:00,Aston Villa,Leicester,2,1,0.0,0.0,H,D,1.33,5.5,8.5,1.5,2.63
E0,2025-01-04,15:00:00,Bournemouth,Everton,1,0,0.0,0.0,H,D,1.73,3.75,4.75,1.91,1.99
E0,2025-01-04,15:00:00,Crystal Palace,Chelsea,1,1,0.0,1.0,D,A,3.8,3.75,1.91,1.57,2.38
E0,2025-01-04,15:00:00,Man City,West Ham,4,1,2.0,0.0,H,H,1.3,6.25,7.5,1.33,3.4
E0,2025-01-04,15:00:00,Southampton,Brentford,0,5,0.0,1.0,A,A,3.0,3.4,2.4,1.67,2.2
E0,2025-01-04,17:30:00,Brighton,Arsenal,1,1,0.0,1.0,D,A,4.33,3.75,1.8,1.73,2.1
E0,2025-01-05,14:00:00,Fulham,Ipswich,2,2,0.0,1.0,D,A,1.55,4.2,5.75,1.73,2.1
E0,2025-01-05,16:30:00,Liverpool,Man United,2,2,0.0,0.0,D,D,1.29,6.25,8.0,1.44,2.75
E0,2025-01-06,20:00:00,Wolves,Nott'm Forest,0,3,0.0,2.0,A,A,3.3,3.2,2.3,2.1,1.73
E0,2025-01-14,19:30:00,Brentford,Man City,2,2,0.0,0.0,D,D,4.75,4.2,1.62,1.4,3.0
E0,2025-01-14,19:30:00,Chelsea,Bournemouth,2,2,1.0,0.0,D,H,1.48,4.75,6.0,1.4,3.0
E0,2025-01-14,19:30:00,West Ham,Fulham,3,2,2.0,0.0,H,H,3.0,3.4,2.38,1.86,2.04
E0,2025-01-14,20:00:00,Nott'm Forest,Liverpool,1,1,1.0,0.0,D,H,5.25,4.1,1.62,1.62,2.3
E0,2025-01-15,19:30:00,Everton,Aston Villa,0,1,0.0,0.0,A,D,3.25,3.2,2.3,2.08,1.82
E0,2025-01-15,19:30:00,Leicester,Crystal Palace,0,2,0.0,0.0,A,D,3.9,3.6,1.91,1.73,2.1
E0,2025-01-15,19:30:00,Newcastle,Wolves,3,0,1.0,0.0,H,H,1.36,5.5,8.0,1.44,2.75
E0,2025-01-15,20:00:00,Arsenal,Tottenham,2,1,2.0,1.0,H,H,1.4,5.25,7.0,1.44,2.75
E0,2025-01-16,19:30:00,Ipswich,Brighton,0,2,0.0,0.0,A,D,3.9,3.7,1.91,1.73,2.1
E0,2025-01-16,20:00:00,Man United,Southampton,3,1,0.0,1.0,H,A,1.29,6.0,9.5,1.53,2.5
E0,2025-01-18,12:30:00,Newcastle,Bournemouth,1,4,1.0,2.0,A,A,1.62,4.2,5.0,1.53,2.5
E0,2025-01-18,15:00:00,Brentford,Liverpool,0,2,0.0,0.0,A,D,6.5,5.0,1.42,1.36,3.2
E0,2025-01-18,15:00:00,Leicester,Fulham,0,2,0.0,0.0,A,D,4.33,3.7,1.8,1.73,2.1
E0,2025-01-18,15:00:00,West Ham,Crystal Palace,0,2,0.0,0.0,A,D,2.6,3.5,2.63,1.8,2.0
E0,2025-01-18,17:30:00,Arsenal,Aston Villa,2,2,1.0,0.0,D,H,1.5,4.1,7.0,1.87,2.03
E0,2025-01-19,14:00:00,Everton,Tottenham,3,2,3.0,0.0,H,H,2.8,3.5,2.45,1.67,2.2
E0,2025-01-19,14:00:00,Man United,Brighton,1,3,1.0,1.0,A,D,2.1,3.6,3.3,1.67,2.2
E0,2025-01-19,14:00:00,Nott'm Forest,Southampton,3,2,3.0,0.0,H,H,1.38,4.75,8.0,1.73,2.1
E0,2025-01-19,16:30:00,Ipswich,Man City,0,6,0.0,3.0,A,A,7.5,5.25,1.36,1.44,2.75
E0,2025-01-20,20:00:00,Chelsea,Wolves,3,1,1.0,1.0,H,D,1.36,5.75,6.5,1.36,3.2
E0,2025-01-25,15:00:00,Bournemouth,Nott'm Forest,5,0,1.0,0.0,H,H,2.05,3.7,3.4,1.85,2.05
E0,2025-01-25,15:00:00,Brighton,Everton,0,1,0.0,1.0,A,A,1.67,3.75,5.5,1.89,1.89
E0,2025-01-25,15:00:00,Liverpool,Ipswich,4,1,3.0,0.0,H,H,1.08,12.0,15.0,1.25,4.0
E0,2025-01-25,15:00:00,Southampton,Newcastle,1,3,1.0,2.0,A,A,6.5,5.25,1.42,1.41,2.7
E0,2025-01-25,15:00:00,Wolves,Arsenal,0,1,0.0,0.0,A,D,7.0,4.5,1.45,1.73,2.1
E0,2025-01-25,17:30:00,Man City,Chelsea,3,1,1.0,1.0,H,D,2.05,4.0,3.3,1.4,3.0
E0,2025-01-26,14:00:00,Crystal Palace,Brentford,1,2,0.0,0.0,A,D,2.05,3.75,3.3,1.73,2.1
E0,2025-01-26,14:00:00,Tottenham,Leicester,1,2,1.0,0.0,A,H,1.45,5.5,5.5,1.33,3.4
E0,2025-01-26,16:30:00,Aston Villa,West Ham,1,1,1.0,0.0,D,H,1.53,4.33,5.75,1.67,2.2
E0,2025-01-26,19:00:00,Fulham,Man United,0,1,0.0,0.0,A,D,2.3,3.4,3.1,1.88,2.02
E0,2025-02-01,12:30:00,Nott'm Forest,Brighton,7,0,3.0,0.0,H,H,2.38,3.5,2.8,1.95,1.95
E0,2025-02-01,15:00:00,Bournemouth,Liverpool,0,2,0.0,1.0,A,A,4.5,4.33,1.67,1.44,2.75
E0,2025-02-01,15:00:00,Everton,Leicester,4,0,3.0,0.0,H,H,1.75,3.75,4.5,2.04,1.86
E0,2025-02-01,15:00:00,Ipswich,Southampton,1,2,1.0,1.0,A,D,1.95,3.6,3.8,1.73,2.1
E0,2025-02-01,15:00:00,Newcastle,Fulham,1,2,1.0,0.0,A,H,1.7,4.0,4.75,1.62,2.3
E0,2025-02-01,17:30:00,Wolves,Aston Villa,2,0,1.0,0.0,H,H,3.3,3.6,2.1,1.73,2.1
E0,2025-02-02,14:00:00,Brentford,Tottenham,0,2,0.0,1.0,A,A,2.1,3.9,3.2,1.33,3.4
E0,2025-02-02,14:00:00,Man United,Crystal Palace,0,2,0.0,0.0,A,D,2.0,3.5,3.8,1.87,2.03
E0,2025-02-02,16:30:00,Arsenal,Man City,5,1,1.0,0.0,H,H,1.95,3.5,4.0,1.73,2.1
E0,2025-02-03,20:00:00,Chelsea,West Ham,2,1,0.0,1.0,H,A,1.36,4.75,8.0,1.4,3.0
E0,2025-02-12,19:30:00,Everton,Liverpool,2,2,1.0,1.0,D,D,7.5,4.5,1.44,1.73,2.1
E0,2025-02-14,20:00:00,Brighton,Chelsea,3,0,2.0,0.0,H,H,2.7,3.6,2.45,1.57,2.38
E0,2025-02-15,12:30:00,Leicester,Arsenal,0,2,0.0,0.0,A,D,8.5,5.0,1.33,1.73,2.1
E0,2025-02-15,15:00:00,Aston Villa,Ipswich,1,1,0.0,0.0,D,D,1.4,4.75,7.0,1.57,2.38
E0,2025-02-15,15:00:00,Fulham,Nott'm Forest,2,1,1.0,1.0,H,D,2.2,3.4,3.3,2.1,1.73
E0,2025-02-15,15:00:00,Man City,Newcastle,4,0,3.0,0.0,H,H,1.95,4.2,3.3,1.44,2.75
E0,2025-02-15,15:00:00,Southampton,Bournemouth,1,3,0.0,2.0,A,A,6.0,4.5,1.5,1.5,2.63
E0,2025-02-15,15:00:00,West Ham,Brentford,0,1,0.0,1.0,A,A,2.35,3.6,2.88,1.62,2.3
E0,2025-02-15,17:30:00,Crystal Palace,Everton,1,2,0.0,1.0,A,A,1.8,3.4,5.0,2.2,1.67
E0,2025-02-16,14:00:00,Liverpool,Wolves,2,1,2.0,0.0,H,H,1.15,8.0,12.0,1.36,3.2
E0,2025-02-16,16:30:00,Tottenham,Man United,1,0,1.0,0.0,H,H,2.45,3.75,2.62,1.5,2.63
E0,2025-02-19,19:30:00,Aston Villa,Liverpool,2,2,2.0,1.0,D,H,3.9,4.0,1.83,1.57,2.38
E0,2025-02-21,20:00:00,Leicester,Brentford,0,4,0.0,3.0,A,A,3.6,3.8,1.91,1.57,2.38
E0,2025-02-22,12:30:00,Everton,Man United,2,2,2.0,0.0,D,H,2.5,3.2,2.9,2.2,1.67
E0,2025-02-22,15:00:00,Arsenal,West Ham,0,1,0.0,1.0,A,A,1.27,6.0,10.0,1.67,2.2
E0,2025-02-22,15:00:00,Bournemouth,Wolves,0,1,0.0,1.0,A,A,1.53,4.5,5.5,1.57,2.38
E0,2025-02-22,15:00:00,Fulham,Crystal Palace,0,2,0.0,1.0,A,A,2.05,3.4,3.7,2.02,1.88
E0,2025-02-22,15:00:00,Ipswich,Tottenham,1,4,1.0,2.0,A,A,4.1,3.6,1.9,1.53,2.5
E0,2025-02-22,15:00:00,Southampton,Brighton,0,4,0.0,1.0,A,A,6.0,4.1,1.55,1.57,2.38
E0,2025-02-22,17:30:00,Aston Villa,Chelsea,2,1,0.0,1.0,H,A,2.63,3.4,2.6,1.57,2.38
E0,2025-02-23,14:00:00,Newcastle,Nott'm Forest,4,3,4.0,1.0,H,H,1.8,3.8,4.2,1.67,2.2
E0,2025-02-23,16:30:00,Man City,Liverpool,0,2,0.0,2.0,A,A,2.88,3.8,2.25,1.4,3.0
E0,2025-02-25,19:30:00,Brighton,Bournemouth,2,1,1.0,0.0,H,H,2.0,3.8,3.3,1.62,2.3
E0,2025-02-25,19:30:00,Crystal Palace,Aston Villa,4,1,1.0,0.0,H,H,2.45,3.4,2.8,1.9,2.0
E0,2025-02-25,19:30:00,Wolves,Fulham,1,2,1.0,1.0,A,D,2.63,3.3,2.63,2.05,1.85
E0,2025-02-25,20:15:00,Chelsea,Southampton,4,0,3.0,0.0,H,H,1.17,8.0,13.0,1.29,3.75
E0,2025-02-26,19:30:00,Brentford,Everton,1,1,1.0,0.0,D,H,2.0,3.7,3.5,1.87,2.03
E0,2025-02-26,19:30:00,Man United,Ipswich,3,2,2.0,2.0,H,D,1.53,4.33,6.0,1.67,2.2
E0,2025-02-26,19:30:00,Nott'm Forest,Arsenal,0,0,0.0,0.0,D,D,3.9,3.6,1.95,2.2,1.67
E0,2025-02-26,19:30:00,Tottenham,Man City,0,1,0.0,1.0,A,A,3.25,4.0,2.0,1.36,3.2
E0,2025-02-26,20:15:00,Liverpool,Newcastle,2,0,1.0,0.0,H,H,1.5,4.5,5.75,1.44,2.75
E0,2025-02-27,20:00:00,West Ham,Leicester,2,0,2.0,0.0,H,H,1.62,4.2,5.0,1.73,2.1
E0,2025-03-08,12:30:00,Nott'm Forest,Man City,1,0,0.0,0.0,H,D,4.0,3.75,1.85,1.57,2.38
E0,2025-03-08,15:00:00,Brighton,Fulham,2,1,1.0,1.0,H,D,1.95,3.6,3.75,1.73,2.1
E0,2025-03-08,15:00:00,Crystal Palace,Ipswich,1,0,0.0,0.0,H,D,1.45,4.75,6.25,1.73,2.1
E0,2025-03-08,15:00:00,Liverpool,Southampton,3,1,0.0,1.0,H,A,1.1,9.0,19.0,1.29,3.75
E0,2025-03-08,17:30:00,Brentford,Aston Villa,0,1,0.0,0.0,A,D,2.2,3.8,2.9,1.53,2.5
E0,2025-03-08,20:00:00,Wolves,Everton,1,1,1.0,1.0,D,D,2.6,3.1,2.88,2.3,1.62
E0,2025-03-09,14:00:00,Chelsea,Leicester,1,0,0.0,0.0,H,D,1.18,8.0,12.0,1.33,3.2
E0,2025-03-09,14:00:00,Tottenham,Bournemouth,2,2,0.0,1.0,D,A,2.7,3.9,2.35,1.37,3.0
E0,2025-03-09,16:30:00,Man United,Arsenal,1,1,1.0,0.0,D,H,5.75,3.5,1.7,2.15,1.62
E0,2025-03-10,20:00:00,West Ham,Newcastle,0,1,0.0,0.0,A,D,3.25,3.4,2.2,1.73,2.1
E0,2025-03-15,15:00:00,Everton,West Ham,1,1,0.0,0.0,D,D,2.05,3.2,3.9,2.3,1.62
E0,2025-03-15,15:00:00,Ipswich,Nott'm Forest,2,4,0.0,3.0,A,A,3.75,3.5,2.0,1.87,2.03
E0,2025-03-15,15:00:00,Man City,Brighton,2,2,2.0,1.0,D,H,1.67,4.33,4.5,1.44,2.75
E0,2025-03-15,15:00:00,Southampton,Wolves,1,2,0.0,1.0,A,A,3.7,3.4,2.0,1.84,2.06
E0,2025-03-15,17:30:00,Bournemouth,Brentford,1,2,1.0,1.0,A,D,1.73,4.2,4.2,1.44,2.75
E0,2025-03-16,13:30:00,Arsenal,Chelsea,1,0,1.0,0.0,H,H,1.8,3.6,4.5,1.86,1.92
E0,2025-03-16,13:30:00,Fulham,Tottenham,2,0,0.0,0.0,H,D,2.0,3.75,3.6,1.57,2.38
E0,2025-03-16,19:00:00,Leicester,Man United,0,3,0.0,1.0,A,A,4.5,3.5,1.83,1.8,2.0
E0,2025-04-01,19:45:00,Arsenal,Fulham,2,1,1.0,0.0,H,H,1.48,4.33,7.0,2.1,1.73
E0,2025-04-01,19:45:00,Wolves,West Ham,1,0,1.0,0.0,H,H,2.5,3.2,2.9,2.2,1.67
E0,2025-04-01,20:00:00,Nott'm Forest,Man United,1,0,1.0,0.0,H,H,2.3,3.4,3.1,1.95,1.95
E0,2025-04-02,19:45:00,Bournemouth,Ipswich,1,2,0.0,1.0,A,A,1.36,5.25,7.5,1.53,2.5
E0,2025-04-02,19:45:00,Brighton,Aston Villa,0,3,0.0,0.0,A,D,2.05,3.8,3.25,1.62,2.3
E0,2025-04-02,19:45:00,Man City,Leicester,2,0,2.0,0.0,H,H,1.2,8.0,10.0,1.4,3.0
E0,2025-04-02,19:45:00,Newcastle,Brentford,2,1,1.0,0.0,H,H,1.73,4.5,4.0,1.44,2.75
E0,2025-04-02,19:45:00,Southampton,Crystal Palace,1,1,1.0,0.0,D,H,5.75,3.8,1.62,1.8,2.0
E0,2025-04-02,20:00:00,Liverpool,Everton,1,0,0.0,0.0,H,D,1.36,5.0,8.0,1.73,2.1
E0,2025-04-03,20:00:00,Chelsea,Tottenham,1,0,0.0,0.0,H,D,1.65,4.5,4.5,1.4,3.0
E0,2025-04-05,12:30:00,Everton,Arsenal,1,1,0.0,1.0,D,A,5.25,3.25,1.75,2.38,1.57
E0,2025-04-05,15:00:00,Crystal Palace,Brighton,2,1,1.0,1.0,H,D,2.35,3.6,2.8,1.8,2.0
E0,2025-04-05,15:00:00,Ipswich,Wolves,1,2,1.0,0.0,A,H,2.7,3.25,2.63,2.1,1.73
E0,2025-04-05,15:00:00,West Ham,Bournemouth,2,2,0.0,1.0,D,A,3.0,3.5,2.3,1.8,2.0
E0,2025-04-05,17:30:00,Aston Villa,Nott'm Forest,2,1,2.0,0.0,H,H,1.95,3.6,3.7,1.8,2.0
E0,2025-04-06,14:00:00,Brentford,Chelsea,0,0,0.0,0.0,D,D,3.2,3.6,2.15,1.53,2.5
E0,2025-04-06,14:00:00,Fulham,Liverpool,3,2,3.0,1.0,H,H,4.5,3.5,1.83,1.8,2.0
E0,2025-04-06,14:00:00,Tottenham,Southampton,3,1,2.0,0.0,H,H,1.38,5.5,6.5,1.4,3.0
E0,2025-04-06,16:30:00,Man United,Man City,0,0,0.0,0.0,D,D,3.4,3.6,2.1,1.67,2.2
E0,2025-04-07,20:00:00,Leicester,Newcastle,0,3,0.0,3.0,A,A,6.5,4.2,1.48,1.62,2.3
E0,2025-04-12,12:30:00,Man City,Crystal Palace,5,2,2.0,2.0,H,D,1.5,4.75,5.75,1.53,2.5
E0,2025-04-12,15:00:00,Brighton,Leicester,2,2,1.0,1.0,D,D,1.29,6.0,10.0,1.62,2.3
E0,2025-04-12,15:00:00,Nott'm Forest,Everton,0,1,0.0,0.0,A,D,2.1,3.3,3.7,2.2,1.67
E0,2025-04-12,15:00:00,Southampton,Aston Villa,0,3,0.0,0.0,A,D,6.0,4.2,1.55,1.62,2.3
E0,2025-04-12,17:30:00,Arsenal,Brentford,1,1,0.0,0.0,D,D,1.6,4.33,5.0,1.73,2.1
E0,2025-04-13,14:00:00,Chelsea,Ipswich,2,2,0.0,2.0,D,A,1.27,7.0,8.5,1.44,2.75
E0,2025-04-13,14:00:00,Liverpool,West Ham,2,1,1.0,0.0,H,H,1.3,6.0,8.0,1.53,2.5
E0,2025-04-13,14:00:00,Wolves,Tottenham,4,2,2.0,0.0,H,H,2.2,3.6,3.1,1.67,2.2
E0,2025-04-13,16:30:00,Newcastle,Man United,4,1,1.0,1.0,H,D,1.65,4.2,4.75,1.67,2.2
E0,2025-04-14,20:00:00,Bournemouth,Fulham,1,0,1.0,0.0,H,H,2.15,3.5,3.3,1.73,2.1
E0,2025-04-16,19:30:00,Newcastle,Crystal Palace,5,0,4.0,0.0,H,H,1.67,3.9,5.0,1.73,2.1
E0,2025-04-19,15:00:00,Brentford,Brighton,4,2,1.0,1.0,H,D,2.4,3.75,2.63,1.57,2.38
E0,2025-04-19,15:00:00,Crystal Palace,Bournemouth,0,0,0.0,0.0,D,D,2.45,3.6,2.63,1.8,2.0
E0,2025-04-19,15:00:00,Everton,Man City,0,2,0.0,0.0,A,D,3.7,3.6,1.91,1.86,2.04
E0,2025-04-19,15:00:00,West Ham,Southampton,1,1,0.0,0.0,D,D,1.48,4.33,6.5,1.73,2.1
E0,2025-04-19,17:30:00,Aston Villa,Newcastle,4,1,1.0,1.0,H,D,2.3,3.6,2.75,1.62,2.3
E0,2025-04-20,14:00:00,Fulham,Chelsea,1,2,1.0,0.0,A,H,2.7,3.7,2.35,1.84,2.06
E0,2025-04-20,14:00:00,Ipswich,Arsenal,0,4,0.0,2.0,A,A,8.0,4.5,1.4,1.73,2.1
E0,2025-04-20,14:00:00,Man United,Wolves,0,1,0.0,0.0,A,D,2.0,3.6,3.6,1.97,1.93
E0,2025-04-20,16:30:00,Leicester,Liverpool,0,1,0.0,0.0,A,D,11.0,6.25,1.22,1.44,2.75
E0,2025-04-21,20:00:00,Tottenham,Nott'm Forest,1,2,0.0,2.0,A,A,2.45,3.6,2.63,1.57,2.38
E0,2025-04-22,20:00:00,Man City,Aston Villa,2,1,1.0,1.0,H,D,1.8,4.1,3.9,1.53,2.5
E0,2025-04-23,20:00:00,Arsenal,Crystal Palace,2,2,2.0,1.0,D,H,1.4,4.75,7.5,1.91,1.99
E0,2025-04-26,12:30:00,Chelsea,Everton,1,0,1.0,0.0,H,H,1.55,4.0,6.0,1.88,2.02
E0,2025-04-26,15:00:00,Brighton,West Ham,3,2,1.0,0.0,H,H,1.67,4.2,4.75,1.67,2.2
E0,2025-04-26,15:00:00,Newcastle,Ipswich,3,0,1.0,0.0,H,H,1.18,7.5,13.0,1.36,3.2
E0,2025-04-26,15:00:00,Southampton,Fulham,1,2,1.0,0.0,A,H,5.25,4.0,1.6,1.73,2.1
E0,2025-04-26,15:00:00,Wolves,Leicester,3,0,1.0,0.0,H,H,1.5,4.2,6.25,1.73,2.1
E0,2025-04-27,14:00:00,Bournemouth,Man United,1,1,1.0,0.0,D,H,1.67,4.0,4.5,1.67,2.2
E0,2025-04-27,16:30:00,Liverpool,Tottenham,5,1,3.0,1.0,H,H,1.25,6.0,11.0,1.33,3.4
E0,2025-05-01,19:30:00,Nott'm Forest,Brentford,0,2,0.0,1.0,A,A,2.15,3.5,3.25,1.8,2.0
E0,2025-05-02,20:00:00,Man City,Wolves,1,0,1.0,0.0,H,H,1.4,4.75,7.5,1.53,2.5
E0,2025-05-03,12:30:00,Aston Villa,Fulham,1,0,1.0,0.0,H,H,1.77,3.75,4.5,1.68,2.05
E0,2025-05-03,15:00:00,Everton,Ipswich,2,2,2.0,1.0,D,H,1.45,4.33,6.5,1.95,1.95
E0,2025-05-03,15:00:00,Leicester,Southampton,2,0,2.0,0.0,H,H,2.3,3.6,2.88,1.68,2.05
E0,2025-05-03,17:30:00,Arsenal,Bournemouth,1,2,1.0,0.0,A,H,2.05,3.7,3.4,1.87,2.03
E0,2025-05-04,14:00:00,Brentford,Man United,4,3,2.0,1.0,H,H,1.65,4.1,4.75,1.67,2.2
E0,2025-05-04,14:00:00,Brighton,Newcastle,1,1,1.0,0.0,D,H,2.88,3.7,2.3,1.53,2.5
E0,2025-05-04,14:00:00,West Ham,Tottenham,1,1,1.0,1.0,D,D,2.1,3.7,3.25,1.57,2.38
E0,2025-05-04,16:30:00,Chelsea,Liverpool,3,1,1.0,0.0,H,H,2.15,3.7,3.1,1.53,2.5
E0,2025-05-05,20:00:00,Crystal Palace,Nott'm Forest,1,1,0.0,0.0,D,D,2.25,3.4,3.2,2.01,1.89
E0,2025-05-10,15:00:00,Fulham,Everton,1,3,1.0,1.0,A,D,1.82,3.4,4.5,2.0,1.8
E0,2025-05-10,15:00:00,Ipswich,Brentford,0,1,0.0,1.0,A,A,5.0,4.0,1.65,1.53,2.5
E0,2025-05-10,15:00:00,Southampton,Man City,0,0,0.0,0.0,D,D,11.0,7.5,1.2,1.36,3.2
E0,2025-05-10,15:00:00,Wolves,Brighton,0,2,0.0,1.0,A,A,2.7,3.5,2.5,1.73,2.1
E0,2025-05-10,17:30:00,Bournemouth,Aston Villa,0,1,0.0,1.0,A,A,2.4,3.6,2.75,1.62,2.3
E0,2025-05-11,12:00:00,Newcastle,Chelsea,2,0,1.0,0.0,H,H,2.1,3.75,3.1,1.57,2.38
E0,2025-05-11,14:15:00,Man United,West Ham,0,2,0.0,1.0,A,A,1.9,3.6,4.0,1.73,2.1
E0,2025-05-11,14:15:00,Nott'm Forest,Leicester,2,2,1.0,1.0,D,D,1.33,5.25,8.0,1.67,2.2
E0,2025-05-11,14:15:00,Tottenham,Crystal Palace,0,2,0.0,1.0,A,A,2.63,3.6,2.5,1.53,2.5
E0,2025-05-11,16:30:00,Liverpool,Arsenal,2,2,2.0,0.0,D,H,2.0,3.6,3.6,1.73,2.1
E0,2025-05-16,19:30:00,Aston Villa,Tottenham,2,0,0.0,0.0,H,D,1.3,6.0,8.5,1.36,3.2
E0,2025-05-16,20:15:00,Chelsea,Man United,1,0,0.0,0.0,H,D,1.44,5.0,6.25,1.5,2.63
E0,2025-05-18,12:00:00,Everton,Southampton,2,0,2.0,0.0,H,H,1.4,4.75,7.5,1.8,2.0
E0,2025-05-18,14:15:00,West Ham,Nott'm Forest,1,2,0.0,1.0,A,A,2.75,3.3,2.55,1.98,1.92
E0,2025-05-18,15:00:00,Brentford,Fulham,2,3,2.0,1.0,A,H,1.91,3.9,3.6,1.62,2.3
E0,2025-05-18,15:00:00,Leicester,Ipswich,2,0,1.0,0.0,H,H,2.3,3.6,2.9,1.73,2.1
E0,2025-05-18,16:30:00,Arsenal,Newcastle,1,0,0.0,0.0,H,D,1.95,3.7,3.7,1.73,2.1
E0,2025-05-19,20:00:00,Brighton,Liverpool,3,2,1.0,2.0,H,A,2.6,3.75,2.45,1.44,2.75
E0,2025-05-20,20:00:00,Crystal Palace,Wolves,4,2,2.0,1.0,H,H,2.25,3.3,3.2,2.02,1.88
E0,2025-05-20,20:00:00,Man City,Bournemouth,3,1,2.0,0.0,H,H,1.55,4.33,5.75,1.53,2.5
E0,2025-05-25,16:00:00,Bournemouth,Leicester,2,0,0.0,0.0,H,D,1.33,5.25,8.5,1.5,2.63
E0,2025-05-25,16:00:00,Fulham,Man City,0,2,0.0,1.0,A,A,5.0,4.2,1.6,1.53,2.5
E0,2025-05-25,16:00:00,Ipswich,West Ham,1,3,0.0,1.0,A,A,3.0,3.8,2.2,1.5,2.63
E0,2025-05-25,16:00:00,Liverpool,Crystal Palace,1,1,0.0,1.0,D,A,1.4,6.0,5.75,1.3,3.5
E0,2025-05-25,16:00:00,Man United,Aston Villa,2,0,0.0,0.0,H,D,4.33,4.2,1.7,1.62,2.3
E0,2025-05-25,16:00:00,Newcastle,Everton,0,1,0.0,0.0,A,D,1.33,5.5,8.5,1.53,2.5
E0,2025-05-25,16:00:00,Nott'm Forest,Chelsea,0,1,0.0,0.0,A,D,3.0,3.75,2.2,1.67,2.2
E0,2025-05-25,16:00:00,Southampton,Arsenal,1,2,0.0,1.0,A,A,8.5,6.0,1.3,1.5,2.63
E0,2025-05-25,16:00:00,Tottenham,Brighton,1,4,1.0,0.0,A,H,4.2,4.33,1.7,1.33,3.4
E0,2025-05-25,16:00:00,Wolves,Brentford,1,1,0.0,1.0,D,A,2.7,3.7,2.45,1.53,2.5
E1,2024-08-09,20:00:00,Blackburn,Derby,4,2,1.0,0.0,H,H,2.2,3.5,3.1,2.03,1.83
E1,2024-08-09,20:00:00,Preston,Sheffield United,0,2,0.0,1.0,A,A,3.1,3.4,2.25,2.0,1.85
E1,2024-08-10,12:30:00,Cardiff,Sunderland,0,2,0.0,1.0,A,A,2.8,3.3,2.5,2.2,1.65
E1,2024-08-10,12:30:00,Hull,Bristol City,1,1,0.0,0.0,D,D,2.63,3.25,2.63,2.08,1.73
E1,2024-08-10,12:30:00,Leeds,Portsmouth,3,3,1.0,2.0,D,A,1.36,5.0,8.0,1.6,2.3
E1,2024-08-10,12:30:00,Middlesbrough,Swansea,1,0,1.0,0.0,H,H,1.8,3.5,4.33,1.73,2.08
E1,2024-08-10,12:30:00,Millwall,Watford,2,3,0.0,1.0,A,A,2.3,3.25,3.25,2.25,1.62
E1,2024-08-10,12:30:00,Oxford,Norwich,2,0,1.0,0.0,H,H,3.0,3.6,2.2,1.88,1.98
E1,2024-08-10,12:30:00,QPR,West Brom,1,3,1.0,1.0,A,D,2.45,3.3,2.8,2.25,1.62
E1,2024-08-10,12:30:00,Stoke,Coventry,1,0,0.0,0.0,H,D,2.45,3.6,2.7,1.83,2.03
E1,2024-08-11,16:00:00,Sheffield Weds,Plymouth,4,0,1.0,0.0,H,H,1.8,3.5,4.5,2.0,1.85
E1,2024-08-12,20:00:00,Luton,Burnley,1,4,0.0,2.0,A,A,2.38,3.4,2.88,1.88,1.98
E1,2024-08-16,20:00:00,Coventry,Oxford,3,2,2.0,1.0,H,H,1.7,3.9,4.75,1.7,2.1
E1,2024-08-17,12:30:00,Derby,Middlesbrough,1,0,1.0,0.0,H,H,3.5,3.5,2.0,1.85,2.0
E1,2024-08-17,12:30:00,Portsmouth,Luton,0,0,0.0,0.0,D,D,3.1,3.4,2.25,1.75,2.05
E1,2024-08-17,12:30:00,West Brom,Leeds,0,0,0.0,0.0,D,D,3.4,3.5,2.1,2.03,1.83
E1,2024-08-17,15:00:00,Bristol City,Millwall,4,3,2.0,0.0,H,H,2.0,3.2,4.1,2.35,1.57
E1,2024-08-17,15:00:00,Burnley,Cardiff,5,0,2.0,0.0,H,H,1.45,4.2,7.0,1.73,2.08
E1,2024-08-17,15:00:00,Norwich,Blackburn,2,2,0.0,1.0,D,A,2.0,3.4,3.7,1.8,2.0
E1,2024-08-17,15:00:00,Plymouth,Hull,1,1,0.0,0.0,D,D,2.8,3.7,2.3,1.67,2.15
E1,2024-08-17,15:00:00,Sheffield United,QPR,2,2,2.0,0.0,D,H,1.8,3.75,4.2,1.93,1.93
E1,2024-08-17,15:00:00,Swansea,Preston,3,0,1.0,0.0,H,H,1.95,3.4,3.9,2.1,1.7
E1,2024-08-17,15:00:00,Watford,Stoke,3,0,0.0,0.0,H,D,2.63,3.25,2.7,2.05,1.8
E1,2024-08-18,12:00:00,Sunderland,Sheffield Weds,4,0,3.0,0.0,H,H,2.2,3.3,3.3,1.95,1.9
E1,2024-08-23,20:00:00,Sheffield Weds,Leeds,0,2,0.0,1.0,A,A,4.1,3.4,1.91,1.88,1.98
E1,2024-08-24,12:30:00,Bristol City,Coventry,1,1,1.0,0.0,D,H,2.45,3.4,2.8,1.88,1.98
E1,2024-08-24,12:30:00,Hull,Millwall,0,0,0.0,0.0,D,D,2.2,3.25,3.3,2.05,1.75
E1,2024-08-24,12:30:00,QPR,Plymouth,1,1,1.0,1.0,D,D,1.7,3.8,4.75,1.83,2.03
E1,2024-08-24,15:00:00,Blackburn,Oxford,2,1,1.0,1.0,H,D,1.75,3.75,4.33,1.73,2.1
E1,2024-08-24,15:00:00,Middlesbrough,Portsmouth,2,2,1.0,2.0,D,A,1.45,4.33,7.0,1.73,2.1
E1,2024-08-24,15:00:00,Norwich,Sheffield United,1,1,1.0,1.0,D,D,2.7,3.4,2.5,1.73,2.1
E1,2024-08-24,15:00:00,Preston,Luton,1,0,1.0,0.0,H,H,3.2,3.4,2.2,1.98,1.88
E1,2024-08-24,15:00:00,Stoke,West Brom,1,2,1.0,2.0,A,A,2.55,3.2,2.8,2.3,1.62
E1,2024-08-24,15:00:00,Sunderland,Burnley,1,0,1.0,0.0,H,H,3.0,3.4,2.3,1.9,1.95
E1,2024-08-24,15:00:00,Watford,Derby,2,1,1.0,1.0,H,D,1.85,3.5,4.1,1.88,1.98
E1,2024-08-25,15:00:00,Swansea,Cardiff,1,1,1.0,0.0,D,H,1.95,3.5,3.9,1.88,1.98
E1,2024-08-30,20:00:00,Luton,QPR,1,2,1.0,0.0,A,H,1.91,3.5,3.7,1.75,2.05
E1,2024-08-31,12:30:00,Burnley,Blackburn,1,1,1.0,1.0,D,D,1.91,3.6,3.8,1.8,2.0
E1,2024-08-31,12:30:00,Cardiff,Middlesbrough,0,2,0.0,0.0,A,D,3.9,3.75,1.85,1.9,1.95
E1,2024-08-31,12:30:00,Coventry,Norwich,0,1,0.0,0.0,A,D,1.83,3.75,4.0,1.67,2.15
E1,2024-08-31,15:00:00,Derby,Bristol City,3,0,1.0,0.0,H,H,2.9,3.25,2.4,2.05,1.8
E1,2024-08-31,15:00:00,Leeds,Hull,2,0,0.0,0.0,H,D,1.33,5.25,9.0,1.6,2.3
E1,2024-08-31,15:00:00,Millwall,Sheffield Weds,3,0,0.0,0.0,H,D,2.38,3.3,2.9,2.08,1.73
E1,2024-08-31,15:00:00,Oxford,Preston,3,1,1.0,1.0,H,D,2.4,3.3,2.9,2.03,1.83
E1,2024-08-31,15:00:00,Plymouth,Stoke,0,1,0.0,0.0,A,D,3.1,3.6,2.15,1.7,2.1
E1,2024-08-31,15:00:00,Portsmouth,Sunderland,1,3,0.0,1.0,A,A,3.3,3.7,2.05,2.0,1.85
E1,2024-08-31,15:00:00,West Brom,Swansea,1,0,1.0,0.0,H,H,1.8,3.5,4.5,1.98,1.88
E1,2024-09-01,15:00:00,Sheffield United,Watford,1,0,1.0,0.0,H,H,1.75,3.75,4.33,1.83,2.03
E1,2024-09-13,20:00:00,Hull,Sheffield United,0,2,0.0,1.0,A,A,3.25,3.5,2.1,1.88,1.98
E1,2024-09-14,12:30:00,Leeds,Burnley,0,1,0.0,1.0,A,A,1.73,3.8,4.75,1.85,2.0
E1,2024-09-14,12:30:00,Millwall,Luton,0,1,0.0,1.0,A,A,2.63,3.3,2.63,2.0,1.8
E1,2024-09-14,12:30:00,Oxford,Stoke,1,0,0.0,0.0,H,D,3.1,3.4,2.25,1.98,1.88
E1,2024-09-14,15:00:00,Blackburn,Bristol City,3,0,1.0,0.0,H,H,2.05,3.4,3.4,1.93,1.93
E1,2024-09-14,15:00:00,Derby,Cardiff,1,0,1.0,0.0,H,H,2.35,3.4,3.0,2.1,1.73
E1,2024-09-14,15:00:00,Middlesbrough,Preston,1,1,1.0,1.0,D,D,1.45,4.2,7.0,1.73,2.1
E1,2024-09-14,15:00:00,Plymouth,Sunderland,3,2,0.0,1.0,H,A,4.5,3.6,1.75,1.73,2.1
E1,2024-09-14,15:00:00,Sheffield Weds,QPR,1,1,0.0,0.0,D,D,2.3,3.3,3.2,2.0,1.8
E1,2024-09-14,15:00:00,Swansea,Norwich,1,0,1.0,0.0,H,H,2.3,3.3,3.0,1.88,1.98
E1,2024-09-14,15:00:00,Watford,Coventry,1,1,0.0,1.0,D,A,2.6,3.4,2.7,1.83,2.03
E1,2024-09-15,15:00:00,Portsmouth,West Brom,0,3,0.0,1.0,A,A,4.0,3.5,1.9,1.98,1.88
E1,2024-09-20,20:00:00,Stoke,Hull,1,3,1.0,0.0,A,H,2.1,3.3,3.5,1.93,1.93
E1,2024-09-21,12:30:00,Norwich,Watford,4,1,2.0,1.0,H,H,2.15,3.5,3.2,1.93,1.93
E1,2024-09-21,12:30:00,QPR,Millwall,1,1,1.0,1.0,D,D,2.3,3.4,3.1,2.2,1.67
E1,2024-09-21,12:30:00,Sunderland,Middlesbrough,1,0,1.0,0.0,H,H,2.4,3.4,2.8,1.9,1.95
E1,2024-09-21,15:00:00,Bristol City,Oxford,2,1,0.0,1.0,H,A,1.75,3.6,4.75,1.98,1.88
E1,2024-09-21,15:00:00,Burnley,Portsmouth,2,1,0.0,1.0,H,A,1.48,4.2,7.0,1.73,2.1
E1,2024-09-21,15:00:00,Cardiff,Leeds,0,2,0.0,1.0,A,A,5.25,4.0,1.62,1.93,1.93
E1,2024-09-21,15:00:00,Coventry,Swansea,1,2,1.0,2.0,A,A,1.7,3.6,5.0,1.73,2.1
E1,2024-09-21,15:00:00,Luton,Sheffield Weds,2,1,0.0,0.0,H,D,1.9,3.5,4.0,1.85,2.0
E1,2024-09-21,15:00:00,Sheffield United,Derby,1,0,0.0,0.0,H,D,1.57,4.1,5.5,1.8,2.0
E1,2024-09-21,15:00:00,West Brom,Plymouth,1,0,0.0,0.0,H,D,1.38,4.5,8.0,1.57,2.38
E1,2024-09-22,12:00:00,Preston,Blackburn,0,0,0.0,0.0,D,D,2.63,3.3,2.55,2.0,1.8
E1,2024-09-27,20:00:00,Plymouth,Luton,3,1,1.0,0.0,H,H,4.0,3.7,1.85,1.62,2.3
E1,2024-09-28,12:30:00,Blackburn,QPR,2,0,0.0,0.0,H,D,2.0,3.6,3.4,1.95,1.9
E1,2024-09-28,12:30:00,Derby,Norwich,2,3,0.0,1.0,A,A,2.63,3.6,2.5,1.98,1.88
E1,2024-09-28,12:30:00,Sheffield Weds,West Brom,3,2,2.0,0.0,H,H,3.0,3.4,2.3,2.1,1.73
E1,2024-09-28,15:00:00,Hull,Cardiff,4,1,2.0,1.0,H,H,1.85,4.1,3.5,1.93,1.93
E1,2024-09-28,15:00:00,Leeds,Coventry,3,0,1.0,0.0,H,H,1.55,4.5,5.0,1.67,2.2
E1,2024-09-28,15:00:00,Middlesbrough,Stoke,2,0,1.0,0.0,H,H,1.6,4.0,5.0,1.73,2.1
E1,2024-09-28,15:00:00,Millwall,Preston,3,1,2.0,0.0,H,H,1.9,3.5,4.0,2.38,1.57
E1,2024-09-28,15:00:00,Oxford,Burnley,0,0,0.0,0.0,D,D,3.4,3.75,2.0,1.93,1.93
E1,2024-09-28,15:00:00,Portsmouth,Sheffield United,0,0,0.0,0.0,D,D,3.75,3.9,1.85,1.83,2.03
E1,2024-09-28,15:00:00,Watford,Sunderland,2,1,1.0,0.0,H,H,2.75,3.6,2.35,2.0,1.85
E1,2024-09-29,15:00:00,Swansea,Bristol City,1,1,1.0,0.0,D,H,2.3,3.7,2.8,1.9,1.95
E1,2024-10-01,19:45:00,Burnley,Plymouth,1,0,1.0,0.0,H,H,1.42,4.75,6.5,1.57,2.38
E1,2024-10-01,19:45:00,Cardiff,Millwall,1,0,1.0,0.0,H,H,3.0,3.2,2.4,2.63,1.5
E1,2024-10-01,19:45:00,Coventry,Blackburn,3,0,1.0,0.0,H,H,2.15,3.25,3.5,1.85,2.0
E1,2024-10-01,19:45:00,Luton,Oxford,2,2,2.0,1.0,D,H,1.67,3.9,4.5,1.88,1.98
E1,2024-10-01,19:45:00,Norwich,Leeds,1,1,1.0,0.0,D,H,3.9,3.4,1.95,1.88,1.98
E1,2024-10-01,19:45:00,QPR,Hull,1,3,1.0,2.0,A,A,2.45,3.4,2.8,1.93,1.93
E1,2024-10-01,19:45:00,Sunderland,Derby,2,0,1.0,0.0,H,H,1.67,3.9,4.75,2.03,1.83
E1,2024-10-01,19:45:00,West Brom,Middlesbrough,0,1,0.0,0.0,A,D,2.4,3.4,2.8,1.9,1.95
E1,2024-10-02,19:45:00,Preston,Watford,3,0,0.0,0.0,H,D,2.45,3.3,2.75,2.0,1.8
E1,2024-10-02,19:45:00,Sheffield United,Swansea,1,0,1.0,0.0,H,H,1.73,3.75,4.5,1.85,2.0
E1,2024-10-02,19:45:00,Stoke,Portsmouth,6,1,3.0,1.0,H,H,1.8,3.6,4.33,1.85,2.0
E1,2024-10-02,20:00:00,Bristol City,Sheffield Weds,0,0,0.0,0.0,D,D,2.15,3.5,3.2,1.95,1.9
E1,2024-10-04,20:00:00,Sunderland,Leeds,2,2,1.0,1.0,D,D,3.0,3.2,2.4,2.1,1.73
E1,2024-10-05,12:30:00,Burnley,Preston,0,0,0.0,0.0,D,D,1.67,3.8,5.0,2.05,1.8
E1,2024-10-05,12:30:00,Norwich,Hull,4,0,2.0,0.0,H,H,1.95,3.6,3.75,1.67,2.2
E1,2024-10-05,12:30:00,Portsmouth,Oxford,1,1,0.0,0.0,D,D,2.45,3.4,2.75,1.95,1.9
E1,2024-10-05,15:00:00,Coventry,Sheffield Weds,1,2,1.0,1.0,A,D,1.85,3.5,4.2,1.73,2.1
E1,2024-10-05,15:00:00,Derby,QPR,2,0,0.0,0.0,H,D,2.2,3.5,3.1,2.1,1.73
E1,2024-10-05,15:00:00,Plymouth,Blackburn,2,1,1.0,0.0,H,H,3.1,3.7,2.1,1.67,2.2
E1,2024-10-05,15:00:00,Sheffield United,Luton,2,0,1.0,0.0,H,H,1.9,3.7,3.9,1.9,1.95
E1,2024-10-05,15:00:00,Swansea,Stoke,0,0,0.0,0.0,D,D,2.2,3.5,3.1,1.98,1.88
E1,2024-10-05,15:00:00,Watford,Middlesbrough,2,1,0.0,0.0,H,D,3.5,3.8,1.95,1.67,2.2
E1,2024-10-05,15:00:00,West Brom,Millwall,0,0,0.0,0.0,D,D,1.91,3.4,4.0,2.3,1.62
E1,2024-10-06,15:00:00,Bristol City,Cardiff,1,1,0.0,0.0,D,D,1.75,3.9,4.2,2.0,1.85
E1,2024-10-18,20:00:00,Leeds,Sheffield United,2,0,0.0,0.0,H,D,1.9,3.6,3.8,2.1,1.73
E1,2024-10-19,12:30:00,Cardiff,Plymouth,5,0,2.0,0.0,H,H,2.05,3.5,3.5,1.83,2.03
E1,2024-10-19,12:30:00,Luton,Watford,3,0,1.0,0.0,H,H,2.0,3.2,4.0,1.73,2.1
E1,2024-10-19,12:30:00,Oxford,West Brom,1,1,0.0,1.0,D,A,3.9,3.5,1.95,2.0,1.8
E1,2024-10-19,12:30:00,Preston,Coventry,1,0,0.0,0.0,H,D,2.75,3.3,2.5,1.95,1.9
E1,2024-10-19,15:00:00,Blackburn,Swansea,1,0,1.0,0.0,H,H,2.1,3.4,3.4,1.93,1.93
E1,2024-10-19,15:00:00,Middlesbrough,Bristol City,0,2,0.0,2.0,A,A,1.7,3.8,4.75,1.8,2.0
E1,2024-10-19,15:00:00,Millwall,Derby,1,1,0.0,0.0,D,D,1.95,3.2,4.1,2.3,1.62
E1,2024-10-19,15:00:00,QPR,Portsmouth,1,2,1.0,1.0,A,D,1.85,3.6,4.2,1.9,1.95
E1,2024-10-19,15:00:00,Sheffield Weds,Burnley,0,2,0.0,1.0,A,A,2.7,3.25,2.6,2.2,1.67
E1,2024-10-19,15:00:00,Stoke,Norwich,1,1,1.0,1.0,D,D,2.55,3.4,2.63,1.8,2.0
E1,2024-10-20,15:00:00,Hull,Sunderland,0,1,0.0,0.0,A,D,2.88,3.4,2.38,1.73,2.1
E1,2024-10-22,19:45:00,Cardiff,Portsmouth,2,0,2.0,0.0,H,H,1.91,3.4,4.2,1.98,1.88
E1,2024-10-22,19:45:00,Leeds,Watford,2,1,2.0,0.0,H,H,1.33,5.0,9.5,1.62,2.3
E1,2024-10-22,19:45:00,Oxford,Derby,1,1,1.0,0.0,D,H,2.55,3.25,2.75,2.1,1.73
E1,2024-10-22,19:45:00,Preston,Norwich,2,2,2.0,1.0,D,H,2.7,3.25,2.7,2.05,1.8
E1,2024-10-22,19:45:00,Sheffield Weds,Swansea,0,0,0.0,0.0,D,D,2.1,3.4,3.4,2.03,1.83
E1,2024-10-22,19:45:00,Stoke,Bristol City,2,2,2.0,0.0,D,H,2.38,3.4,2.9,1.98,1.88
E1,2024-10-22,20:00:00,QPR,Coventry,1,1,0.0,1.0,D,A,2.9,3.4,2.38,1.85,2.0
E1,2024-10-23,19:45:00,Blackburn,West Brom,0,0,0.0,0.0,D,D,2.7,3.4,2.5,2.1,1.73
E1,2024-10-23,19:45:00,Hull,Burnley,1,1,1.0,0.0,D,H,2.63,3.5,2.55,2.1,1.73
E1,2024-10-23,19:45:00,Luton,Sunderland,1,2,0.0,0.0,A,D,2.55,3.3,2.75,1.98,1.88
E1,2024-10-23,19:45:00,Millwall,Plymouth,1,0,1.0,0.0,H,H,1.57,4.1,5.25,1.8,2.0
E1,2024-10-23,20:00:00,Middlesbrough,Sheffield United,1,0,0.0,0.0,H,D,2.0,3.6,3.4,1.95,1.9
E1,2024-10-25,20:00:00,Portsmouth,Sheffield Weds,1,2,1.0,0.0,A,H,3.4,3.4,2.1,2.0,1.85
E1,2024-10-26,12:30:00,Bristol City,Leeds,0,0,0.0,0.0,D,D,4.1,3.6,1.82,1.93,1.93
E1,2024-10-26,12:30:00,Coventry,Luton,3,2,0.0,2.0,H,A,2.2,3.4,3.2,1.83,2.03
E1,2024-10-26,12:30:00,Watford,Blackburn,1,0,0.0,0.0,H,D,2.4,3.4,2.8,1.85,2.0
E1,2024-10-26,15:00:00,Burnley,QPR,0,0,0.0,0.0,D,D,1.65,3.6,5.5,2.1,1.73
E1,2024-10-26,15:00:00,Derby,Hull,1,1,0.0,0.0,D,D,2.3,3.3,3.1,1.9,1.95
E1,2024-10-26,15:00:00,Plymouth,Preston,3,3,0.0,2.0,D,A,2.7,3.4,2.5,1.93,1.93
E1,2024-10-26,15:00:00,Sheffield United,Stoke,2,0,1.0,0.0,H,H,1.75,3.6,4.75,1.93,1.93
E1,2024-10-26,15:00:00,Sunderland,Oxford,2,0,1.0,0.0,H,H,1.55,4.2,5.5,1.8,2.0
E1,2024-10-26,15:00:00,Swansea,Millwall,0,1,0.0,0.0,A,D,2.45,3.25,2.88,2.2,1.67
E1,2024-10-26,15:00:00,West Brom,Cardiff,0,0,0.0,0.0,D,D,1.65,3.9,5.0,2.03,1.83
E1,2024-10-27,15:00:00,Norwich,Middlesbrough,3,3,1.0,3.0,D,A,2.75,3.3,2.5,1.73,2.1
E1,2024-11-01,20:00:00,Luton,West Brom,1,1,0.0,1.0,D,A,2.7,3.4,2.5,2.0,1.85
E1,2024-11-02,12:30:00,Blackburn,Sheffield United,0,2,0.0,1.0,A,A,2.88,3.1,2.63,2.2,1.67
E1,2024-11-02,12:30:00,Oxford,Swansea,1,2,0.0,1.0,A,A,2.75,3.2,2.7,2.2,1.67
E1,2024-11-02,12:30:00,Stoke,Derby,2,1,1.0,0.0,H,H,2.2,3.4,3.25,2.03,1.83
E1,2024-11-02,15:00:00,Cardiff,Norwich,2,1,0.0,0.0,H,D,2.63,3.4,2.63,1.73,2.1
E1,2024-11-02,15:00:00,Hull,Portsmouth,1,1,1.0,0.0,D,H,1.67,4.0,5.0,1.67,2.2
E1,2024-11-02,15:00:00,Leeds,Plymouth,3,0,3.0,0.0,H,H,1.18,8.0,11.0,1.44,2.75
E1,2024-11-02,15:00:00,Middlesbrough,Coventry,0,3,0.0,1.0,A,A,1.7,4.1,4.5,1.67,2.2
E1,2024-11-02,15:00:00,Preston,Bristol City,1,3,0.0,1.0,A,A,2.45,3.4,2.8,2.2,1.67
E1,2024-11-02,15:00:00,QPR,Sunderland,0,0,0.0,0.0,D,D,3.6,3.4,2.05,2.2,1.67
E1,2024-11-02,15:00:00,Sheffield Weds,Watford,2,6,1.0,1.0,A,D,1.91,3.5,3.9,1.95,1.9
E1,2024-11-03,15:00:00,Millwall,Burnley,1,0,0.0,0.0,H,D,2.75,3.1,2.7,2.75,1.44
E1,2024-11-05,19:45:00,Bristol City,Sheffield United,1,2,0.0,0.0,A,D,3.1,3.25,2.3,2.1,1.73
E1,2024-11-05,19:45:00,Oxford,Hull,1,0,0.0,0.0,H,D,3.0,3.3,2.3,1.98,1.88
E1,2024-11-05,19:45:00,QPR,Middlesbrough,1,4,0.0,2.0,A,A,3.5,3.6,1.95,1.88,1.98
E1,2024-11-05,19:45:00,Sheffield Weds,Norwich,2,0,2.0,0.0,H,H,2.2,3.25,3.2,2.03,1.83
E1,2024-11-05,20:00:00,Plymouth,Portsmouth,1,0,0.0,0.0,H,D,2.2,3.6,3.0,1.73,2.1
E1,2024-11-05,20:00:00,Swansea,Watford,1,0,1.0,0.0,H,H,1.95,3.4,3.9,1.83,2.03
E1,2024-11-06,19:45:00,Blackburn,Stoke,0,2,0.0,0.0,A,D,2.0,3.5,3.6,1.88,1.98
E1,2024-11-06,19:45:00,Coventry,Derby,1,2,0.0,1.0,A,A,1.75,3.7,4.5,1.9,1.95
E1,2024-11-06,19:45:00,Millwall,Leeds,1,0,1.0,0.0,H,H,4.1,3.4,1.9,2.3,1.62
E1,2024-11-06,20:00:00,Luton,Cardiff,1,0,0.0,0.0,H,D,1.85,3.5,4.2,1.83,2.03
E1,2024-11-06,20:00:00,Preston,Sunderland,0,0,0.0,0.0,D,D,3.3,3.1,2.3,2.2,1.67
E1,2024-11-07,20:00:00,West Brom,Burnley,0,0,0.0,0.0,D,D,2.25,3.2,3.25,2.38,1.57
E1,2024-11-08,20:00:00,Watford,Oxford,1,0,0.0,0.0,H,D,1.67,3.7,5.0,1.93,1.93
E1,2024-11-09,12:30:00,Cardiff,Blackburn,1,3,0.0,1.0,A,A,2.3,3.4,3.0,1.95,1.9
E1,2024-11-09,12:30:00,Middlesbrough,Luton,5,1,2.0,0.0,H,H,1.73,4.0,4.33,1.73,2.1
E1,2024-11-09,12:30:00,Stoke,Millwall,1,1,0.0,1.0,D,A,2.5,3.25,2.8,2.2,1.67
E1,2024-11-09,15:00:00,Derby,Plymouth,1,1,1.0,1.0,D,D,1.65,3.9,5.0,1.8,2.0
E1,2024-11-09,15:00:00,Leeds,QPR,2,0,1.0,0.0,H,H,1.25,5.5,12.0,1.67,2.2
E1,2024-11-09,15:00:00,Norwich,Bristol City,0,2,0.0,1.0,A,A,2.3,3.4,3.1,1.83,2.03
E1,2024-11-09,15:00:00,Portsmouth,Preston,3,1,2.0,0.0,H,H,2.8,3.4,2.4,2.1,1.73
E1,2024-11-09,15:00:00,Sunderland,Coventry,2,2,2.0,0.0,D,H,2.15,3.2,3.5,1.98,1.88
E1,2024-11-10,12:30:00,Sheffield United,Sheffield Weds,1,0,0.0,0.0,H,D,1.85,3.7,4.0,2.1,1.73
E1,2024-11-10,13:00:00,Hull,West Brom,1,2,1.0,2.0,A,A,2.7,3.3,2.6,2.1,1.73
E1,2024-11-10,15:00:00,Burnley,Swansea,1,0,0.0,0.0,H,D,1.9,3.5,3.9,2.2,1.67
E1,2024-11-22,20:00:00,Plymouth,Watford,2,2,1.0,2.0,D,A,3.1,3.4,2.25,1.73,2.1
E1,2024-11-23,12:30:00,Bristol City,Burnley,0,1,0.0,1.0,A,A,2.7,3.25,2.63,2.3,1.62
E1,2024-11-23,12:30:00,Coventry,Sheffield United,2,2,1.0,2.0,D,A,2.55,3.3,2.75,2.0,1.8
E1,2024-11-23,12:30:00,Sheffield Weds,Cardiff,1,1,1.0,1.0,D,D,2.0,3.5,3.6,2.03,1.83
E1,2024-11-23,15:00:00,Luton,Hull,1,0,1.0,0.0,H,H,1.95,3.5,3.75,1.9,1.95
E1,2024-11-23,15:00:00,Millwall,Sunderland,1,1,0.0,1.0,D,A,2.3,3.25,3.2,2.38,1.57
E1,2024-11-23,15:00:00,Oxford,Middlesbrough,2,6,1.0,3.0,A,A,5.0,4.2,1.6,1.83,2.03
E1,2024-11-23,15:00:00,Preston,Derby,1,1,1.0,1.0,D,D,2.2,3.2,3.4,2.2,1.67
E1,2024-11-23,15:00:00,QPR,Stoke,1,1,0.0,1.0,D,A,2.6,3.3,2.7,2.0,1.85
E1,2024-11-23,15:00:00,West Brom,Norwich,2,2,2.0,2.0,D,D,1.83,3.6,4.2,2.03,1.83
E1,2024-11-24,15:00:00,Swansea,Leeds,3,4,2.0,1.0,A,H,4.1,3.9,1.8,2.1,1.73
E1,2024-11-26,19:45:00,Burnley,Coventry,2,0,0.0,0.0,H,D,2.2,3.3,3.25,2.2,1.67
E1,2024-11-26,19:45:00,Hull,Sheffield Weds,0,2,0.0,1.0,A,A,2.3,3.4,3.0,2.1,1.73
E1,2024-11-26,19:45:00,Norwich,Plymouth,6,1,2.0,1.0,H,H,1.45,4.5,6.5,1.57,2.38
E1,2024-11-26,19:45:00,Sheffield United,Oxford,3,0,2.0,0.0,H,H,1.4,4.33,8.5,1.98,1.88
E1,2024-11-26,19:45:00,Stoke,Preston,0,0,0.0,0.0,D,D,2.0,3.5,3.6,2.1,1.73
E1,2024-11-26,19:45:00,Watford,Bristol City,1,0,0.0,0.0,H,D,2.2,3.4,3.25,2.0,1.85
E1,2024-11-26,20:00:00,Sunderland,West Brom,0,0,0.0,0.0,D,D,2.38,3.4,2.9,2.2,1.67
E1,2024-11-27,19:45:00,Cardiff,QPR,0,2,0.0,1.0,A,A,1.95,3.5,3.8,2.0,1.8
E1,2024-11-27,19:45:00,Leeds,Luton,3,0,2.0,0.0,H,H,1.42,4.2,8.0,1.8,2.0
E1,2024-11-27,19:45:00,Middlesbrough,Blackburn,0,1,0.0,0.0,A,D,1.53,4.1,6.25,1.73,2.1
E1,2024-11-27,20:00:00,Derby,Swansea,1,2,0.0,2.0,A,A,2.4,3.4,2.8,2.2,1.67
E1,2024-11-29,20:00:00,Sheffield United,Sunderland,1,0,0.0,0.0,H,D,2.0,3.3,3.9,2.38,1.57
E1,2024-11-30,12:30:00,Middlesbrough,Hull,3,1,2.0,0.0,H,H,1.5,4.5,6.0,1.62,2.3
E1,2024-11-30,12:30:00,Oxford,Millwall,1,1,0.0,1.0,D,A,3.4,3.5,2.1,2.38,1.57
E1,2024-11-30,12:30:00,Watford,QPR,0,0,0.0,0.0,D,D,1.85,3.6,4.0,1.93,1.93
E1,2024-11-30,13:30:00,Blackburn,Leeds,1,0,1.0,0.0,H,H,4.2,3.7,1.8,2.0,1.85
E1,2024-11-30,15:00:00,Bristol City,Plymouth,4,0,0.0,0.0,H,D,1.5,4.33,6.0,1.67,2.2
E1,2024-11-30,15:00:00,Coventry,Cardiff,2,2,1.0,1.0,D,D,1.7,4.0,4.33,1.88,1.98
E1,2024-11-30,15:00:00,Norwich,Luton,4,2,2.0,1.0,H,H,2.0,3.7,3.4,1.8,2.0
E1,2024-11-30,15:00:00,Preston,West Brom,1,1,0.0,1.0,D,A,2.8,3.5,2.4,2.3,1.62
E1,2024-11-30,15:00:00,Stoke,Burnley,0,2,0.0,0.0,A,D,3.0,3.4,2.3,2.2,1.67
E1,2024-11-30,15:00:00,Swansea,Portsmouth,2,2,1.0,2.0,D,A,1.7,4.1,4.33,1.85,2.0
E1,2024-12-01,15:00:00,Derby,Sheffield Weds,1,2,1.0,0.0,A,H,2.4,3.2,3.0,2.2,1.67
E1,2024-12-06,20:00:00,Burnley,Middlesbrough,1,1,1.0,1.0,D,D,2.45,3.3,2.9,2.1,1.73
E1,2024-12-07,12:30:00,Leeds,Derby,2,0,2.0,0.0,H,H,1.36,4.75,8.5,1.88,1.98
E1,2024-12-07,12:30:00,Sheffield Weds,Preston,1,1,0.0,1.0,D,A,1.91,3.25,4.2,2.2,1.67
E1,2024-12-07,12:30:00,Sunderland,Stoke,2,1,1.0,1.0,H,D,1.75,3.7,4.75,1.98,1.88
E1,2024-12-07,15:00:00,Hull,Blackburn,0,1,0.0,1.0,A,A,2.55,3.25,2.75,2.03,1.83
E1,2024-12-07,15:00:00,Luton,Swansea,1,1,1.0,0.0,D,H,2.25,3.25,3.25,2.03,1.83
E1,2024-12-07,15:00:00,Millwall,Coventry,0,1,0.0,0.0,A,D,2.5,3.1,2.9,2.38,1.57
E1,2024-12-07,15:00:00,Portsmouth,Bristol City,3,0,1.0,0.0,H,H,3.2,3.4,2.2,1.95,1.9
E1,2024-12-07,15:00:00,QPR,Norwich,3,0,2.0,0.0,H,H,3.0,3.3,2.35,1.93,1.93
E1,2024-12-08,15:00:00,West Brom,Sheffield United,2,2,1.0,2.0,D,A,2.4,3.2,3.0,2.2,1.67
E1,2024-12-10,19:45:00,Burnley,Derby,0,0,0.0,0.0,D,D,1.7,3.5,5.25,2.63,1.5
E1,2024-12-10,19:45:00,Luton,Stoke,2,1,1.0,1.0,H,D,2.05,3.3,3.6,1.93,1.93
E1,2024-12-10,19:45:00,Plymouth,Swansea,1,2,0.0,1.0,A,A,4.5,3.9,1.7,1.73,2.1
E1,2024-12-10,19:45:00,Portsmouth,Norwich,0,0,0.0,0.0,D,D,3.3,3.4,2.15,1.93,1.93
E1,2024-12-10,19:45:00,Sheffield Weds,Blackburn,0,1,0.0,0.0,A,D,2.25,3.3,3.1,2.1,1.73
E1,2024-12-10,19:45:00,Sunderland,Bristol City,1,1,0.0,0.0,D,D,1.85,3.4,4.33,2.1,1.73
E1,2024-12-10,20:00:00,Leeds,Middlesbrough,3,1,1.0,0.0,H,H,1.7,3.7,4.75,1.93,1.93
E1,2024-12-11,19:45:00,Cardiff,Preston,0,2,0.0,0.0,A,D,2.25,3.2,3.2,2.2,1.67
E1,2024-12-11,19:45:00,Hull,Watford,1,1,0.0,0.0,D,D,2.3,3.4,3.0,1.9,1.95
E1,2024-12-11,19:45:00,Millwall,Sheffield United,0,1,0.0,1.0,A,A,2.8,3.2,2.55,2.5,1.53
E1,2024-12-11,19:45:00,QPR,Oxford,2,0,0.0,0.0,H,D,1.95,3.6,3.6,2.1,1.73
E1,2024-12-11,20:00:00,West Brom,Coventry,2,0,1.0,0.0,H,H,2.25,3.3,3.2,2.1,1.73
E1,2024-12-13,20:00:00,Derby,Portsmouth,4,0,3.0,0.0,H,H,2.05,3.2,3.75,2.3,1.62
E1,2024-12-14,12:30:00,Bristol City,QPR,1,1,0.0,0.0,D,D,1.85,3.6,4.0,2.1,1.73
E1,2024-12-14,12:30:00,Coventry,Hull,2,1,0.0,1.0,H,A,1.73,3.6,4.75,1.8,2.0
E1,2024-12-14,12:30:00,Preston,Leeds,1,1,1.0,0.0,D,H,4.75,4.0,1.67,2.1,1.73
E1,2024-12-14,15:00:00,Blackburn,Luton,2,0,2.0,0.0,H,H,2.15,3.4,3.3,2.0,1.8
E1,2024-12-14,15:00:00,Middlesbrough,Millwall,1,0,1.0,0.0,H,H,1.7,3.8,4.75,2.1,1.73
E1,2024-12-14,15:00:00,Oxford,Sheffield Weds,1,3,1.0,1.0,A,D,3.25,3.25,2.25,2.1,1.73
E1,2024-12-14,15:00:00,Sheffield United,Plymouth,2,0,1.0,0.0,H,H,1.25,6.0,10.0,1.57,2.38
E1,2024-12-14,15:00:00,Stoke,Cardiff,2,2,1.0,1.0,D,D,2.25,3.3,3.25,1.9,1.95
E1,2024-12-14,15:00:00,Swansea,Sunderland,2,3,2.0,1.0,A,H,2.63,3.2,2.7,2.1,1.73
E1,2024-12-15,14:00:00,Watford,West Brom,2,1,1.0,0.0,H,H,2.75,3.25,2.55,2.1,1.73
E1,2024-12-15,15:00:00,Norwich,Burnley,1,2,1.0,0.0,A,H,2.88,3.2,2.5,2.1,1.73
E1,2024-12-20,20:00:00,Luton,Derby,2,1,0.0,0.0,H,D,2.15,3.2,3.5,2.3,1.62
E1,2024-12-21,12:30:00,Hull,Swansea,2,1,1.0,1.0,H,D,2.5,3.4,2.75,1.98,1.88
E1,2024-12-21,12:30:00,Portsmouth,Coventry,4,1,2.0,1.0,H,H,3.9,3.6,1.91,1.8,2.0
E1,2024-12-21,12:30:00,Sheffield Weds,Stoke,2,0,0.0,0.0,H,D,1.91,3.4,4.0,2.0,1.85
E1,2024-12-21,15:00:00,Burnley,Watford,2,1,1.0,0.0,H,H,1.7,3.7,5.25,2.1,1.73
E1,2024-12-21,15:00:00,Cardiff,Sheffield United,0,2,0.0,0.0,A,D,3.7,3.4,2.0,2.1,1.73
E1,2024-12-21,15:00:00,Leeds,Oxford,4,0,1.0,0.0,H,H,1.14,7.5,19.0,1.53,2.5
E1,2024-12-21,15:00:00,Millwall,Blackburn,1,0,0.0,0.0,H,D,2.3,3.25,3.2,2.38,1.57
E1,2024-12-21,15:00:00,Plymouth,Middlesbrough,3,3,1.0,0.0,D,H,6.0,4.5,1.48,1.57,2.38
E1,2024-12-21,15:00:00,QPR,Preston,2,1,0.0,1.0,H,A,2.55,3.1,2.9,2.5,1.53
E1,2024-12-21,15:00:00,Sunderland,Norwich,2,1,0.0,1.0,H,A,1.8,3.5,4.33,1.93,1.93
E1,2024-12-22,15:00:00,West Brom,Bristol City,2,0,2.0,0.0,H,H,2.1,3.3,3.5,2.1,1.73
E1,2024-12-26,15:00:00,Blackburn,Sunderland,2,2,1.0,0.0,D,H,2.8,3.25,2.5,2.2,1.67
E1,2024-12-26,15:00:00,Bristol City,Luton,1,0,0.0,0.0,H,D,2.25,3.4,3.1,2.05,1.8
E1,2024-12-26,15:00:00,Coventry,Plymouth,4,0,4.0,0.0,H,H,1.33,5.75,7.5,1.5,2.63
E1,2024-12-26,15:00:00,Middlesbrough,Sheffield Weds,3,3,3.0,0.0,D,H,1.65,3.9,5.0,1.73,2.1
E1,2024-12-26,15:00:00,Norwich,Millwall,2,1,2.0,0.0,H,H,2.15,3.2,3.5,2.2,1.67
E1,2024-12-26,15:00:00,Oxford,Cardiff,3,2,1.0,0.0,H,H,2.88,3.2,2.5,2.1,1.73
E1,2024-12-26,15:00:00,Preston,Hull,1,0,0.0,0.0,H,D,2.25,3.3,3.2,2.1,1.73
E1,2024-12-26,15:00:00,Sheffield United,Burnley,0,2,0.0,1.0,A,A,2.4,3.2,3.0,2.38,1.57
E1,2024-12-26,15:00:00,Swansea,QPR,3,0,3.0,0.0,H,H,1.85,3.4,4.33,2.1,1.73
E1,2024-12-26,15:00:00,Watford,Portsmouth,2,1,0.0,1.0,H,A,1.8,3.6,4.33,1.85,2.0
E1,2024-12-26,17:30:00,Derby,West Brom,2,1,1.0,0.0,H,H,2.7,3.2,2.7,2.38,1.57
E1,2024-12-26,20:00:00,Stoke,Leeds,0,2,0.0,1.0,A,A,6.25,4.2,1.5,1.9,1.95
E1,2024-12-29,12:30:00,Norwich,QPR,1,1,0.0,1.0,D,A,1.75,3.7,4.33,1.88,1.98
E1,2024-12-29,12:30:00,Preston,Sheffield Weds,3,1,1.0,0.0,H,H,2.45,2.9,3.1,2.3,1.62
E1,2024-12-29,12:30:00,Sheffield United,West Brom,1,1,1.0,1.0,D,D,1.95,3.2,4.2,2.2,1.67
E1,2024-12-29,15:00:00,Blackburn,Hull,0,1,0.0,0.0,A,D,2.0,3.5,3.6,2.1,1.73
E1,2024-12-29,15:00:00,Bristol City,Portsmouth,3,0,3.0,0.0,H,H,1.67,3.75,4.75,1.95,1.9
E1,2024-12-29,15:00:00,Coventry,Millwall,0,0,0.0,0.0,D,D,1.8,3.7,4.33,2.2,1.67
E1,2024-12-29,15:00:00,Oxford,Plymouth,2,0,1.0,0.0,H,H,1.85,3.5,4.2,1.85,2.0
E1,2024-12-29,15:00:00,Stoke,Sunderland,1,0,0.0,0.0,H,D,3.0,3.6,2.2,2.03,1.83
E1,2024-12-29,15:00:00,Swansea,Luton,2,1,1.0,1.0,H,D,2.2,3.5,3.1,2.03,1.83
E1,2024-12-29,15:00:00,Watford,Cardiff,1,2,1.0,2.0,A,A,1.95,3.4,3.9,1.88,1.98
E1,2024-12-29,17:45:00,Derby,Leeds,0,1,0.0,0.0,A,D,5.0,4.2,1.6,2.1,1.73
E1,2024-12-29,20:00:00,Middlesbrough,Burnley,0,0,0.0,0.0,D,D,2.25,3.25,3.1,2.1,1.73
E1,2025-01-01,12:30:00,Plymouth,Bristol City,2,2,0.0,1.0,D,A,4.0,3.75,1.83,1.8,2.0
E1,2025-01-01,12:30:00,QPR,Watford,3,1,2.0,0.0,H,H,2.55,3.4,2.7,2.0,1.8
E1,2025-01-01,13:00:00,Millwall,Oxford,0,1,0.0,0.0,A,D,1.67,3.75,5.0,2.3,1.62
E1,2025-01-01,15:00:00,Burnley,Stoke,0,0,0.0,0.0,D,D,1.53,3.8,6.5,2.2,1.67
E1,2025-01-01,15:00:00,Cardiff,Coventry,1,1,1.0,0.0,D,H,2.88,3.5,2.3,1.88,1.98
E1,2025-01-01,15:00:00,Leeds,Blackburn,1,1,0.0,0.0,D,D,1.36,5.0,7.5,1.9,1.95
E1,2025-01-01,15:00:00,Luton,Norwich,0,1,0.0,0.0,A,D,2.5,3.4,2.7,1.93,1.93
E1,2025-01-01,15:00:00,Portsmouth,Swansea,4,0,2.0,0.0,H,H,2.88,3.4,2.38,1.95,1.9
E1,2025-01-01,15:00:00,Sheffield Weds,Derby,4,2,1.0,0.0,H,H,2.0,3.4,3.8,2.1,1.73
E1,2025-01-01,15:00:00,West Brom,Preston,3,1,3.0,0.0,H,H,1.83,3.5,4.33,2.3,1.62
E1,2025-01-01,17:30:00,Hull,Middlesbrough,0,1,0.0,0.0,A,D,3.25,3.5,2.1,1.88,1.98
E1,2025-01-01,20:00:00,Sunderland,Sheffield United,2,1,2.0,1.0,H,H,2.3,3.4,3.0,2.2,1.67
E1,2025-01-04,12:30:00,Blackburn,Burnley,0,1,0.0,0.0,A,D,3.2,3.4,2.2,2.38,1.57
E1,2025-01-04,12:30:00,Stoke,Plymouth,0,0,0.0,0.0,D,D,1.65,4.33,4.33,1.67,2.2
E1,2025-01-04,12:30:00,Swansea,West Brom,1,1,0.0,0.0,D,D,2.55,3.3,2.7,2.1,1.73
E1,2025-01-04,15:00:00,Bristol City,Derby,1,0,1.0,0.0,H,H,1.9,3.3,4.2,2.3,1.62
E1,2025-01-04,15:00:00,Hull,Leeds,3,3,1.0,0.0,D,H,5.5,4.2,1.55,1.93,1.93
E1,2025-01-04,15:00:00,Middlesbrough,Cardiff,1,1,1.0,1.0,D,D,1.57,4.2,5.25,1.73,2.1
E1,2025-01-04,15:00:00,Norwich,Coventry,2,1,0.0,1.0,H,A,2.4,3.4,2.8,1.85,2.0
E1,2025-01-04,15:00:00,Preston,Oxford,1,1,0.0,1.0,D,A,1.85,3.4,4.33,2.2,1.67
E1,2025-01-04,15:00:00,Sheffield Weds,Millwall,2,2,1.0,0.0,D,H,2.1,3.4,3.4,2.5,1.53
E1,2025-01-04,15:00:00,Watford,Sheffield United,1,2,1.0,1.0,A,D,2.75,3.5,2.4,2.1,1.73
E1,2025-01-05,15:00:00,Sunderland,Portsmouth,1,0,1.0,0.0,H,H,1.48,4.5,6.0,1.8,2.0
E1,2025-01-06,20:00:00,QPR,Luton,2,1,1.0,1.0,H,D,2.4,3.25,2.9,2.2,1.67
E1,2025-01-14,19:45:00,Cardiff,Watford,1,1,0.0,0.0,D,D,2.25,3.3,3.2,2.1,1.73
E1,2025-01-14,19:45:00,Plymouth,Oxford,1,1,0.0,1.0,D,A,2.35,3.4,3.0,2.03,1.83
E1,2025-01-15,19:45:00,Blackburn,Portsmouth,3,0,0.0,0.0,H,D,1.73,3.8,4.75,1.98,1.88
E1,2025-01-17,20:00:00,Burnley,Sunderland,0,0,0.0,0.0,D,D,2.15,3.3,3.4,2.63,1.5
E1,2025-01-18,12:30:00,Cardiff,Swansea,3,0,0.0,0.0,H,D,2.63,3.25,2.63,2.1,1.73
E1,2025-01-18,12:30:00,Millwall,Hull,0,1,0.0,0.0,A,D,2.05,3.2,3.75,2.5,1.53
E1,2025-01-18,12:30:00,Plymouth,QPR,0,1,0.0,0.0,A,D,3.0,3.25,2.4,2.05,1.8
E1,2025-01-18,15:00:00,Coventry,Bristol City,1,0,0.0,0.0,H,D,2.1,3.3,3.5,1.98,1.88
E1,2025-01-18,15:00:00,Derby,Watford,0,2,0.0,1.0,A,A,2.2,3.4,3.2,2.1,1.73
E1,2025-01-18,15:00:00,Luton,Preston,0,0,0.0,0.0,D,D,2.2,3.1,3.5,2.2,1.67
E1,2025-01-18,15:00:00,Oxford,Blackburn,1,0,0.0,0.0,H,D,3.0,3.4,2.3,2.2,1.67
E1,2025-01-18,15:00:00,Portsmouth,Middlesbrough,2,1,0.0,1.0,H,A,4.5,3.6,1.75,1.67,2.2
E1,2025-01-18,15:00:00,Sheffield United,Norwich,2,0,1.0,0.0,H,H,2.1,3.4,3.4,2.0,1.8
E1,2025-01-18,15:00:00,West Brom,Stoke,1,1,0.0,1.0,D,A,1.73,3.8,4.5,2.0,1.85
E1,2025-01-19,12:00:00,Leeds,Sheffield Weds,3,0,1.0,0.0,H,H,1.36,5.0,7.5,1.8,2.0
E1,2025-01-21,19:45:00,Blackburn,Coventry,0,2,0.0,1.0,A,A,2.55,3.3,2.75,2.1,1.73
E1,2025-01-21,19:45:00,Derby,Sunderland,0,1,0.0,1.0,A,A,3.5,3.3,2.1,2.2,1.67
E1,2025-01-21,19:45:00,Hull,QPR,1,2,0.0,0.0,A,D,2.1,3.25,3.7,2.15,1.62
E1,2025-01-21,19:45:00,Middlesbrough,West Brom,2,0,1.0,0.0,H,H,1.95,3.4,3.75,2.0,1.85
E1,2025-01-21,19:45:00,Oxford,Luton,3,2,1.0,2.0,H,A,2.9,3.2,2.5,2.3,1.62
E1,2025-01-21,19:45:00,Swansea,Sheffield United,1,2,1.0,0.0,A,H,2.88,3.2,2.5,2.1,1.73
E1,2025-01-21,19:45:00,Watford,Preston,1,2,0.0,1.0,A,A,2.1,3.4,3.4,2.2,1.67
E1,2025-01-21,20:00:00,Millwall,Cardiff,2,2,2.0,1.0,D,H,2.15,2.9,3.9,3.0,1.4
E1,2025-01-22,19:45:00,Leeds,Norwich,2,0,1.0,0.0,H,H,1.38,4.5,8.0,1.68,2.05
E1,2025-01-22,19:45:00,Portsmouth,Stoke,3,1,2.0,1.0,H,H,2.45,3.25,2.88,2.0,1.85
E1,2025-01-22,19:45:00,Sheffield Weds,Bristol City,2,2,1.0,0.0,D,H,2.5,3.2,2.88,2.1,1.73
E1,2025-01-22,20:00:00,Plymouth,Burnley,0,5,0.0,5.0,A,A,6.0,3.6,1.6,2.05,1.68
E1,2025-01-24,20:00:00,Sheffield United,Hull,0,3,0.0,1.0,A,A,1.73,3.7,4.75,2.05,1.8
E1,2025-01-25,12:30:00,Luton,Millwall,0,1,0.0,0.0,A,D,2.2,3.3,3.25,2.63,1.5
E1,2025-01-25,12:30:00,Norwich,Swansea,5,1,1.0,0.0,H,H,2.15,3.2,3.6,1.95,1.9
E1,2025-01-25,12:30:00,Stoke,Oxford,0,0,0.0,0.0,D,D,2.0,3.3,3.8,2.1,1.73
E1,2025-01-25,15:00:00,Bristol City,Blackburn,2,1,1.0,1.0,H,D,1.95,3.5,3.75,2.2,1.67
E1,2025-01-25,15:00:00,Cardiff,Derby,2,1,0.0,0.0,H,D,2.2,3.1,3.4,2.5,1.53
E1,2025-01-25,15:00:00,Coventry,Watford,2,1,1.0,0.0,H,H,1.73,3.6,4.75,1.83,2.03
E1,2025-01-25,15:00:00,Preston,Middlesbrough,2,1,1.0,0.0,H,H,3.25,3.25,2.25,2.1,1.73
E1,2025-01-25,15:00:00,QPR,Sheffield Weds,0,2,0.0,0.0,A,D,2.5,3.2,2.9,2.1,1.73
E1,2025-01-25,15:00:00,Sunderland,Plymouth,2,2,0.0,0.0,D,D,1.25,6.0,10.0,1.57,2.38
E1,2025-01-25,15:00:00,West Brom,Portsmouth,5,1,4.0,0.0,H,H,1.62,3.9,5.0,1.98,1.88
E1,2025-01-27,20:00:00,Burnley,Leeds,0,0,0.0,0.0,D,D,3.0,3.3,2.3,2.5,1.53
E1,2025-01-28,19:45:00,Portsmouth,Millwall,0,1,0.0,1.0,A,A,2.5,3.0,3.1,2.63,1.5
E1,2025-01-31,20:00:00,Blackburn,Preston,2,1,1.0,0.0,H,H,2.2,3.1,3.6,2.5,1.53
E1,2025-02-01,12:30:00,Oxford,Bristol City,1,1,0.0,0.0,D,D,3.1,3.3,2.25,2.2,1.67
E1,2025-02-01,12:30:00,Plymouth,West Brom,2,1,0.0,0.0,H,D,5.0,3.75,1.67,1.9,1.95
E1,2025-02-01,12:30:00,Watford,Norwich,0,1,0.0,1.0,A,A,2.63,3.3,2.63,1.88,1.98
E1,2025-02-01,15:00:00,Derby,Sheffield United,0,1,0.0,0.0,A,D,3.6,3.1,2.15,2.2,1.67
E1,2025-02-01,15:00:00,Hull,Stoke,1,2,1.0,1.0,A,D,1.91,3.4,4.0,2.05,1.8
E1,2025-02-01,15:00:00,Leeds,Cardiff,7,0,2.0,0.0,H,H,1.29,5.5,9.0,1.73,2.1
E1,2025-02-01,15:00:00,Millwall,QPR,2,1,2.0,1.0,H,H,2.2,3.1,3.5,2.75,1.44
E1,2025-02-01,15:00:00,Portsmouth,Burnley,0,0,0.0,0.0,D,D,5.0,3.4,1.75,2.2,1.67
E1,2025-02-01,15:00:00,Sheffield Weds,Luton,1,1,0.0,1.0,D,A,2.1,3.25,3.7,2.2,1.67
E1,2025-02-01,15:00:00,Swansea,Coventry,0,2,0.0,2.0,A,A,2.55,3.4,2.7,2.0,1.85
E1,2025-02-03,20:00:00,Middlesbrough,Sunderland,2,3,1.0,1.0,A,D,2.35,3.4,3.0,1.93,1.93
E1,2025-02-04,19:45:00,Burnley,Oxford,1,0,1.0,0.0,H,H,1.48,3.8,7.5,2.2,1.67
E1,2025-02-04,19:45:00,QPR,Blackburn,2,1,1.0,0.0,H,H,2.63,3.1,2.8,2.3,1.62
E1,2025-02-05,19:45:00,Coventry,Leeds,0,2,0.0,2.0,A,A,4.0,3.6,1.85,1.93,1.93
E1,2025-02-08,12:30:00,Sunderland,Watford,2,2,1.0,1.0,D,D,1.5,4.33,5.75,1.83,2.03
E1,2025-02-08,12:30:00,West Brom,Sheffield Weds,2,1,0.0,0.0,H,D,2.15,3.5,3.3,2.1,1.73
E1,2025-02-08,15:00:00,Norwich,Derby,1,1,0.0,0.0,D,D,1.7,3.9,4.75,1.98,1.88
E1,2025-02-08,15:00:00,Sheffield United,Portsmouth,2,1,1.0,1.0,H,D,1.5,4.5,5.75,1.88,1.98
E1,2025-02-09,12:00:00,Bristol City,Swansea,0,1,0.0,0.0,A,D,1.85,3.5,4.1,2.1,1.73
E1,2025-02-11,19:45:00,Coventry,QPR,1,0,0.0,0.0,H,D,1.85,3.4,4.33,2.0,1.85
E1,2025-02-11,19:45:00,Derby,Oxford,0,0,0.0,0.0,D,D,2.2,3.0,3.6,2.75,1.44
E1,2025-02-11,19:45:00,Portsmouth,Cardiff,2,1,2.0,1.0,H,H,2.25,3.3,3.2,2.2,1.67
E1,2025-02-11,19:45:00,Watford,Leeds,0,4,0.0,3.0,A,A,10.0,4.75,1.33,1.73,2.1
E1,2025-02-11,20:00:00,Norwich,Preston,0,1,0.0,1.0,A,A,1.75,3.5,4.75,2.1,1.73
E1,2025-02-12,19:45:00,Bristol City,Stoke,2,0,1.0,0.0,H,H,1.73,3.7,5.0,2.0,1.85
E1,2025-02-12,19:45:00,Burnley,Hull,2,0,2.0,0.0,H,H,1.67,3.5,5.5,2.38,1.57
E1,2025-02-12,19:45:00,Plymouth,Millwall,5,1,2.0,0.0,H,H,3.4,3.1,2.2,2.5,1.53
E1,2025-02-12,19:45:00,Sunderland,Luton,2,0,1.0,0.0,H,H,1.67,3.8,5.0,2.0,1.85
E1,2025-02-12,19:45:00,Swansea,Sheffield Weds,0,1,0.0,0.0,A,D,2.55,3.4,2.7,2.1,1.73
E1,2025-02-12,20:00:00,Sheffield United,Middlesbrough,3,1,1.0,1.0,H,D,2.25,3.4,3.1,1.93,1.93
E1,2025-02-12,20:00:00,West Brom,Blackburn,0,2,0.0,0.0,A,D,1.83,3.4,4.33,2.05,1.8
E1,2025-02-14,20:00:00,QPR,Derby,4,0,2.0,0.0,H,H,2.05,3.2,4.0,2.63,1.5
E1,2025-02-15,12:30:00,Cardiff,Bristol City,1,1,0.0,0.0,D,D,2.8,3.25,2.55,2.1,1.73
E1,2025-02-15,12:30:00,Oxford,Portsmouth,0,2,0.0,0.0,A,D,2.35,3.2,3.1,2.2,1.67
E1,2025-02-15,12:30:00,Preston,Burnley,0,0,0.0,0.0,D,D,3.75,3.25,2.05,2.75,1.44
E1,2025-02-15,15:00:00,Blackburn,Plymouth,2,0,0.0,0.0,H,D,1.67,3.8,5.0,2.0,1.85
E1,2025-02-15,15:00:00,Hull,Norwich,1,1,1.0,0.0,D,H,2.63,3.25,2.63,1.98,1.88
E1,2025-02-15,15:00:00,Luton,Sheffield United,0,1,0.0,0.0,A,D,3.2,3.5,2.15,2.2,1.67
E1,2025-02-15,15:00:00,Middlesbrough,Watford,0,1,0.0,1.0,A,A,1.6,3.9,5.5,1.62,2.3
E1,2025-02-15,15:00:00,Millwall,West Brom,1,1,1.0,1.0,D,D,2.63,3.2,2.75,2.5,1.53
E1,2025-02-15,15:00:00,Sheffield Weds,Coventry,1,2,0.0,1.0,A,A,2.45,3.4,2.75,1.98,1.88
E1,2025-02-15,15:00:00,Stoke,Swansea,3,1,0.0,0.0,H,D,2.45,3.4,2.88,2.1,1.73
E1,2025-02-17,20:00:00,Leeds,Sunderland,2,1,0.0,1.0,H,A,1.53,4.0,6.0,1.93,1.93
E1,2025-02-18,19:45:00,Preston,Millwall,1,1,0.0,1.0,D,A,2.4,2.88,3.3,3.2,1.36
E1,2025-02-19,19:45:00,Luton,Plymouth,1,1,0.0,0.0,D,D,1.73,3.6,4.75,2.0,1.8
E1,2025-02-21,19:45:00,Bristol City,Middlesbrough,2,1,0.0,1.0,H,A,2.3,3.4,3.0,1.93,1.93
E1,2025-02-21,20:00:00,Burnley,Sheffield Weds,4,0,1.0,0.0,H,H,1.77,3.25,5.0,2.38,1.57
E1,2025-02-22,12:30:00,Derby,Millwall,0,1,0.0,0.0,A,D,2.5,2.9,3.25,3.0,1.4
E1,2025-02-22,12:30:00,Plymouth,Cardiff,1,1,0.0,1.0,D,A,2.63,3.5,2.5,2.0,1.85
E1,2025-02-22,12:30:00,Sunderland,Hull,0,1,0.0,1.0,A,A,1.62,3.8,5.5,2.03,1.83
E1,2025-02-22,15:00:00,Coventry,Preston,2,1,2.0,0.0,H,H,1.75,3.6,4.75,2.1,1.73
E1,2025-02-22,15:00:00,Norwich,Stoke,4,2,1.0,1.0,H,D,1.65,4.0,5.0,1.93,1.93
E1,2025-02-22,15:00:00,Portsmouth,QPR,2,1,0.0,0.0,H,D,2.45,3.25,2.9,2.1,1.73
E1,2025-02-22,15:00:00,Swansea,Blackburn,3,0,2.0,0.0,H,H,2.5,3.3,2.75,2.2,1.67
E1,2025-02-22,15:00:00,West Brom,Oxford,2,0,1.0,0.0,H,H,1.7,3.6,5.25,2.2,1.67
E1,2025-02-23,12:00:00,Watford,Luton,2,0,2.0,0.0,H,H,2.35,3.5,2.88,2.2,1.67
E1,2025-02-24,20:00:00,Sheffield United,Leeds,1,3,1.0,0.0,A,H,3.9,3.7,1.85,2.05,1.8
E1,2025-02-25,19:45:00,Cardiff,Hull,1,0,0.0,0.0,H,D,2.7,3.1,2.7,2.1,1.73
E1,2025-02-25,19:45:00,Stoke,Middlesbrough,1,3,1.0,1.0,A,D,2.9,3.4,2.35,1.93,1.93
E1,2025-02-28,20:00:00,Sheffield Weds,Sunderland,1,2,0.0,1.0,A,A,2.7,3.2,2.63,2.1,1.73
E1,2025-03-01,12:30:00,Blackburn,Norwich,1,1,0.0,0.0,D,D,2.5,3.4,2.7,2.05,1.8
E1,2025-03-01,12:30:00,Leeds,West Brom,1,1,1.0,1.0,D,D,1.36,4.5,9.0,1.8,2.0
E1,2025-03-01,12:30:00,Oxford,Coventry,2,3,0.0,1.0,A,A,3.5,3.25,2.1,2.03,1.83
E1,2025-03-01,15:00:00,Luton,Portsmouth,1,0,1.0,0.0,H,H,2.15,3.3,3.4,2.05,1.8
E1,2025-03-01,15:00:00,Middlesbrough,Derby,1,0,0.0,0.0,H,D,1.65,3.6,5.5,1.9,1.95
E1,2025-03-01,15:00:00,QPR,Sheffield United,1,2,0.0,1.0,A,A,3.0,3.2,2.4,2.05,1.68
E1,2025-03-01,15:00:00,Stoke,Watford,0,0,0.0,0.0,D,D,2.45,3.3,2.88,1.95,1.9
E1,2025-03-04,19:45:00,Cardiff,Burnley,1,2,1.0,2.0,A,A,4.2,3.4,1.9,2.57,1.46
E1,2025-03-04,19:45:00,Hull,Plymouth,2,0,0.0,0.0,H,D,1.62,3.6,5.75,2.0,1.8
E1,2025-03-04,19:45:00,Millwall,Bristol City,0,2,0.0,0.0,A,D,2.75,3.0,2.75,2.75,1.44
E1,2025-03-04,19:45:00,Preston,Swansea,0,0,0.0,0.0,D,D,2.38,3.2,3.1,2.3,1.62
E1,2025-03-07,20:00:00,Norwich,Oxford,1,1,1.0,1.0,D,D,1.54,4.0,5.5,1.93,1.93
E1,2025-03-08,12:30:00,Coventry,Stoke,3,2,2.0,0.0,H,H,1.53,4.33,5.5,1.76,1.96
E1,2025-03-08,12:30:00,Watford,Millwall,1,2,1.0,0.0,A,H,2.3,3.25,3.1,2.45,1.49
E1,2025-03-08,15:00:00,Bristol City,Hull,1,1,0.0,1.0,D,A,1.9,3.5,3.9,2.15,1.62
E1,2025-03-08,15:00:00,Burnley,Luton,4,0,2.0,0.0,H,H,1.62,3.6,6.0,2.38,1.57
E1,2025-03-08,15:00:00,Derby,Blackburn,2,1,2.0,1.0,H,H,2.7,3.0,2.75,2.38,1.57
E1,2025-03-08,15:00:00,Plymouth,Sheffield Weds,0,3,0.0,2.0,A,A,3.6,3.5,2.0,1.94,1.79
E1,2025-03-08,15:00:00,Sheffield United,Preston,1,0,0.0,0.0,H,D,1.62,4.1,5.0,2.1,1.73
E1,2025-03-08,15:00:00,Sunderland,Cardiff,2,1,1.0,1.0,H,D,1.5,4.33,5.75,1.9,1.95
E1,2025-03-08,15:00:00,Swansea,Middlesbrough,1,0,1.0,0.0,H,H,2.7,3.4,2.5,1.93,1.93
E1,2025-03-08,15:00:00,West Brom,QPR,1,0,1.0,0.0,H,H,1.73,3.6,4.75,2.1,1.73
E1,2025-03-09,12:00:00,Portsmouth,Leeds,1,0,0.0,0.0,H,D,7.5,4.5,1.4,1.73,2.1
E1,2025-03-11,19:45:00,Burnley,West Brom,1,1,1.0,1.0,D,D,1.87,3.2,4.33,2.63,1.5
E1,2025-03-11,19:45:00,Cardiff,Luton,1,2,0.0,0.0,A,D,2.3,3.25,3.1,2.25,1.57
E1,2025-03-11,19:45:00,Derby,Coventry,2,0,1.0,0.0,H,H,3.4,3.2,2.2,2.32,1.53
E1,2025-03-11,19:45:00,Middlesbrough,QPR,2,1,1.0,0.0,H,H,1.9,3.3,4.33,2.03,1.83
E1,2025-03-11,19:45:00,Norwich,Sheffield Weds,2,3,2.0,0.0,A,H,2.2,3.25,3.25,1.9,1.95
E1,2025-03-11,19:45:00,Sunderland,Preston,1,1,0.0,0.0,D,D,1.65,3.7,5.5,2.32,1.53
E1,2025-03-11,20:00:00,Sheffield United,Bristol City,1,1,0.0,0.0,D,D,2.0,3.25,3.8,2.05,1.68
E1,2025-03-12,19:45:00,Hull,Oxford,2,1,0.0,0.0,H,D,1.7,3.6,5.0,2.1,1.73
E1,2025-03-12,19:45:00,Leeds,Millwall,2,0,1.0,0.0,H,H,1.29,5.25,10.0,1.98,1.88
E1,2025-03-12,19:45:00,Portsmouth,Plymouth,1,2,0.0,1.0,A,A,1.67,3.7,5.0,1.93,1.93
E1,2025-03-12,19:45:00,Watford,Swansea,1,0,1.0,0.0,H,H,2.3,3.25,3.1,2.05,1.68
E1,2025-03-12,20:00:00,Stoke,Blackburn,1,0,1.0,0.0,H,H,2.6,3.3,2.7,2.05,1.68
E1,2025-03-14,20:00:00,Bristol City,Norwich,2,1,2.0,0.0,H,H,2.1,3.4,3.6,1.95,1.9
E1,2025-03-15,12:30:00,Millwall,Stoke,1,0,0.0,0.0,H,D,2.15,3.1,3.6,2.63,1.5
E1,2025-03-15,12:30:00,QPR,Leeds,2,2,2.0,1.0,D,H,6.0,4.33,1.5,2.0,1.85
E1,2025-03-15,15:00:00,Blackburn,Cardiff,1,2,1.0,1.0,A,D,2.0,3.3,3.8,2.2,1.67
E1,2025-03-15,15:00:00,Coventry,Sunderland,3,0,2.0,0.0,H,H,2.6,3.25,2.7,2.05,1.8
E1,2025-03-15,15:00:00,Luton,Middlesbrough,0,0,0.0,0.0,D,D,2.63,3.3,2.63,1.95,1.9
E1,2025-03-15,15:00:00,Oxford,Watford,1,0,0.0,0.0,H,D,2.75,3.25,2.55,2.2,1.67
E1,2025-03-15,15:00:00,Plymouth,Derby,2,3,1.0,2.0,A,A,2.8,3.2,2.55,2.5,1.53
E1,2025-03-15,15:00:00,Preston,Portsmouth,2,1,0.0,0.0,H,D,2.15,3.1,3.6,2.2,1.67
E1,2025-03-15,15:00:00,Swansea,Burnley,0,2,0.0,2.0,A,A,3.6,3.2,2.1,2.5,1.53
E1,2025-03-15,15:00:00,West Brom,Hull,1,1,0.0,0.0,D,D,1.9,3.5,4.0,2.1,1.73
E1,2025-03-16,12:30:00,Sheffield Weds,Sheffield United,0,1,0.0,0.0,A,D,2.45,3.3,2.8,2.1,1.73
E1,2025-03-28,20:00:00,Sheffield United,Coventry,3,1,2.0,0.0,H,H,2.05,3.3,3.6,2.05,1.8
E1,2025-03-29,12:30:00,Hull,Luton,0,1,0.0,0.0,A,D,2.15,3.4,3.25,2.3,1.62
E1,2025-03-29,12:30:00,Watford,Plymouth,0,0,0.0,0.0,D,D,1.57,3.9,5.75,2.03,1.83
E1,2025-03-29,15:00:00,Burnley,Bristol City,1,0,1.0,0.0,H,H,1.73,3.5,5.0,2.3,1.62
E1,2025-03-29,15:00:00,Cardiff,Sheffield Weds,1,1,1.0,0.0,D,H,2.9,3.25,2.45,2.1,1.73
E1,2025-03-29,15:00:00,Leeds,Swansea,2,2,1.0,0.0,D,H,1.22,6.0,12.0,1.73,2.1
E1,2025-03-29,15:00:00,Middlesbrough,Oxford,2,1,0.0,1.0,H,A,1.6,3.9,5.5,1.88,1.98
E1,2025-03-29,15:00:00,Norwich,West Brom,1,0,0.0,0.0,H,D,2.2,3.3,3.3,2.03,1.83
E1,2025-03-29,15:00:00,Portsmouth,Blackburn,1,0,1.0,0.0,H,H,2.25,3.2,3.3,2.1,1.73
E1,2025-03-29,15:00:00,Stoke,QPR,3,1,2.0,0.0,H,H,2.25,3.1,3.4,2.2,1.67
E1,2025-03-29,15:00:00,Sunderland,Millwall,1,0,1.0,0.0,H,H,1.62,3.75,5.5,2.3,1.62
E1,2025-04-02,19:45:00,Derby,Preston,2,0,0.0,0.0,H,D,2.25,3.0,3.6,2.75,1.44
E1,2025-04-04,20:00:00,Blackburn,Middlesbrough,0,2,0.0,2.0,A,A,2.8,3.4,2.4,1.98,1.88
E1,2025-04-05,12:30:00,Coventry,Burnley,1,2,1.0,1.0,A,D,3.1,3.2,2.38,2.2,1.67
E1,2025-04-05,12:30:00,Luton,Leeds,1,1,1.0,1.0,D,D,5.25,4.1,1.6,2.0,1.85
E1,2025-04-05,12:30:00,West Brom,Sunderland,0,1,0.0,1.0,A,A,2.4,3.25,2.9,2.1,1.73
E1,2025-04-05,15:00:00,Bristol City,Watford,2,1,2.0,0.0,H,H,1.8,3.5,4.5,2.03,1.83
E1,2025-04-05,15:00:00,Millwall,Portsmouth,2,1,0.0,0.0,H,D,2.35,3.0,3.3,2.63,1.5
E1,2025-04-05,15:00:00,Oxford,Sheffield United,1,0,1.0,0.0,H,H,4.2,3.5,1.83,2.1,1.73
E1,2025-04-05,15:00:00,Plymouth,Norwich,2,1,2.0,0.0,H,H,4.33,3.6,1.8,1.93,1.93
E1,2025-04-05,15:00:00,Preston,Stoke,1,1,1.0,0.0,D,H,2.35,3.25,3.0,2.3,1.62
E1,2025-04-05,15:00:00,QPR,Cardiff,0,0,0.0,0.0,D,D,2.2,3.25,3.3,2.2,1.67
E1,2025-04-05,15:00:00,Sheffield Weds,Hull,0,1,0.0,0.0,A,D,2.0,3.5,3.75,2.1,1.73
E1,2025-04-05,15:00:00,Swansea,Derby,1,0,0.0,0.0,H,D,2.05,3.3,3.75,2.38,1.57
E1,2025-04-08,19:45:00,Blackburn,Sheffield Weds,2,2,0.0,2.0,D,A,2.6,3.2,2.7,2.3,1.62
E1,2025-04-08,19:45:00,Bristol City,West Brom,2,1,0.0,0.0,H,D,2.4,3.4,2.87,2.1,1.73
E1,2025-04-08,19:45:00,Derby,Burnley,0,0,0.0,0.0,D,D,4.2,3.3,1.82,2.75,1.44
E1,2025-04-08,19:45:00,Norwich,Sunderland,0,0,0.0,0.0,D,D,2.37,3.5,2.8,1.88,1.98
E1,2025-04-08,19:45:00,Preston,Cardiff,2,2,1.0,0.0,D,H,2.55,3.3,2.75,2.1,1.73
E1,2025-04-08,19:45:00,Sheffield United,Millwall,0,1,0.0,1.0,A,A,1.62,3.75,5.25,2.3,1.62
E1,2025-04-08,19:45:00,Stoke,Luton,1,1,0.0,0.0,D,D,2.4,3.25,2.9,2.38,1.57
E1,2025-04-08,19:45:00,Watford,Hull,1,0,0.0,0.0,H,D,2.38,3.3,3.0,2.2,1.67
E1,2025-04-08,20:00:00,Middlesbrough,Leeds,0,1,0.0,1.0,A,A,4.5,3.9,1.67,1.8,2.0
E1,2025-04-09,19:45:00,Oxford,QPR,1,3,0.0,2.0,A,A,2.5,3.2,2.8,2.3,1.62
E1,2025-04-09,19:45:00,Swansea,Plymouth,3,0,3.0,0.0,H,H,1.58,4.0,5.0,2.03,1.83
E1,2025-04-09,20:00:00,Coventry,Portsmouth,1,0,0.0,0.0,H,D,1.62,4.1,4.75,1.88,1.98
E1,2025-04-11,20:00:00,Burnley,Norwich,2,1,2.0,0.0,H,H,1.6,3.9,5.5,2.0,1.8
E1,2025-04-12,12:30:00,Leeds,Preston,2,1,2.0,1.0,H,H,1.22,6.5,12.0,1.67,2.2
E1,2025-04-12,12:30:00,Plymouth,Sheffield United,2,1,0.0,1.0,H,A,5.25,4.0,1.6,1.93,1.93
E1,2025-04-12,15:00:00,Cardiff,Stoke,0,1,0.0,0.0,A,D,2.25,3.5,3.0,2.2,1.67
E1,2025-04-12,15:00:00,Luton,Blackburn,0,1,0.0,0.0,A,D,1.85,3.4,4.33,2.2,1.67
E1,2025-04-12,15:00:00,Millwall,Middlesbrough,1,0,0.0,0.0,H,D,2.88,3.25,2.45,2.1,1.73
E1,2025-04-12,15:00:00,Portsmouth,Derby,2,2,0.0,0.0,D,D,2.3,3.25,3.2,2.63,1.5
E1,2025-04-12,15:00:00,QPR,Bristol City,1,1,1.0,1.0,D,D,3.1,3.4,2.25,2.2,1.67
E1,2025-04-12,15:00:00,Sheffield Weds,Oxford,0,1,0.0,0.0,A,D,1.62,3.75,5.5,2.03,1.83
E1,2025-04-12,15:00:00,Sunderland,Swansea,0,1,0.0,0.0,A,D,1.7,3.6,4.75,2.1,1.73
E1,2025-04-12,15:00:00,West Brom,Watford,2,1,1.0,0.0,H,H,1.73,3.7,4.75,2.1,1.73
E1,2025-04-14,20:00:00,Hull,Coventry,1,1,0.0,0.0,D,D,2.55,3.2,2.8,2.0,1.8
E1,2025-04-18,12:30:00,Derby,Luton,0,1,0.0,1.0,A,A,2.6,2.9,3.0,2.75,1.44
E1,2025-04-18,15:00:00,Blackburn,Millwall,4,1,2.0,1.0,H,H,2.35,3.1,3.2,2.63,1.5
E1,2025-04-18,15:00:00,Bristol City,Sunderland,2,1,0.0,1.0,H,A,2.3,3.5,2.9,2.1,1.73
E1,2025-04-18,15:00:00,Coventry,West Brom,2,0,1.0,0.0,H,H,2.2,3.6,3.1,1.98,1.88
E1,2025-04-18,15:00:00,Middlesbrough,Plymouth,2,1,1.0,1.0,H,D,1.36,5.0,7.0,1.57,2.38
E1,2025-04-18,15:00:00,Norwich,Portsmouth,3,5,1.0,3.0,A,A,1.8,3.8,4.2,1.85,2.0
E1,2025-04-18,15:00:00,Preston,QPR,1,2,1.0,0.0,A,H,2.25,3.1,3.4,2.5,1.53
E1,2025-04-18,15:00:00,Stoke,Sheffield Weds,2,0,1.0,0.0,H,H,2.3,3.3,3.1,2.1,1.73
E1,2025-04-18,15:00:00,Swansea,Hull,1,0,0.0,0.0,H,D,2.3,3.3,3.0,2.2,1.67
E1,2025-04-18,15:00:00,Watford,Burnley,1,2,1.0,1.0,A,D,4.75,3.4,1.8,2.3,1.62
E1,2025-04-18,17:30:00,Sheffield United,Cardiff,2,0,1.0,0.0,H,H,1.57,3.75,6.0,1.95,1.9
E1,2025-04-18,20:00:00,Oxford,Leeds,0,1,0.0,1.0,A,A,8.0,5.0,1.36,1.83,2.03
E1,2025-04-21,15:00:00,Cardiff,Oxford,1,1,0.0,0.0,D,D,1.85,3.25,4.5,2.2,1.67
E1,2025-04-21,15:00:00,Hull,Preston,2,1,0.0,1.0,H,A,1.95,3.25,4.0,2.2,1.67
E1,2025-04-21,15:00:00,Leeds,Stoke,6,0,5.0,0.0,H,H,1.27,5.75,11.0,1.67,2.2
E1,2025-04-21,15:00:00,Luton,Bristol City,3,1,0.0,0.0,H,D,2.5,3.25,2.8,2.2,1.67
E1,2025-04-21,15:00:00,Millwall,Norwich,3,1,2.0,1.0,H,H,2.2,3.4,3.2,2.2,1.67
E1,2025-04-21,15:00:00,Plymouth,Coventry,3,1,2.0,1.0,H,H,4.75,3.7,1.73,1.8,2.0
E1,2025-04-21,15:00:00,Portsmouth,Watford,1,0,1.0,0.0,H,H,2.0,3.7,3.4,2.1,1.73
E1,2025-04-21,15:00:00,QPR,Swansea,1,2,0.0,1.0,A,A,2.4,3.5,2.75,2.3,1.62
E1,2025-04-21,15:00:00,Sheffield Weds,Middlesbrough,2,1,0.0,1.0,H,A,3.3,3.4,2.15,1.9,1.95
E1,2025-04-21,15:00:00,Sunderland,Blackburn,0,1,0.0,1.0,A,A,1.75,3.5,4.75,2.1,1.73
E1,2025-04-21,15:00:00,West Brom,Derby,1,3,0.0,2.0,A,A,1.91,3.5,3.8,2.38,1.57
E1,2025-04-21,17:30:00,Burnley,Sheffield United,2,1,2.0,1.0,H,H,1.95,3.5,3.9,2.5,1.53
E1,2025-04-25,20:00:00,Stoke,Sheffield United,0,2,0.0,1.0,A,A,2.35,3.3,3.0,2.1,1.73
E1,2025-04-26,12:30:00,Luton,Coventry,1,0,0.0,0.0,H,D,2.5,3.25,2.88,2.03,1.83
E1,2025-04-26,12:30:00,QPR,Burnley,0,5,0.0,3.0,A,A,3.8,3.5,1.95,2.2,1.67
E1,2025-04-26,15:00:00,Blackburn,Watford,2,1,0.0,0.0,H,D,1.7,3.6,5.0,2.0,1.85
E1,2025-04-26,15:00:00,Cardiff,West Brom,0,0,0.0,0.0,D,D,2.25,3.2,3.2,2.1,1.73
E1,2025-04-26,15:00:00,Hull,Derby,0,1,0.0,0.0,A,D,2.4,3.0,3.25,2.63,1.5
E1,2025-04-26,15:00:00,Middlesbrough,Norwich,0,0,0.0,0.0,D,D,1.55,4.33,5.25,1.53,2.5
E1,2025-04-26,15:00:00,Millwall,Swansea,1,0,1.0,0.0,H,H,2.25,3.2,3.3,2.38,1.57
E1,2025-04-26,15:00:00,Oxford,Sunderland,2,0,1.0,0.0,H,H,3.1,3.25,2.38,2.2,1.67
E1,2025-04-26,15:00:00,Preston,Plymouth,1,2,0.0,1.0,A,A,1.75,3.6,4.75,2.03,1.83
E1,2025-04-26,15:00:00,Sheffield Weds,Portsmouth,1,1,1.0,1.0,D,D,2.05,3.9,3.25,1.88,1.98
E1,2025-04-28,20:00:00,Leeds,Bristol City,4,0,1.0,0.0,H,H,1.6,3.9,5.75,1.83,2.03
E1,2025-05-03,12:30:00,Bristol City,Preston,2,2,0.0,1.0,D,A,1.75,3.6,4.75,1.98,1.88
E1,2025-05-03,12:30:00,Burnley,Millwall,3,1,1.0,1.0,H,D,1.62,3.7,5.75,2.0,1.8
E1,2025-05-03,12:30:00,Coventry,Middlesbrough,2,0,1.0,0.0,H,H,2.05,3.8,3.2,1.57,2.38
E1,2025-05-03,12:30:00,Derby,Stoke,0,0,0.0,0.0,D,D,2.05,3.0,4.2,2.5,1.53
E1,2025-05-03,12:30:00,Norwich,Cardiff,4,2,3.0,0.0,H,H,1.58,4.33,4.75,1.57,2.38
E1,2025-05-03,12:30:00,Plymouth,Leeds,1,2,1.0,0.0,A,H,9.5,6.25,1.25,1.5,2.63
E1,2025-05-03,12:30:00,Portsmouth,Hull,1,1,0.0,1.0,D,A,2.8,3.6,2.3,1.95,1.9
E1,2025-05-03,12:30:00,Sheffield United,Blackburn,1,1,0.0,0.0,D,D,2.25,3.5,3.0,2.03,1.83
E1,2025-05-03,12:30:00,Sunderland,QPR,0,1,0.0,1.0,A,A,1.57,4.1,5.25,1.93,1.93
E1,2025-05-03,12:30:00,Swansea,Oxford,3,3,1.0,1.0,D,D,1.62,4.0,4.75,1.95,1.9
E1,2025-05-03,12:30:00,Watford,Sheffield Weds,1,1,1.0,1.0,D,D,2.75,3.5,2.4,1.67,2.2
E1,2025-05-03,12:30:00,West Brom,Luton,5,3,3.0,1.0,H,H,3.0,3.4,2.3,2.05,1.8
E2,2024-08-09,20:00:00,Barnsley,Mansfield,1,2,1.0,2.0,A,A,2.05,3.7,3.3,1.73,2.08
E2,2024-08-10,17:30:00,Birmingham,Reading,1,1,0.0,1.0,D,A,1.57,4.2,5.0,1.75,2.05
E2,2024-08-10,17:30:00,Bristol Rvs,Northampton,1,0,0.0,0.0,H,D,1.9,3.7,3.7,2.03,1.83
E2,2024-08-10,17:30:00,Burton,Lincoln,2,3,2.0,2.0,A,D,2.9,3.4,2.3,2.1,1.7
E2,2024-08-10,17:30:00,Crawley Town,Blackpool,2,1,2.0,0.0,H,H,3.4,3.5,2.0,1.98,1.88
E2,2024-08-10,17:30:00,Exeter,Rotherham,1,0,0.0,0.0,H,D,3.0,3.4,2.25,1.98,1.88
E2,2024-08-10,17:30:00,Leyton Orient,Bolton,1,2,1.0,1.0,A,D,3.5,3.4,2.0,2.0,1.85
E2,2024-08-10,17:30:00,Peterboro,Huddersfield,0,2,0.0,2.0,A,A,2.1,3.5,3.2,1.73,2.08
E2,2024-08-10,17:30:00,Stevenage,Shrewsbury,1,0,0.0,0.0,H,D,1.8,3.4,4.5,2.25,1.62
E2,2024-08-10,17:30:00,Stockport,Cambridge,2,0,1.0,0.0,H,H,1.67,3.7,5.0,1.98,1.88
E2,2024-08-10,17:30:00,Wigan,Charlton,0,1,0.0,0.0,A,D,2.5,3.3,2.7,2.0,1.85
E2,2024-08-10,17:30:00,Wrexham,Wycombe,3,2,2.0,0.0,H,H,2.0,3.5,3.5,1.73,2.08
E2,2024-08-17,12:30:00,Charlton,Leyton Orient,1,0,0.0,0.0,H,D,2.1,3.4,3.4,2.03,1.83
E2,2024-08-17,12:30:00,Shrewsbury,Peterboro,1,4,1.0,1.0,A,D,3.75,3.4,2.0,2.0,1.85
E2,2024-08-17,15:00:00,Blackpool,Stockport,0,3,0.0,0.0,A,D,2.1,3.4,3.4,1.95,1.9
E2,2024-08-17,15:00:00,Cambridge,Crawley Town,0,1,0.0,0.0,A,D,2.15,3.4,3.3,2.03,1.83
E2,2024-08-17,15:00:00,Huddersfield,Stevenage,2,1,1.0,0.0,H,H,1.73,3.7,4.5,2.05,1.75
E2,2024-08-17,15:00:00,Lincoln,Barnsley,1,2,0.0,1.0,A,A,2.15,3.5,3.2,2.0,1.85
E2,2024-08-17,15:00:00,Mansfield,Burton,3,3,2.0,1.0,D,H,1.8,3.7,4.0,1.8,2.0
E2,2024-08-17,15:00:00,Northampton,Exeter,2,1,0.0,1.0,H,A,2.55,3.3,2.7,2.1,1.7
E2,2024-08-17,15:00:00,Reading,Wigan,2,0,1.0,0.0,H,H,2.1,3.5,3.4,2.03,1.83
E2,2024-08-17,15:00:00,Rotherham,Bristol Rvs,0,0,0.0,0.0,D,D,2.0,3.6,3.5,2.0,1.85
E2,2024-08-17,15:00:00,Wycombe,Birmingham,2,3,1.0,1.0,A,D,3.6,3.5,1.95,2.03,1.83
E2,2024-08-18,15:00:00,Bolton,Wrexham,0,0,0.0,0.0,D,D,1.9,3.6,3.9,1.73,2.08
E2,2024-08-24,12:30:00,Burton,Stevenage,0,0,0.0,0.0,D,D,2.88,3.3,2.38,2.05,1.75
E2,2024-08-24,12:30:00,Stockport,Bristol Rvs,2,0,1.0,0.0,H,H,1.7,3.8,4.5,1.9,1.95
E2,2024-08-24,15:00:00,Barnsley,Northampton,2,2,1.0,0.0,D,H,1.65,3.8,5.0,1.8,2.0
E2,2024-08-24,15:00:00,Cambridge,Blackpool,4,4,1.0,3.0,D,A,3.9,3.4,1.95,2.08,1.73
E2,2024-08-24,15:00:00,Charlton,Bolton,2,0,1.0,0.0,H,H,3.0,3.3,2.3,2.08,1.73
E2,2024-08-24,15:00:00,Exeter,Peterboro,1,2,1.0,2.0,A,A,3.2,3.5,2.15,1.8,2.0
E2,2024-08-24,15:00:00,Huddersfield,Shrewsbury,1,0,1.0,0.0,H,H,1.38,4.75,7.0,1.75,2.05
E2,2024-08-24,15:00:00,Leyton Orient,Birmingham,1,2,1.0,2.0,A,A,3.9,3.6,1.85,1.93,1.93
E2,2024-08-24,15:00:00,Lincoln,Mansfield,4,1,2.0,0.0,H,H,2.3,3.4,2.88,1.85,2.0
E2,2024-08-24,15:00:00,Wigan,Crawley Town,1,0,1.0,0.0,H,H,1.8,3.6,4.1,1.93,1.93
E2,2024-08-24,15:00:00,Wrexham,Reading,3,0,2.0,0.0,H,H,2.05,3.5,3.4,1.67,2.15
E2,2024-08-24,15:00:00,Wycombe,Rotherham,2,0,0.0,0.0,H,D,2.38,3.3,2.88,2.08,1.73
E2,2024-08-31,12:30:00,Blackpool,Wycombe,2,2,1.0,1.0,D,D,1.83,3.6,4.2,1.95,1.9
E2,2024-08-31,12:30:00,Rotherham,Huddersfield,2,1,0.0,0.0,H,D,2.88,3.4,2.38,2.05,1.8
E2,2024-08-31,15:00:00,Birmingham,Wigan,2,1,1.0,0.0,H,H,1.4,4.75,7.0,1.65,2.2
E2,2024-08-31,15:00:00,Bolton,Exeter,0,2,0.0,1.0,A,A,1.45,4.33,6.5,1.8,2.05
E2,2024-08-31,15:00:00,Bristol Rvs,Cambridge,2,0,1.0,0.0,H,H,2.0,3.4,3.75,2.05,1.8
E2,2024-08-31,15:00:00,Crawley Town,Barnsley,0,3,0.0,3.0,A,A,3.0,3.6,2.2,1.65,2.2
E2,2024-08-31,15:00:00,Mansfield,Stockport,1,1,1.0,1.0,D,D,2.55,3.75,2.45,1.67,2.15
E2,2024-08-31,15:00:00,Northampton,Burton,0,0,0.0,0.0,D,D,2.2,3.3,3.25,1.93,1.93
E2,2024-08-31,15:00:00,Peterboro,Wrexham,0,2,0.0,2.0,A,A,2.1,3.6,3.2,1.57,2.35
E2,2024-08-31,15:00:00,Reading,Charlton,2,0,0.0,0.0,H,D,2.3,3.4,3.0,1.88,1.98
E2,2024-08-31,15:00:00,Shrewsbury,Leyton Orient,3,0,1.0,0.0,H,H,2.9,3.4,2.3,2.15,1.67
E2,2024-08-31,15:00:00,Stevenage,Lincoln,0,1,0.0,0.0,A,D,2.3,3.3,3.1,2.25,1.62
E2,2024-09-07,15:00:00,Barnsley,Bristol Rvs,2,1,1.0,1.0,H,D,1.7,3.9,4.5,1.75,2.05
E2,2024-09-07,15:00:00,Charlton,Rotherham,1,1,0.0,0.0,D,D,2.25,3.3,3.1,2.05,1.75
E2,2024-09-07,15:00:00,Wrexham,Shrewsbury,3,0,2.0,0.0,H,H,1.45,4.5,6.25,1.75,2.05
E2,2024-09-14,12:30:00,Mansfield,Cambridge,2,1,1.0,0.0,H,H,1.75,3.9,4.1,1.7,2.1
E2,2024-09-14,12:30:00,Northampton,Wycombe,1,2,1.0,1.0,A,D,3.25,3.4,2.15,2.0,1.85
E2,2024-09-14,15:00:00,Blackpool,Exeter,2,1,1.0,0.0,H,H,1.65,3.9,5.0,1.73,2.08
E2,2024-09-14,15:00:00,Bolton,Huddersfield,0,4,0.0,1.0,A,A,2.2,3.3,3.25,1.88,1.98
E2,2024-09-14,15:00:00,Bristol Rvs,Wigan,0,4,0.0,2.0,A,A,2.1,3.4,3.3,2.05,1.75
E2,2024-09-14,15:00:00,Crawley Town,Stockport,1,1,0.0,1.0,D,A,4.33,3.8,1.73,1.7,2.1
E2,2024-09-14,15:00:00,Peterboro,Lincoln,1,1,0.0,1.0,D,A,2.1,3.7,3.1,1.83,2.03
E2,2024-09-14,15:00:00,Reading,Leyton Orient,0,1,0.0,1.0,A,A,1.8,3.75,4.0,1.88,1.98
E2,2024-09-14,15:00:00,Rotherham,Burton,2,2,1.0,1.0,D,D,1.57,4.5,4.75,1.7,2.1
E2,2024-09-14,15:00:00,Shrewsbury,Charlton,0,1,0.0,0.0,A,D,3.9,3.4,1.95,2.05,1.75
E2,2024-09-14,15:00:00,Stevenage,Barnsley,3,0,0.0,0.0,H,D,3.0,3.4,2.25,1.98,1.88
E2,2024-09-16,20:00:00,Birmingham,Wrexham,3,1,1.0,1.0,H,D,1.83,3.6,4.1,1.88,1.98
E2,2024-09-21,12:30:00,Exeter,Stevenage,2,0,1.0,0.0,H,H,2.55,3.25,2.7,2.15,1.67
E2,2024-09-21,12:30:00,Lincoln,Wigan,0,0,0.0,0.0,D,D,1.91,3.4,4.0,2.15,1.67
E2,2024-09-21,15:00:00,Bolton,Reading,5,2,4.0,1.0,H,H,1.75,3.5,4.5,1.75,2.05
E2,2024-09-21,15:00:00,Burton,Barnsley,1,2,0.0,1.0,A,A,3.9,3.5,1.91,1.67,2.15
E2,2024-09-21,15:00:00,Charlton,Blackpool,1,2,0.0,2.0,A,A,2.3,3.3,3.0,1.95,1.9
E2,2024-09-21,15:00:00,Huddersfield,Northampton,1,3,0.0,2.0,A,A,1.38,4.5,8.0,1.75,2.05
E2,2024-09-21,15:00:00,Mansfield,Shrewsbury,2,1,0.0,1.0,H,A,1.7,3.6,5.0,1.7,2.1
E2,2024-09-21,15:00:00,Peterboro,Bristol Rvs,3,2,2.0,0.0,H,H,1.62,3.7,5.5,1.57,2.35
E2,2024-09-21,15:00:00,Rotherham,Birmingham,0,2,0.0,2.0,A,A,3.5,3.7,1.95,1.85,2.0
E2,2024-09-21,15:00:00,Stockport,Leyton Orient,1,4,0.0,2.0,A,A,1.57,3.8,6.0,1.88,1.98
E2,2024-09-21,15:00:00,Wrexham,Crawley Town,2,1,1.0,0.0,H,H,1.45,4.33,6.5,1.67,2.15
E2,2024-09-21,15:00:00,Wycombe,Cambridge,2,1,1.0,1.0,H,D,1.7,3.6,5.0,1.93,1.93
E2,2024-09-24,19:45:00,Huddersfield,Blackpool,0,2,0.0,2.0,A,A,1.85,3.5,4.0,1.7,2.1
E2,2024-09-24,19:45:00,Leyton Orient,Peterboro,2,2,1.0,2.0,D,A,2.63,3.3,2.6,1.73,2.08
E2,2024-09-24,19:45:00,Wigan,Stevenage,0,0,0.0,0.0,D,D,2.38,3.0,3.1,2.15,1.67
E2,2024-09-28,12:30:00,Crawley Town,Bolton,0,2,0.0,1.0,A,A,4.2,3.6,1.8,1.73,2.08
E2,2024-09-28,12:30:00,Reading,Huddersfield,2,1,1.0,1.0,H,D,2.9,3.4,2.3,1.73,2.08
E2,2024-09-28,15:00:00,Birmingham,Peterboro,3,2,1.0,2.0,H,A,1.57,4.0,5.5,1.53,2.4
E2,2024-09-28,15:00:00,Blackpool,Burton,3,0,1.0,0.0,H,H,1.5,4.0,6.5,1.65,2.2
E2,2024-09-28,15:00:00,Bristol Rvs,Wycombe,1,2,1.0,0.0,A,H,2.8,3.25,2.45,1.93,1.93
E2,2024-09-28,15:00:00,Cambridge,Lincoln,0,2,0.0,1.0,A,A,3.3,3.2,2.2,2.05,1.75
E2,2024-09-28,15:00:00,Leyton Orient,Wrexham,0,0,0.0,0.0,D,D,2.8,3.2,2.5,1.95,1.9
E2,2024-09-28,15:00:00,Northampton,Mansfield,0,2,0.0,0.0,A,D,3.0,3.3,2.3,1.75,2.05
E2,2024-09-28,15:00:00,Shrewsbury,Rotherham,1,1,1.0,0.0,D,H,3.7,3.2,2.1,2.03,1.83
E2,2024-09-28,15:00:00,Stevenage,Charlton,1,0,0.0,0.0,H,D,2.63,3.0,2.8,2.25,1.62
E2,2024-09-28,15:00:00,Wigan,Exeter,0,0,0.0,0.0,D,D,2.25,3.25,3.1,2.05,1.75
E2,2024-09-28,19:45:00,Barnsley,Stockport,1,1,1.0,0.0,D,H,2.25,3.4,3.0,1.73,2.08
E2,2024-10-01,19:45:00,Barnsley,Wycombe,2,2,0.0,0.0,D,D,2.15,3.2,3.3,1.85,2.0
E2,2024-10-01,19:45:00,Birmingham,Huddersfield,1,0,0.0,0.0,H,D,1.65,3.8,5.25,1.75,2.05
E2,2024-10-01,19:45:00,Blackpool,Lincoln,1,1,0.0,0.0,D,D,1.85,3.5,4.1,2.0,1.85
E2,2024-10-01,19:45:00,Bristol Rvs,Charlton,3,2,1.0,0.0,H,H,3.0,3.5,2.25,2.05,1.8
E2,2024-10-01,19:45:00,Cambridge,Rotherham,0,1,0.0,0.0,A,D,3.7,3.4,1.95,2.03,1.83
E2,2024-10-01,19:45:00,Crawley Town,Mansfield,0,2,0.0,1.0,A,A,2.7,3.5,2.45,1.67,2.15
E2,2024-10-01,19:45:00,Leyton Orient,Exeter,0,1,0.0,1.0,A,A,1.91,3.6,3.7,1.93,1.93
E2,2024-10-01,19:45:00,Northampton,Bolton,2,4,0.0,2.0,A,A,4.1,3.5,1.85,1.93,1.93
E2,2024-10-01,19:45:00,Shrewsbury,Stockport,0,2,0.0,1.0,A,A,4.1,3.75,1.83,1.93,1.93
E2,2024-10-01,19:45:00,Stevenage,Wrexham,1,0,1.0,0.0,H,H,2.6,3.3,2.75,2.35,1.57
E2,2024-10-01,19:45:00,Wigan,Peterboro,3,0,1.0,0.0,H,H,2.4,3.4,2.8,1.83,2.03
E2,2024-10-01,20:00:00,Reading,Burton,3,1,2.0,0.0,H,H,1.7,4.0,4.33,1.65,2.2
E2,2024-10-05,12:30:00,Huddersfield,Barnsley,2,0,0.0,0.0,H,D,2.0,3.6,3.5,1.73,2.08
E2,2024-10-05,12:30:00,Peterboro,Stevenage,2,1,1.0,0.0,H,H,2.2,3.25,3.2,1.95,1.9
E2,2024-10-05,15:00:00,Bolton,Shrewsbury,2,2,0.0,2.0,D,A,1.38,4.5,8.0,1.67,2.15
E2,2024-10-05,15:00:00,Burton,Bristol Rvs,1,3,1.0,0.0,A,H,2.25,3.4,3.0,1.8,2.0
E2,2024-10-05,15:00:00,Charlton,Birmingham,1,0,0.0,0.0,H,D,4.0,3.75,1.8,1.83,2.03
E2,2024-10-05,15:00:00,Exeter,Cambridge,1,0,1.0,0.0,H,H,1.7,3.6,4.75,1.98,1.88
E2,2024-10-05,15:00:00,Lincoln,Leyton Orient,2,1,0.0,0.0,H,D,2.2,3.2,3.3,2.2,1.65
E2,2024-10-05,15:00:00,Mansfield,Blackpool,2,0,2.0,0.0,H,H,2.63,3.6,2.4,1.62,2.25
E2,2024-10-05,15:00:00,Rotherham,Reading,2,1,0.0,1.0,H,A,2.15,3.4,3.25,1.88,1.98
E2,2024-10-05,15:00:00,Stockport,Wigan,0,0,0.0,0.0,D,D,1.91,3.7,3.6,1.98,1.88
E2,2024-10-05,15:00:00,Wrexham,Northampton,4,1,2.0,1.0,H,H,1.55,4.0,5.75,1.8,2.0
E2,2024-10-05,15:00:00,Wycombe,Crawley Town,1,0,1.0,0.0,H,H,1.57,3.9,5.75,1.67,2.15
E2,2024-10-12,15:00:00,Crawley Town,Shrewsbury,3,5,1.0,1.0,A,D,2.15,3.5,3.1,1.98,1.88
E2,2024-10-12,15:00:00,Peterboro,Rotherham,3,3,1.0,3.0,D,A,2.35,3.5,2.75,1.7,2.1
E2,2024-10-17,20:00:00,Shrewsbury,Exeter,0,2,0.0,1.0,A,A,3.0,3.6,2.3,2.0,1.85
E2,2024-10-19,12:30:00,Reading,Crawley Town,4,1,2.0,1.0,H,H,1.7,4.0,4.33,1.6,2.3
E2,2024-10-19,12:30:00,Wycombe,Peterboro,3,1,0.0,0.0,H,D,1.95,3.7,3.5,1.65,2.2
E2,2024-10-19,15:00:00,Blackpool,Barnsley,1,2,0.0,1.0,A,A,2.0,3.5,3.5,1.7,2.1
E2,2024-10-19,15:00:00,Bolton,Burton,2,1,0.0,0.0,H,D,1.4,4.5,7.5,1.57,2.35
E2,2024-10-19,15:00:00,Cambridge,Wigan,2,0,2.0,0.0,H,H,3.2,3.2,2.25,2.15,1.67
E2,2024-10-19,15:00:00,Charlton,Stockport,1,1,0.0,1.0,D,A,2.4,3.5,2.7,2.05,1.75
E2,2024-10-19,15:00:00,Huddersfield,Bristol Rvs,3,1,2.0,0.0,H,H,1.5,4.33,5.75,1.67,2.15
E2,2024-10-19,15:00:00,Lincoln,Birmingham,1,3,1.0,1.0,A,D,4.0,3.3,1.91,2.05,1.75
E2,2024-10-19,15:00:00,Mansfield,Stevenage,0,1,0.0,1.0,A,A,2.38,3.25,2.88,2.0,1.85
E2,2024-10-19,15:00:00,Northampton,Leyton Orient,1,0,0.0,0.0,H,D,3.1,3.3,2.25,2.1,1.7
E2,2024-10-19,15:00:00,Rotherham,Wrexham,0,1,0.0,1.0,A,A,2.25,3.4,3.0,2.03,1.83
E2,2024-10-22,19:45:00,Barnsley,Charlton,2,2,1.0,0.0,D,H,2.15,3.5,3.25,1.9,1.95
E2,2024-10-22,19:45:00,Birmingham,Bolton,2,0,1.0,0.0,H,H,1.8,3.7,4.2,1.73,2.08
E2,2024-10-22,19:45:00,Bristol Rvs,Shrewsbury,1,0,0.0,0.0,H,D,2.1,3.3,3.5,2.0,1.85
E2,2024-10-22,19:45:00,Burton,Wycombe,2,3,1.0,1.0,A,D,3.9,3.6,1.85,1.73,2.08
E2,2024-10-22,19:45:00,Crawley Town,Lincoln,3,0,0.0,0.0,H,D,3.4,3.5,2.1,1.88,1.98
E2,2024-10-22,19:45:00,Exeter,Reading,1,2,0.0,2.0,A,A,2.25,3.4,3.1,1.83,2.03
E2,2024-10-22,19:45:00,Leyton Orient,Rotherham,1,0,0.0,0.0,H,D,2.35,3.2,3.0,2.05,1.8
E2,2024-10-22,19:45:00,Peterboro,Blackpool,5,1,3.0,1.0,H,H,2.63,3.6,2.45,1.6,2.3
E2,2024-10-22,19:45:00,Stevenage,Cambridge,0,2,0.0,1.0,A,A,1.67,3.75,5.0,2.2,1.65
E2,2024-10-22,19:45:00,Stockport,Northampton,1,1,0.0,0.0,D,D,1.48,4.5,5.75,1.88,1.98
E2,2024-10-22,19:45:00,Wigan,Mansfield,1,2,0.0,1.0,A,A,2.3,3.3,3.0,2.05,1.75
E2,2024-10-22,19:45:00,Wrexham,Huddersfield,0,0,0.0,0.0,D,D,2.5,3.4,2.75,1.98,1.88
E2,2024-10-26,12:30:00,Mansfield,Birmingham,1,1,0.0,1.0,D,A,4.33,3.7,1.73,1.73,2.08
E2,2024-10-26,12:30:00,Reading,Bristol Rvs,1,0,0.0,0.0,H,D,1.73,3.8,4.33,1.67,2.15
E2,2024-10-26,15:00:00,Bolton,Peterboro,1,0,0.0,0.0,H,D,1.73,4.0,4.0,1.53,2.4
E2,2024-10-26,15:00:00,Cambridge,Burton,1,0,0.0,0.0,H,D,1.91,3.5,3.75,1.93,1.93
E2,2024-10-26,15:00:00,Charlton,Wrexham,2,2,1.0,1.0,D,D,2.38,3.25,2.88,2.25,1.62
E2,2024-10-26,15:00:00,Huddersfield,Exeter,2,0,1.0,0.0,H,H,1.62,3.75,4.75,1.93,1.93
E2,2024-10-26,15:00:00,Lincoln,Stockport,2,1,1.0,1.0,H,D,2.57,3.25,2.57,2.1,1.7
E2,2024-10-26,15:00:00,Northampton,Crawley Town,3,0,2.0,0.0,H,H,2.2,3.25,3.3,1.83,2.03
E2,2024-10-26,15:00:00,Rotherham,Stevenage,2,0,0.0,0.0,H,D,2.0,3.25,3.75,2.25,1.62
E2,2024-10-26,15:00:00,Shrewsbury,Barnsley,0,2,0.0,1.0,A,A,3.5,3.5,1.96,1.75,2.05
E2,2024-10-26,15:00:00,Wycombe,Leyton Orient,3,0,2.0,0.0,H,H,1.81,3.5,4.0,2.0,1.85
E2,2024-10-28,20:00:00,Blackpool,Wigan,2,2,1.0,2.0,D,A,1.73,3.6,4.5,1.88,1.98
E2,2024-10-29,19:45:00,Lincoln,Northampton,2,1,1.0,1.0,H,D,1.7,3.6,4.75,2.03,1.83
E2,2024-10-29,19:45:00,Stevenage,Bolton,1,4,0.0,2.0,A,A,3.25,3.2,2.25,2.05,1.8
E2,2024-10-29,19:45:00,Stockport,Reading,4,1,3.0,1.0,H,H,1.91,3.7,3.6,1.8,2.0
E2,2024-11-05,19:45:00,Burton,Crawley Town,0,0,0.0,0.0,D,D,2.1,3.5,3.2,1.8,2.0
E2,2024-11-05,19:45:00,Stockport,Wycombe,0,5,0.0,3.0,A,A,2.3,3.25,3.0,1.93,1.93
E2,2024-11-08,19:15:00,Barnsley,Rotherham,2,0,1.0,0.0,H,H,2.05,3.5,3.5,1.95,1.9
E2,2024-11-09,12:30:00,Burton,Shrewsbury,2,0,1.0,0.0,H,H,2.2,3.4,3.1,2.0,1.85
E2,2024-11-09,12:30:00,Wrexham,Mansfield,1,0,1.0,0.0,H,H,1.73,3.7,4.5,1.85,2.0
E2,2024-11-09,15:00:00,Birmingham,Northampton,1,1,0.0,0.0,D,D,1.25,5.5,11.0,1.53,2.4
E2,2024-11-09,15:00:00,Bristol Rvs,Lincoln,1,1,1.0,0.0,D,H,3.1,3.4,2.2,1.9,1.95
E2,2024-11-09,15:00:00,Crawley Town,Huddersfield,2,2,1.0,0.0,D,H,4.1,3.8,1.75,1.8,2.0
E2,2024-11-09,15:00:00,Exeter,Charlton,1,0,0.0,0.0,H,D,2.4,3.6,2.7,2.05,1.75
E2,2024-11-09,15:00:00,Leyton Orient,Blackpool,3,0,1.0,0.0,H,H,2.6,3.3,2.6,1.95,1.9
E2,2024-11-09,15:00:00,Peterboro,Cambridge,6,1,4.0,0.0,H,H,1.7,4.0,4.33,1.65,2.2
E2,2024-11-09,15:00:00,Stevenage,Reading,1,1,1.0,0.0,D,H,2.05,3.5,3.3,2.05,1.75
E2,2024-11-09,15:00:00,Stockport,Bolton,5,0,1.0,0.0,H,H,2.63,3.4,2.55,1.95,1.9
E2,2024-11-09,15:00:00,Wigan,Wycombe,0,1,0.0,1.0,A,A,3.0,3.4,2.25,2.0,1.85
E2,2024-11-16,12:30:00,Exeter,Lincoln,0,0,0.0,0.0,D,D,2.6,3.1,2.7,2.08,1.73
E2,2024-11-16,15:00:00,Blackpool,Northampton,0,0,0.0,0.0,D,D,1.62,4.1,4.75,1.67,2.15
E2,2024-11-16,15:00:00,Bristol Rvs,Crawley Town,0,0,0.0,0.0,D,D,1.85,3.5,3.9,1.83,2.03
E2,2024-11-16,15:00:00,Cambridge,Barnsley,1,1,1.0,1.0,D,D,4.2,3.7,1.75,1.7,2.1
E2,2024-11-16,15:00:00,Stockport,Wrexham,1,0,1.0,0.0,H,H,2.15,3.5,3.2,1.93,1.93
E2,2024-11-23,12:30:00,Bolton,Blackpool,2,1,0.0,1.0,H,A,1.83,3.6,4.1,1.65,2.2
E2,2024-11-23,12:30:00,Shrewsbury,Birmingham,3,2,2.0,1.0,H,H,7.5,4.75,1.38,1.67,2.15
E2,2024-11-23,12:30:00,Stevenage,Leyton Orient,0,0,0.0,0.0,D,D,2.63,3.2,2.7,2.4,1.53
E2,2024-11-23,15:00:00,Barnsley,Wigan,0,1,0.0,1.0,A,A,1.85,3.7,3.9,1.93,1.93
E2,2024-11-23,15:00:00,Burton,Stockport,0,3,0.0,2.0,A,A,3.8,3.6,1.9,1.88,1.98
E2,2024-11-23,15:00:00,Crawley Town,Rotherham,1,0,1.0,0.0,H,H,3.6,3.6,1.95,1.9,1.95
E2,2024-11-23,15:00:00,Huddersfield,Charlton,2,1,1.0,1.0,H,D,1.8,3.6,4.33,2.03,1.83
E2,2024-11-23,15:00:00,Lincoln,Wycombe,2,3,1.0,2.0,A,A,2.7,3.25,2.55,2.1,1.7
E2,2024-11-23,15:00:00,Mansfield,Bristol Rvs,0,1,0.0,0.0,A,D,1.75,3.75,4.2,1.83,2.03
E2,2024-11-23,15:00:00,Northampton,Cambridge,0,0,0.0,0.0,D,D,2.3,3.3,3.0,2.08,1.73
E2,2024-11-23,15:00:00,Peterboro,Reading,1,2,0.0,2.0,A,A,1.91,3.6,3.8,1.5,2.5
E2,2024-11-23,15:00:00,Wrexham,Exeter,3,0,2.0,0.0,H,H,1.8,3.75,4.1,1.98,1.88
E2,2024-11-26,19:45:00,Barnsley,Reading,2,2,1.0,0.0,D,H,1.67,3.8,4.75,1.57,2.35
E2,2024-11-26,19:45:00,Bristol Rvs,Blackpool,0,2,0.0,1.0,A,A,2.9,3.5,2.2,1.67,2.15
E2,2024-11-26,19:45:00,Burton,Charlton,0,1,0.0,0.0,A,D,3.6,3.4,2.0,1.95,1.9
E2,2024-11-26,19:45:00,Cambridge,Bolton,1,1,0.0,0.0,D,D,4.33,3.5,1.8,2.1,1.7
E2,2024-11-26,19:45:00,Exeter,Birmingham,0,2,0.0,1.0,A,A,4.75,3.9,1.62,1.73,2.08
E2,2024-11-26,19:45:00,Leyton Orient,Huddersfield,0,2,0.0,1.0,A,A,3.3,3.1,2.25,2.25,1.62
E2,2024-11-26,19:45:00,Wigan,Northampton,2,1,2.0,0.0,H,H,1.73,3.6,4.5,2.05,1.75
E2,2024-11-26,19:45:00,Wrexham,Lincoln,1,0,0.0,0.0,H,D,2.0,3.2,3.75,2.15,1.67
E2,2024-11-26,19:45:00,Wycombe,Mansfield,1,0,0.0,0.0,H,D,1.55,4.2,5.25,1.7,2.1
E2,2024-12-03,19:45:00,Bolton,Mansfield,3,1,0.0,1.0,H,A,1.75,3.75,4.33,1.8,2.0
E2,2024-12-03,19:45:00,Charlton,Crawley Town,1,2,0.0,1.0,A,A,1.48,4.33,6.0,1.75,2.05
E2,2024-12-03,19:45:00,Exeter,Wycombe,2,2,2.0,1.0,D,H,3.5,3.6,1.95,1.88,1.98
E2,2024-12-03,19:45:00,Leyton Orient,Bristol Rvs,3,0,3.0,0.0,H,H,1.85,3.4,4.0,2.03,1.83
E2,2024-12-03,19:45:00,Rotherham,Lincoln,2,1,1.0,0.0,H,H,2.45,3.2,2.88,2.35,1.57
E2,2024-12-03,19:45:00,Stevenage,Northampton,2,0,0.0,0.0,H,D,1.9,3.4,3.9,2.2,1.65
E2,2024-12-03,19:45:00,Wrexham,Barnsley,1,0,0.0,0.0,H,D,2.45,3.2,2.8,1.88,1.98
E2,2024-12-03,20:00:00,Huddersfield,Wigan,1,0,0.0,0.0,H,D,1.7,3.6,5.0,2.2,1.65
E2,2024-12-03,20:00:00,Reading,Cambridge,3,0,0.0,0.0,H,D,1.73,3.8,4.33,1.73,2.08
E2,2024-12-04,19:45:00,Birmingham,Stockport,2,0,2.0,0.0,H,H,1.62,3.9,5.0,1.8,2.0
E2,2024-12-04,19:45:00,Peterboro,Burton,0,1,0.0,0.0,A,D,1.4,5.0,6.25,1.48,2.6
E2,2024-12-04,19:45:00,Shrewsbury,Blackpool,1,2,1.0,0.0,A,H,3.5,3.5,2.0,1.8,2.0
E2,2024-12-07,12:30:00,Lincoln,Charlton,0,0,0.0,0.0,D,D,2.2,3.3,3.3,2.2,1.65
E2,2024-12-07,12:30:00,Wigan,Leyton Orient,0,2,0.0,1.0,A,A,2.2,3.4,3.2,2.25,1.62
E2,2024-12-07,15:00:00,Barnsley,Birmingham,1,2,0.0,0.0,A,D,3.4,3.5,2.05,1.73,2.08
E2,2024-12-07,15:00:00,Burton,Wrexham,0,1,0.0,0.0,A,D,4.1,3.5,1.85,2.0,1.85
E2,2024-12-07,15:00:00,Cambridge,Shrewsbury,4,1,2.0,0.0,H,H,2.15,3.4,3.3,2.1,1.7
E2,2024-12-07,15:00:00,Mansfield,Huddersfield,1,2,1.0,2.0,A,A,3.2,3.5,2.15,1.95,1.9
E2,2024-12-07,15:00:00,Stockport,Exeter,2,0,0.0,0.0,H,D,1.57,4.1,5.5,1.9,1.95
E2,2024-12-07,15:00:00,Wycombe,Reading,1,1,1.0,1.0,D,D,1.65,4.0,5.0,1.57,2.35
E2,2024-12-09,20:00:00,Northampton,Peterboro,2,1,1.0,1.0,H,D,3.6,3.6,1.95,1.57,2.35
E2,2024-12-14,12:30:00,Bolton,Wigan,0,2,0.0,1.0,A,A,1.67,3.8,4.75,1.98,1.88
E2,2024-12-14,12:30:00,Leyton Orient,Burton,0,0,0.0,0.0,D,D,1.53,4.1,6.0,2.03,1.83
E2,2024-12-14,15:00:00,Birmingham,Bristol Rvs,2,0,2.0,0.0,H,H,1.25,6.0,10.0,1.53,2.4
E2,2024-12-14,15:00:00,Charlton,Mansfield,0,0,0.0,0.0,D,D,1.95,3.5,3.6,1.95,1.9
E2,2024-12-14,15:00:00,Exeter,Barnsley,1,2,1.0,0.0,A,H,3.1,3.5,2.15,1.8,2.0
E2,2024-12-14,15:00:00,Huddersfield,Lincoln,2,2,0.0,2.0,D,A,1.8,3.6,4.1,2.08,1.73
E2,2024-12-14,15:00:00,Peterboro,Crawley Town,4,3,2.0,1.0,H,H,1.65,4.1,4.5,1.48,2.6
E2,2024-12-14,15:00:00,Reading,Blackpool,0,3,0.0,2.0,A,A,2.3,3.5,2.8,1.65,2.2
E2,2024-12-14,15:00:00,Rotherham,Northampton,3,0,2.0,0.0,H,H,1.65,3.9,4.75,1.98,1.88
E2,2024-12-14,15:00:00,Shrewsbury,Wycombe,1,4,0.0,2.0,A,A,4.5,3.75,1.73,1.88,1.98
E2,2024-12-14,15:00:00,Stevenage,Stockport,2,1,1.0,1.0,H,D,2.9,3.2,2.45,2.3,1.6
E2,2024-12-14,15:00:00,Wrexham,Cambridge,2,2,1.0,1.0,D,D,1.55,4.0,5.75,1.95,1.9
E2,2024-12-20,19:45:00,Cambridge,Huddersfield,0,4,0.0,3.0,A,A,4.1,3.5,1.85,2.03,1.83
E2,2024-12-20,19:45:00,Stockport,Peterboro,2,1,1.0,1.0,H,D,1.57,4.1,5.25,1.57,2.35
E2,2024-12-20,19:45:00,Wycombe,Bolton,0,0,0.0,0.0,D,D,1.85,3.6,4.0,1.88,1.98
E2,2024-12-21,12:30:00,Bristol Rvs,Wrexham,1,1,0.0,1.0,D,A,4.0,3.6,1.85,2.0,1.85
E2,2024-12-21,12:30:00,Lincoln,Reading,2,0,1.0,0.0,H,H,1.75,3.7,4.33,1.85,2.0
E2,2024-12-21,15:00:00,Barnsley,Leyton Orient,0,4,0.0,2.0,A,A,2.05,3.5,3.5,1.93,1.93
E2,2024-12-21,15:00:00,Blackpool,Stevenage,0,0,0.0,0.0,D,D,2.1,3.3,3.4,2.2,1.65
E2,2024-12-21,15:00:00,Burton,Exeter,1,2,1.0,1.0,A,D,2.88,3.4,2.3,1.98,1.88
E2,2024-12-21,15:00:00,Mansfield,Rotherham,1,0,1.0,0.0,H,H,2.3,3.5,2.8,1.95,1.9
E2,2024-12-21,15:00:00,Northampton,Charlton,0,5,0.0,3.0,A,A,3.8,3.4,1.95,2.05,1.75
E2,2024-12-21,15:00:00,Wigan,Shrewsbury,2,2,1.0,0.0,D,H,1.7,3.7,5.0,2.15,1.67
E2,2024-12-23,20:00:00,Crawley Town,Birmingham,0,1,0.0,0.0,A,D,7.5,4.5,1.4,1.62,2.25
E2,2024-12-26,13:00:00,Leyton Orient,Crawley Town,3,0,1.0,0.0,H,H,1.5,4.1,6.0,1.93,1.93
E2,2024-12-26,15:00:00,Birmingham,Burton,2,0,1.0,0.0,H,H,1.2,6.5,11.0,1.53,2.4
E2,2024-12-26,15:00:00,Bolton,Barnsley,1,2,1.0,0.0,A,H,1.95,3.75,3.4,1.67,2.15
E2,2024-12-26,15:00:00,Charlton,Cambridge,2,1,2.0,0.0,H,H,1.57,4.0,5.5,2.03,1.83
E2,2024-12-26,15:00:00,Exeter,Bristol Rvs,3,1,0.0,0.0,H,D,1.8,3.6,4.33,2.05,1.75
E2,2024-12-26,15:00:00,Huddersfield,Stockport,1,0,1.0,0.0,H,H,2.15,3.3,3.3,2.03,1.83
E2,2024-12-26,15:00:00,Peterboro,Mansfield,0,3,0.0,3.0,A,A,2.2,3.75,2.88,1.57,2.35
E2,2024-12-26,15:00:00,Reading,Northampton,4,1,2.0,0.0,H,H,1.75,3.8,4.2,1.7,2.1
E2,2024-12-26,15:00:00,Rotherham,Wigan,0,1,0.0,1.0,A,A,2.1,3.2,3.5,2.15,1.67
E2,2024-12-26,15:00:00,Shrewsbury,Lincoln,1,0,1.0,0.0,H,H,4.2,3.6,1.8,2.05,1.75
E2,2024-12-26,15:00:00,Stevenage,Wycombe,0,3,0.0,2.0,A,A,3.0,3.2,2.3,2.2,1.65
E2,2024-12-26,15:00:00,Wrexham,Blackpool,2,1,1.0,1.0,H,D,2.1,3.6,3.2,1.88,1.98
E2,2024-12-29,12:30:00,Charlton,Wycombe,2,1,0.0,0.0,H,D,2.8,3.4,2.45,2.05,1.75
E2,2024-12-29,12:30:00,Rotherham,Stockport,1,1,1.0,1.0,D,D,2.8,3.5,2.38,2.05,1.75
E2,2024-12-29,15:00:00,Birmingham,Blackpool,0,0,0.0,0.0,D,D,1.48,4.5,6.0,1.7,2.1
E2,2024-12-29,15:00:00,Bolton,Lincoln,3,0,1.0,0.0,H,H,2.1,3.4,3.4,2.05,1.8
E2,2024-12-29,15:00:00,Exeter,Crawley Town,4,4,1.0,4.0,D,A,1.7,4.1,4.33,1.85,2.0
E2,2024-12-29,15:00:00,Huddersfield,Burton,1,1,0.0,1.0,D,A,1.42,4.5,7.0,1.7,2.1
E2,2024-12-29,15:00:00,Leyton Orient,Cambridge,2,0,1.0,0.0,H,H,1.65,4.0,5.0,2.08,1.73
E2,2024-12-29,15:00:00,Peterboro,Barnsley,1,3,0.0,0.0,A,D,2.9,3.6,2.25,1.53,2.4
E2,2024-12-29,15:00:00,Reading,Mansfield,2,1,1.0,1.0,H,D,2.5,3.4,2.7,1.67,2.15
E2,2024-12-29,15:00:00,Shrewsbury,Northampton,1,1,0.0,0.0,D,D,2.05,3.4,3.5,2.0,1.85
E2,2024-12-29,15:00:00,Stevenage,Bristol Rvs,3,0,1.0,0.0,H,H,1.75,3.75,4.5,2.2,1.65
E2,2024-12-29,15:00:00,Wrexham,Wigan,2,1,0.0,0.0,H,D,1.8,3.6,4.2,2.1,1.7
E2,2025-01-01,15:00:00,Barnsley,Wrexham,2,1,2.0,0.0,H,H,2.3,3.4,2.88,2.03,1.83
E2,2025-01-01,15:00:00,Blackpool,Shrewsbury,1,1,0.0,0.0,D,D,1.55,4.33,5.0,1.7,2.1
E2,2025-01-01,15:00:00,Bristol Rvs,Leyton Orient,2,3,1.0,2.0,A,A,3.5,3.3,2.05,2.1,1.7
E2,2025-01-01,15:00:00,Burton,Peterboro,2,2,2.0,1.0,D,H,2.7,3.3,2.5,1.65,2.2
E2,2025-01-01,15:00:00,Cambridge,Reading,1,3,0.0,1.0,A,A,2.5,3.5,2.55,1.73,2.08
E2,2025-01-01,15:00:00,Lincoln,Rotherham,0,1,0.0,0.0,A,D,1.95,3.6,3.5,2.15,1.67
E2,2025-01-01,15:00:00,Mansfield,Bolton,2,1,2.0,1.0,H,H,2.4,3.3,2.8,1.83,2.03
E2,2025-01-01,15:00:00,Northampton,Stevenage,0,0,0.0,0.0,D,D,3.5,3.4,2.0,2.35,1.57
E2,2025-01-01,15:00:00,Stockport,Birmingham,1,1,0.0,1.0,D,A,3.3,3.4,2.1,2.0,1.85
E2,2025-01-01,15:00:00,Wycombe,Exeter,2,1,0.0,0.0,H,D,1.57,4.2,5.0,1.85,2.0
E2,2025-01-04,12:30:00,Burton,Northampton,0,1,0.0,0.0,A,D,2.15,3.25,3.3,2.15,1.67
E2,2025-01-04,12:30:00,Cambridge,Bristol Rvs,0,1,0.0,1.0,A,A,2.05,3.5,3.25,1.98,1.88
E2,2025-01-04,15:00:00,Barnsley,Crawley Town,3,0,1.0,0.0,H,H,1.53,4.2,5.5,1.6,2.3
E2,2025-01-04,15:00:00,Charlton,Reading,0,0,0.0,0.0,D,D,1.73,3.7,4.5,1.88,1.98
E2,2025-01-04,15:00:00,Exeter,Bolton,1,2,0.0,0.0,A,D,3.1,3.6,2.15,1.88,1.98
E2,2025-01-04,15:00:00,Huddersfield,Rotherham,0,0,0.0,0.0,D,D,1.75,3.4,4.75,2.05,1.8
E2,2025-01-04,15:00:00,Leyton Orient,Shrewsbury,1,0,0.0,0.0,H,D,1.53,3.8,6.5,2.08,1.73
E2,2025-01-04,15:00:00,Lincoln,Stevenage,0,0,0.0,0.0,D,D,1.96,3.1,3.9,2.5,1.5
E2,2025-01-04,15:00:00,Stockport,Mansfield,1,2,1.0,2.0,A,A,1.95,3.5,3.6,1.98,1.88
E2,2025-01-04,15:00:00,Wigan,Birmingham,0,3,0.0,2.0,A,A,4.75,3.4,1.75,2.1,1.7
E2,2025-01-04,15:00:00,Wrexham,Peterboro,1,0,0.0,0.0,H,D,1.61,4.0,4.5,1.67,2.15
E2,2025-01-04,15:00:00,Wycombe,Blackpool,1,1,1.0,0.0,D,H,1.81,3.7,3.8,1.85,2.0
E2,2025-01-07,19:45:00,Wycombe,Huddersfield,0,1,0.0,1.0,A,A,2.5,3.3,2.75,2.05,1.8
E2,2025-01-11,12:30:00,Rotherham,Bolton,3,1,2.0,0.0,H,H,2.63,3.4,2.5,2.0,1.85
E2,2025-01-16,20:00:00,Shrewsbury,Wrexham,2,1,1.0,1.0,H,D,3.8,3.4,1.95,2.2,1.65
E2,2025-01-18,12:30:00,Blackpool,Huddersfield,2,2,2.0,0.0,D,H,2.75,3.25,2.45,1.98,1.88
E2,2025-01-18,12:30:00,Peterboro,Leyton Orient,0,0,0.0,0.0,D,D,2.88,3.4,2.3,1.7,2.1
E2,2025-01-18,14:00:00,Northampton,Lincoln,0,1,0.0,1.0,A,A,4.0,3.25,1.95,2.2,1.65
E2,2025-01-18,15:00:00,Birmingham,Exeter,1,0,1.0,0.0,H,H,1.3,5.0,9.5,1.67,2.15
E2,2025-01-18,15:00:00,Bolton,Cambridge,2,2,1.0,2.0,D,A,1.5,4.2,5.75,1.73,2.08
E2,2025-01-18,15:00:00,Bristol Rvs,Barnsley,3,1,1.0,0.0,H,H,3.75,3.75,1.83,1.73,2.08
E2,2025-01-18,15:00:00,Crawley Town,Burton,1,1,0.0,1.0,D,A,2.05,3.5,3.25,1.83,2.03
E2,2025-01-18,15:00:00,Mansfield,Wycombe,1,2,0.0,0.0,A,D,2.45,3.3,2.7,1.93,1.93
E2,2025-01-18,15:00:00,Reading,Stockport,1,3,0.0,2.0,A,A,3.2,3.3,2.2,1.95,1.9
E2,2025-01-18,15:00:00,Rotherham,Charlton,4,2,3.0,1.0,H,H,2.3,3.25,3.0,2.25,1.62
E2,2025-01-18,15:00:00,Stevenage,Wigan,1,2,0.0,0.0,A,D,2.3,3.1,3.2,2.5,1.5
E2,2025-01-21,19:45:00,Bolton,Charlton,1,2,0.0,0.0,A,D,2.15,3.3,3.2,1.98,1.88
E2,2025-01-21,19:45:00,Peterboro,Exeter,1,1,1.0,0.0,D,H,1.91,3.5,3.8,1.67,2.1
E2,2025-01-21,19:45:00,Wigan,Burton,1,2,1.0,1.0,A,D,1.62,3.5,5.75,2.1,1.67
E2,2025-01-23,20:00:00,Wrexham,Birmingham,1,1,1.0,1.0,D,D,3.3,3.3,2.15,2.2,1.65
E2,2025-01-25,12:30:00,Cambridge,Mansfield,3,2,2.0,0.0,H,H,3.5,3.4,2.05,1.92,1.82
E2,2025-01-25,12:30:00,Huddersfield,Bolton,0,1,0.0,0.0,A,D,1.95,3.5,3.75,1.83,2.03
E2,2025-01-25,15:00:00,Barnsley,Stevenage,0,1,0.0,0.0,A,D,1.85,3.5,4.1,2.08,1.73
E2,2025-01-25,15:00:00,Burton,Rotherham,4,2,3.0,1.0,H,H,3.9,3.4,1.86,2.08,1.73
E2,2025-01-25,15:00:00,Charlton,Shrewsbury,1,0,0.0,0.0,H,D,1.51,3.75,6.25,2.05,1.75
E2,2025-01-25,15:00:00,Exeter,Blackpool,1,3,0.0,3.0,A,A,2.9,3.25,2.38,1.98,1.88
E2,2025-01-25,15:00:00,Leyton Orient,Reading,2,0,1.0,0.0,H,H,1.67,4.1,4.5,1.75,2.05
E2,2025-01-25,15:00:00,Lincoln,Peterboro,5,1,2.0,0.0,H,H,1.91,3.4,3.8,1.88,1.98
E2,2025-01-25,15:00:00,Stockport,Crawley Town,2,0,2.0,0.0,H,H,1.45,4.33,6.0,1.73,2.08
E2,2025-01-25,15:00:00,Wigan,Bristol Rvs,2,0,1.0,0.0,H,H,1.7,3.6,5.0,2.1,1.7
E2,2025-01-25,15:00:00,Wycombe,Northampton,0,0,0.0,0.0,D,D,1.33,4.75,9.0,1.75,2.05
E2,2025-01-28,19:45:00,Bolton,Northampton,3,1,2.0,1.0,H,H,1.38,4.75,7.0,1.73,2.08
E2,2025-01-28,19:45:00,Burton,Reading,3,2,2.0,0.0,H,H,2.38,3.4,2.75,1.98,1.88
E2,2025-01-28,19:45:00,Charlton,Bristol Rvs,2,0,2.0,0.0,H,H,1.5,4.0,6.0,1.88,1.98
E2,2025-01-28,19:45:00,Exeter,Leyton Orient,2,6,0.0,4.0,A,A,3.2,3.25,2.2,2.15,1.67
E2,2025-01-28,19:45:00,Lincoln,Blackpool,0,2,0.0,1.0,A,A,2.38,3.3,2.9,2.08,1.73
E2,2025-01-28,19:45:00,Mansfield,Crawley Town,0,1,0.0,0.0,A,D,1.53,4.33,5.5,1.67,2.15
E2,2025-01-28,19:45:00,Peterboro,Wigan,1,0,1.0,0.0,H,H,2.55,3.25,2.7,2.03,1.83
E2,2025-01-28,19:45:00,Rotherham,Cambridge,2,1,0.0,0.0,H,D,1.7,3.8,4.75,2.05,1.75
E2,2025-01-28,19:45:00,Stockport,Shrewsbury,1,0,1.0,0.0,H,H,1.44,4.2,6.5,2.03,1.83
E2,2025-01-28,19:45:00,Wrexham,Stevenage,2,3,0.0,2.0,A,A,1.95,3.1,4.33,2.7,1.44
E2,2025-01-28,19:45:00,Wycombe,Barnsley,2,1,0.0,1.0,H,A,2.05,3.5,3.4,1.95,1.9
E2,2025-01-28,20:00:00,Huddersfield,Birmingham,0,1,0.0,0.0,A,D,3.0,3.1,2.4,2.3,1.6
E2,2025-02-01,12:30:00,Barnsley,Burton,0,0,0.0,0.0,D,D,1.57,4.33,4.75,1.7,2.1
E2,2025-02-01,12:30:00,Stevenage,Exeter,4,1,2.0,1.0,H,H,1.65,3.6,5.5,2.15,1.67
E2,2025-02-01,15:00:00,Birmingham,Rotherham,2,1,0.0,1.0,H,A,1.53,4.1,6.0,2.03,1.83
E2,2025-02-01,15:00:00,Blackpool,Charlton,2,2,0.0,0.0,D,D,2.45,3.1,3.0,2.15,1.67
E2,2025-02-01,15:00:00,Cambridge,Wycombe,1,1,0.0,1.0,D,A,4.33,3.4,1.83,1.98,1.88
E2,2025-02-01,15:00:00,Crawley Town,Wrexham,1,2,0.0,1.0,A,A,4.0,3.5,1.85,1.93,1.93
E2,2025-02-01,15:00:00,Leyton Orient,Stockport,0,1,0.0,1.0,A,A,2.6,3.1,2.7,2.25,1.62
E2,2025-02-01,15:00:00,Northampton,Huddersfield,3,2,2.0,0.0,H,H,4.75,3.5,1.7,1.93,1.93
E2,2025-02-01,15:00:00,Reading,Bolton,1,0,0.0,0.0,H,D,3.3,3.6,2.05,1.7,2.1
E2,2025-02-01,15:00:00,Shrewsbury,Mansfield,2,1,0.0,1.0,H,A,3.3,3.25,2.2,2.05,1.75
E2,2025-02-01,15:00:00,Wigan,Lincoln,1,1,1.0,0.0,D,H,2.7,3.0,2.88,2.7,1.44
E2,2025-02-02,15:00:00,Bristol Rvs,Peterboro,3,1,1.0,0.0,H,H,3.0,3.3,2.25,1.73,2.08
E2,2025-02-07,19:45:00,Mansfield,Northampton,0,1,0.0,0.0,A,D,1.75,3.5,4.33,2.05,1.8
E2,2025-02-08,12:30:00,Charlton,Stevenage,2,0,1.0,0.0,H,H,2.05,3.1,3.75,2.5,1.5
E2,2025-02-08,12:30:00,Stockport,Barnsley,2,1,2.0,0.0,H,H,1.8,3.6,4.1,1.88,1.98
E2,2025-02-08,15:00:00,Bolton,Crawley Town,4,3,0.0,0.0,H,D,1.42,4.75,6.5,1.53,2.4
E2,2025-02-08,15:00:00,Burton,Blackpool,1,1,1.0,0.0,D,H,3.3,3.4,2.1,1.95,1.9
E2,2025-02-08,15:00:00,Huddersfield,Reading,0,0,0.0,0.0,D,D,1.48,4.5,6.0,1.73,2.08
E2,2025-02-08,15:00:00,Lincoln,Cambridge,1,1,1.0,1.0,D,D,1.75,3.4,5.0,2.1,1.7
E2,2025-02-08,15:00:00,Rotherham,Shrewsbury,1,2,0.0,0.0,A,D,1.67,3.6,5.25,2.08,1.73
E2,2025-02-11,19:45:00,Birmingham,Cambridge,4,0,3.0,0.0,H,H,1.29,5.5,9.0,1.7,2.1
E2,2025-02-11,19:45:00,Blackpool,Rotherham,0,0,0.0,0.0,D,D,2.05,3.4,3.3,2.05,1.75
E2,2025-02-11,19:45:00,Bristol Rvs,Stockport,1,1,0.0,0.0,D,D,5.25,3.8,1.62,2.0,1.85
E2,2025-02-11,19:45:00,Charlton,Peterboro,2,1,0.0,0.0,H,D,1.62,4.33,4.33,1.6,2.3
E2,2025-02-11,19:45:00,Crawley Town,Stevenage,3,1,0.0,0.0,H,D,3.0,3.4,2.25,2.05,1.75
E2,2025-02-11,19:45:00,Leyton Orient,Mansfield,3,0,3.0,0.0,H,H,1.8,3.75,4.1,2.03,1.83
E2,2025-02-11,20:00:00,Reading,Shrewsbury,1,1,1.0,0.0,D,H,2.15,3.1,3.5,2.1,1.7
E2,2025-02-15,12:30:00,Cambridge,Exeter,0,1,0.0,0.0,A,D,2.05,3.4,3.5,2.0,1.85
E2,2025-02-15,12:30:00,Northampton,Wrexham,0,2,0.0,2.0,A,A,3.4,3.6,2.0,2.2,1.65
E2,2025-02-15,15:00:00,Barnsley,Huddersfield,1,2,1.0,0.0,A,H,2.35,3.3,2.9,1.93,1.93
E2,2025-02-15,15:00:00,Birmingham,Charlton,1,0,1.0,0.0,H,H,1.6,4.0,5.0,2.1,1.7
E2,2025-02-15,15:00:00,Blackpool,Mansfield,3,3,1.0,2.0,D,A,1.95,3.6,3.6,1.9,1.95
E2,2025-02-15,15:00:00,Bristol Rvs,Burton,3,1,1.0,0.0,H,H,2.3,3.4,2.88,2.05,1.75
E2,2025-02-15,15:00:00,Crawley Town,Wycombe,1,1,1.0,1.0,D,D,4.0,3.75,1.8,1.85,2.0
E2,2025-02-15,15:00:00,Leyton Orient,Lincoln,3,2,2.0,1.0,H,H,1.83,3.6,4.0,2.3,1.6
E2,2025-02-15,15:00:00,Reading,Rotherham,2,1,1.0,0.0,H,H,2.9,3.3,2.3,1.93,1.93
E2,2025-02-15,15:00:00,Shrewsbury,Bolton,2,3,1.0,0.0,A,H,4.0,3.4,1.9,1.93,1.93
E2,2025-02-15,15:00:00,Stevenage,Peterboro,1,1,0.0,0.0,D,D,1.91,3.6,3.7,1.98,1.88
E2,2025-02-15,15:00:00,Wigan,Stockport,0,2,0.0,0.0,A,D,3.8,3.4,1.91,2.4,1.53
E2,2025-02-18,19:45:00,Crawley Town,Wigan,1,1,1.0,1.0,D,D,2.6,3.3,2.6,2.15,1.67
E2,2025-02-18,19:45:00,Mansfield,Lincoln,0,3,0.0,1.0,A,A,2.45,3.25,2.8,2.35,1.57
E2,2025-02-18,19:45:00,Shrewsbury,Huddersfield,0,1,0.0,0.0,A,D,3.75,3.25,2.0,2.5,1.5
E2,2025-02-18,19:45:00,Stevenage,Burton,0,1,0.0,1.0,A,A,1.8,3.25,4.75,2.35,1.57
E2,2025-02-18,19:45:00,Wrexham,Leyton Orient,1,2,1.0,1.0,A,D,2.25,3.2,3.2,2.35,1.57
E2,2025-02-18,19:45:00,Wycombe,Bristol Rvs,2,0,0.0,0.0,H,D,1.4,4.33,7.5,1.75,2.05
E2,2025-02-22,12:30:00,Reading,Birmingham,0,0,0.0,0.0,D,D,7.0,4.33,1.42,1.73,2.08
E2,2025-02-22,12:30:00,Rotherham,Barnsley,0,1,0.0,0.0,A,D,2.4,3.3,2.8,1.9,1.95
E2,2025-02-22,15:00:00,Blackpool,Crawley Town,3,1,2.0,1.0,H,H,1.57,3.9,5.5,1.75,2.05
E2,2025-02-22,15:00:00,Bolton,Leyton Orient,2,1,0.0,1.0,H,A,2.15,3.3,3.25,2.0,1.85
E2,2025-02-22,15:00:00,Cambridge,Stockport,2,0,2.0,0.0,H,H,4.1,3.7,1.8,2.05,1.75
E2,2025-02-22,15:00:00,Charlton,Exeter,3,0,1.0,0.0,H,H,1.5,4.2,6.0,1.98,1.88
E2,2025-02-22,15:00:00,Huddersfield,Peterboro,0,1,0.0,1.0,A,A,1.6,3.9,5.25,1.65,2.2
E2,2025-02-22,15:00:00,Lincoln,Burton,0,1,0.0,0.0,A,D,1.83,3.4,4.33,2.15,1.67
E2,2025-02-22,15:00:00,Northampton,Bristol Rvs,2,1,0.0,0.0,H,D,2.1,3.3,3.4,2.1,1.7
E2,2025-02-22,15:00:00,Shrewsbury,Stevenage,0,1,0.0,1.0,A,A,2.7,2.9,2.8,2.7,1.44
E2,2025-02-22,15:00:00,Wycombe,Wigan,0,0,0.0,0.0,D,D,1.7,3.5,5.0,2.25,1.62
E2,2025-02-23,15:00:00,Mansfield,Wrexham,1,2,1.0,1.0,A,D,3.1,3.3,2.2,2.05,1.75
E2,2025-02-25,19:45:00,Birmingham,Leyton Orient,2,0,0.0,0.0,H,D,1.6,3.7,5.5,2.1,1.67
E2,2025-02-25,19:45:00,Northampton,Barnsley,1,2,0.0,1.0,A,A,3.4,3.5,2.0,1.95,1.9
E2,2025-02-25,19:45:00,Wigan,Huddersfield,2,1,2.0,0.0,H,H,2.9,3.1,2.5,2.5,1.5
E2,2025-03-01,12:30:00,Birmingham,Wycombe,1,0,1.0,0.0,H,H,1.67,3.6,5.25,2.07,1.69
E2,2025-03-01,12:30:00,Wrexham,Bolton,0,0,0.0,0.0,D,D,2.15,3.4,3.2,1.93,1.93
E2,2025-03-01,15:00:00,Barnsley,Lincoln,4,3,2.0,0.0,H,H,2.0,3.4,3.6,2.0,1.85
E2,2025-03-01,15:00:00,Bristol Rvs,Rotherham,2,3,1.0,1.0,A,D,3.0,3.6,2.2,1.95,1.9
E2,2025-03-01,15:00:00,Burton,Mansfield,1,1,1.0,0.0,D,H,2.25,3.6,3.0,1.93,1.93
E2,2025-03-01,15:00:00,Crawley Town,Cambridge,0,2,0.0,1.0,A,A,2.2,3.4,3.1,1.9,1.95
E2,2025-03-01,15:00:00,Exeter,Northampton,1,1,0.0,1.0,D,A,2.15,3.4,3.3,2.1,1.7
E2,2025-03-01,15:00:00,Leyton Orient,Charlton,1,2,0.0,0.0,A,D,2.38,3.1,3.1,2.25,1.62
E2,2025-03-01,15:00:00,Peterboro,Shrewsbury,3,1,2.0,1.0,H,H,1.95,3.4,3.8,1.9,1.95
E2,2025-03-01,15:00:00,Stevenage,Huddersfield,1,2,1.0,2.0,A,A,2.7,3.4,2.5,2.2,1.65
E2,2025-03-01,15:00:00,Stockport,Blackpool,2,1,0.0,1.0,H,A,1.73,3.6,4.75,2.0,1.85
E2,2025-03-01,15:00:00,Wigan,Reading,1,2,0.0,0.0,A,D,1.91,3.6,3.8,2.05,1.75
E2,2025-03-04,19:45:00,Blackpool,Peterboro,0,0,0.0,0.0,D,D,2.05,3.6,3.3,1.62,2.25
E2,2025-03-04,19:45:00,Bolton,Birmingham,3,1,1.0,1.0,H,D,3.9,3.25,1.95,2.08,1.73
E2,2025-03-04,19:45:00,Cambridge,Stevenage,0,1,0.0,0.0,A,D,3.0,3.1,2.38,2.5,1.5
E2,2025-03-04,19:45:00,Charlton,Barnsley,1,0,1.0,0.0,H,H,1.75,3.5,4.75,1.98,1.88
E2,2025-03-04,19:45:00,Huddersfield,Wrexham,0,1,0.0,0.0,A,D,2.55,3.1,2.75,2.2,1.65
E2,2025-03-04,19:45:00,Lincoln,Crawley Town,4,1,3.0,1.0,H,H,1.71,3.4,4.75,2.05,1.75
E2,2025-03-04,19:45:00,Mansfield,Wigan,0,0,0.0,0.0,D,D,2.15,3.2,3.3,2.35,1.57
E2,2025-03-04,19:45:00,Northampton,Stockport,1,1,1.0,0.0,D,H,4.2,3.1,1.95,2.35,1.57
E2,2025-03-04,19:45:00,Rotherham,Leyton Orient,1,0,0.0,0.0,H,D,2.3,3.3,3.1,1.98,1.88
E2,2025-03-04,19:45:00,Shrewsbury,Bristol Rvs,0,0,0.0,0.0,D,D,1.91,3.25,3.9,2.08,1.73
E2,2025-03-04,20:00:00,Reading,Exeter,0,0,0.0,0.0,D,D,1.73,3.8,4.5,1.9,1.95
E2,2025-03-04,20:00:00,Wycombe,Burton,2,0,1.0,0.0,H,H,1.49,3.9,6.0,2.08,1.73
E2,2025-03-08,12:30:00,Crawley Town,Reading,1,1,0.0,1.0,D,A,2.38,3.6,2.7,1.65,2.2
E2,2025-03-08,12:30:00,Stockport,Charlton,0,0,0.0,0.0,D,D,2.25,3.1,3.25,2.25,1.62
E2,2025-03-08,15:00:00,Barnsley,Blackpool,0,3,0.0,0.0,A,D,2.25,3.4,3.0,1.75,2.05
E2,2025-03-08,15:00:00,Birmingham,Lincoln,1,0,0.0,0.0,H,D,1.5,3.8,6.5,2.08,1.73
E2,2025-03-08,15:00:00,Bristol Rvs,Huddersfield,1,0,1.0,0.0,H,H,4.2,3.6,1.8,1.83,2.03
E2,2025-03-08,15:00:00,Burton,Bolton,1,2,0.0,1.0,A,A,3.6,3.6,1.95,1.88,1.98
E2,2025-03-08,15:00:00,Exeter,Shrewsbury,2,0,1.0,0.0,H,H,2.25,3.1,3.2,2.35,1.57
E2,2025-03-08,15:00:00,Leyton Orient,Northampton,1,2,0.0,2.0,A,A,1.62,3.6,5.75,1.98,1.88
E2,2025-03-08,15:00:00,Peterboro,Wycombe,1,1,1.0,0.0,D,H,3.2,3.4,2.15,1.8,2.0
E2,2025-03-08,15:00:00,Stevenage,Mansfield,1,1,1.0,0.0,D,H,2.0,3.2,3.8,2.25,1.62
E2,2025-03-08,15:00:00,Wigan,Cambridge,1,0,0.0,0.0,H,D,1.95,3.1,4.1,2.3,1.6
E2,2025-03-08,15:00:00,Wrexham,Rotherham,1,0,0.0,0.0,H,D,1.95,3.25,3.9,2.15,1.67
E2,2025-03-11,19:45:00,Birmingham,Stevenage,2,1,1.0,0.0,H,H,1.53,3.8,6.25,2.2,1.65
E2,2025-03-11,19:45:00,Blackpool,Cambridge,2,1,1.0,1.0,H,D,1.62,3.75,5.0,1.95,1.9
E2,2025-03-11,19:45:00,Bristol Rvs,Bolton,3,2,1.0,1.0,H,D,3.9,3.6,1.85,1.8,2.0
E2,2025-03-11,19:45:00,Crawley Town,Charlton,0,1,0.0,1.0,A,A,4.1,3.75,1.8,1.85,2.0
E2,2025-03-11,19:45:00,Exeter,Mansfield,2,0,1.0,0.0,H,H,2.9,3.7,2.2,2.05,1.72
E2,2025-03-11,20:00:00,Reading,Wrexham,2,0,0.0,0.0,H,D,3.0,3.4,2.2,1.98,1.88
E2,2025-03-15,12:30:00,Bolton,Stockport,0,1,0.0,0.0,A,D,2.55,3.4,2.63,2.05,1.75
E2,2025-03-15,12:30:00,Cambridge,Peterboro,0,1,0.0,0.0,A,D,3.0,3.6,2.2,1.75,2.05
E2,2025-03-15,15:00:00,Blackpool,Leyton Orient,1,2,0.0,1.0,A,A,2.25,3.3,3.1,1.98,1.88
E2,2025-03-15,15:00:00,Charlton,Wigan,2,1,2.0,0.0,H,H,1.6,4.0,5.0,2.25,1.62
E2,2025-03-15,15:00:00,Huddersfield,Crawley Town,5,1,4.0,0.0,H,H,1.5,4.1,6.5,1.62,2.25
E2,2025-03-15,15:00:00,Lincoln,Bristol Rvs,5,0,1.0,0.0,H,H,1.53,4.1,6.0,2.0,1.85
E2,2025-03-15,15:00:00,Mansfield,Barnsley,2,1,1.0,0.0,H,H,2.45,3.6,2.63,1.8,2.0
E2,2025-03-15,15:00:00,Northampton,Birmingham,1,1,1.0,1.0,D,D,5.25,3.75,1.65,2.1,1.7
E2,2025-03-15,15:00:00,Reading,Stevenage,1,1,0.0,0.0,D,D,2.3,3.5,2.9,2.15,1.67
E2,2025-03-15,15:00:00,Rotherham,Exeter,1,1,1.0,0.0,D,H,1.7,3.75,4.75,2.03,1.83
E2,2025-03-15,15:00:00,Shrewsbury,Burton,0,2,0.0,0.0,A,D,2.3,3.25,3.1,2.3,1.6
E2,2025-03-15,15:00:00,Wycombe,Wrexham,0,1,0.0,0.0,A,D,1.95,3.5,3.6,2.2,1.65
E2,2025-03-18,19:45:00,Rotherham,Wycombe,2,3,0.0,0.0,A,D,3.25,3.25,2.2,2.25,1.58
E2,2025-03-22,15:00:00,Barnsley,Cambridge,1,1,0.0,1.0,D,A,1.67,4.0,4.5,1.73,2.08
E2,2025-03-22,15:00:00,Crawley Town,Bristol Rvs,1,0,1.0,0.0,H,H,2.05,3.4,3.4,1.83,2.03
E2,2025-03-22,15:00:00,Lincoln,Exeter,0,0,0.0,0.0,D,D,1.75,3.5,4.5,2.2,1.65
E2,2025-03-22,15:00:00,Northampton,Blackpool,0,2,0.0,1.0,A,A,3.0,3.25,2.3,2.1,1.7
E2,2025-03-22,15:00:00,Peterboro,Charlton,3,0,2.0,0.0,H,H,3.0,3.4,2.25,1.88,1.98
E2,2025-03-22,15:00:00,Wrexham,Stockport,1,0,1.0,0.0,H,H,2.38,3.2,2.9,2.5,1.5
E2,2025-03-27,20:00:00,Leyton Orient,Stevenage,1,0,1.0,0.0,H,H,2.2,3.3,3.4,2.35,1.57
E2,2025-03-29,12:30:00,Charlton,Huddersfield,4,0,2.0,0.0,H,H,2.1,3.5,3.4,2.08,1.73
E2,2025-03-29,12:30:00,Stockport,Burton,2,1,1.0,0.0,H,H,1.57,3.9,5.5,2.0,1.85
E2,2025-03-29,15:00:00,Birmingham,Shrewsbury,4,1,1.0,0.0,H,H,1.2,6.25,15.0,1.73,2.08
E2,2025-03-29,15:00:00,Blackpool,Bolton,2,1,1.0,1.0,H,D,2.35,3.5,2.8,1.8,2.0
E2,2025-03-29,15:00:00,Bristol Rvs,Mansfield,1,2,1.0,1.0,A,D,3.1,3.4,2.25,2.05,1.75
E2,2025-03-29,15:00:00,Cambridge,Northampton,1,1,0.0,1.0,D,A,2.45,3.3,2.8,2.15,1.67
E2,2025-03-29,15:00:00,Exeter,Wrexham,0,2,0.0,1.0,A,A,3.9,3.5,1.91,2.25,1.62
E2,2025-03-29,15:00:00,Reading,Peterboro,3,1,1.0,0.0,H,H,2.5,3.5,2.63,1.67,2.15
E2,2025-03-29,15:00:00,Rotherham,Crawley Town,0,4,0.0,1.0,A,A,1.62,4.1,5.0,1.7,2.1
E2,2025-03-29,15:00:00,Wigan,Barnsley,1,1,0.0,1.0,D,A,2.4,3.4,2.9,2.08,1.73
E2,2025-03-29,15:00:00,Wycombe,Lincoln,1,0,0.0,0.0,H,D,1.95,3.25,4.0,2.15,1.67
E2,2025-04-01,19:45:00,Barnsley,Exeter,1,2,0.0,1.0,A,A,1.9,3.5,3.9,1.8,2.0
E2,2025-04-01,19:45:00,Blackpool,Reading,3,0,0.0,0.0,H,D,1.75,3.75,4.33,1.8,2.0
E2,2025-04-01,19:45:00,Burton,Leyton Orient,2,1,0.0,1.0,H,A,2.7,3.2,2.55,2.1,1.7
E2,2025-04-01,19:45:00,Cambridge,Wrexham,2,2,1.0,1.0,D,D,5.25,3.5,1.67,2.25,1.62
E2,2025-04-01,19:45:00,Crawley Town,Peterboro,3,4,2.0,3.0,A,A,2.88,3.5,2.25,1.62,2.25
E2,2025-04-01,19:45:00,Lincoln,Huddersfield,1,0,1.0,0.0,H,H,2.38,3.2,2.9,2.25,1.62
E2,2025-04-01,19:45:00,Mansfield,Charlton,1,2,1.0,1.0,A,D,3.25,3.3,2.15,2.1,1.7
E2,2025-04-01,19:45:00,Northampton,Rotherham,0,2,0.0,1.0,A,A,2.6,3.25,2.6,2.08,1.73
E2,2025-04-01,19:45:00,Stockport,Stevenage,3,0,1.0,0.0,H,H,1.85,3.4,4.2,2.35,1.57
E2,2025-04-01,19:45:00,Wigan,Bolton,0,1,0.0,0.0,A,D,3.0,3.1,2.38,2.35,1.57
E2,2025-04-01,19:45:00,Wycombe,Shrewsbury,0,0,0.0,0.0,D,D,1.33,4.75,8.5,1.93,1.93
E2,2025-04-01,20:00:00,Bristol Rvs,Birmingham,1,2,1.0,1.0,A,D,7.5,4.5,1.38,1.85,2.0
E2,2025-04-05,12:30:00,Reading,Wycombe,1,0,0.0,0.0,H,D,3.9,3.5,1.85,1.98,1.88
E2,2025-04-05,12:30:00,Wrexham,Burton,3,0,0.0,0.0,H,D,1.57,3.8,5.75,2.0,1.85
E2,2025-04-05,15:00:00,Birmingham,Barnsley,6,2,1.0,1.0,H,D,1.33,5.0,7.5,1.6,2.3
E2,2025-04-05,15:00:00,Bolton,Bristol Rvs,1,0,0.0,0.0,H,D,1.38,4.75,7.0,1.6,2.3
E2,2025-04-05,15:00:00,Charlton,Lincoln,2,2,0.0,1.0,D,A,1.8,3.5,4.75,2.25,1.62
E2,2025-04-05,15:00:00,Exeter,Stockport,0,2,0.0,2.0,A,A,3.75,3.3,2.0,2.35,1.57
E2,2025-04-05,15:00:00,Huddersfield,Mansfield,2,1,0.0,0.0,H,D,1.8,3.6,4.1,1.85,2.0
E2,2025-04-05,15:00:00,Leyton Orient,Wigan,0,0,0.0,0.0,D,D,1.9,3.25,4.2,2.35,1.57
E2,2025-04-05,15:00:00,Peterboro,Northampton,0,4,0.0,3.0,A,A,1.85,3.7,3.8,1.73,2.08
E2,2025-04-05,15:00:00,Rotherham,Blackpool,2,1,1.0,0.0,H,H,2.5,3.6,2.5,1.75,2.05
E2,2025-04-05,15:00:00,Shrewsbury,Cambridge,0,1,0.0,0.0,A,D,2.63,2.9,2.9,2.5,1.5
E2,2025-04-05,15:00:00,Stevenage,Crawley Town,3,1,1.0,0.0,H,H,1.7,3.7,4.75,1.98,1.88
E2,2025-04-08,19:45:00,Bolton,Rotherham,0,1,0.0,1.0,A,A,1.7,3.9,4.33,1.75,2.05
E2,2025-04-08,19:45:00,Exeter,Wigan,1,1,0.0,0.0,D,D,2.57,3.1,2.7,2.5,1.5
E2,2025-04-08,19:45:00,Huddersfield,Wycombe,0,1,0.0,0.0,A,D,2.75,3.25,2.35,2.15,1.67
E2,2025-04-08,19:45:00,Mansfield,Leyton Orient,2,3,1.0,1.0,A,D,2.35,3.5,2.65,1.95,1.9
E2,2025-04-08,19:45:00,Peterboro,Birmingham,1,2,1.0,2.0,A,A,4.5,4.1,1.61,1.65,2.2
E2,2025-04-08,19:45:00,Shrewsbury,Reading,1,3,0.0,1.0,A,A,3.6,3.4,2.01,2.05,1.75
E2,2025-04-12,12:30:00,Wigan,Wrexham,0,0,0.0,0.0,D,D,3.75,3.25,2.0,2.5,1.5
E2,2025-04-12,12:30:00,Wycombe,Stevenage,1,0,0.0,0.0,H,D,1.55,3.5,7.0,2.35,1.57
E2,2025-04-12,15:00:00,Barnsley,Bolton,4,1,2.0,0.0,H,H,3.3,3.75,2.0,1.7,2.1
E2,2025-04-12,15:00:00,Bristol Rvs,Exeter,1,2,0.0,2.0,A,A,2.38,3.3,2.9,2.05,1.75
E2,2025-04-12,15:00:00,Burton,Huddersfield,3,0,2.0,0.0,H,H,3.25,3.25,2.2,2.0,1.85
E2,2025-04-12,15:00:00,Cambridge,Charlton,0,1,0.0,1.0,A,A,4.33,3.8,1.73,2.0,1.85
E2,2025-04-12,15:00:00,Crawley Town,Leyton Orient,1,3,0.0,0.0,A,D,3.1,3.4,2.2,1.8,2.0
E2,2025-04-12,15:00:00,Lincoln,Shrewsbury,1,1,1.0,1.0,D,D,1.48,3.9,7.0,2.15,1.67
E2,2025-04-12,15:00:00,Northampton,Reading,0,0,0.0,0.0,D,D,2.3,3.4,2.9,1.88,1.98
E2,2025-04-12,15:00:00,Stockport,Rotherham,3,1,1.0,1.0,H,D,1.67,3.5,5.5,2.05,1.75
E2,2025-04-18,13:00:00,Exeter,Burton,0,0,0.0,0.0,D,D,2.8,3.2,2.55,2.08,1.73
E2,2025-04-18,15:00:00,Birmingham,Crawley Town,0,0,0.0,0.0,D,D,1.33,4.75,9.5,1.53,2.4
E2,2025-04-18,15:00:00,Bolton,Wycombe,0,2,0.0,0.0,A,D,2.55,3.25,2.75,2.05,1.75
E2,2025-04-18,15:00:00,Charlton,Northampton,2,1,1.0,1.0,H,D,1.6,3.9,5.5,2.03,1.83
E2,2025-04-18,15:00:00,Huddersfield,Cambridge,1,2,0.0,0.0,A,D,1.57,3.8,6.0,1.95,1.9
E2,2025-04-18,15:00:00,Leyton Orient,Barnsley,4,3,0.0,2.0,H,A,1.67,3.8,5.0,1.65,2.2
E2,2025-04-18,15:00:00,Peterboro,Stockport,1,1,1.0,0.0,D,H,3.4,3.5,2.05,1.73,2.08
E2,2025-04-18,15:00:00,Reading,Lincoln,0,1,0.0,0.0,A,D,2.2,3.5,3.1,2.05,1.8
E2,2025-04-18,15:00:00,Rotherham,Mansfield,3,3,2.0,1.0,D,H,2.35,3.3,3.0,1.95,1.9
E2,2025-04-18,15:00:00,Shrewsbury,Wigan,0,1,0.0,0.0,A,D,3.6,3.3,2.1,2.7,1.44
E2,2025-04-18,15:00:00,Stevenage,Blackpool,1,3,0.0,0.0,A,D,2.88,3.1,2.55,2.15,1.67
E2,2025-04-18,15:00:00,Wrexham,Bristol Rvs,1,1,0.0,1.0,D,A,1.4,5.0,6.5,2.0,1.85
E2,2025-04-21,15:00:00,Barnsley,Peterboro,1,1,1.0,1.0,D,D,2.3,3.5,2.9,1.44,2.7
E2,2025-04-21,15:00:00,Blackpool,Wrexham,1,2,0.0,0.0,A,D,2.63,3.2,2.7,2.0,1.85
E2,2025-04-21,15:00:00,Bristol Rvs,Stevenage,0,1,0.0,1.0,A,A,2.55,3.1,2.88,2.25,1.62
E2,2025-04-21,15:00:00,Burton,Birmingham,1,2,0.0,2.0,A,A,4.0,4.0,1.75,1.93,1.93
E2,2025-04-21,15:00:00,Cambridge,Leyton Orient,1,2,1.0,0.0,A,H,3.5,3.3,2.05,1.93,1.93
E2,2025-04-21,15:00:00,Crawley Town,Exeter,3,1,3.0,1.0,H,H,2.1,3.75,3.1,1.83,2.03
E2,2025-04-21,15:00:00,Lincoln,Bolton,4,2,2.0,2.0,H,D,3.2,3.3,2.25,2.05,1.75
E2,2025-04-21,15:00:00,Mansfield,Reading,1,5,0.0,1.0,A,A,2.1,3.5,3.25,1.73,2.08
E2,2025-04-21,15:00:00,Northampton,Shrewsbury,4,1,2.0,0.0,H,H,1.57,3.75,6.25,2.08,1.73
E2,2025-04-21,15:00:00,Stockport,Huddersfield,2,1,0.0,0.0,H,D,1.75,3.6,4.75,2.05,1.75
E2,2025-04-21,15:00:00,Wigan,Rotherham,1,0,1.0,0.0,H,H,2.35,3.3,3.0,2.35,1.57
E2,2025-04-21,15:00:00,Wycombe,Charlton,0,4,0.0,2.0,A,A,1.95,3.3,4.0,2.2,1.65
E2,2025-04-24,19:45:00,Stevenage,Birmingham,0,1,0.0,0.0,A,D,3.9,3.6,1.85,2.15,1.67
E2,2025-04-26,12:30:00,Bristol Rvs,Reading,0,2,0.0,0.0,A,D,3.0,3.5,2.2,1.8,2.0
E2,2025-04-26,12:30:00,Leyton Orient,Wycombe,1,0,0.0,0.0,H,D,2.7,3.25,2.5,2.03,1.83
E2,2025-04-26,15:00:00,Barnsley,Shrewsbury,1,2,0.0,1.0,A,A,1.53,4.1,5.5,1.62,2.25
E2,2025-04-26,15:00:00,Burton,Cambridge,2,1,0.0,0.0,H,D,1.85,3.4,4.0,2.0,1.85
E2,2025-04-26,15:00:00,Crawley Town,Northampton,3,0,1.0,0.0,H,H,1.95,3.5,3.5,1.7,2.1
E2,2025-04-26,15:00:00,Exeter,Huddersfield,3,1,1.0,1.0,H,D,3.1,3.3,2.2,2.05,1.8
E2,2025-04-26,15:00:00,Peterboro,Bolton,1,1,1.0,1.0,D,D,2.4,3.75,2.5,1.57,2.35
E2,2025-04-26,15:00:00,Stockport,Lincoln,3,2,0.0,2.0,H,A,1.83,3.5,4.0,2.15,1.67
E2,2025-04-26,15:00:00,Wigan,Blackpool,1,1,1.0,0.0,D,H,2.7,3.3,2.5,2.05,1.75
E2,2025-04-26,17:30:00,Wrexham,Charlton,3,0,2.0,0.0,H,H,2.25,3.1,3.2,2.2,1.65
E2,2025-04-27,14:00:00,Stevenage,Rotherham,1,1,0.0,1.0,D,A,2.2,3.25,3.1,2.15,1.67
E2,2025-04-27,15:00:00,Birmingham,Mansfield,4,0,2.0,0.0,H,H,1.5,4.1,5.75,1.73,2.08
E2,2025-04-29,19:45:00,Burton,Wigan,1,1,0.0,0.0,D,D,2.25,3.1,3.3,2.6,1.48
E2,2025-04-30,19:45:00,Blackpool,Birmingham,0,2,0.0,1.0,A,A,3.6,3.75,1.9,1.9,1.95
E2,2025-04-30,19:45:00,Mansfield,Peterboro,4,2,3.0,0.0,H,H,2.1,3.6,3.1,1.62,2.25
E2,2025-05-03,15:00:00,Blackpool,Bristol Rvs,4,1,1.0,1.0,H,D,1.57,4.0,5.0,1.7,2.1
E2,2025-05-03,15:00:00,Bolton,Stevenage,1,1,0.0,0.0,D,D,2.05,3.4,3.4,2.0,1.85
E2,2025-05-03,15:00:00,Cambridge,Birmingham,1,2,1.0,1.0,A,D,5.5,4.5,1.48,1.7,2.1
E2,2025-05-03,15:00:00,Charlton,Burton,3,1,2.0,1.0,H,H,1.6,3.9,5.25,1.93,1.93
E2,2025-05-03,15:00:00,Huddersfield,Leyton Orient,1,4,1.0,2.0,A,A,3.9,3.8,1.8,1.67,2.1
E2,2025-05-03,15:00:00,Lincoln,Wrexham,0,2,0.0,0.0,A,D,2.8,3.25,2.45,2.0,1.85
E2,2025-05-03,15:00:00,Mansfield,Exeter,3,0,2.0,0.0,H,H,1.9,3.5,3.9,1.72,2.05
E2,2025-05-03,15:00:00,Northampton,Wigan,1,1,1.0,0.0,D,H,2.5,3.25,2.75,2.3,1.6
E2,2025-05-03,15:00:00,Reading,Barnsley,2,4,0.0,0.0,A,D,1.7,3.8,4.5,1.5,2.4
E2,2025-05-03,15:00:00,Rotherham,Peterboro,2,1,1.0,1.0,H,D,2.1,3.7,3.1,1.57,2.35
E2,2025-05-03,15:00:00,Shrewsbury,Crawley Town,1,2,0.0,0.0,A,D,3.0,3.4,2.25,1.62,2.25
E2,2025-05-03,15:00:00,Wycombe,Stockport,1,3,1.0,0.0,A,H,2.2,3.2,3.3,2.25,1.62
E3,2024-08-09,20:00:00,Chesterfield,Swindon,1,1,1.0,0.0,D,H,1.65,3.9,5.0,1.57,2.35
E3,2024-08-10,15:00:00,AFC Wimbledon,Colchester,4,2,3.0,2.0,H,H,1.9,3.5,3.8,1.93,1.93
E3,2024-08-10,15:00:00,Barrow,Crewe,1,0,1.0,0.0,H,H,1.91,3.5,3.8,2.0,1.85
E3,2024-08-10,15:00:00,Cheltenham,Newport County,3,2,2.0,2.0,H,D,1.75,3.6,4.5,1.88,1.98
E3,2024-08-10,15:00:00,Doncaster,Accrington,4,1,1.0,0.0,H,H,1.53,4.1,5.5,1.7,2.1
E3,2024-08-10,15:00:00,Fleetwood Town,Grimsby,1,0,1.0,0.0,H,H,1.9,3.6,3.8,1.9,1.95
E3,2024-08-10,15:00:00,Gillingham,Carlisle,4,1,1.0,0.0,H,H,1.95,3.7,3.5,2.0,1.85
E3,2024-08-10,15:00:00,Harrogate,Bromley,0,2,0.0,0.0,A,D,2.2,3.5,3.0,1.93,1.93
E3,2024-08-10,15:00:00,Milton Keynes Dons,Bradford,1,2,1.0,2.0,A,A,2.1,3.5,3.2,1.7,2.1
E3,2024-08-10,15:00:00,Salford,Port Vale,0,2,0.0,1.0,A,A,2.2,3.6,2.9,1.83,2.03
E3,2024-08-10,15:00:00,Tranmere,Notts County,0,0,0.0,0.0,D,D,2.38,3.6,2.7,1.65,2.2
E3,2024-08-10,15:00:00,Walsall,Morecambe,1,0,1.0,0.0,H,H,1.62,3.9,5.0,1.7,2.1
E3,2024-08-17,12:30:00,Bromley,AFC Wimbledon,2,0,1.0,0.0,H,H,2.55,3.6,2.55,1.95,1.9
E3,2024-08-17,12:30:00,Carlisle,Barrow,1,0,1.0,0.0,H,H,2.35,3.4,2.9,1.98,1.88
E3,2024-08-17,15:00:00,Accrington,Harrogate,3,3,1.0,2.0,D,A,2.25,3.5,3.0,1.7,2.1
E3,2024-08-17,15:00:00,Bradford,Salford,0,0,0.0,0.0,D,D,1.73,3.8,4.5,1.67,2.15
E3,2024-08-17,15:00:00,Colchester,Milton Keynes Dons,2,0,0.0,0.0,H,D,3.1,3.5,2.2,1.7,2.1
E3,2024-08-17,15:00:00,Crewe,Chesterfield,0,5,0.0,4.0,A,A,3.0,3.5,2.25,1.75,2.05
E3,2024-08-17,15:00:00,Grimsby,Cheltenham,3,2,1.0,0.0,H,H,2.4,3.3,2.8,1.98,1.88
E3,2024-08-17,15:00:00,Morecambe,Gillingham,0,1,0.0,0.0,A,D,3.5,3.6,2.0,1.9,1.95
E3,2024-08-17,15:00:00,Newport County,Doncaster,3,1,0.0,1.0,H,A,3.9,3.9,1.8,1.7,2.1
E3,2024-08-17,15:00:00,Port Vale,Tranmere,0,0,0.0,0.0,D,D,1.85,3.6,4.0,1.85,2.0
E3,2024-08-17,15:00:00,Swindon,Walsall,0,4,0.0,2.0,A,A,2.4,3.6,2.7,1.62,2.25
E3,2024-08-18,13:00:00,Notts County,Fleetwood Town,2,2,0.0,1.0,D,A,2.1,3.7,3.1,1.62,2.25
E3,2024-08-22,20:00:00,Notts County,Grimsby,4,1,3.0,1.0,H,H,1.91,3.4,4.0,1.7,2.1
E3,2024-08-24,12:30:00,Crewe,Swindon,0,0,0.0,0.0,D,D,2.25,3.4,3.0,1.88,1.98
E3,2024-08-24,12:30:00,Tranmere,Walsall,1,0,1.0,0.0,H,H,2.3,3.4,2.88,1.98,1.88
E3,2024-08-24,15:00:00,Barrow,Port Vale,4,0,0.0,0.0,H,D,2.3,3.4,2.88,2.08,1.73
E3,2024-08-24,15:00:00,Bradford,Bromley,3,1,2.0,0.0,H,H,1.7,3.6,4.75,1.8,2.0
E3,2024-08-24,15:00:00,Cheltenham,AFC Wimbledon,0,1,0.0,0.0,A,D,2.55,3.25,2.7,2.0,1.85
E3,2024-08-24,15:00:00,Chesterfield,Salford,1,1,0.0,0.0,D,D,1.6,3.7,5.75,1.75,2.05
E3,2024-08-24,15:00:00,Colchester,Harrogate,0,1,0.0,0.0,A,D,1.91,3.5,3.8,1.9,1.95
E3,2024-08-24,15:00:00,Doncaster,Morecambe,1,0,1.0,0.0,H,H,1.48,4.0,7.0,1.7,2.1
E3,2024-08-24,15:00:00,Fleetwood Town,Gillingham,0,0,0.0,0.0,D,D,2.3,3.4,2.9,1.83,2.03
E3,2024-08-24,15:00:00,Milton Keynes Dons,Carlisle,3,0,2.0,0.0,H,H,1.75,3.75,4.2,1.73,2.08
E3,2024-08-24,15:00:00,Newport County,Accrington,3,1,1.0,1.0,H,D,2.3,3.4,2.9,1.73,2.08
E3,2024-08-31,12:30:00,Gillingham,Chesterfield,1,0,1.0,0.0,H,H,2.55,3.3,2.75,1.9,1.95
E3,2024-08-31,12:30:00,Port Vale,Doncaster,2,3,1.0,1.0,A,D,2.7,3.1,2.7,2.03,1.83
E3,2024-08-31,15:00:00,Accrington,Colchester,1,1,1.0,0.0,D,H,2.7,3.0,2.75,1.8,2.05
E3,2024-08-31,15:00:00,AFC Wimbledon,Fleetwood Town,1,0,1.0,0.0,H,H,2.15,3.25,3.4,1.9,1.95
E3,2024-08-31,15:00:00,Bromley,Crewe,1,2,1.0,0.0,A,H,2.0,3.3,3.8,1.93,1.93
E3,2024-08-31,15:00:00,Carlisle,Tranmere,1,2,1.0,2.0,A,A,2.1,3.2,3.6,2.0,1.85
E3,2024-08-31,15:00:00,Grimsby,Bradford,2,1,1.0,0.0,H,H,3.0,3.25,2.35,1.98,1.88
E3,2024-08-31,15:00:00,Harrogate,Barrow,0,1,0.0,0.0,A,D,3.5,3.3,2.1,1.98,1.88
E3,2024-08-31,15:00:00,Morecambe,Newport County,0,1,0.0,1.0,A,A,2.2,3.25,3.3,1.88,1.98
E3,2024-08-31,15:00:00,Swindon,Notts County,1,2,1.0,1.0,A,D,2.9,3.6,2.25,1.53,2.4
E3,2024-08-31,15:00:00,Walsall,Cheltenham,2,1,0.0,0.0,H,D,1.67,3.75,5.0,1.8,2.0
E3,2024-09-02,20:00:00,Salford,Milton Keynes Dons,1,0,1.0,0.0,H,H,3.1,3.4,2.2,1.7,2.1
E3,2024-09-07,15:00:00,Barrow,Swindon,1,1,1.0,0.0,D,H,1.8,3.5,4.5,1.95,1.9
E3,2024-09-07,15:00:00,Bradford,Carlisle,2,1,1.0,0.0,H,H,1.73,3.75,4.33,1.88,1.98
E3,2024-09-07,15:00:00,Cheltenham,Harrogate,1,0,0.0,0.0,H,D,1.95,3.6,3.5,1.85,2.0
E3,2024-09-07,15:00:00,Chesterfield,Grimsby,2,1,2.0,0.0,H,H,1.62,4.0,5.0,1.7,2.1
E3,2024-09-07,15:00:00,Colchester,Bromley,1,1,0.0,1.0,D,A,2.1,3.5,3.2,1.83,2.03
E3,2024-09-07,15:00:00,Crewe,Morecambe,1,0,1.0,0.0,H,H,1.9,3.5,3.8,2.05,1.75
E3,2024-09-07,15:00:00,Doncaster,Gillingham,1,0,1.0,0.0,H,H,1.8,3.5,4.33,1.95,1.9
E3,2024-09-07,15:00:00,Milton Keynes Dons,Walsall,1,0,1.0,0.0,H,H,2.25,3.3,3.1,1.83,2.03
E3,2024-09-07,15:00:00,Newport County,Port Vale,1,4,1.0,2.0,A,A,3.1,3.6,2.15,1.83,2.03
E3,2024-09-07,15:00:00,Notts County,Accrington,2,0,1.0,0.0,H,H,1.62,4.0,5.0,1.48,2.6
E3,2024-09-12,20:00:00,Harrogate,Doncaster,2,0,2.0,0.0,H,H,4.5,3.75,1.8,1.85,2.0
E3,2024-09-14,12:30:00,AFC Wimbledon,Milton Keynes Dons,3,0,1.0,0.0,H,H,2.25,3.5,2.9,1.9,1.95
E3,2024-09-14,12:30:00,Swindon,Newport County,4,0,4.0,0.0,H,H,1.73,3.8,4.33,1.65,2.2
E3,2024-09-14,15:00:00,Accrington,Crewe,0,1,0.0,0.0,A,D,2.25,3.5,2.9,1.85,2.0
E3,2024-09-14,15:00:00,Bromley,Notts County,2,4,2.0,1.0,A,H,2.7,3.4,2.45,1.67,2.15
E3,2024-09-14,15:00:00,Carlisle,Fleetwood Town,2,3,1.0,2.0,A,A,2.3,3.4,2.9,1.93,1.93
E3,2024-09-14,15:00:00,Gillingham,Tranmere,3,0,0.0,0.0,H,D,1.85,3.4,4.2,2.05,1.75
E3,2024-09-14,15:00:00,Grimsby,Barrow,1,2,1.0,2.0,A,A,2.45,3.5,2.63,2.05,1.75
E3,2024-09-14,15:00:00,Morecambe,Colchester,3,3,1.0,1.0,D,D,2.9,3.5,2.25,2.05,1.8
E3,2024-09-14,15:00:00,Port Vale,Chesterfield,1,0,1.0,0.0,H,H,2.38,3.5,2.75,1.88,1.98
E3,2024-09-14,15:00:00,Salford,Cheltenham,2,1,0.0,0.0,H,D,1.85,3.75,3.8,1.95,1.9
E3,2024-09-14,15:00:00,Walsall,Bradford,2,1,1.0,1.0,H,D,2.25,3.4,3.0,1.98,1.88
E3,2024-09-21,12:30:00,Accrington,Port Vale,2,2,2.0,0.0,D,H,3.4,3.5,2.05,1.9,1.95
E3,2024-09-21,12:30:00,Chesterfield,Cheltenham,1,1,1.0,0.0,D,H,1.5,4.1,6.5,1.65,2.2
E3,2024-09-21,15:00:00,Barrow,Newport County,2,0,1.0,0.0,H,H,1.48,4.1,7.0,1.73,2.08
E3,2024-09-21,15:00:00,Bradford,AFC Wimbledon,0,0,0.0,0.0,D,D,2.45,3.3,2.8,2.05,1.8
E3,2024-09-21,15:00:00,Colchester,Tranmere,3,0,2.0,0.0,H,H,2.1,3.3,3.5,2.05,1.8
E3,2024-09-21,15:00:00,Crewe,Harrogate,3,0,2.0,0.0,H,H,1.8,3.4,4.5,2.05,1.8
E3,2024-09-21,15:00:00,Grimsby,Bromley,1,0,0.0,0.0,H,D,2.1,3.3,3.4,1.8,2.0
E3,2024-09-21,15:00:00,Milton Keynes Dons,Doncaster,1,1,1.0,0.0,D,H,2.38,3.4,2.88,1.75,2.05
E3,2024-09-21,15:00:00,Notts County,Gillingham,0,1,0.0,1.0,A,A,1.91,3.75,3.6,1.7,2.1
E3,2024-09-21,15:00:00,Salford,Walsall,0,2,0.0,0.0,A,D,2.75,3.3,2.5,1.98,1.88
E3,2024-09-21,15:00:00,Swindon,Carlisle,0,2,0.0,1.0,A,A,1.95,3.5,3.6,1.83,2.03
E3,2024-09-23,20:00:00,Fleetwood Town,Morecambe,2,2,2.0,0.0,D,H,1.57,3.75,6.0,1.88,1.98
E3,2024-09-27,19:45:00,Tranmere,Salford,0,0,0.0,0.0,D,D,2.2,3.25,3.2,2.05,1.75
E3,2024-09-28,12:30:00,Harrogate,Bradford,2,1,2.0,1.0,H,H,3.75,3.6,1.9,1.9,1.95
E3,2024-09-28,12:30:00,Walsall,Colchester,4,0,1.0,0.0,H,H,1.8,3.7,4.1,1.93,1.93
E3,2024-09-28,15:00:00,Bromley,Milton Keynes Dons,1,1,1.0,1.0,D,D,3.0,3.5,2.15,1.7,2.1
E3,2024-09-28,15:00:00,Carlisle,Grimsby,2,3,2.0,1.0,A,H,2.05,3.5,3.25,1.93,1.93
E3,2024-09-28,15:00:00,Cheltenham,Fleetwood Town,0,2,0.0,1.0,A,A,2.8,3.4,2.38,1.85,2.0
E3,2024-09-28,15:00:00,Doncaster,Chesterfield,0,3,0.0,1.0,A,A,2.05,3.5,3.3,1.88,1.98
E3,2024-09-28,15:00:00,Gillingham,Barrow,2,0,1.0,0.0,H,H,2.5,3.25,2.75,2.2,1.65
E3,2024-09-28,15:00:00,Morecambe,Notts County,1,1,1.0,0.0,D,H,4.2,3.9,1.73,1.6,2.3
E3,2024-09-28,15:00:00,Newport County,Crewe,2,1,1.0,0.0,H,H,3.25,3.7,2.0,2.0,1.85
E3,2024-09-28,15:00:00,Port Vale,Swindon,2,1,0.0,0.0,H,D,1.9,3.6,3.75,1.9,1.95
E3,2024-10-01,19:45:00,Bromley,Chesterfield,2,2,1.0,2.0,D,A,3.4,3.5,2.05,1.93,1.93
E3,2024-10-01,19:45:00,Carlisle,Notts County,0,2,0.0,2.0,A,A,2.7,3.6,2.38,1.6,2.3
E3,2024-10-01,19:45:00,Cheltenham,Accrington,2,1,0.0,1.0,H,A,2.25,3.4,3.1,1.93,1.93
E3,2024-10-01,19:45:00,Doncaster,Barrow,1,0,0.0,0.0,H,D,2.15,3.3,3.3,2.03,1.83
E3,2024-10-01,19:45:00,Gillingham,Grimsby,0,1,0.0,1.0,A,A,1.85,3.5,4.0,1.98,1.88
E3,2024-10-01,19:45:00,Harrogate,Milton Keynes Dons,1,5,0.0,3.0,A,A,3.6,3.7,1.91,1.93,1.93
E3,2024-10-01,19:45:00,Morecambe,Bradford,1,1,1.0,0.0,D,H,3.4,3.5,2.05,1.93,1.93
E3,2024-10-01,19:45:00,Newport County,Salford,3,1,2.0,0.0,H,H,3.2,3.5,2.2,1.9,1.95
E3,2024-10-01,19:45:00,Port Vale,Colchester,1,1,0.0,0.0,D,D,1.8,3.4,4.5,1.93,1.93
E3,2024-10-01,19:45:00,Tranmere,Swindon,1,1,1.0,0.0,D,H,2.2,3.3,3.2,2.1,1.7
E3,2024-10-01,19:45:00,Walsall,Fleetwood Town,2,6,2.0,1.0,A,H,1.95,3.4,3.75,1.88,1.98
E3,2024-10-05,12:30:00,Fleetwood Town,Bromley,0,0,0.0,0.0,D,D,1.73,3.9,4.33,1.73,2.08
E3,2024-10-05,12:30:00,Grimsby,Doncaster,0,3,0.0,3.0,A,A,2.8,3.4,2.38,1.93,1.93
E3,2024-10-05,15:00:00,Accrington,Morecambe,2,1,2.0,0.0,H,H,2.0,3.5,3.5,1.83,2.03
E3,2024-10-05,15:00:00,Barrow,Cheltenham,2,1,0.0,1.0,H,A,1.67,4.0,4.5,2.03,1.83
E3,2024-10-05,15:00:00,Chesterfield,Walsall,2,2,1.0,1.0,D,D,2.1,3.5,3.2,1.93,1.93
E3,2024-10-05,15:00:00,Colchester,Carlisle,0,0,0.0,0.0,D,D,2.0,3.5,3.5,1.9,1.95
E3,2024-10-05,15:00:00,Crewe,Gillingham,2,0,1.0,0.0,H,H,2.63,3.2,2.63,2.15,1.67
E3,2024-10-05,15:00:00,Milton Keynes Dons,Tranmere,1,1,1.0,0.0,D,H,1.65,4.0,5.0,1.88,1.98
E3,2024-10-05,15:00:00,Notts County,Port Vale,0,1,0.0,1.0,A,A,2.4,3.5,2.7,1.73,2.08
E3,2024-10-05,15:00:00,Salford,AFC Wimbledon,1,0,0.0,0.0,H,D,3.1,3.3,2.25,2.08,1.73
E3,2024-10-05,15:00:00,Swindon,Harrogate,0,0,0.0,0.0,D,D,1.75,3.7,4.5,1.75,2.05
E3,2024-10-07,20:00:00,Bradford,Newport County,3,1,1.0,0.0,H,H,1.48,4.33,6.0,1.73,2.08
E3,2024-10-12,12:30:00,Chesterfield,Notts County,2,2,1.0,1.0,D,D,1.95,3.6,3.5,1.6,2.3
E3,2024-10-12,15:00:00,AFC Wimbledon,Carlisle,4,0,3.0,0.0,H,H,1.75,3.6,4.5,1.93,1.93
E3,2024-10-12,15:00:00,Barrow,Morecambe,0,1,0.0,0.0,A,D,1.57,3.9,5.5,1.93,1.93
E3,2024-10-12,15:00:00,Cheltenham,Swindon,2,3,0.0,2.0,A,A,2.6,3.25,2.6,1.95,1.9
E3,2024-10-12,15:00:00,Doncaster,Crewe,1,1,0.0,0.0,D,D,1.7,3.6,4.75,1.95,1.9
E3,2024-10-12,15:00:00,Gillingham,Accrington,1,2,0.0,0.0,A,D,1.73,3.7,4.5,1.95,1.9
E3,2024-10-12,15:00:00,Harrogate,Newport County,1,0,1.0,0.0,H,H,2.05,3.4,3.4,1.88,1.98
E3,2024-10-12,15:00:00,Milton Keynes Dons,Port Vale,0,1,0.0,0.0,A,D,2.15,3.4,3.2,1.98,1.88
E3,2024-10-12,15:00:00,Salford,Grimsby,1,2,1.0,2.0,A,A,2.2,3.4,3.1,1.9,1.95
E3,2024-10-12,15:00:00,Tranmere,Bradford,0,2,0.0,1.0,A,A,2.55,3.4,2.55,2.05,1.75
E3,2024-10-18,20:00:00,Newport County,Chesterfield,0,3,0.0,1.0,A,A,4.33,3.8,1.73,1.62,2.25
E3,2024-10-19,12:30:00,Accrington,Barrow,1,0,1.0,0.0,H,H,3.0,3.4,2.3,2.05,1.75
E3,2024-10-19,15:00:00,Bradford,Gillingham,2,1,2.0,1.0,H,H,2.1,3.2,3.6,2.08,1.73
E3,2024-10-19,15:00:00,Bromley,Tranmere,1,2,0.0,0.0,A,D,2.1,3.3,3.5,2.05,1.75
E3,2024-10-19,15:00:00,Carlisle,Harrogate,1,1,1.0,1.0,D,D,1.9,3.5,4.1,1.95,1.9
E3,2024-10-19,15:00:00,Colchester,Cheltenham,1,2,1.0,2.0,A,A,1.83,3.6,4.33,2.0,1.85
E3,2024-10-19,15:00:00,Crewe,Salford,1,1,1.0,1.0,D,D,2.25,3.2,3.25,2.1,1.7
E3,2024-10-19,15:00:00,Grimsby,Walsall,1,4,0.0,0.0,A,D,3.1,3.4,2.25,1.88,1.98
E3,2024-10-19,15:00:00,Morecambe,Milton Keynes Dons,1,3,1.0,2.0,A,A,3.7,3.6,1.91,1.75,2.05
E3,2024-10-19,15:00:00,Notts County,AFC Wimbledon,1,0,0.0,0.0,H,D,2.5,3.3,2.8,1.73,2.08
E3,2024-10-19,15:00:00,Port Vale,Fleetwood Town,3,1,1.0,1.0,H,D,2.0,3.5,3.6,1.93,1.93
E3,2024-10-19,15:00:00,Swindon,Doncaster,1,2,0.0,0.0,A,D,2.9,3.5,2.3,1.88,1.98
E3,2024-10-22,19:45:00,AFC Wimbledon,Morecambe,3,0,0.0,0.0,H,D,1.45,4.75,6.5,1.83,2.03
E3,2024-10-22,19:45:00,Barrow,Notts County,1,1,1.0,0.0,D,H,2.55,3.6,2.6,1.93,1.93
E3,2024-10-22,19:45:00,Cheltenham,Bradford,1,1,1.0,1.0,D,D,3.5,3.6,2.05,1.95,1.9
E3,2024-10-22,19:45:00,Chesterfield,Colchester,1,1,0.0,1.0,D,A,1.85,3.5,4.33,1.8,2.0
E3,2024-10-22,19:45:00,Doncaster,Bromley,0,1,0.0,1.0,A,A,1.62,4.0,5.25,1.73,2.08
E3,2024-10-22,19:45:00,Fleetwood Town,Crewe,0,1,0.0,0.0,A,D,1.85,3.6,4.0,1.98,1.88
E3,2024-10-22,19:45:00,Gillingham,Newport County,0,2,0.0,2.0,A,A,1.7,3.6,5.25,1.93,1.93
E3,2024-10-22,19:45:00,Harrogate,Port Vale,0,1,0.0,0.0,A,D,4.0,3.6,1.85,1.98,1.88
E3,2024-10-22,19:45:00,Milton Keynes Dons,Accrington,2,1,1.0,0.0,H,H,1.62,4.1,5.0,1.62,2.25
E3,2024-10-22,19:45:00,Salford,Swindon,2,1,1.0,0.0,H,H,2.35,3.5,2.88,2.05,1.75
E3,2024-10-22,19:45:00,Tranmere,Grimsby,0,1,0.0,0.0,A,D,2.0,3.1,4.1,2.05,1.8
E3,2024-10-22,19:45:00,Walsall,Carlisle,3,1,1.0,0.0,H,H,1.57,3.9,5.75,1.7,2.1
E3,2024-10-26,12:30:00,Colchester,Salford,1,2,0.0,0.0,A,D,2.2,3.25,3.25,2.05,1.75
E3,2024-10-26,12:30:00,Morecambe,Chesterfield,2,5,1.0,1.0,A,D,3.9,3.75,1.76,1.7,2.1
E3,2024-10-26,15:00:00,Accrington,Walsall,0,0,0.0,0.0,D,D,3.5,3.5,1.96,1.88,1.98
E3,2024-10-26,15:00:00,Bradford,Doncaster,1,2,0.0,0.0,A,D,2.5,3.25,2.65,1.9,1.95
E3,2024-10-26,15:00:00,Bromley,Barrow,1,1,0.0,1.0,D,A,2.4,3.25,2.75,2.1,1.7
E3,2024-10-26,15:00:00,Carlisle,Cheltenham,0,1,0.0,1.0,A,A,1.95,3.4,3.7,1.93,1.93
E3,2024-10-26,15:00:00,Crewe,Tranmere,3,1,1.0,1.0,H,D,2.25,3.3,3.1,2.15,1.67
E3,2024-10-26,15:00:00,Grimsby,Milton Keynes Dons,1,3,1.0,0.0,A,H,3.25,3.25,2.2,1.85,1.95
E3,2024-10-26,15:00:00,Newport County,Fleetwood Town,0,0,0.0,0.0,D,D,3.6,3.6,1.91,1.67,2.15
E3,2024-10-26,15:00:00,Notts County,Harrogate,1,0,0.0,0.0,H,D,1.44,4.33,6.5,1.62,2.25
E3,2024-10-26,15:00:00,Port Vale,AFC Wimbledon,3,2,2.0,0.0,H,H,2.15,3.25,3.3,2.25,1.62
E3,2024-10-26,15:00:00,Swindon,Gillingham,1,1,0.0,1.0,D,A,2.25,3.25,3.1,2.05,1.75
E3,2024-10-29,19:45:00,Fleetwood Town,Salford,2,2,1.0,1.0,D,D,2.05,3.7,3.1,1.85,2.0
E3,2024-11-09,12:30:00,Harrogate,Morecambe,1,2,0.0,1.0,A,A,2.25,3.5,2.9,1.98,1.88
E3,2024-11-09,12:30:00,Salford,Carlisle,0,1,0.0,0.0,A,D,1.91,3.6,3.6,1.9,1.95
E3,2024-11-09,15:00:00,AFC Wimbledon,Grimsby,0,1,0.0,1.0,A,A,1.48,4.5,5.75,1.75,2.05
E3,2024-11-09,15:00:00,Barrow,Colchester,1,1,1.0,0.0,D,H,2.0,3.3,3.6,2.1,1.7
E3,2024-11-09,15:00:00,Cheltenham,Bromley,1,1,0.0,0.0,D,D,2.55,3.4,2.55,1.98,1.88
E3,2024-11-09,15:00:00,Chesterfield,Accrington,0,3,0.0,1.0,A,A,1.57,3.9,5.75,1.67,2.15
E3,2024-11-09,15:00:00,Doncaster,Notts County,1,1,0.0,1.0,D,A,1.8,3.5,4.33,1.65,2.2
E3,2024-11-09,15:00:00,Fleetwood Town,Bradford,1,0,1.0,0.0,H,H,2.35,3.6,2.7,1.85,2.0
E3,2024-11-09,15:00:00,Gillingham,Port Vale,1,0,0.0,0.0,H,D,2.88,3.4,2.35,2.2,1.65
E3,2024-11-09,15:00:00,Milton Keynes Dons,Swindon,3,1,1.0,1.0,H,D,1.91,3.5,3.7,1.88,1.98
E3,2024-11-09,15:00:00,Tranmere,Newport County,2,1,1.0,0.0,H,H,1.7,3.5,5.0,1.93,1.93
E3,2024-11-09,15:00:00,Walsall,Crewe,1,1,0.0,0.0,D,D,1.67,3.6,5.0,1.95,1.9
E3,2024-11-16,15:00:00,Accrington,Swindon,2,2,2.0,1.0,D,H,2.3,3.6,2.8,1.93,1.93
E3,2024-11-16,15:00:00,Barrow,AFC Wimbledon,1,3,1.0,1.0,A,D,2.63,3.1,2.63,2.4,1.53
E3,2024-11-16,15:00:00,Bromley,Carlisle,1,1,0.0,0.0,D,D,1.95,3.5,3.6,1.93,1.93
E3,2024-11-16,15:00:00,Colchester,Bradford,1,1,0.0,1.0,D,A,2.55,3.4,2.55,1.98,1.88
E3,2024-11-16,15:00:00,Crewe,Notts County,2,0,1.0,0.0,H,H,2.75,3.4,2.4,1.9,1.95
E3,2024-11-16,15:00:00,Doncaster,Salford,1,1,0.0,0.0,D,D,1.62,4.0,4.75,1.95,1.9
E3,2024-11-16,15:00:00,Harrogate,Chesterfield,2,1,0.0,0.0,H,D,4.33,3.8,1.73,1.73,2.08
E3,2024-11-16,15:00:00,Milton Keynes Dons,Cheltenham,3,2,1.0,2.0,H,A,1.73,3.75,4.33,1.8,2.0
E3,2024-11-16,15:00:00,Morecambe,Port Vale,0,1,0.0,0.0,A,D,4.5,3.5,1.75,1.95,1.9
E3,2024-11-16,15:00:00,Newport County,Grimsby,0,0,0.0,0.0,D,D,2.88,3.4,2.3,1.85,2.0
E3,2024-11-19,19:45:00,AFC Wimbledon,Accrington,2,2,0.0,0.0,D,D,1.62,3.9,5.0,1.98,1.88
E3,2024-11-22,19:45:00,Cheltenham,Tranmere,1,0,0.0,0.0,H,D,2.3,3.25,3.0,2.2,1.65
E3,2024-11-23,12:30:00,Grimsby,Colchester,0,1,0.0,0.0,A,D,2.35,3.3,2.9,1.98,1.88
E3,2024-11-23,12:30:00,Notts County,Newport County,0,0,0.0,0.0,D,D,1.4,4.75,7.0,1.53,2.4
E3,2024-11-23,15:00:00,AFC Wimbledon,Walsall,0,1,0.0,0.0,A,D,2.2,3.3,3.2,2.05,1.75
E3,2024-11-23,15:00:00,Carlisle,Doncaster,0,0,0.0,0.0,D,D,4.0,3.4,1.91,1.88,1.98
E3,2024-11-23,15:00:00,Chesterfield,Barrow,1,0,0.0,0.0,H,D,1.95,3.4,3.75,1.93,1.93
E3,2024-11-23,15:00:00,Gillingham,Harrogate,1,2,0.0,0.0,A,D,1.65,3.8,5.0,2.08,1.73
E3,2024-11-23,15:00:00,Swindon,Morecambe,2,3,1.0,2.0,A,A,1.8,3.5,4.33,1.85,2.0
E3,2024-11-25,20:00:00,Port Vale,Crewe,1,1,1.0,0.0,D,H,1.8,3.25,4.75,2.2,1.65
E3,2024-11-26,19:45:00,Tranmere,AFC Wimbledon,0,2,0.0,1.0,A,A,3.5,3.2,2.1,2.35,1.57
E3,2024-11-26,19:45:00,Walsall,Bromley,2,2,1.0,0.0,D,H,1.62,4.0,4.75,1.7,2.1
E3,2024-11-30,12:30:00,Carlisle,Crewe,1,1,1.0,0.0,D,H,2.7,3.3,2.5,2.15,1.67
E3,2024-11-30,12:30:00,Fleetwood Town,Colchester,0,0,0.0,0.0,D,D,1.91,3.6,3.75,1.95,1.9
E3,2024-12-03,19:45:00,AFC Wimbledon,Newport County,2,2,2.0,1.0,D,H,1.4,4.5,7.5,1.7,2.1
E3,2024-12-03,19:45:00,Bradford,Barrow,1,1,0.0,0.0,D,D,2.0,3.25,3.75,2.15,1.67
E3,2024-12-03,19:45:00,Cheltenham,Port Vale,1,1,0.0,0.0,D,D,3.5,3.3,2.05,2.25,1.62
E3,2024-12-03,19:45:00,Colchester,Swindon,4,0,4.0,0.0,H,H,1.91,3.4,3.9,1.98,1.88
E3,2024-12-03,19:45:00,Grimsby,Accrington,5,2,4.0,0.0,H,H,2.45,3.25,2.8,1.95,1.9
E3,2024-12-03,19:45:00,Milton Keynes Dons,Chesterfield,3,0,2.0,0.0,H,H,2.2,3.4,3.0,1.73,2.08
E3,2024-12-03,19:45:00,Salford,Harrogate,2,0,1.0,0.0,H,H,1.7,3.5,4.75,2.05,1.8
E3,2024-12-03,19:45:00,Tranmere,Morecambe,2,2,0.0,1.0,D,A,1.85,3.5,4.0,1.95,1.9
E3,2024-12-03,19:45:00,Walsall,Notts County,3,2,0.0,0.0,H,D,2.0,3.3,3.6,1.83,2.03
E3,2024-12-04,19:45:00,Bromley,Gillingham,2,1,0.0,0.0,H,D,2.1,3.5,3.25,2.0,1.85
E3,2024-12-04,19:45:00,Fleetwood Town,Doncaster,2,4,2.0,3.0,A,A,3.0,3.3,2.3,1.88,1.98
E3,2024-12-07,12:30:00,Crewe,Bradford,1,1,0.0,0.0,D,D,2.2,3.3,3.2,2.15,1.67
E3,2024-12-07,12:30:00,Port Vale,Walsall,0,1,0.0,0.0,A,D,2.63,3.3,2.63,2.05,1.75
E3,2024-12-07,15:00:00,Accrington,Bromley,1,2,1.0,1.0,A,D,2.4,3.3,2.88,1.95,1.9
E3,2024-12-07,15:00:00,Chesterfield,Tranmere,3,0,2.0,0.0,H,H,1.67,3.6,5.25,1.88,1.98
E3,2024-12-07,15:00:00,Doncaster,Cheltenham,2,2,0.0,1.0,D,A,1.48,4.33,6.0,1.75,2.05
E3,2024-12-07,15:00:00,Gillingham,Salford,1,0,0.0,0.0,H,D,2.15,3.5,3.1,2.2,1.65
E3,2024-12-07,15:00:00,Harrogate,AFC Wimbledon,0,3,0.0,2.0,A,A,4.75,3.6,1.73,2.05,1.75
E3,2024-12-07,15:00:00,Morecambe,Grimsby,0,3,0.0,2.0,A,A,2.7,3.3,2.5,1.93,1.93
E3,2024-12-07,15:00:00,Swindon,Fleetwood Town,3,1,2.0,0.0,H,H,2.9,3.4,2.3,1.8,2.0
E3,2024-12-14,12:30:00,Salford,Notts County,3,0,2.0,0.0,H,H,2.5,3.25,2.7,1.95,1.9
E3,2024-12-14,12:30:00,Tranmere,Harrogate,2,1,1.0,1.0,H,D,1.7,3.7,4.75,2.05,1.75
E3,2024-12-14,15:00:00,AFC Wimbledon,Doncaster,1,0,1.0,0.0,H,H,2.3,3.25,3.0,2.05,1.75
E3,2024-12-14,15:00:00,Bradford,Swindon,1,0,1.0,0.0,H,H,1.67,3.8,4.75,1.83,2.03
E3,2024-12-14,15:00:00,Bromley,Port Vale,0,0,0.0,0.0,D,D,2.8,3.2,2.5,2.08,1.73
E3,2024-12-14,15:00:00,Carlisle,Chesterfield,0,2,0.0,1.0,A,A,3.1,3.4,2.25,1.93,1.93
E3,2024-12-14,15:00:00,Cheltenham,Morecambe,2,0,1.0,0.0,H,H,1.83,3.6,4.0,1.93,1.93
E3,2024-12-14,15:00:00,Colchester,Newport County,0,0,0.0,0.0,D,D,1.5,4.2,5.75,1.83,2.03
E3,2024-12-14,15:00:00,Grimsby,Crewe,0,2,0.0,0.0,A,D,2.55,3.25,2.7,2.15,1.67
E3,2024-12-14,15:00:00,Milton Keynes Dons,Gillingham,0,1,0.0,0.0,A,D,1.7,3.6,4.75,1.98,1.88
E3,2024-12-14,15:00:00,Walsall,Barrow,1,0,1.0,0.0,H,H,1.8,3.5,4.33,2.05,1.75
E3,2024-12-16,20:00:00,Fleetwood Town,Accrington,1,1,0.0,1.0,D,A,1.8,3.6,4.2,1.85,2.0
E3,2024-12-20,19:45:00,Crewe,Colchester,0,0,0.0,0.0,D,D,2.0,3.4,3.5,2.35,1.57
E3,2024-12-20,19:45:00,Gillingham,Cheltenham,2,2,1.0,1.0,D,D,2.25,3.3,3.1,2.25,1.62
E3,2024-12-21,12:30:00,Barrow,Fleetwood Town,2,0,2.0,0.0,H,H,2.2,3.5,3.0,2.05,1.75
E3,2024-12-21,12:30:00,Doncaster,Tranmere,3,1,1.0,0.0,H,H,1.6,4.0,5.0,1.85,2.0
E3,2024-12-21,15:00:00,Accrington,Salford,0,2,0.0,0.0,A,D,2.88,3.1,2.5,2.05,1.75
E3,2024-12-21,15:00:00,Chesterfield,AFC Wimbledon,1,0,1.0,0.0,H,H,2.3,3.4,2.9,2.0,1.85
E3,2024-12-21,15:00:00,Harrogate,Walsall,0,2,0.0,1.0,A,A,4.33,4.0,1.7,1.98,1.88
E3,2024-12-21,15:00:00,Morecambe,Bromley,0,2,0.0,1.0,A,A,3.3,3.5,2.05,1.8,2.0
E3,2024-12-21,15:00:00,Newport County,Milton Keynes Dons,6,3,4.0,1.0,H,H,5.25,3.6,1.67,1.7,2.1
E3,2024-12-21,15:00:00,Notts County,Bradford,3,0,3.0,0.0,H,H,2.3,3.2,3.1,1.8,2.0
E3,2024-12-21,15:00:00,Port Vale,Carlisle,0,0,0.0,0.0,D,D,1.73,3.5,4.75,2.05,1.8
E3,2024-12-21,15:00:00,Swindon,Grimsby,3,1,2.0,0.0,H,H,2.2,3.6,2.9,1.93,1.93
E3,2024-12-26,15:00:00,AFC Wimbledon,Swindon,1,1,0.0,1.0,D,A,1.62,4.0,5.0,1.88,1.98
E3,2024-12-26,15:00:00,Bradford,Port Vale,2,1,1.0,0.0,H,H,2.1,3.4,3.3,2.1,1.7
E3,2024-12-26,15:00:00,Bromley,Newport County,5,2,2.0,0.0,H,H,1.53,4.1,5.75,1.67,2.15
E3,2024-12-26,15:00:00,Carlisle,Morecambe,0,1,0.0,0.0,A,D,1.85,3.5,4.1,1.93,1.93
E3,2024-12-26,15:00:00,Cheltenham,Crewe,2,1,0.0,0.0,H,D,2.7,3.3,2.5,2.2,1.65
E3,2024-12-26,15:00:00,Colchester,Gillingham,2,0,1.0,0.0,H,H,1.91,3.4,3.9,2.2,1.65
E3,2024-12-26,15:00:00,Fleetwood Town,Chesterfield,2,0,1.0,0.0,H,H,2.5,3.4,2.63,1.8,2.0
E3,2024-12-26,15:00:00,Grimsby,Harrogate,2,1,0.0,0.0,H,D,1.67,3.8,4.75,1.9,1.95
E3,2024-12-26,15:00:00,Milton Keynes Dons,Notts County,0,2,0.0,0.0,A,D,2.3,3.5,2.8,1.67,2.15
E3,2024-12-26,15:00:00,Salford,Barrow,3,0,2.0,0.0,H,H,2.15,3.4,3.25,2.2,1.65
E3,2024-12-26,15:00:00,Walsall,Doncaster,2,0,0.0,0.0,H,D,2.2,3.3,3.2,1.95,1.9
E3,2024-12-29,12:30:00,Bromley,Swindon,1,1,0.0,0.0,D,D,1.85,3.5,3.6,1.73,2.08
E3,2024-12-29,12:30:00,Carlisle,Accrington,2,1,1.0,0.0,H,H,2.15,3.5,3.0,2.03,1.83
E3,2024-12-29,15:00:00,Bradford,Chesterfield,2,1,1.0,1.0,H,D,2.2,3.4,2.9,1.93,1.93
E3,2024-12-29,15:00:00,Cheltenham,Notts County,3,5,1.0,2.0,A,A,2.9,3.3,2.2,1.88,1.98
E3,2024-12-29,15:00:00,Colchester,Doncaster,1,1,0.0,1.0,D,A,2.63,3.4,2.35,2.08,1.73
E3,2024-12-29,15:00:00,Fleetwood Town,Harrogate,1,1,1.0,1.0,D,D,1.5,3.9,6.0,1.88,1.98
E3,2024-12-29,15:00:00,Grimsby,Port Vale,3,0,1.0,0.0,H,H,2.9,3.4,2.15,2.05,1.75
E3,2024-12-29,15:00:00,Milton Keynes Dons,Crewe,1,1,1.0,0.0,D,H,2.0,3.5,3.3,1.98,1.88
E3,2024-12-29,15:00:00,Salford,Morecambe,1,0,0.0,0.0,H,D,1.7,3.7,4.2,1.93,1.93
E3,2024-12-29,15:00:00,Tranmere,Barrow,1,1,1.0,1.0,D,D,2.5,3.4,2.55,2.2,1.65
E3,2024-12-29,15:00:00,Walsall,Newport County,2,0,0.0,0.0,H,D,1.25,5.0,9.5,1.57,2.35
E3,2024-12-30,20:00:00,AFC Wimbledon,Gillingham,1,0,0.0,0.0,H,D,1.73,3.6,4.2,2.3,1.6
E3,2025-01-01,15:00:00,Accrington,Grimsby,3,2,1.0,2.0,H,A,2.35,3.3,2.9,1.9,1.95
E3,2025-01-01,15:00:00,Barrow,Bradford,2,2,1.0,1.0,D,D,2.63,3.4,2.5,2.25,1.62
E3,2025-01-01,15:00:00,Chesterfield,Milton Keynes Dons,1,2,0.0,2.0,A,A,2.2,3.4,3.1,1.73,2.08
E3,2025-01-01,15:00:00,Crewe,Carlisle,3,2,1.0,1.0,H,D,1.9,3.6,3.75,2.15,1.67
E3,2025-01-01,15:00:00,Doncaster,Fleetwood Town,2,1,1.0,0.0,H,H,1.73,3.5,4.75,1.93,1.93
E3,2025-01-01,15:00:00,Harrogate,Salford,0,2,0.0,1.0,A,A,4.0,3.6,1.83,2.1,1.7
E3,2025-01-01,15:00:00,Morecambe,Tranmere,2,0,0.0,0.0,H,D,2.8,3.4,2.35,2.1,1.7
E3,2025-01-01,15:00:00,Notts County,Walsall,1,2,1.0,0.0,A,H,2.55,3.5,2.55,1.8,2.0
E3,2025-01-01,15:00:00,Port Vale,Cheltenham,0,0,0.0,0.0,D,D,1.8,3.6,4.1,2.08,1.73
E3,2025-01-01,15:00:00,Swindon,Colchester,3,2,1.0,1.0,H,D,2.5,3.4,2.63,1.95,1.9
E3,2025-01-02,19:45:00,Gillingham,Bromley,0,3,0.0,2.0,A,A,2.2,3.5,3.0,2.15,1.67
E3,2025-01-02,19:45:00,Newport County,AFC Wimbledon,1,2,0.0,0.0,A,D,4.75,4.0,1.62,1.7,2.1
E3,2025-01-04,12:30:00,Notts County,Swindon,2,0,2.0,0.0,H,H,1.67,3.9,4.5,1.65,2.2
E3,2025-01-04,13:00:00,Bradford,Grimsby,3,1,1.0,0.0,H,H,1.85,3.4,4.33,2.0,1.85
E3,2025-01-04,15:00:00,Barrow,Harrogate,0,2,0.0,0.0,A,D,1.62,3.7,5.25,2.1,1.7
E3,2025-01-04,15:00:00,Colchester,Accrington,0,2,0.0,1.0,A,A,1.85,3.4,4.1,1.98,1.88
E3,2025-01-04,15:00:00,Doncaster,Port Vale,1,2,0.0,1.0,A,A,1.9,3.5,3.7,2.03,1.83
E3,2025-01-04,15:00:00,Milton Keynes Dons,Salford,0,1,0.0,1.0,A,A,2.25,3.4,3.1,1.95,1.9
E3,2025-01-04,15:00:00,Tranmere,Carlisle,1,0,1.0,0.0,H,H,2.1,3.4,3.25,2.03,1.83
E3,2025-01-05,15:00:00,Crewe,Bromley,4,1,3.0,1.0,H,H,2.2,3.3,3.2,2.08,1.73
E3,2025-01-11,12:30:00,Walsall,Tranmere,5,1,2.0,1.0,H,H,1.53,4.1,5.75,1.85,2.0
E3,2025-01-11,15:00:00,Swindon,Crewe,0,0,0.0,0.0,D,D,2.8,3.3,2.4,2.05,1.75
E3,2025-01-17,19:45:00,Harrogate,Cheltenham,2,0,1.0,0.0,H,H,3.0,3.3,2.3,2.05,1.75
E3,2025-01-18,12:30:00,Carlisle,Bradford,0,1,0.0,0.0,A,D,3.2,3.25,2.2,2.05,1.75
E3,2025-01-18,12:30:00,Gillingham,Doncaster,0,1,0.0,1.0,A,A,3.25,3.2,2.2,2.08,1.73
E3,2025-01-18,15:00:00,Accrington,Notts County,0,3,0.0,2.0,A,A,3.1,3.4,2.2,1.75,2.05
E3,2025-01-18,15:00:00,AFC Wimbledon,Tranmere,2,0,0.0,0.0,H,D,1.55,3.8,6.0,2.1,1.7
E3,2025-01-18,15:00:00,Bromley,Colchester,0,1,0.0,1.0,A,A,2.2,3.3,3.2,2.0,1.85
E3,2025-01-18,15:00:00,Grimsby,Chesterfield,1,1,1.0,1.0,D,D,2.6,3.4,2.55,1.93,1.93
E3,2025-01-18,15:00:00,Morecambe,Crewe,0,1,0.0,0.0,A,D,3.2,3.25,2.2,2.1,1.7
E3,2025-01-18,15:00:00,Port Vale,Newport County,3,2,1.0,2.0,H,A,1.48,4.1,6.25,1.83,2.03
E3,2025-01-18,15:00:00,Salford,Fleetwood Town,0,2,0.0,2.0,A,A,1.85,3.3,4.33,2.08,1.73
E3,2025-01-18,15:00:00,Swindon,Barrow,2,0,1.0,0.0,H,H,2.2,3.3,3.1,2.1,1.7
E3,2025-01-18,15:00:00,Walsall,Milton Keynes Dons,4,2,1.0,1.0,H,D,1.7,3.9,4.33,1.75,2.05
E3,2025-01-21,19:45:00,Fleetwood Town,Milton Keynes Dons,2,1,1.0,0.0,H,H,2.15,3.3,3.1,1.85,2.0
E3,2025-01-21,19:45:00,Harrogate,Colchester,0,0,0.0,0.0,D,D,3.7,3.3,2.0,2.2,1.62
E3,2025-01-24,19:45:00,Newport County,Swindon,1,2,1.0,1.0,A,D,3.6,3.5,1.95,1.83,2.03
E3,2025-01-25,12:30:00,Bradford,Walsall,3,0,2.0,0.0,H,H,2.63,3.2,2.63,2.1,1.7
E3,2025-01-25,12:30:00,Milton Keynes Dons,AFC Wimbledon,0,0,0.0,0.0,D,D,2.63,3.25,2.63,2.05,1.8
E3,2025-01-25,15:00:00,Barrow,Grimsby,3,0,1.0,0.0,H,H,2.1,3.25,3.5,2.1,1.67
E3,2025-01-25,15:00:00,Cheltenham,Salford,2,1,1.0,0.0,H,H,3.3,3.1,2.2,2.15,1.63
E3,2025-01-25,15:00:00,Chesterfield,Port Vale,1,1,0.0,1.0,D,A,2.1,3.3,3.4,2.0,1.85
E3,2025-01-25,15:00:00,Colchester,Morecambe,1,0,0.0,0.0,H,D,1.62,3.7,5.5,2.0,1.82
E3,2025-01-25,15:00:00,Crewe,Accrington,0,1,0.0,1.0,A,A,1.9,3.4,4.1,2.05,1.72
E3,2025-01-25,15:00:00,Doncaster,Harrogate,1,0,0.0,0.0,H,D,1.38,4.75,7.5,1.75,2.05
E3,2025-01-25,15:00:00,Fleetwood Town,Carlisle,1,2,0.0,1.0,A,A,1.8,3.6,4.1,2.03,1.83
E3,2025-01-25,15:00:00,Notts County,Bromley,1,1,0.0,0.0,D,D,1.81,3.75,3.8,1.67,2.15
E3,2025-01-25,15:00:00,Tranmere,Gillingham,1,1,1.0,1.0,D,D,2.35,3.1,3.1,2.25,1.58
E3,2025-01-28,19:45:00,Accrington,Cheltenham,0,0,0.0,0.0,D,D,2.05,3.3,3.5,2.15,1.67
E3,2025-01-28,19:45:00,Bradford,Morecambe,1,0,1.0,0.0,H,H,1.48,4.2,6.25,1.98,1.88
E3,2025-01-28,19:45:00,Chesterfield,Bromley,3,0,1.0,0.0,H,H,1.95,3.4,3.7,2.05,1.75
E3,2025-01-28,19:45:00,Crewe,AFC Wimbledon,1,1,1.0,1.0,D,D,2.75,2.8,2.88,2.88,1.4
E3,2025-01-28,19:45:00,Fleetwood Town,Walsall,2,0,2.0,0.0,H,H,3.1,3.1,2.3,2.08,1.73
E3,2025-01-28,19:45:00,Grimsby,Gillingham,1,1,0.0,1.0,D,A,2.38,3.3,2.88,2.1,1.7
E3,2025-01-28,19:45:00,Milton Keynes Dons,Harrogate,2,1,1.0,0.0,H,H,1.73,3.8,4.2,1.88,1.98
E3,2025-01-28,19:45:00,Notts County,Carlisle,1,0,1.0,0.0,H,H,1.57,4.33,5.0,1.6,2.3
E3,2025-01-28,19:45:00,Salford,Newport County,1,1,1.0,1.0,D,D,1.48,4.33,6.0,1.73,2.08
E3,2025-01-28,19:45:00,Swindon,Tranmere,3,1,0.0,1.0,H,A,1.8,3.6,4.2,1.95,1.9
E3,2025-01-29,20:00:00,Barrow,Doncaster,1,3,1.0,2.0,A,A,3.0,3.1,2.4,2.15,1.67
E3,2025-02-01,12:30:00,Cheltenham,Chesterfield,1,0,0.0,0.0,H,D,3.1,3.25,2.25,1.95,1.9
E3,2025-02-01,12:30:00,Gillingham,Notts County,1,2,0.0,2.0,A,A,3.3,3.5,2.05,2.05,1.75
E3,2025-02-01,15:00:00,AFC Wimbledon,Bradford,1,0,1.0,0.0,H,H,2.2,3.1,3.3,2.3,1.6
E3,2025-02-01,15:00:00,Bromley,Grimsby,0,2,0.0,0.0,A,D,2.0,3.3,3.7,1.98,1.88
E3,2025-02-01,15:00:00,Carlisle,Swindon,1,5,0.0,1.0,A,A,2.55,3.25,2.7,2.05,1.75
E3,2025-02-01,15:00:00,Doncaster,Milton Keynes Dons,2,1,1.0,0.0,H,H,1.73,3.6,4.75,1.83,2.03
E3,2025-02-01,15:00:00,Harrogate,Crewe,1,1,1.0,0.0,D,H,3.0,3.3,2.25,2.25,1.62
E3,2025-02-01,15:00:00,Morecambe,Fleetwood Town,4,2,1.0,1.0,H,D,3.2,3.3,2.2,2.08,1.73
E3,2025-02-01,15:00:00,Newport County,Barrow,1,0,0.0,0.0,H,D,3.1,3.2,2.3,2.05,1.75
E3,2025-02-01,15:00:00,Port Vale,Accrington,2,1,1.0,0.0,H,H,1.8,3.6,4.2,1.95,1.9
E3,2025-02-01,15:00:00,Tranmere,Colchester,1,3,0.0,2.0,A,A,2.88,3.3,2.38,2.25,1.62
E3,2025-02-01,15:00:00,Walsall,Salford,2,2,0.0,1.0,D,A,1.85,3.6,3.8,2.05,1.75
E3,2025-02-04,19:45:00,Newport County,Morecambe,2,1,1.0,0.0,H,H,2.55,3.3,2.6,1.88,1.98
E3,2025-02-04,19:45:00,Salford,Bromley,3,3,0.0,2.0,D,A,2.2,3.3,3.2,2.08,1.73
E3,2025-02-06,19:45:00,Chesterfield,Doncaster,5,2,2.0,1.0,H,H,2.45,3.3,2.75,1.93,1.93
E3,2025-02-08,12:30:00,Bradford,Harrogate,1,0,1.0,0.0,H,H,1.6,3.9,5.0,2.08,1.73
E3,2025-02-08,12:30:00,Swindon,Port Vale,3,3,2.0,2.0,D,D,2.25,3.3,3.0,2.05,1.8
E3,2025-02-08,15:00:00,Accrington,AFC Wimbledon,0,0,0.0,0.0,D,D,3.4,3.2,2.1,2.4,1.53
E3,2025-02-08,15:00:00,Barrow,Gillingham,3,0,0.0,0.0,H,D,2.1,3.0,3.7,2.5,1.5
E3,2025-02-08,15:00:00,Colchester,Walsall,2,1,0.0,0.0,H,D,3.0,3.1,2.4,2.3,1.6
E3,2025-02-08,15:00:00,Crewe,Newport County,0,3,0.0,2.0,A,A,1.53,4.0,5.75,1.93,1.93
E3,2025-02-08,15:00:00,Fleetwood Town,Cheltenham,2,0,1.0,0.0,H,H,2.0,3.3,3.7,2.08,1.73
E3,2025-02-08,15:00:00,Grimsby,Carlisle,2,1,0.0,1.0,H,A,2.1,3.4,3.4,2.0,1.85
E3,2025-02-08,15:00:00,Milton Keynes Dons,Bromley,0,1,0.0,0.0,A,D,2.15,3.4,3.25,1.88,1.98
E3,2025-02-08,15:00:00,Notts County,Morecambe,2,0,0.0,0.0,H,D,1.38,4.5,8.0,1.67,2.15
E3,2025-02-08,15:00:00,Salford,Tranmere,2,0,0.0,0.0,H,D,1.73,3.6,4.5,2.05,1.8
E3,2025-02-11,19:45:00,AFC Wimbledon,Crewe,3,0,2.0,0.0,H,H,1.73,3.3,5.25,2.5,1.5
E3,2025-02-11,19:45:00,Barrow,Milton Keynes Dons,2,1,1.0,1.0,H,D,2.0,3.4,3.6,2.15,1.67
E3,2025-02-11,19:45:00,Bradford,Accrington,1,0,1.0,0.0,H,H,1.65,3.6,5.5,2.03,1.83
E3,2025-02-11,19:45:00,Newport County,Carlisle,1,0,0.0,0.0,H,D,2.7,3.4,2.5,1.98,1.88
E3,2025-02-11,19:45:00,Tranmere,Fleetwood Town,0,0,0.0,0.0,D,D,2.9,3.3,2.35,2.1,1.7
E3,2025-02-11,19:45:00,Walsall,Gillingham,1,1,0.0,0.0,D,D,1.53,3.9,6.0,2.1,1.7
E3,2025-02-13,20:00:00,Port Vale,Notts County,1,0,0.0,0.0,H,D,2.63,3.2,2.63,1.93,1.93
E3,2025-02-15,12:30:00,AFC Wimbledon,Salford,1,0,0.0,0.0,H,D,1.91,3.3,4.1,2.35,1.57
E3,2025-02-15,12:30:00,Doncaster,Grimsby,1,2,0.0,1.0,A,A,1.67,3.7,4.75,1.7,2.1
E3,2025-02-15,15:00:00,Bromley,Fleetwood Town,1,0,0.0,0.0,H,D,2.25,3.3,3.1,2.1,1.7
E3,2025-02-15,15:00:00,Carlisle,Colchester,0,0,0.0,0.0,D,D,3.3,3.2,2.2,2.25,1.62
E3,2025-02-15,15:00:00,Cheltenham,Barrow,3,2,0.0,1.0,H,A,2.4,3.1,3.0,2.25,1.62
E3,2025-02-15,15:00:00,Gillingham,Crewe,0,0,0.0,0.0,D,D,2.45,3.0,3.0,2.6,1.48
E3,2025-02-15,15:00:00,Harrogate,Swindon,1,0,0.0,0.0,H,D,2.9,3.25,2.38,2.1,1.7
E3,2025-02-15,15:00:00,Morecambe,Accrington,2,0,0.0,0.0,H,D,2.35,3.3,2.9,2.05,1.8
E3,2025-02-15,15:00:00,Newport County,Bradford,0,0,0.0,0.0,D,D,4.75,3.9,1.65,1.98,1.88
E3,2025-02-15,15:00:00,Tranmere,Milton Keynes Dons,1,1,0.0,1.0,D,A,2.38,3.25,2.9,2.0,1.85
E3,2025-02-15,15:00:00,Walsall,Chesterfield,3,1,0.0,1.0,H,A,1.91,3.4,3.8,1.98,1.88
E3,2025-02-18,19:45:00,Fleetwood Town,AFC Wimbledon,0,0,0.0,0.0,D,D,3.2,3.1,2.3,2.5,1.5
E3,2025-02-18,19:45:00,Morecambe,Doncaster,0,1,0.0,1.0,A,A,3.7,3.6,1.9,1.98,1.88
E3,2025-02-18,19:45:00,Notts County,Colchester,1,1,1.0,0.0,D,H,1.91,3.6,3.7,1.98,1.88
E3,2025-02-22,12:30:00,Crewe,Barrow,3,0,1.0,0.0,H,H,2.2,3.3,3.2,2.4,1.53
E3,2025-02-22,12:30:00,Morecambe,Walsall,0,2,0.0,0.0,A,D,4.2,3.9,1.73,1.98,1.88
E3,2025-02-22,15:00:00,Accrington,Doncaster,1,2,0.0,1.0,A,A,3.6,3.1,2.1,1.98,1.88
E3,2025-02-22,15:00:00,Bradford,Milton Keynes Dons,2,0,1.0,0.0,H,H,1.75,3.7,4.33,1.93,1.93
E3,2025-02-22,15:00:00,Bromley,Harrogate,2,0,2.0,0.0,H,H,1.9,3.6,3.7,2.08,1.73
E3,2025-02-22,15:00:00,Carlisle,Gillingham,0,0,0.0,0.0,D,D,2.4,3.2,2.9,2.35,1.57
E3,2025-02-22,15:00:00,Colchester,AFC Wimbledon,1,1,0.0,1.0,D,A,2.55,3.1,2.8,2.7,1.44
E3,2025-02-22,15:00:00,Grimsby,Fleetwood Town,2,1,1.0,0.0,H,H,2.35,3.2,3.0,1.95,1.9
E3,2025-02-22,15:00:00,Newport County,Cheltenham,0,3,0.0,1.0,A,A,3.0,3.2,2.35,1.98,1.88
E3,2025-02-22,15:00:00,Notts County,Tranmere,2,1,0.0,0.0,H,D,1.55,4.2,5.25,1.75,2.05
E3,2025-02-22,15:00:00,Port Vale,Salford,2,1,1.0,0.0,H,H,2.15,3.4,3.2,2.15,1.67
E3,2025-02-22,15:00:00,Swindon,Chesterfield,1,0,0.0,0.0,H,D,2.75,3.2,2.5,1.88,1.98
E3,2025-02-25,19:45:00,Bromley,Bradford,0,1,0.0,0.0,A,D,2.9,3.25,2.38,2.1,1.67
E3,2025-02-25,19:45:00,Cheltenham,Walsall,2,2,0.0,1.0,D,A,3.3,3.1,2.2,2.05,1.72
E3,2025-02-25,19:45:00,Gillingham,Fleetwood Town,1,2,1.0,1.0,A,D,2.5,3.2,2.8,2.5,1.47
E3,2025-02-25,19:45:00,Tranmere,Accrington,0,1,0.0,0.0,A,D,2.25,3.3,3.1,2.07,1.69
E3,2025-02-27,20:00:00,Barrow,Carlisle,0,1,0.0,1.0,A,A,1.86,3.4,3.75,2.15,1.67
E3,2025-03-01,12:30:00,Salford,Bradford,1,2,1.0,0.0,A,H,2.9,3.3,2.4,2.2,1.65
E3,2025-03-01,12:30:00,Tranmere,Port Vale,1,1,1.0,1.0,D,D,3.1,3.3,2.25,2.1,1.7
E3,2025-03-01,15:00:00,AFC Wimbledon,Bromley,0,1,0.0,0.0,A,D,1.73,3.6,4.75,2.25,1.62
E3,2025-03-01,15:00:00,Cheltenham,Grimsby,1,1,1.0,0.0,D,H,2.35,3.3,2.9,2.03,1.83
E3,2025-03-01,15:00:00,Chesterfield,Crewe,1,3,0.0,2.0,A,A,1.9,3.4,4.0,2.03,1.83
E3,2025-03-01,15:00:00,Doncaster,Newport County,3,0,1.0,0.0,H,H,1.4,4.5,7.5,1.57,2.35
E3,2025-03-01,15:00:00,Fleetwood Town,Notts County,2,2,0.0,1.0,D,A,2.5,3.3,2.7,1.93,1.93
E3,2025-03-01,15:00:00,Gillingham,Morecambe,1,0,0.0,0.0,H,D,2.0,3.4,3.7,2.15,1.67
E3,2025-03-01,15:00:00,Harrogate,Accrington,2,1,1.0,0.0,H,H,2.3,3.3,3.0,2.25,1.62
E3,2025-03-01,15:00:00,Milton Keynes Dons,Colchester,0,1,0.0,0.0,A,D,2.7,3.2,2.6,2.15,1.67
E3,2025-03-01,15:00:00,Walsall,Swindon,0,1,0.0,0.0,A,D,1.75,3.4,5.0,1.9,1.95
E3,2025-03-04,19:45:00,Accrington,Milton Keynes Dons,2,0,2.0,0.0,H,H,2.45,3.3,2.75,2.08,1.73
E3,2025-03-04,19:45:00,Bradford,Cheltenham,3,0,1.0,0.0,H,H,1.62,3.6,5.75,2.05,1.75
E3,2025-03-04,19:45:00,Bromley,Doncaster,1,0,1.0,0.0,H,H,3.5,3.3,2.05,2.0,1.85
E3,2025-03-04,19:45:00,Carlisle,Walsall,1,1,1.0,1.0,D,D,3.3,3.4,2.1,2.1,1.7
E3,2025-03-04,19:45:00,Colchester,Chesterfield,1,0,0.0,0.0,H,D,1.95,3.4,3.7,2.15,1.67
E3,2025-03-04,19:45:00,Crewe,Fleetwood Town,1,4,0.0,2.0,A,A,2.3,3.2,3.1,2.35,1.57
E3,2025-03-04,19:45:00,Grimsby,Tranmere,1,1,0.0,1.0,D,A,1.75,3.5,4.75,2.03,1.83
E3,2025-03-04,19:45:00,Morecambe,AFC Wimbledon,1,0,1.0,0.0,H,H,3.4,3.2,2.15,2.15,1.67
E3,2025-03-04,19:45:00,Newport County,Gillingham,3,1,3.0,0.0,H,H,3.75,3.25,2.0,2.2,1.65
E3,2025-03-04,19:45:00,Notts County,Barrow,1,2,0.0,1.0,A,A,1.65,3.7,5.0,2.0,1.85
E3,2025-03-04,19:45:00,Port Vale,Harrogate,0,0,0.0,0.0,D,D,1.83,3.2,4.75,2.4,1.53
E3,2025-03-04,19:45:00,Swindon,Salford,2,2,1.0,1.0,D,D,2.0,3.25,3.8,2.2,1.65
E3,2025-03-08,12:30:00,AFC Wimbledon,Notts County,2,0,2.0,0.0,H,H,2.45,3.1,2.88,2.15,1.67
E3,2025-03-08,12:30:00,Walsall,Grimsby,1,3,1.0,2.0,A,A,1.8,3.75,4.0,1.98,1.88
E3,2025-03-08,15:00:00,Barrow,Accrington,2,0,1.0,0.0,H,H,2.05,3.1,3.75,2.5,1.5
E3,2025-03-08,15:00:00,Cheltenham,Colchester,0,1,0.0,0.0,A,D,3.1,3.3,2.25,2.35,1.57
E3,2025-03-08,15:00:00,Chesterfield,Newport County,2,1,2.0,1.0,H,H,1.53,4.1,5.75,1.67,2.15
E3,2025-03-08,15:00:00,Doncaster,Swindon,2,2,2.0,0.0,D,H,1.67,3.75,4.75,1.85,1.95
E3,2025-03-08,15:00:00,Fleetwood Town,Port Vale,1,1,0.0,0.0,D,D,2.25,3.3,3.1,2.3,1.6
E3,2025-03-08,15:00:00,Gillingham,Bradford,1,0,0.0,0.0,H,D,4.0,3.25,1.91,2.4,1.53
E3,2025-03-08,15:00:00,Harrogate,Carlisle,1,0,0.0,0.0,H,D,2.8,3.25,2.45,2.25,1.62
E3,2025-03-08,15:00:00,Milton Keynes Dons,Morecambe,2,1,1.0,1.0,H,D,1.91,3.5,3.8,1.93,1.93
E3,2025-03-08,15:00:00,Salford,Crewe,1,1,0.0,0.0,D,D,2.2,3.25,3.2,2.15,1.67
E3,2025-03-08,15:00:00,Tranmere,Bromley,2,1,1.0,1.0,H,D,2.45,3.2,2.88,2.08,1.73
E3,2025-03-11,19:45:00,Accrington,Newport County,5,0,3.0,0.0,H,H,1.75,3.7,4.33,1.98,1.88
E3,2025-03-11,19:45:00,AFC Wimbledon,Cheltenham,1,2,1.0,1.0,A,D,1.7,3.5,5.0,2.2,1.65
E3,2025-03-11,19:45:00,Colchester,Port Vale,2,1,1.0,0.0,H,H,2.0,3.1,3.9,2.7,1.44
E3,2025-03-11,19:45:00,Grimsby,Notts County,0,2,0.0,0.0,A,D,2.25,3.4,3.0,1.93,1.93
E3,2025-03-11,19:45:00,Salford,Chesterfield,0,4,0.0,2.0,A,A,2.45,3.3,2.8,2.03,1.83
E3,2025-03-13,20:00:00,Bromley,Walsall,2,2,1.0,1.0,D,D,3.6,3.4,2.0,2.0,1.85
E3,2025-03-15,12:30:00,Crewe,Doncaster,1,1,1.0,0.0,D,H,3.25,3.3,2.2,2.08,1.73
E3,2025-03-15,12:30:00,Swindon,Cheltenham,3,3,1.0,1.0,D,D,1.95,3.5,3.75,1.95,1.9
E3,2025-03-15,15:00:00,Accrington,Gillingham,1,1,1.0,0.0,D,H,2.25,3.0,3.5,2.5,1.5
E3,2025-03-15,15:00:00,Bradford,Tranmere,0,1,0.0,0.0,A,D,1.57,3.9,6.0,2.1,1.7
E3,2025-03-15,15:00:00,Carlisle,AFC Wimbledon,1,2,0.0,1.0,A,A,3.0,3.1,2.38,2.6,1.48
E3,2025-03-15,15:00:00,Colchester,Fleetwood Town,3,0,0.0,0.0,H,D,2.0,3.2,3.8,2.35,1.57
E3,2025-03-15,15:00:00,Grimsby,Salford,0,1,0.0,0.0,A,D,2.1,3.5,3.3,2.03,1.83
E3,2025-03-15,15:00:00,Morecambe,Barrow,2,2,2.0,0.0,D,H,3.1,3.1,2.38,2.35,1.57
E3,2025-03-15,15:00:00,Newport County,Harrogate,3,0,2.0,0.0,H,H,2.9,3.1,2.5,2.25,1.62
E3,2025-03-15,15:00:00,Notts County,Chesterfield,1,2,0.0,0.0,A,D,1.9,3.7,3.75,1.8,2.0
E3,2025-03-15,15:00:00,Port Vale,Milton Keynes Dons,3,0,1.0,0.0,H,H,1.95,3.5,3.75,2.08,1.73
E3,2025-03-22,12:30:00,Notts County,Crewe,0,0,0.0,0.0,D,D,1.9,3.5,3.8,1.88,1.98
E3,2025-03-22,15:00:00,AFC Wimbledon,Barrow,2,2,0.0,0.0,D,D,1.95,3.4,3.75,2.5,1.5
E3,2025-03-22,15:00:00,Bradford,Colchester,4,1,2.0,1.0,H,H,2.1,3.1,3.6,2.7,1.44
E3,2025-03-22,15:00:00,Carlisle,Bromley,2,1,1.0,1.0,H,D,2.25,3.5,2.9,2.05,1.75
E3,2025-03-22,15:00:00,Cheltenham,Milton Keynes Dons,0,1,0.0,1.0,A,A,2.15,3.4,3.2,1.98,1.88
E3,2025-03-22,15:00:00,Chesterfield,Harrogate,0,0,0.0,0.0,D,D,1.6,3.8,5.5,2.15,1.67
E3,2025-03-22,15:00:00,Fleetwood Town,Tranmere,0,0,0.0,0.0,D,D,1.9,3.4,3.9,2.1,1.7
E3,2025-03-22,15:00:00,Gillingham,Walsall,0,0,0.0,0.0,D,D,3.2,3.1,2.3,2.35,1.57
E3,2025-03-22,15:00:00,Grimsby,Newport County,1,0,0.0,0.0,H,D,1.44,4.5,6.25,1.7,2.1
E3,2025-03-22,15:00:00,Port Vale,Morecambe,1,0,0.0,0.0,H,D,1.55,4.2,5.25,2.08,1.73
E3,2025-03-22,15:00:00,Swindon,Accrington,0,0,0.0,0.0,D,D,1.95,3.3,4.0,2.0,1.85
E3,2025-03-25,19:30:00,Port Vale,Barrow,0,1,0.0,1.0,A,A,1.85,3.25,4.33,2.25,1.62
E3,2025-03-25,19:45:00,Carlisle,Milton Keynes Dons,2,2,2.0,2.0,D,D,2.38,3.3,2.88,2.0,1.85
E3,2025-03-28,19:45:00,Colchester,Grimsby,1,2,0.0,0.0,A,D,2.05,3.25,3.7,2.4,1.53
E3,2025-03-28,19:45:00,Tranmere,Cheltenham,2,0,1.0,0.0,H,H,1.95,3.4,3.9,2.05,1.75
E3,2025-03-29,12:30:00,Accrington,Bradford,0,0,0.0,0.0,D,D,4.0,3.4,2.0,2.35,1.57
E3,2025-03-29,12:30:00,Crewe,Port Vale,0,1,0.0,0.0,A,D,2.7,3.1,2.7,2.3,1.6
E3,2025-03-29,15:00:00,Barrow,Chesterfield,0,1,0.0,0.0,A,D,2.5,3.2,2.88,2.05,1.75
E3,2025-03-29,15:00:00,Bromley,Salford,2,3,1.0,2.0,A,A,2.38,3.25,3.1,2.05,1.75
E3,2025-03-29,15:00:00,Doncaster,Carlisle,3,0,1.0,0.0,H,H,1.55,4.0,6.25,1.93,1.93
E3,2025-03-29,15:00:00,Harrogate,Gillingham,1,1,1.0,0.0,D,H,2.63,3.1,2.7,2.7,1.44
E3,2025-03-29,15:00:00,Milton Keynes Dons,Fleetwood Town,2,4,1.0,1.0,A,D,2.25,3.3,3.1,2.0,1.85
E3,2025-03-29,15:00:00,Morecambe,Swindon,1,0,1.0,0.0,H,H,3.3,3.4,2.15,1.95,1.9
E3,2025-03-29,15:00:00,Newport County,Notts County,0,2,0.0,1.0,A,A,5.0,3.9,1.65,1.75,2.05
E3,2025-03-29,15:00:00,Walsall,AFC Wimbledon,1,1,0.0,0.0,D,D,2.25,3.3,3.2,2.3,1.6
E3,2025-04-01,19:45:00,Accrington,Fleetwood Town,1,4,0.0,1.0,A,A,2.55,3.1,2.75,2.25,1.62
E3,2025-04-01,19:45:00,Barrow,Salford,1,1,1.0,0.0,D,H,2.3,3.2,3.1,2.25,1.62
E3,2025-04-01,19:45:00,Chesterfield,Carlisle,2,1,0.0,0.0,H,D,1.73,3.6,4.75,1.9,1.95
E3,2025-04-01,19:45:00,Crewe,Grimsby,2,0,1.0,0.0,H,H,2.75,3.25,2.55,2.15,1.67
E3,2025-04-01,19:45:00,Doncaster,Walsall,2,2,1.0,1.0,D,D,1.95,3.3,3.8,1.98,1.88
E3,2025-04-01,19:45:00,Gillingham,Colchester,1,1,0.0,1.0,D,A,2.7,3.2,2.6,2.6,1.48
E3,2025-04-01,19:45:00,Harrogate,Tranmere,3,2,1.0,0.0,H,H,2.63,3.1,2.63,2.4,1.53
E3,2025-04-01,19:45:00,Morecambe,Cheltenham,2,0,0.0,0.0,H,D,2.3,3.3,2.9,2.0,1.85
E3,2025-04-01,19:45:00,Newport County,Bromley,1,1,1.0,0.0,D,H,3.2,3.4,2.15,1.93,1.93
E3,2025-04-01,19:45:00,Port Vale,Bradford,2,0,2.0,0.0,H,H,2.55,3.1,2.8,2.4,1.53
E3,2025-04-01,19:45:00,Swindon,AFC Wimbledon,2,1,0.0,0.0,H,D,2.88,3.3,2.3,2.15,1.67
E3,2025-04-02,19:45:00,Notts County,Milton Keynes Dons,3,0,0.0,0.0,H,D,1.7,4.1,4.2,1.57,2.35
E3,2025-04-05,12:30:00,Cheltenham,Doncaster,0,2,0.0,0.0,A,D,4.75,3.7,1.7,1.98,1.88
E3,2025-04-05,12:30:00,Walsall,Port Vale,2,3,2.0,3.0,A,A,2.15,3.1,3.5,2.35,1.57
E3,2025-04-05,12:45:00,Tranmere,Chesterfield,4,0,0.0,0.0,H,D,2.9,3.3,2.35,2.05,1.75
E3,2025-04-05,15:00:00,AFC Wimbledon,Harrogate,1,0,0.0,0.0,H,D,1.62,3.4,6.0,2.25,1.62
E3,2025-04-05,15:00:00,Bradford,Crewe,2,0,1.0,0.0,H,H,1.7,3.4,5.5,2.3,1.6
E3,2025-04-05,15:00:00,Bromley,Accrington,4,0,1.0,0.0,H,H,2.15,3.3,3.3,2.15,1.67
E3,2025-04-05,15:00:00,Carlisle,Newport County,3,2,1.0,2.0,H,A,1.7,4.0,4.2,1.85,2.0
E3,2025-04-05,15:00:00,Colchester,Notts County,1,0,1.0,0.0,H,H,3.1,3.1,2.3,2.1,1.7
E3,2025-04-05,15:00:00,Fleetwood Town,Swindon,0,4,0.0,1.0,A,A,2.15,3.3,3.25,2.05,1.8
E3,2025-04-05,15:00:00,Grimsby,Morecambe,3,1,1.0,1.0,H,D,1.65,3.8,5.0,2.0,1.85
E3,2025-04-05,15:00:00,Milton Keynes Dons,Barrow,0,3,0.0,1.0,A,A,2.4,3.3,2.8,2.1,1.7
E3,2025-04-05,15:00:00,Salford,Gillingham,2,2,2.0,2.0,D,D,2.1,3.2,3.5,2.2,1.65
E3,2025-04-08,19:45:00,Chesterfield,Gillingham,1,1,0.0,1.0,D,A,1.71,3.6,4.33,2.1,1.7
E3,2025-04-10,20:00:00,Crewe,Cheltenham,2,3,1.0,1.0,A,D,1.66,3.5,5.0,2.05,1.75
E3,2025-04-11,19:45:00,Notts County,Salford,1,3,0.0,1.0,A,A,1.85,3.6,3.9,1.9,1.95
E3,2025-04-12,12:30:00,Doncaster,AFC Wimbledon,1,1,0.0,1.0,D,A,1.91,3.5,3.9,2.2,1.65
E3,2025-04-12,12:30:00,Swindon,Bradford,5,4,2.0,3.0,H,A,3.2,3.2,2.25,2.15,1.67
E3,2025-04-12,15:00:00,Accrington,Tranmere,3,3,3.0,0.0,D,H,2.7,3.0,2.7,2.6,1.48
E3,2025-04-12,15:00:00,Barrow,Walsall,2,0,1.0,0.0,H,H,2.9,3.1,2.5,2.25,1.62
E3,2025-04-12,15:00:00,Chesterfield,Fleetwood Town,3,0,0.0,0.0,H,D,2.0,3.4,3.6,1.95,1.9
E3,2025-04-12,15:00:00,Gillingham,Milton Keynes Dons,1,0,0.0,0.0,H,D,2.1,3.4,3.3,2.15,1.67
E3,2025-04-12,15:00:00,Harrogate,Grimsby,2,2,0.0,2.0,D,A,3.75,3.4,1.95,2.2,1.65
E3,2025-04-12,15:00:00,Morecambe,Carlisle,0,2,0.0,1.0,A,A,2.25,3.75,2.75,1.95,1.9
E3,2025-04-12,15:00:00,Newport County,Colchester,0,2,0.0,0.0,A,D,4.75,3.4,1.75,2.08,1.73
E3,2025-04-12,15:00:00,Port Vale,Bromley,5,0,2.0,0.0,H,H,1.7,3.7,4.75,2.05,1.75
E3,2025-04-15,19:45:00,Salford,Doncaster,1,1,1.0,1.0,D,D,3.0,3.3,2.3,2.03,1.83
E3,2025-04-17,20:00:00,Bradford,Notts County,1,1,0.0,0.0,D,D,2.15,3.2,3.3,2.03,1.83
E3,2025-04-18,15:00:00,AFC Wimbledon,Chesterfield,0,0,0.0,0.0,D,D,2.25,3.4,3.0,2.1,1.7
E3,2025-04-18,15:00:00,Bromley,Morecambe,1,0,0.0,0.0,H,D,1.9,3.5,3.8,1.85,2.0
E3,2025-04-18,15:00:00,Carlisle,Port Vale,3,2,2.0,0.0,H,H,3.4,3.25,2.1,2.08,1.73
E3,2025-04-18,15:00:00,Cheltenham,Gillingham,1,1,1.0,1.0,D,D,2.63,3.1,2.63,2.2,1.65
E3,2025-04-18,15:00:00,Colchester,Crewe,0,0,0.0,0.0,D,D,2.0,3.4,3.5,2.2,1.65
E3,2025-04-18,15:00:00,Fleetwood Town,Barrow,0,0,0.0,0.0,D,D,2.2,3.3,3.2,2.1,1.7
E3,2025-04-18,15:00:00,Grimsby,Swindon,0,4,0.0,2.0,A,A,1.8,3.4,4.5,1.85,2.0
E3,2025-04-18,15:00:00,Milton Keynes Dons,Newport County,0,0,0.0,0.0,D,D,1.53,4.5,5.0,1.6,2.3
E3,2025-04-18,15:00:00,Salford,Accrington,1,2,0.0,1.0,A,A,1.8,3.4,4.5,2.03,1.83
E3,2025-04-18,15:00:00,Tranmere,Doncaster,0,3,0.0,1.0,A,A,3.6,3.4,2.0,1.93,1.93
E3,2025-04-18,15:00:00,Walsall,Harrogate,2,2,1.0,1.0,D,D,1.5,3.9,6.5,1.98,1.88
E3,2025-04-21,12:30:00,Newport County,Walsall,0,0,0.0,0.0,D,D,6.0,3.75,1.55,1.83,2.03
E3,2025-04-21,15:00:00,Accrington,Carlisle,1,1,0.0,0.0,D,D,2.3,3.2,3.1,2.08,1.73
E3,2025-04-21,15:00:00,Barrow,Tranmere,0,0,0.0,0.0,D,D,2.2,3.3,3.2,2.3,1.6
E3,2025-04-21,15:00:00,Chesterfield,Bradford,3,3,1.0,2.0,D,A,2.35,3.3,2.9,2.1,1.7
E3,2025-04-21,15:00:00,Crewe,Milton Keynes Dons,0,1,0.0,1.0,A,A,2.0,3.4,3.5,1.98,1.88
E3,2025-04-21,15:00:00,Doncaster,Colchester,3,0,2.0,0.0,H,H,1.75,3.6,4.33,2.08,1.73
E3,2025-04-21,15:00:00,Gillingham,AFC Wimbledon,1,0,0.0,0.0,H,D,3.6,3.2,2.1,2.4,1.53
E3,2025-04-21,15:00:00,Harrogate,Fleetwood Town,3,1,0.0,0.0,H,D,2.6,3.25,2.63,2.25,1.58
E3,2025-04-21,15:00:00,Morecambe,Salford,1,3,0.0,2.0,A,A,3.2,3.3,2.2,2.0,1.85
E3,2025-04-21,15:00:00,Notts County,Cheltenham,1,2,1.0,0.0,A,H,1.48,4.33,6.25,1.62,2.2
E3,2025-04-21,15:00:00,Port Vale,Grimsby,2,2,0.0,1.0,D,A,1.9,3.3,4.1,2.08,1.73
E3,2025-04-21,15:00:00,Swindon,Bromley,0,1,0.0,0.0,A,D,1.8,3.6,4.1,1.73,2.08
E3,2025-04-26,12:30:00,AFC Wimbledon,Port Vale,0,2,0.0,0.0,A,D,2.25,3.2,3.2,2.4,1.53
E3,2025-04-26,12:30:00,Doncaster,Bradford,2,1,1.0,0.0,H,H,2.1,3.4,3.3,2.05,1.8
E3,2025-04-26,13:00:00,Harrogate,Notts County,1,3,1.0,1.0,A,D,4.2,4.0,1.67,1.88,1.98
E3,2025-04-26,15:00:00,Barrow,Bromley,3,3,1.0,0.0,D,H,2.2,3.6,2.9,2.03,1.83
E3,2025-04-26,15:00:00,Cheltenham,Carlisle,3,2,2.0,1.0,H,H,2.8,3.6,2.3,1.88,1.98
E3,2025-04-26,15:00:00,Chesterfield,Morecambe,4,1,1.0,0.0,H,H,1.33,5.0,8.0,1.65,2.2
E3,2025-04-26,15:00:00,Fleetwood Town,Newport County,2,0,0.0,0.0,H,D,1.53,4.33,5.5,1.73,2.08
E3,2025-04-26,15:00:00,Gillingham,Swindon,1,1,0.0,0.0,D,D,2.63,3.4,2.5,2.05,1.75
E3,2025-04-26,15:00:00,Milton Keynes Dons,Grimsby,0,0,0.0,0.0,D,D,2.9,3.6,2.15,1.93,1.93
E3,2025-04-26,15:00:00,Salford,Colchester,4,1,3.0,0.0,H,H,2.1,3.4,3.2,2.15,1.67
E3,2025-04-26,15:00:00,Tranmere,Crewe,2,0,1.0,0.0,H,H,1.85,3.8,3.6,2.08,1.73
E3,2025-04-26,15:00:00,Walsall,Accrington,0,1,0.0,1.0,A,A,1.53,3.75,6.25,2.0,1.85
E3,2025-05-03,15:00:00,Accrington,Chesterfield,0,1,0.0,1.0,A,A,4.75,3.8,1.7,1.93,1.93
E3,2025-05-03,15:00:00,Bradford,Fleetwood Town,1,0,0.0,0.0,H,D,1.42,4.0,7.5,1.93,1.93
E3,2025-05-03,15:00:00,Bromley,Cheltenham,3,0,2.0,0.0,H,H,1.85,3.75,3.9,1.62,2.25
E3,2025-05-03,15:00:00,Carlisle,Salford,2,2,2.0,1.0,D,H,4.75,4.1,1.62,1.6,2.3
E3,2025-05-03,15:00:00,Colchester,Barrow,0,0,0.0,0.0,D,D,1.8,3.4,4.75,2.35,1.57
E3,2025-05-03,15:00:00,Crewe,Walsall,0,1,0.0,0.0,A,D,4.5,3.6,1.8,2.03,1.83
E3,2025-05-03,15:00:00,Grimsby,AFC Wimbledon,0,1,0.0,0.0,A,D,2.7,3.2,2.63,2.2,1.65
E3,2025-05-03,15:00:00,Morecambe,Harrogate,1,2,1.0,2.0,A,A,2.55,3.6,2.55,1.85,2.0
E3,2025-05-03,15:00:00,Newport County,Tranmere,1,4,1.0,1.0,A,D,5.0,3.7,1.66,1.95,1.9
E3,2025-05-03,15:00:00,Notts County,Doncaster,1,2,0.0,2.0,A,A,2.3,3.4,2.9,1.67,2.15
E3,2025-05-03,15:00:00,Port Vale,Gillingham,0,1,0.0,0.0,A,D,1.61,3.5,6.0,2.0,1.85
E3,2025-05-03,15:00:00,Swindon,Milton Keynes Dons,0,0,0.0,0.0,D,D,1.71,3.9,4.2,1.57,2.35
D1,2024-08-23,19:30:00,M'gladbach,Leverkusen,2,3,0.0,2.0,A,A,5.25,4.5,1.55,1.44,2.75
D1,2024-08-24,14:30:00,Augsburg,Werder Bremen,2,2,2.0,1.0,D,H,2.2,3.6,3.1,1.73,2.1
D1,2024-08-24,14:30:00,Freiburg,Stuttgart,3,1,1.0,1.0,H,D,3.5,3.6,2.05,1.67,2.2
D1,2024-08-24,14:30:00,Hoffenheim,Holstein Kiel,3,2,2.0,0.0,H,H,1.65,4.5,4.5,1.53,2.5
D1,2024-08-24,14:30:00,Mainz,Union Berlin,1,1,0.0,0.0,D,D,2.0,3.4,3.9,2.2,1.67
D1,2024-08-24,14:30:00,RB Leipzig,Bochum,1,0,0.0,0.0,H,D,1.25,7.0,9.0,1.36,3.2
D1,2024-08-24,17:30:00,Dortmund,Ein Frankfurt,2,0,0.0,0.0,H,D,1.7,4.1,4.5,1.5,2.63
D1,2024-08-25,14:30:00,Wolfsburg,Bayern Munich,2,3,0.0,1.0,A,A,6.25,4.75,1.45,1.44,2.75
D1,2024-08-25,16:30:00,St Pauli,Heidenheim,0,2,0.0,0.0,A,D,2.1,3.5,3.4,1.87,2.03
D1,2024-08-30,19:30:00,Union Berlin,St Pauli,1,0,1.0,0.0,H,H,1.91,3.5,4.1,2.03,1.87
D1,2024-08-31,14:30:00,Bochum,M'gladbach,0,2,0.0,0.0,A,D,2.6,3.6,2.6,1.57,2.38
D1,2024-08-31,14:30:00,Ein Frankfurt,Hoffenheim,3,1,2.0,0.0,H,H,1.8,4.2,3.9,1.44,2.75
D1,2024-08-31,14:30:00,Holstein Kiel,Wolfsburg,0,2,0.0,2.0,A,A,3.2,3.7,2.15,1.73,2.1
D1,2024-08-31,14:30:00,Stuttgart,Mainz,3,3,2.0,1.0,D,H,1.62,4.33,5.25,1.62,2.3
D1,2024-08-31,14:30:00,Werder Bremen,Dortmund,0,0,0.0,0.0,D,D,4.1,4.0,1.8,1.44,2.75
D1,2024-08-31,17:30:00,Leverkusen,RB Leipzig,2,3,2.0,1.0,A,H,1.75,4.2,4.1,1.5,2.63
D1,2024-09-01,14:30:00,Heidenheim,Augsburg,4,0,2.0,0.0,H,H,2.38,3.5,2.9,1.73,2.1
D1,2024-09-01,16:30:00,Bayern Munich,Freiburg,2,0,1.0,0.0,H,H,1.2,8.0,11.0,1.25,4.0
D1,2024-09-13,19:30:00,Dortmund,Heidenheim,4,2,3.0,1.0,H,H,1.4,5.5,6.5,1.5,2.63
D1,2024-09-14,14:30:00,Freiburg,Bochum,2,1,0.0,1.0,H,A,1.7,3.9,5.0,1.67,2.2
D1,2024-09-14,14:30:00,Hoffenheim,Leverkusen,1,4,1.0,2.0,A,A,5.75,4.5,1.48,1.33,3.4
D1,2024-09-14,14:30:00,M'gladbach,Stuttgart,1,3,1.0,1.0,A,D,2.75,4.0,2.3,1.44,2.75
D1,2024-09-14,14:30:00,RB Leipzig,Union Berlin,0,0,0.0,0.0,D,D,1.48,4.5,6.5,1.67,2.2
D1,2024-09-14,14:30:00,Wolfsburg,Ein Frankfurt,1,2,0.0,1.0,A,A,2.63,3.6,2.5,1.73,2.1
D1,2024-09-14,17:30:00,Holstein Kiel,Bayern Munich,1,6,0.0,4.0,A,A,11.0,7.0,1.22,1.29,3.75
D1,2024-09-15,14:30:00,Augsburg,St Pauli,3,1,0.0,0.0,H,D,2.1,3.6,3.4,1.73,2.1
D1,2024-09-15,16:30:00,Mainz,Werder Bremen,1,2,1.0,1.0,A,D,2.0,3.7,3.5,1.73,2.1
D1,2024-09-20,19:30:00,Augsburg,Mainz,2,3,1.0,2.0,A,A,2.38,3.5,2.9,1.67,2.2
D1,2024-09-21,14:30:00,Bochum,Holstein Kiel,2,2,2.0,1.0,D,H,1.91,3.5,4.0,1.62,2.3
D1,2024-09-21,14:30:00,Heidenheim,Freiburg,0,3,0.0,0.0,A,D,2.7,3.5,2.55,1.73,2.1
D1,2024-09-21,14:30:00,Union Berlin,Hoffenheim,2,1,2.0,0.0,H,H,2.0,3.6,3.7,1.73,2.1
D1,2024-09-21,14:30:00,Werder Bremen,Bayern Munich,0,5,0.0,2.0,A,A,8.0,5.5,1.36,1.36,3.2
D1,2024-09-21,17:30:00,Ein Frankfurt,M'gladbach,2,0,1.0,0.0,H,H,1.75,4.0,4.33,1.5,2.63
D1,2024-09-22,14:30:00,Leverkusen,Wolfsburg,4,3,2.0,3.0,H,A,1.3,5.75,8.0,1.44,2.75
D1,2024-09-22,16:30:00,Stuttgart,Dortmund,5,1,2.0,0.0,H,H,2.3,3.75,2.9,1.44,2.75
D1,2024-09-22,18:30:00,St Pauli,RB Leipzig,0,0,0.0,0.0,D,D,5.75,3.9,1.62,1.67,2.2
D1,2024-09-27,19:30:00,Dortmund,Bochum,4,2,1.0,2.0,H,A,1.25,7.0,9.0,1.29,3.75
D1,2024-09-28,14:30:00,Freiburg,St Pauli,0,3,0.0,2.0,A,A,1.62,4.0,5.5,1.84,2.06
D1,2024-09-28,14:30:00,Mainz,Heidenheim,0,2,0.0,1.0,A,A,1.83,3.75,4.2,1.73,2.1
D1,2024-09-28,14:30:00,M'gladbach,Union Berlin,1,0,0.0,0.0,H,D,2.1,3.5,3.4,1.8,2.0
D1,2024-09-28,14:30:00,RB Leipzig,Augsburg,4,0,2.0,0.0,H,H,1.4,5.25,6.5,1.44,2.75
D1,2024-09-28,14:30:00,Wolfsburg,Stuttgart,2,2,1.0,1.0,D,D,3.2,3.9,2.05,1.5,2.63
D1,2024-09-28,17:30:00,Bayern Munich,Leverkusen,1,1,1.0,1.0,D,D,1.73,4.33,4.2,1.3,3.5
D1,2024-09-29,14:30:00,Holstein Kiel,Ein Frankfurt,2,4,1.0,1.0,A,D,4.2,4.2,1.73,1.5,2.63
D1,2024-09-29,16:30:00,Hoffenheim,Werder Bremen,3,4,3.0,3.0,A,D,2.38,3.8,2.7,1.44,2.75
D1,2024-10-04,19:30:00,Augsburg,M'gladbach,2,1,1.0,0.0,H,H,2.38,3.7,2.7,1.5,2.63
D1,2024-10-05,14:30:00,Bochum,Wolfsburg,1,3,0.0,2.0,A,A,3.0,3.7,2.2,1.62,2.3
D1,2024-10-05,14:30:00,Leverkusen,Holstein Kiel,2,2,2.0,1.0,D,H,1.09,11.0,21.0,1.22,4.33
D1,2024-10-05,14:30:00,Union Berlin,Dortmund,2,1,2.0,0.0,H,H,3.3,3.5,2.15,1.73,2.1
D1,2024-10-05,14:30:00,Werder Bremen,Freiburg,0,1,0.0,0.0,A,D,2.6,3.5,2.6,1.67,2.2
D1,2024-10-05,17:30:00,St Pauli,Mainz,0,3,0.0,2.0,A,A,2.4,3.3,2.9,1.88,2.02
D1,2024-10-06,14:30:00,Heidenheim,RB Leipzig,0,1,0.0,0.0,A,D,4.5,4.33,1.67,1.57,2.38
D1,2024-10-06,16:30:00,Ein Frankfurt,Bayern Munich,3,3,2.0,2.0,D,D,5.5,4.5,1.53,1.36,3.2
D1,2024-10-06,18:30:00,Stuttgart,Hoffenheim,1,1,0.0,1.0,D,A,1.3,6.0,8.0,1.25,4.0
D1,2024-10-18,19:30:00,Dortmund,St Pauli,2,1,1.0,0.0,H,H,1.3,5.25,9.5,1.5,2.63
D1,2024-10-19,14:30:00,Freiburg,Augsburg,3,1,3.0,0.0,H,H,1.73,3.75,4.75,1.73,2.1
D1,2024-10-19,14:30:00,Hoffenheim,Bochum,3,1,1.0,0.0,H,H,1.7,4.5,4.2,1.4,3.0
D1,2024-10-19,14:30:00,Leverkusen,Ein Frankfurt,2,1,1.0,1.0,H,D,1.44,4.75,6.5,1.4,3.0
D1,2024-10-19,14:30:00,Mainz,RB Leipzig,0,2,0.0,2.0,A,A,3.9,3.8,1.85,1.67,2.2
D1,2024-10-19,14:30:00,M'gladbach,Heidenheim,3,2,1.0,1.0,H,D,1.85,3.7,4.1,1.62,2.3
D1,2024-10-19,17:30:00,Bayern Munich,Stuttgart,4,0,0.0,0.0,H,D,1.36,5.25,7.5,1.3,3.5
D1,2024-10-20,14:30:00,Holstein Kiel,Union Berlin,0,2,0.0,1.0,A,A,3.5,3.3,2.15,2.0,1.9
D1,2024-10-20,16:30:00,Wolfsburg,Werder Bremen,2,4,1.0,1.0,A,D,2.1,3.6,3.3,1.73,2.1
D1,2024-10-25,19:30:00,Mainz,M'gladbach,1,1,0.0,0.0,D,D,2.3,3.75,2.8,1.57,2.38
D1,2024-10-26,14:30:00,Augsburg,Dortmund,2,1,1.0,1.0,H,D,3.6,4.0,1.9,1.5,2.63
D1,2024-10-26,14:30:00,RB Leipzig,Freiburg,3,1,0.0,1.0,H,A,1.73,4.1,4.5,1.67,2.2
D1,2024-10-26,14:30:00,St Pauli,Wolfsburg,0,0,0.0,0.0,D,D,2.55,3.5,2.63,1.78,2.0
D1,2024-10-26,14:30:00,Stuttgart,Holstein Kiel,2,1,1.0,0.0,H,H,1.22,7.5,9.5,1.3,3.5
D1,2024-10-26,17:30:00,Werder Bremen,Leverkusen,2,2,0.0,1.0,D,A,5.25,5.0,1.5,1.4,3.0
D1,2024-10-27,14:30:00,Bochum,Bayern Munich,0,5,0.0,2.0,A,A,12.0,9.5,1.17,1.22,4.33
D1,2024-10-27,16:30:00,Union Berlin,Ein Frankfurt,1,1,0.0,1.0,D,A,2.55,3.3,2.75,1.95,1.95
D1,2024-10-27,18:30:00,Heidenheim,Hoffenheim,0,0,0.0,0.0,D,D,2.25,3.5,3.1,1.53,2.5
D1,2024-11-01,19:30:00,Leverkusen,Stuttgart,0,0,0.0,0.0,D,D,1.55,4.75,5.25,1.36,3.2
D1,2024-11-02,14:30:00,Bayern Munich,Union Berlin,3,0,2.0,0.0,H,H,1.18,7.5,13.0,1.44,2.75
D1,2024-11-02,14:30:00,Ein Frankfurt,Bochum,7,2,4.0,1.0,H,H,1.33,5.75,7.5,1.36,3.2
D1,2024-11-02,14:30:00,Hoffenheim,St Pauli,0,2,0.0,1.0,A,A,1.83,3.8,4.0,1.62,2.3
D1,2024-11-02,14:30:00,Holstein Kiel,Heidenheim,1,0,1.0,0.0,H,H,2.7,3.5,2.45,1.73,2.1
D1,2024-11-02,14:30:00,Wolfsburg,Augsburg,1,1,0.0,1.0,D,A,2.0,3.75,3.5,1.62,2.3
D1,2024-11-02,17:30:00,Dortmund,RB Leipzig,2,1,1.0,1.0,H,D,2.2,3.8,3.0,1.5,2.63
D1,2024-11-03,14:30:00,Freiburg,Mainz,0,0,0.0,0.0,D,D,1.7,3.9,4.75,1.73,2.1
D1,2024-11-03,16:30:00,M'gladbach,Werder Bremen,4,1,3.0,0.0,H,H,2.1,3.8,3.2,1.5,2.63
D1,2024-11-08,19:30:00,Union Berlin,Freiburg,0,0,0.0,0.0,D,D,2.45,3.25,2.9,2.38,1.57
D1,2024-11-09,14:30:00,Bochum,Leverkusen,1,1,0.0,1.0,D,A,9.5,6.5,1.27,1.3,3.5
D1,2024-11-09,14:30:00,Mainz,Dortmund,3,1,2.0,1.0,H,H,3.5,3.6,2.0,1.62,2.3
D1,2024-11-09,14:30:00,St Pauli,Bayern Munich,0,1,0.0,1.0,A,A,9.0,7.0,1.25,1.4,3.0
D1,2024-11-09,14:30:00,Werder Bremen,Holstein Kiel,2,1,1.0,0.0,H,H,1.62,4.33,4.75,1.53,2.5
D1,2024-11-09,17:30:00,RB Leipzig,M'gladbach,0,0,0.0,0.0,D,D,1.57,4.33,5.25,1.4,3.0
D1,2024-11-10,14:30:00,Augsburg,Hoffenheim,0,0,0.0,0.0,D,D,2.05,3.75,3.25,1.57,2.38
D1,2024-11-10,16:30:00,Stuttgart,Ein Frankfurt,2,3,0.0,1.0,A,A,1.9,4.0,3.7,1.44,2.75
D1,2024-11-10,18:30:00,Heidenheim,Wolfsburg,1,3,0.0,2.0,A,A,2.75,3.4,2.45,1.95,1.95
D1,2024-11-22,19:30:00,Bayern Munich,Augsburg,3,0,0.0,0.0,H,D,1.13,10.0,15.0,1.29,3.75
D1,2024-11-23,14:30:00,Dortmund,Freiburg,4,0,2.0,0.0,H,H,1.67,4.2,4.5,1.57,2.38
D1,2024-11-23,14:30:00,Hoffenheim,RB Leipzig,4,3,1.0,2.0,H,A,3.4,3.5,2.1,1.57,2.38
D1,2024-11-23,14:30:00,Leverkusen,Heidenheim,5,2,2.0,2.0,H,D,1.2,6.5,15.0,1.4,3.0
D1,2024-11-23,14:30:00,Stuttgart,Bochum,2,0,0.0,0.0,H,D,1.29,6.0,9.0,1.33,3.4
D1,2024-11-23,14:30:00,Wolfsburg,Union Berlin,1,0,0.0,0.0,H,D,2.3,3.3,3.2,2.1,1.73
D1,2024-11-23,17:30:00,Ein Frankfurt,Werder Bremen,1,0,1.0,0.0,H,H,1.7,4.1,4.5,1.5,2.63
D1,2024-11-24,14:30:00,Holstein Kiel,Mainz,0,3,0.0,2.0,A,A,3.1,3.4,2.3,1.8,2.0
D1,2024-11-24,16:30:00,M'gladbach,St Pauli,2,0,2.0,0.0,H,H,1.8,3.8,4.2,1.8,2.0
D1,2024-11-29,19:30:00,St Pauli,Holstein Kiel,3,1,1.0,0.0,H,H,1.67,3.75,5.25,1.95,1.95
D1,2024-11-30,14:30:00,Augsburg,Bochum,1,0,1.0,0.0,H,H,1.73,4.0,4.5,1.73,2.1
D1,2024-11-30,14:30:00,Freiburg,M'gladbach,3,1,1.0,0.0,H,H,1.95,3.8,3.6,1.67,2.2
D1,2024-11-30,14:30:00,RB Leipzig,Wolfsburg,1,5,0.0,3.0,A,A,1.7,4.0,4.75,1.62,2.3
D1,2024-11-30,14:30:00,Union Berlin,Leverkusen,1,2,1.0,1.0,A,D,4.75,3.7,1.75,1.89,2.01
D1,2024-11-30,14:30:00,Werder Bremen,Stuttgart,2,2,1.0,1.0,D,D,3.0,3.75,2.2,1.53,2.5
D1,2024-11-30,17:30:00,Dortmund,Bayern Munich,1,1,1.0,0.0,D,H,4.75,4.1,1.67,1.4,3.0
D1,2024-12-01,14:30:00,Mainz,Hoffenheim,2,0,2.0,0.0,H,H,2.1,3.4,3.5,1.67,2.2
D1,2024-12-01,16:30:00,Heidenheim,Ein Frankfurt,0,4,0.0,1.0,A,A,3.7,3.7,1.95,1.73,2.1
D1,2024-12-06,19:30:00,Stuttgart,Union Berlin,3,2,0.0,1.0,H,A,1.8,3.6,4.5,2.1,1.73
D1,2024-12-07,14:30:00,Bayern Munich,Heidenheim,4,2,1.0,0.0,H,H,1.1,11.0,19.0,1.25,3.75
D1,2024-12-07,14:30:00,Bochum,Werder Bremen,0,1,0.0,0.0,A,D,3.2,3.5,2.2,1.62,2.3
D1,2024-12-07,14:30:00,Ein Frankfurt,Augsburg,2,2,0.0,0.0,D,D,1.53,4.1,6.25,1.62,2.3
D1,2024-12-07,14:30:00,Holstein Kiel,RB Leipzig,0,2,0.0,1.0,A,A,5.75,4.2,1.57,1.49,2.45
D1,2024-12-07,14:30:00,Leverkusen,St Pauli,2,1,2.0,0.0,H,H,1.25,6.5,10.0,1.5,2.63
D1,2024-12-07,17:30:00,M'gladbach,Dortmund,1,1,0.0,0.0,D,D,3.2,3.75,2.1,1.44,2.75
D1,2024-12-08,14:30:00,Wolfsburg,Mainz,4,3,1.0,2.0,H,A,2.15,3.3,3.5,1.84,2.06
D1,2024-12-08,16:30:00,Hoffenheim,Freiburg,1,1,0.0,0.0,D,D,2.7,3.4,2.55,1.73,2.1
D1,2024-12-13,19:30:00,Freiburg,Wolfsburg,3,2,1.0,0.0,H,H,2.2,3.3,3.3,1.93,1.97
D1,2024-12-14,14:30:00,Augsburg,Leverkusen,0,2,0.0,2.0,A,A,5.75,4.0,1.57,1.67,2.2
D1,2024-12-14,14:30:00,Mainz,Bayern Munich,2,1,1.0,0.0,H,H,6.5,4.5,1.48,1.53,2.5
D1,2024-12-14,14:30:00,M'gladbach,Holstein Kiel,4,1,3.0,1.0,H,H,1.44,4.75,6.5,1.5,2.63
D1,2024-12-14,14:30:00,Union Berlin,Bochum,0,2,,,A,,1.6,3.8,6.0,2.04,1.86
D1,2024-12-14,17:30:00,St Pauli,Werder Bremen,0,2,0.0,1.0,A,A,2.63,3.4,2.63,1.95,1.95
D1,2024-12-15,14:30:00,Heidenheim,Stuttgart,1,3,1.0,2.0,A,A,4.0,4.0,1.8,1.73,2.1
D1,2024-12-15,16:30:00,Dortmund,Hoffenheim,1,1,0.0,0.0,D,D,1.44,5.0,6.0,1.4,3.0
D1,2024-12-15,18:30:00,RB Leipzig,Ein Frankfurt,2,1,1.0,1.0,H,D,2.05,4.0,3.2,1.53,2.5
D1,2024-12-20,19:30:00,Bayern Munich,RB Leipzig,5,1,3.0,1.0,H,H,1.2,7.5,11.0,1.29,3.75
D1,2024-12-21,14:30:00,Ein Frankfurt,Mainz,1,3,0.0,2.0,A,A,1.83,4.0,3.9,1.67,2.2
D1,2024-12-21,14:30:00,Hoffenheim,M'gladbach,1,2,0.0,1.0,A,A,2.3,3.6,2.9,1.57,2.38
D1,2024-12-21,14:30:00,Holstein Kiel,Augsburg,5,1,4.0,1.0,H,H,3.0,3.4,2.35,1.97,1.93
D1,2024-12-21,14:30:00,Stuttgart,St Pauli,0,1,0.0,1.0,A,A,1.45,4.75,6.5,1.67,2.2
D1,2024-12-21,14:30:00,Werder Bremen,Union Berlin,4,1,3.0,1.0,H,H,2.05,3.3,3.75,2.0,1.8
D1,2024-12-21,17:30:00,Leverkusen,Freiburg,5,1,1.0,0.0,H,H,1.38,5.0,7.5,1.62,2.3
D1,2024-12-22,14:30:00,Bochum,Heidenheim,2,0,2.0,0.0,H,H,2.3,3.5,3.0,1.73,2.1
D1,2024-12-22,16:30:00,Wolfsburg,Dortmund,1,3,0.0,3.0,A,A,3.1,3.6,2.2,1.62,2.3
D1,2025-01-10,19:30:00,Dortmund,Leverkusen,2,3,1.0,3.0,A,A,2.7,3.6,2.45,1.57,2.38
D1,2025-01-11,14:30:00,Freiburg,Holstein Kiel,3,2,2.0,0.0,H,H,1.4,4.75,7.5,1.57,2.38
D1,2025-01-11,14:30:00,Heidenheim,Union Berlin,2,0,1.0,0.0,H,H,3.1,3.3,2.3,2.05,1.85
D1,2025-01-11,14:30:00,Hoffenheim,Wolfsburg,0,1,0.0,1.0,A,A,2.35,3.6,2.88,1.57,2.38
D1,2025-01-11,14:30:00,Mainz,Bochum,2,0,1.0,0.0,H,H,1.53,4.33,5.75,1.73,2.1
D1,2025-01-11,14:30:00,St Pauli,Ein Frankfurt,0,1,0.0,1.0,A,A,3.7,3.5,2.05,1.85,2.05
D1,2025-01-11,17:30:00,M'gladbach,Bayern Munich,0,1,0.0,0.0,A,D,7.0,5.0,1.4,1.36,3.2
D1,2025-01-12,14:30:00,RB Leipzig,Werder Bremen,4,2,2.0,1.0,H,H,1.75,4.0,4.2,1.53,2.5
D1,2025-01-12,16:30:00,Augsburg,Stuttgart,0,1,0.0,0.0,A,D,3.6,3.6,2.0,1.73,2.1
D1,2025-01-14,17:30:00,Holstein Kiel,Dortmund,4,2,3.0,0.0,H,H,5.25,4.5,1.55,1.44,2.75
D1,2025-01-14,19:30:00,Ein Frankfurt,Freiburg,4,1,1.0,1.0,H,D,1.7,4.2,4.33,1.57,2.38
D1,2025-01-14,19:30:00,Leverkusen,Mainz,1,0,0.0,0.0,H,D,1.36,5.25,7.5,1.62,2.3
D1,2025-01-14,19:30:00,Wolfsburg,M'gladbach,5,1,1.0,0.0,H,H,1.91,3.8,3.75,1.62,2.3
D1,2025-01-15,17:30:00,Bochum,St Pauli,1,0,0.0,0.0,H,D,2.6,3.25,2.75,2.0,1.8
D1,2025-01-15,19:30:00,Bayern Munich,Hoffenheim,5,0,3.0,0.0,H,H,1.13,9.0,17.0,1.25,4.0
D1,2025-01-15,19:30:00,Stuttgart,RB Leipzig,2,1,0.0,1.0,H,A,1.95,3.9,3.4,1.44,2.75
D1,2025-01-15,19:30:00,Union Berlin,Augsburg,0,2,0.0,2.0,A,A,1.83,3.5,4.5,2.1,1.73
D1,2025-01-15,19:30:00,Werder Bremen,Heidenheim,3,3,1.0,1.0,D,D,1.6,4.2,4.75,1.57,2.38
D1,2025-01-17,19:30:00,Ein Frankfurt,Dortmund,2,0,1.0,0.0,H,H,2.55,3.6,2.63,1.57,2.38
D1,2025-01-18,14:30:00,Bayern Munich,Wolfsburg,3,2,2.0,1.0,H,H,1.17,7.5,15.0,1.3,3.5
D1,2025-01-18,14:30:00,Bochum,RB Leipzig,3,3,0.0,3.0,D,A,3.7,3.6,2.0,1.73,2.1
D1,2025-01-18,14:30:00,Heidenheim,St Pauli,0,2,0.0,1.0,A,A,2.38,3.5,2.8,1.97,1.93
D1,2025-01-18,14:30:00,Holstein Kiel,Hoffenheim,1,3,0.0,2.0,A,A,3.0,3.4,2.35,1.67,2.2
D1,2025-01-18,14:30:00,Stuttgart,Freiburg,4,0,3.0,0.0,H,H,1.65,4.5,4.5,1.53,2.5
D1,2025-01-18,17:30:00,Leverkusen,M'gladbach,3,1,1.0,0.0,H,H,1.27,5.75,11.0,1.44,2.75
D1,2025-01-19,14:30:00,Union Berlin,Mainz,2,1,2.0,1.0,H,H,2.55,3.2,2.88,2.1,1.73
D1,2025-01-19,16:30:00,Werder Bremen,Augsburg,0,2,0.0,2.0,A,A,1.85,3.8,4.0,1.87,2.03
D1,2025-01-24,19:30:00,Wolfsburg,Holstein Kiel,2,2,0.0,1.0,D,A,1.42,5.0,7.0,1.53,2.5
D1,2025-01-25,14:30:00,Augsburg,Heidenheim,2,1,1.0,0.0,H,H,1.82,3.6,4.0,1.92,1.98
D1,2025-01-25,14:30:00,Dortmund,Werder Bremen,2,2,1.0,0.0,D,H,1.62,4.33,4.75,1.5,2.63
D1,2025-01-25,14:30:00,Freiburg,Bayern Munich,1,2,0.0,1.0,A,A,7.5,5.75,1.33,1.44,2.75
D1,2025-01-25,14:30:00,Mainz,Stuttgart,2,0,1.0,0.0,H,H,2.8,3.5,2.45,1.73,2.1
D1,2025-01-25,14:30:00,RB Leipzig,Leverkusen,2,2,1.0,2.0,D,A,3.7,3.9,1.9,1.49,2.45
D1,2025-01-25,17:30:00,M'gladbach,Bochum,3,0,1.0,0.0,H,H,1.73,4.0,4.5,1.62,2.3
D1,2025-01-26,14:30:00,Hoffenheim,Ein Frankfurt,2,2,0.0,1.0,D,A,3.1,3.6,2.2,1.67,2.2
D1,2025-01-26,16:30:00,St Pauli,Union Berlin,3,0,1.0,0.0,H,H,2.55,3.1,3.0,2.2,1.67
D1,2025-01-31,19:30:00,Werder Bremen,Mainz,1,0,1.0,0.0,H,H,2.25,3.3,3.2,1.89,2.01
D1,2025-02-01,14:30:00,Bayern Munich,Holstein Kiel,4,3,2.0,0.0,H,H,1.05,17.0,26.0,1.14,5.5
D1,2025-02-01,14:30:00,Bochum,Freiburg,0,1,0.0,1.0,A,A,2.8,3.4,2.5,1.8,2.0
D1,2025-02-01,14:30:00,Heidenheim,Dortmund,1,2,0.0,1.0,A,A,4.33,3.9,1.75,1.57,2.38
D1,2025-02-01,14:30:00,St Pauli,Augsburg,1,1,1.0,0.0,D,H,2.35,3.3,3.1,2.2,1.67
D1,2025-02-01,14:30:00,Stuttgart,M'gladbach,1,2,0.0,1.0,A,A,1.57,4.5,5.0,1.44,2.75
D1,2025-02-01,17:30:00,Union Berlin,RB Leipzig,0,0,0.0,0.0,D,D,3.1,3.5,2.25,1.73,2.1
D1,2025-02-02,14:30:00,Ein Frankfurt,Wolfsburg,1,1,0.0,0.0,D,D,1.95,3.8,3.6,1.53,2.5
D1,2025-02-02,16:30:00,Leverkusen,Hoffenheim,3,1,2.0,0.0,H,H,1.25,7.0,9.5,1.36,3.2
D1,2025-02-07,19:30:00,Bayern Munich,Werder Bremen,3,0,0.0,0.0,H,D,1.1,11.0,17.0,1.2,4.5
D1,2025-02-08,14:30:00,Dortmund,Stuttgart,1,2,0.0,0.0,A,D,1.85,3.8,3.9,1.5,2.63
D1,2025-02-08,14:30:00,Freiburg,Heidenheim,1,0,1.0,0.0,H,H,1.7,3.75,4.75,1.73,2.1
D1,2025-02-08,14:30:00,Hoffenheim,Union Berlin,0,4,0.0,1.0,A,A,2.2,3.5,3.2,1.84,2.06
D1,2025-02-08,14:30:00,Mainz,Augsburg,0,0,0.0,0.0,D,D,1.75,3.5,5.0,2.05,1.85
D1,2025-02-08,14:30:00,Wolfsburg,Leverkusen,0,0,0.0,0.0,D,D,4.33,3.6,1.8,1.67,2.2
D1,2025-02-08,17:30:00,M'gladbach,Ein Frankfurt,1,1,1.0,1.0,D,D,2.63,3.5,2.55,1.53,2.5
D1,2025-02-09,14:30:00,Holstein Kiel,Bochum,2,2,1.0,2.0,D,A,2.25,3.5,3.0,1.67,2.2
D1,2025-02-09,16:30:00,RB Leipzig,St Pauli,2,0,2.0,0.0,H,H,1.57,4.2,5.25,1.73,2.1
D1,2025-02-14,19:30:00,Augsburg,RB Leipzig,0,0,0.0,0.0,D,D,2.9,3.3,2.4,1.9,2.0
D1,2025-02-15,14:30:00,Bochum,Dortmund,2,0,2.0,0.0,H,H,5.0,3.9,1.67,1.62,2.3
D1,2025-02-15,14:30:00,St Pauli,Freiburg,0,1,0.0,0.0,A,D,2.5,3.25,2.88,2.2,1.67
D1,2025-02-15,14:30:00,Stuttgart,Wolfsburg,1,2,0.0,0.0,A,D,1.73,4.2,4.2,1.53,2.5
D1,2025-02-15,14:30:00,Union Berlin,M'gladbach,1,2,0.0,2.0,A,A,2.2,3.5,3.1,1.73,2.1
D1,2025-02-15,17:30:00,Leverkusen,Bayern Munich,0,0,0.0,0.0,D,D,2.9,3.7,2.25,1.67,2.2
D1,2025-02-16,14:30:00,Werder Bremen,Hoffenheim,1,3,1.0,2.0,A,A,1.85,3.8,3.9,1.53,2.5
D1,2025-02-16,16:30:00,Ein Frankfurt,Holstein Kiel,3,1,2.0,0.0,H,H,1.33,5.75,7.5,1.4,3.0
D1,2025-02-16,18:30:00,Heidenheim,Mainz,0,2,0.0,1.0,A,A,3.6,3.5,2.05,1.92,1.98
D1,2025-02-21,19:30:00,Freiburg,Werder Bremen,5,0,2.0,0.0,H,H,2.0,3.5,3.75,1.98,1.92
D1,2025-02-22,14:30:00,Holstein Kiel,Leverkusen,0,2,0.0,2.0,A,A,11.0,6.0,1.25,1.4,3.0
D1,2025-02-22,14:30:00,Mainz,St Pauli,2,0,0.0,0.0,H,D,1.8,3.5,4.75,2.1,1.73
D1,2025-02-22,14:30:00,M'gladbach,Augsburg,0,3,0.0,0.0,A,D,1.85,3.75,4.0,1.73,2.1
D1,2025-02-22,14:30:00,Wolfsburg,Bochum,1,1,0.0,0.0,D,D,1.53,4.2,6.0,1.62,2.3
D1,2025-02-22,17:30:00,Dortmund,Union Berlin,6,0,2.0,0.0,H,H,1.53,4.5,5.5,1.62,2.3
D1,2025-02-23,14:30:00,RB Leipzig,Heidenheim,2,2,1.0,2.0,D,A,1.33,5.0,8.5,1.5,2.63
D1,2025-02-23,16:30:00,Bayern Munich,Ein Frankfurt,4,0,1.0,0.0,H,H,1.3,6.5,7.5,1.33,3.4
D1,2025-02-23,18:30:00,Hoffenheim,Stuttgart,1,1,0.0,1.0,D,A,3.5,3.9,1.95,1.5,2.63
D1,2025-02-28,19:30:00,Stuttgart,Bayern Munich,1,3,1.0,1.0,A,D,4.75,4.2,1.65,1.53,2.5
D1,2025-03-01,14:30:00,Bochum,Hoffenheim,0,1,0.0,0.0,A,D,2.4,3.6,2.8,1.57,2.25
D1,2025-03-01,14:30:00,Heidenheim,M'gladbach,0,3,0.0,2.0,A,A,3.1,3.5,2.25,1.62,2.15
D1,2025-03-01,14:30:00,RB Leipzig,Mainz,1,2,1.0,0.0,A,H,1.95,3.7,3.75,1.76,1.96
D1,2025-03-01,14:30:00,St Pauli,Dortmund,0,2,0.0,0.0,A,D,4.1,3.8,1.83,1.8,2.0
D1,2025-03-01,14:30:00,Werder Bremen,Wolfsburg,1,2,0.0,1.0,A,A,2.63,3.4,2.6,1.67,2.2
D1,2025-03-01,17:30:00,Ein Frankfurt,Leverkusen,1,4,1.0,3.0,A,A,4.75,3.75,1.73,1.67,2.2
D1,2025-03-02,14:30:00,Union Berlin,Holstein Kiel,0,1,0.0,1.0,A,A,1.57,4.33,5.25,1.67,2.2
D1,2025-03-02,16:30:00,Augsburg,Freiburg,0,0,0.0,0.0,D,D,2.63,3.25,2.7,2.2,1.67
D1,2025-03-07,19:30:00,M'gladbach,Mainz,1,3,0.0,1.0,A,A,2.6,3.3,2.7,1.76,1.96
D1,2025-03-08,14:30:00,Bayern Munich,Bochum,2,3,2.0,1.0,A,H,1.11,9.5,19.0,1.29,3.75
D1,2025-03-08,14:30:00,Dortmund,Augsburg,0,1,0.0,1.0,A,A,1.53,4.33,5.75,1.73,2.1
D1,2025-03-08,14:30:00,Holstein Kiel,Stuttgart,2,2,1.0,1.0,D,D,5.75,4.33,1.53,1.5,2.63
D1,2025-03-08,14:30:00,Leverkusen,Werder Bremen,0,2,0.0,1.0,A,A,1.27,5.75,11.0,1.53,2.5
D1,2025-03-08,14:30:00,Wolfsburg,St Pauli,1,1,0.0,1.0,D,A,1.75,3.5,5.0,1.85,1.93
D1,2025-03-08,17:30:00,Freiburg,RB Leipzig,0,0,0.0,0.0,D,D,2.55,3.3,2.7,1.8,2.0
D1,2025-03-09,14:30:00,Ein Frankfurt,Union Berlin,1,2,1.0,0.0,A,H,1.73,4.0,4.5,1.67,2.2
D1,2025-03-09,16:30:00,Hoffenheim,Heidenheim,1,1,1.0,0.0,D,H,1.75,4.0,4.33,1.62,2.15
D1,2025-03-14,19:30:00,St Pauli,Hoffenheim,1,0,0.0,0.0,H,D,2.25,3.25,3.3,2.1,1.73
D1,2025-03-15,14:30:00,Augsburg,Wolfsburg,1,0,0.0,0.0,H,D,2.55,3.3,2.75,2.0,1.8
D1,2025-03-15,14:30:00,Mainz,Freiburg,2,2,1.0,0.0,D,H,1.95,3.3,4.1,2.1,1.73
D1,2025-03-15,14:30:00,Union Berlin,Bayern Munich,1,1,0.0,0.0,D,D,8.5,5.0,1.36,1.57,2.38
D1,2025-03-15,14:30:00,Werder Bremen,M'gladbach,2,4,2.0,2.0,A,D,2.35,3.6,2.8,1.57,2.38
D1,2025-03-15,17:30:00,RB Leipzig,Dortmund,2,0,1.0,0.0,H,H,2.38,3.6,2.88,1.62,2.3
D1,2025-03-16,14:30:00,Bochum,Ein Frankfurt,1,3,0.0,2.0,A,A,3.1,3.6,2.2,1.67,2.2
D1,2025-03-16,16:30:00,Heidenheim,Holstein Kiel,3,1,1.0,0.0,H,H,2.0,3.5,3.75,1.8,2.0
D1,2025-03-16,18:30:00,Stuttgart,Leverkusen,3,4,1.0,0.0,A,H,3.1,3.4,2.3,1.67,2.2
D1,2025-03-28,19:30:00,Leverkusen,Bochum,3,1,1.0,1.0,H,D,1.22,6.5,12.0,1.41,2.7
D1,2025-03-29,14:30:00,Bayern Munich,St Pauli,3,2,1.0,1.0,H,D,1.14,8.0,15.0,1.44,2.75
D1,2025-03-29,14:30:00,Hoffenheim,Augsburg,1,1,0.0,0.0,D,D,2.35,3.3,3.1,2.1,1.73
D1,2025-03-29,14:30:00,Holstein Kiel,Werder Bremen,0,3,0.0,1.0,A,A,3.2,3.9,2.05,1.62,2.3
D1,2025-03-29,14:30:00,M'gladbach,RB Leipzig,1,0,0.0,0.0,H,D,2.88,3.7,2.3,1.53,2.5
D1,2025-03-29,14:30:00,Wolfsburg,Heidenheim,0,1,0.0,1.0,A,A,1.67,3.75,5.0,1.73,2.1
D1,2025-03-29,17:30:00,Ein Frankfurt,Stuttgart,1,0,0.0,0.0,H,D,2.5,3.8,2.5,1.5,2.63
D1,2025-03-30,14:30:00,Freiburg,Union Berlin,1,2,1.0,1.0,A,D,2.0,3.5,3.7,2.1,1.73
D1,2025-03-30,16:30:00,Dortmund,Mainz,3,1,2.0,0.0,H,H,1.62,3.9,5.0,1.67,2.2
D1,2025-04-04,19:30:00,Augsburg,Bayern Munich,1,3,1.0,1.0,A,D,7.5,4.75,1.42,1.62,2.3
D1,2025-04-05,14:30:00,Bochum,Stuttgart,0,4,0.0,2.0,A,A,3.1,3.7,2.15,1.57,2.38
D1,2025-04-05,14:30:00,Freiburg,Dortmund,1,4,0.0,1.0,A,A,3.1,3.5,2.2,1.8,2.0
D1,2025-04-05,14:30:00,Heidenheim,Leverkusen,0,1,0.0,0.0,A,D,6.5,4.75,1.44,1.62,2.3
D1,2025-04-05,14:30:00,Mainz,Holstein Kiel,1,1,0.0,1.0,D,A,1.45,4.5,7.0,1.67,2.2
D1,2025-04-05,14:30:00,RB Leipzig,Hoffenheim,3,1,2.0,1.0,H,H,1.55,4.2,5.5,1.53,2.5
D1,2025-04-05,17:30:00,Werder Bremen,Ein Frankfurt,2,0,1.0,0.0,H,H,2.63,3.5,2.5,1.57,2.38
D1,2025-04-06,14:30:00,St Pauli,M'gladbach,1,1,0.0,1.0,D,A,2.5,3.3,2.75,1.88,2.02
D1,2025-04-06,16:30:00,Union Berlin,Wolfsburg,1,0,0.0,0.0,H,D,2.45,3.3,2.88,2.05,1.85
D1,2025-04-11,19:30:00,Wolfsburg,RB Leipzig,2,3,0.0,2.0,A,A,2.88,3.75,2.3,1.57,2.38
D1,2025-04-12,14:30:00,Bochum,Augsburg,1,2,0.0,1.0,A,A,2.5,3.4,2.8,2.02,1.88
D1,2025-04-12,14:30:00,Hoffenheim,Mainz,2,0,2.0,0.0,H,H,2.7,3.5,2.55,1.73,2.1
D1,2025-04-12,14:30:00,Holstein Kiel,St Pauli,1,2,1.0,1.0,A,D,3.25,3.3,2.25,2.0,1.9
D1,2025-04-12,14:30:00,Leverkusen,Union Berlin,0,0,0.0,0.0,D,D,1.33,4.75,9.5,1.62,2.3
D1,2025-04-12,14:30:00,M'gladbach,Freiburg,1,2,1.0,1.0,A,D,2.15,3.6,3.25,1.67,2.2
D1,2025-04-12,17:30:00,Bayern Munich,Dortmund,2,2,0.0,0.0,D,D,1.44,5.25,6.0,1.4,3.0
D1,2025-04-13,14:30:00,Stuttgart,Werder Bremen,1,2,1.0,1.0,A,D,1.65,4.33,4.5,1.44,2.75
D1,2025-04-13,16:30:00,Ein Frankfurt,Heidenheim,3,0,2.0,0.0,H,H,1.73,4.2,4.2,1.67,2.2
D1,2025-04-19,14:30:00,Freiburg,Hoffenheim,3,2,2.0,2.0,H,D,1.91,3.7,3.75,1.73,2.1
D1,2025-04-19,14:30:00,Heidenheim,Bayern Munich,0,4,0.0,3.0,A,A,9.0,6.0,1.29,1.4,3.0
D1,2025-04-19,14:30:00,Mainz,Wolfsburg,2,2,2.0,1.0,D,H,2.0,3.6,3.6,1.8,2.0
D1,2025-04-19,14:30:00,RB Leipzig,Holstein Kiel,1,1,0.0,1.0,D,A,1.33,5.75,7.5,1.4,3.0
D1,2025-04-19,14:30:00,Werder Bremen,Bochum,1,0,0.0,0.0,H,D,1.73,4.1,4.33,1.57,2.38
D1,2025-04-19,17:30:00,Union Berlin,Stuttgart,4,4,4.0,4.0,D,D,2.8,3.4,2.45,1.8,2.0
D1,2025-04-20,14:30:00,Augsburg,Ein Frankfurt,0,0,0.0,0.0,D,D,2.55,3.3,2.75,1.92,1.98
D1,2025-04-20,16:30:00,Dortmund,M'gladbach,3,2,3.0,1.0,H,H,1.42,5.25,6.5,1.36,3.2
D1,2025-04-20,18:30:00,St Pauli,Leverkusen,1,1,0.0,1.0,D,A,5.25,3.8,1.67,2.03,1.87
D1,2025-04-25,19:30:00,Stuttgart,Heidenheim,0,1,0.0,0.0,A,D,1.48,5.0,5.75,1.44,2.75
D1,2025-04-26,14:30:00,Bayern Munich,Mainz,3,0,2.0,0.0,H,H,1.22,7.0,11.0,1.33,3.4
D1,2025-04-26,14:30:00,Hoffenheim,Dortmund,2,3,0.0,1.0,A,A,4.1,4.33,1.73,1.44,2.75
D1,2025-04-26,14:30:00,Holstein Kiel,M'gladbach,4,3,2.0,0.0,H,H,3.1,3.8,2.15,1.5,2.63
D1,2025-04-26,14:30:00,Leverkusen,Augsburg,2,0,2.0,0.0,H,H,1.36,5.0,8.5,1.73,2.1
D1,2025-04-26,14:30:00,Wolfsburg,Freiburg,0,1,0.0,0.0,A,D,2.35,3.5,2.88,1.73,2.1
D1,2025-04-26,17:30:00,Ein Frankfurt,RB Leipzig,4,0,1.0,0.0,H,H,2.15,3.8,3.0,1.5,2.63
D1,2025-04-27,14:30:00,Bochum,Union Berlin,1,1,0.0,1.0,D,A,2.25,3.4,3.1,1.85,2.05
D1,2025-04-27,16:30:00,Werder Bremen,St Pauli,0,0,0.0,0.0,D,D,1.85,3.6,4.0,1.88,2.02
D1,2025-05-02,19:30:00,Heidenheim,Bochum,0,0,0.0,0.0,D,D,2.25,3.6,3.1,1.62,2.15
D1,2025-05-03,14:30:00,M'gladbach,Hoffenheim,4,4,2.0,1.0,D,H,2.1,4.0,3.0,1.41,2.7
D1,2025-05-03,14:30:00,RB Leipzig,Bayern Munich,3,3,2.0,0.0,D,H,4.5,4.33,1.62,1.33,3.2
D1,2025-05-03,14:30:00,St Pauli,Stuttgart,0,1,0.0,0.0,A,D,2.62,3.5,2.55,1.85,2.05
D1,2025-05-03,14:30:00,Union Berlin,Werder Bremen,2,2,1.0,2.0,D,A,2.7,3.4,2.55,1.89,2.01
D1,2025-05-03,17:30:00,Dortmund,Wolfsburg,4,0,1.0,0.0,H,H,1.33,5.75,7.5,1.33,3.4
D1,2025-05-04,14:30:00,Augsburg,Holstein Kiel,1,3,0.0,2.0,A,A,1.83,3.9,4.0,1.85,2.05
D1,2025-05-04,16:30:00,Freiburg,Leverkusen,2,2,1.0,0.0,D,H,3.2,3.4,2.25,1.73,2.1
D1,2025-05-04,18:30:00,Mainz,Ein Frankfurt,1,1,0.0,1.0,D,A,2.35,3.5,2.9,1.62,2.3
D1,2025-05-09,19:30:00,Wolfsburg,Hoffenheim,2,2,1.0,1.0,D,D,2.2,3.6,2.9,1.5,2.63
D1,2025-05-10,14:30:00,Bochum,Mainz,1,4,0.0,1.0,A,A,2.9,3.6,2.3,1.67,2.2
D1,2025-05-10,14:30:00,Holstein Kiel,Freiburg,1,2,1.0,1.0,A,D,3.1,3.75,2.15,1.53,2.5
D1,2025-05-10,14:30:00,Union Berlin,Heidenheim,0,3,0.0,1.0,A,A,2.25,3.3,3.3,1.95,1.95
D1,2025-05-10,14:30:00,Werder Bremen,RB Leipzig,0,0,0.0,0.0,D,D,2.35,3.7,2.8,1.53,2.5
D1,2025-05-10,17:30:00,Bayern Munich,M'gladbach,2,0,1.0,0.0,H,H,1.17,9.5,11.0,1.17,5.0
D1,2025-05-11,14:30:00,Leverkusen,Dortmund,2,4,1.0,2.0,A,A,2.7,3.9,2.35,1.5,2.63
D1,2025-05-11,16:30:00,Ein Frankfurt,St Pauli,2,2,1.0,2.0,D,A,1.53,4.33,5.75,1.73,2.1
D1,2025-05-11,18:30:00,Stuttgart,Augsburg,4,0,1.0,0.0,H,H,1.55,4.33,5.75,1.53,2.5
D1,2025-05-17,14:30:00,Augsburg,Union Berlin,1,2,1.0,0.0,A,H,2.1,3.5,3.4,1.62,2.3
D1,2025-05-17,14:30:00,Dortmund,Holstein Kiel,3,0,1.0,0.0,H,H,1.09,12.0,19.0,1.14,5.5
D1,2025-05-17,14:30:00,Freiburg,Ein Frankfurt,1,3,1.0,1.0,A,D,2.35,3.7,2.8,1.53,2.5
D1,2025-05-17,14:30:00,Heidenheim,Werder Bremen,1,4,0.0,2.0,A,A,2.3,3.8,2.75,1.99,1.91
D1,2025-05-17,14:30:00,Hoffenheim,Bayern Munich,0,4,0.0,1.0,A,A,5.0,5.25,1.5,1.29,3.75
D1,2025-05-17,14:30:00,Mainz,Leverkusen,2,2,1.0,0.0,D,H,2.15,3.9,3.0,1.44,2.75
D1,2025-05-17,14:30:00,M'gladbach,Wolfsburg,0,1,0.0,0.0,A,D,2.2,4.2,2.8,1.3,3.5
D1,2025-05-17,14:30:00,RB Leipzig,Stuttgart,2,3,2.0,1.0,A,H,2.0,4.2,3.2,1.33,3.4
D1,2025-05-17,14:30:00,St Pauli,Bochum,0,2,0.0,1.0,A,A,1.67,4.2,4.5,1.57,2.38
SP1,2024-08-15,18:00:00,Ath Bilbao,Getafe,1,1,1.0,0.0,D,H,1.48,4.0,8.0,2.2,1.67
SP1,2024-08-15,20:30:00,Betis,Girona,1,1,1.0,0.0,D,H,2.35,3.4,3.0,1.97,1.93
SP1,2024-08-16,18:00:00,Celta,Alaves,2,1,0.0,1.0,H,A,2.0,3.2,4.1,2.2,1.67
SP1,2024-08-16,20:30:00,Las Palmas,Sevilla,2,2,1.0,1.0,D,D,2.8,3.25,2.63,2.2,1.67
SP1,2024-08-17,18:00:00,Osasuna,Leganes,1,1,0.0,1.0,D,A,1.85,3.3,4.5,2.3,1.62
SP1,2024-08-17,20:30:00,Valencia,Barcelona,1,2,1.0,1.0,A,D,4.75,3.8,1.73,1.85,2.05
SP1,2024-08-18,18:00:00,Sociedad,Vallecano,1,2,0.0,0.0,A,D,1.57,3.75,7.0,2.3,1.62
SP1,2024-08-18,20:30:00,Mallorca,Real Madrid,1,1,0.0,1.0,D,A,8.0,4.2,1.45,1.95,1.95
SP1,2024-08-19,18:00:00,Valladolid,Espanol,1,0,1.0,0.0,H,H,2.38,3.0,3.4,2.3,1.62
SP1,2024-08-19,20:30:00,Villarreal,Ath Madrid,2,2,2.0,2.0,D,D,3.3,3.7,2.1,1.73,2.1
SP1,2024-08-23,18:00:00,Celta,Valencia,3,1,2.0,1.0,H,H,2.1,3.4,3.6,2.1,1.73
SP1,2024-08-23,20:30:00,Sevilla,Villarreal,1,2,1.0,1.0,A,D,2.4,3.6,2.8,1.73,2.1
SP1,2024-08-24,16:00:00,Osasuna,Mallorca,1,0,0.0,0.0,H,D,2.45,3.1,3.1,2.75,1.44
SP1,2024-08-24,18:00:00,Barcelona,Ath Bilbao,2,1,1.0,1.0,H,D,1.62,4.2,5.0,1.67,2.2
SP1,2024-08-24,20:30:00,Espanol,Sociedad,0,1,0.0,0.0,A,D,3.9,3.2,2.05,2.63,1.5
SP1,2024-08-24,20:30:00,Getafe,Vallecano,0,0,0.0,0.0,D,D,2.45,3.0,3.2,2.75,1.44
SP1,2024-08-25,16:00:00,Real Madrid,Valladolid,3,0,0.0,0.0,H,D,1.18,7.5,15.0,1.4,3.0
SP1,2024-08-25,18:00:00,Leganes,Las Palmas,2,1,0.0,0.0,H,D,2.25,3.0,3.6,2.75,1.44
SP1,2024-08-25,18:15:00,Alaves,Betis,0,0,0.0,0.0,D,D,2.38,3.1,3.25,2.38,1.57
SP1,2024-08-25,20:30:00,Ath Madrid,Girona,3,0,1.0,0.0,H,H,1.6,4.1,5.5,1.62,2.3
SP1,2024-08-26,20:30:00,Villarreal,Celta,4,3,1.0,2.0,H,A,1.91,3.4,3.8,1.98,1.92
SP1,2024-08-27,18:00:00,Mallorca,Sevilla,0,0,0.0,0.0,D,D,2.38,3.1,3.25,2.5,1.53
SP1,2024-08-27,20:30:00,Vallecano,Barcelona,1,2,1.0,0.0,A,H,5.25,3.8,1.62,1.91,1.99
SP1,2024-08-28,18:00:00,Ath Bilbao,Valencia,1,0,1.0,0.0,H,H,1.62,3.9,5.75,2.1,1.73
SP1,2024-08-28,18:00:00,Valladolid,Leganes,0,0,0.0,0.0,D,D,2.3,3.0,3.6,2.63,1.5
SP1,2024-08-28,20:30:00,Ath Madrid,Espanol,0,0,0.0,0.0,D,D,1.3,5.25,11.0,1.8,2.0
SP1,2024-08-28,20:30:00,Sociedad,Alaves,1,2,1.0,1.0,A,D,1.7,3.5,5.75,2.5,1.53
SP1,2024-08-29,18:00:00,Girona,Osasuna,4,0,1.0,0.0,H,H,1.7,4.0,4.33,1.8,2.0
SP1,2024-08-29,20:30:00,Las Palmas,Real Madrid,1,1,1.0,0.0,D,H,8.0,5.0,1.38,1.57,2.38
SP1,2024-08-31,16:00:00,Barcelona,Valladolid,7,0,3.0,0.0,H,H,1.25,6.25,10.0,1.44,2.75
SP1,2024-08-31,18:00:00,Ath Bilbao,Ath Madrid,0,1,0.0,0.0,A,D,3.0,3.3,2.38,2.0,1.8
SP1,2024-08-31,18:15:00,Espanol,Vallecano,2,1,1.0,1.0,H,D,2.8,3.0,2.8,2.63,1.5
SP1,2024-08-31,20:30:00,Leganes,Mallorca,0,1,0.0,1.0,A,A,2.5,3.0,3.2,2.75,1.44
SP1,2024-08-31,20:30:00,Valencia,Villarreal,1,1,1.0,1.0,D,D,2.8,3.4,2.45,1.84,2.06
SP1,2024-09-01,16:00:00,Alaves,Las Palmas,2,0,1.0,0.0,H,H,1.95,3.4,4.0,2.3,1.62
SP1,2024-09-01,16:00:00,Osasuna,Celta,3,2,2.0,1.0,H,H,2.45,3.25,3.0,2.1,1.73
SP1,2024-09-01,18:00:00,Sevilla,Girona,0,2,0.0,1.0,A,A,2.35,3.8,2.75,1.67,2.2
SP1,2024-09-01,18:15:00,Getafe,Sociedad,0,0,0.0,0.0,D,D,3.5,2.9,2.38,3.0,1.4
SP1,2024-09-01,20:30:00,Real Madrid,Betis,2,0,0.0,0.0,H,D,1.29,5.75,9.5,1.53,2.5
SP1,2024-09-13,20:00:00,Betis,Leganes,2,0,0.0,0.0,H,D,1.62,3.7,6.25,2.3,1.62
SP1,2024-09-14,13:00:00,Mallorca,Villarreal,1,2,0.0,1.0,A,A,2.45,3.4,2.88,2.1,1.73
SP1,2024-09-14,15:15:00,Espanol,Alaves,3,2,1.0,1.0,H,D,2.63,3.2,2.8,2.63,1.5
SP1,2024-09-14,17:30:00,Sevilla,Getafe,1,0,1.0,0.0,H,H,2.2,3.0,3.7,2.63,1.5
SP1,2024-09-14,20:00:00,Sociedad,Real Madrid,0,2,0.0,0.0,A,D,4.75,3.9,1.67,2.0,1.9
SP1,2024-09-15,13:00:00,Celta,Valladolid,3,1,2.0,0.0,H,H,1.67,3.75,5.5,1.85,2.05
SP1,2024-09-15,15:15:00,Girona,Barcelona,1,4,0.0,2.0,A,A,4.2,3.8,1.8,1.53,2.5
SP1,2024-09-15,17:30:00,Las Palmas,Ath Bilbao,2,3,0.0,2.0,A,A,3.8,3.4,2.0,2.1,1.73
SP1,2024-09-15,20:00:00,Ath Madrid,Valencia,3,0,1.0,0.0,H,H,1.33,4.5,11.0,1.92,1.98
SP1,2024-09-16,20:00:00,Vallecano,Osasuna,3,1,0.0,1.0,H,A,2.05,3.1,4.0,2.63,1.5
SP1,2024-09-17,18:00:00,Mallorca,Sociedad,1,0,1.0,0.0,H,H,2.9,2.75,3.0,3.2,1.36
SP1,2024-09-18,18:00:00,Betis,Getafe,2,1,0.0,0.0,H,D,1.91,3.0,5.0,3.0,1.4
SP1,2024-09-19,18:00:00,Leganes,Ath Bilbao,0,2,0.0,0.0,A,D,3.75,3.2,2.05,2.5,1.53
SP1,2024-09-20,20:00:00,Alaves,Sevilla,2,1,1.0,0.0,H,H,2.15,3.1,3.7,2.2,1.67
SP1,2024-09-21,13:00:00,Valladolid,Sociedad,0,0,0.0,0.0,D,D,3.9,3.0,2.2,2.63,1.5
SP1,2024-09-21,15:15:00,Osasuna,Las Palmas,2,1,1.0,1.0,H,D,1.9,3.4,4.2,2.2,1.67
SP1,2024-09-21,17:30:00,Valencia,Girona,2,0,0.0,0.0,H,D,2.88,3.3,2.5,2.07,1.83
SP1,2024-09-21,20:00:00,Real Madrid,Espanol,4,1,0.0,0.0,H,D,1.17,7.0,19.0,1.4,3.0
SP1,2024-09-22,13:00:00,Getafe,Leganes,1,1,0.0,0.0,D,D,2.05,2.8,4.75,3.4,1.33
SP1,2024-09-22,15:15:00,Ath Bilbao,Celta,3,1,2.0,1.0,H,H,1.7,3.7,5.25,1.73,2.1
SP1,2024-09-22,17:30:00,Villarreal,Barcelona,1,5,1.0,2.0,A,A,3.9,3.9,1.85,1.4,3.0
SP1,2024-09-22,20:00:00,Vallecano,Ath Madrid,1,1,1.0,0.0,D,H,5.0,3.4,1.8,2.2,1.67
SP1,2024-09-23,20:00:00,Betis,Mallorca,1,2,1.0,1.0,A,D,1.85,3.3,4.75,2.5,1.53
SP1,2024-09-24,18:00:00,Sevilla,Valladolid,2,1,1.0,0.0,H,H,1.65,3.8,5.5,2.04,1.86
SP1,2024-09-24,18:00:00,Valencia,Osasuna,0,0,0.0,0.0,D,D,2.0,3.1,4.0,2.63,1.5
SP1,2024-09-24,20:00:00,Real Madrid,Alaves,3,2,2.0,0.0,H,H,1.2,6.5,13.0,1.5,2.63
SP1,2024-09-25,18:00:00,Girona,Vallecano,0,0,0.0,0.0,D,D,1.73,3.7,4.5,1.99,1.91
SP1,2024-09-25,20:00:00,Barcelona,Getafe,1,0,1.0,0.0,H,H,1.25,6.25,10.0,1.57,2.38
SP1,2024-09-26,18:00:00,Espanol,Villarreal,1,2,1.0,1.0,A,D,3.25,3.5,2.15,1.86,2.04
SP1,2024-09-26,18:00:00,Las Palmas,Betis,1,1,1.0,1.0,D,D,3.1,3.1,2.38,2.2,1.67
SP1,2024-09-26,20:00:00,Celta,Ath Madrid,0,1,0.0,0.0,A,D,3.8,3.7,1.91,1.73,2.1
SP1,2024-09-27,20:00:00,Valladolid,Mallorca,1,2,0.0,0.0,A,D,3.0,2.9,2.63,3.0,1.4
SP1,2024-09-28,13:00:00,Getafe,Alaves,2,0,1.0,0.0,H,H,2.55,2.88,3.1,3.2,1.36
SP1,2024-09-28,15:15:00,Vallecano,Leganes,1,1,1.0,0.0,D,H,1.9,3.0,5.0,3.0,1.4
SP1,2024-09-28,17:30:00,Sociedad,Valencia,3,0,1.0,0.0,H,H,1.85,3.25,4.75,2.63,1.5
SP1,2024-09-28,20:00:00,Osasuna,Barcelona,4,2,2.0,0.0,H,H,7.0,4.5,1.45,1.53,2.5
SP1,2024-09-29,13:00:00,Celta,Girona,1,1,0.0,1.0,D,A,2.1,3.6,3.25,1.67,2.2
SP1,2024-09-29,15:15:00,Ath Bilbao,Sevilla,1,1,1.0,0.0,D,H,1.7,3.7,5.0,2.04,1.86
SP1,2024-09-29,17:30:00,Betis,Espanol,1,0,0.0,0.0,H,D,1.65,3.4,5.75,2.0,1.8
SP1,2024-09-29,20:00:00,Ath Madrid,Real Madrid,1,1,0.0,0.0,D,D,2.8,3.3,2.5,1.8,2.0
SP1,2024-09-30,20:00:00,Villarreal,Las Palmas,3,1,1.0,0.0,H,H,1.45,4.33,6.5,1.53,2.5
SP1,2024-10-04,20:00:00,Leganes,Valencia,0,0,0.0,0.0,D,D,2.9,2.88,2.8,3.2,1.36
SP1,2024-10-05,13:00:00,Espanol,Mallorca,2,1,1.0,0.0,H,H,3.1,3.0,2.55,2.75,1.44
SP1,2024-10-05,15:15:00,Getafe,Osasuna,1,1,1.0,0.0,D,H,2.2,2.9,3.9,3.2,1.36
SP1,2024-10-05,17:30:00,Las Palmas,Celta,0,1,0.0,1.0,A,A,3.1,3.5,2.25,1.73,2.1
SP1,2024-10-05,17:30:00,Valladolid,Vallecano,1,2,0.0,0.0,A,D,3.1,3.0,2.5,2.63,1.5
SP1,2024-10-05,20:00:00,Real Madrid,Villarreal,2,0,1.0,0.0,H,H,1.27,6.25,8.5,1.33,3.4
SP1,2024-10-06,13:00:00,Girona,Ath Bilbao,2,1,1.0,1.0,H,D,2.35,3.3,3.1,2.04,1.86
SP1,2024-10-06,15:15:00,Alaves,Barcelona,0,3,0.0,3.0,A,A,5.25,4.5,1.57,1.62,2.3
SP1,2024-10-06,17:30:00,Sevilla,Betis,1,0,0.0,0.0,H,D,2.45,3.2,3.0,2.1,1.73
SP1,2024-10-06,20:00:00,Sociedad,Ath Madrid,1,1,0.0,1.0,D,A,3.3,3.2,2.3,2.38,1.57
SP1,2024-10-18,20:00:00,Alaves,Valladolid,2,3,1.0,1.0,A,D,1.62,3.9,5.75,2.1,1.73
SP1,2024-10-19,13:00:00,Ath Bilbao,Espanol,4,1,3.0,0.0,H,H,1.45,4.2,7.5,1.95,1.95
SP1,2024-10-19,15:15:00,Osasuna,Betis,1,2,0.0,1.0,A,A,2.5,3.4,2.7,2.1,1.73
SP1,2024-10-19,17:30:00,Girona,Sociedad,0,1,0.0,1.0,A,A,2.4,3.4,2.88,2.2,1.67
SP1,2024-10-19,20:00:00,Celta,Real Madrid,1,2,0.0,1.0,A,A,4.75,4.5,1.6,1.62,2.3
SP1,2024-10-20,13:00:00,Mallorca,Vallecano,1,0,0.0,0.0,H,D,2.05,3.1,4.0,2.75,1.44
SP1,2024-10-20,15:15:00,Ath Madrid,Leganes,3,1,0.0,1.0,H,A,1.33,4.75,10.0,2.02,1.88
SP1,2024-10-20,17:30:00,Villarreal,Getafe,1,1,1.0,0.0,D,H,1.67,3.8,5.0,2.0,1.8
SP1,2024-10-20,20:00:00,Barcelona,Sevilla,5,1,3.0,0.0,H,H,1.3,5.75,8.0,1.44,2.75
SP1,2024-10-21,20:00:00,Valencia,Las Palmas,2,3,1.0,1.0,A,D,1.62,3.8,5.5,2.2,1.67
SP1,2024-10-25,20:00:00,Espanol,Sevilla,0,2,0.0,2.0,A,A,3.0,3.25,2.4,2.3,1.62
SP1,2024-10-26,13:00:00,Valladolid,Villarreal,1,2,0.0,1.0,A,A,3.5,3.75,2.0,1.73,2.1
SP1,2024-10-26,15:15:00,Vallecano,Alaves,1,0,0.0,0.0,H,D,2.25,3.1,3.5,2.5,1.53
SP1,2024-10-26,17:30:00,Las Palmas,Girona,1,0,1.0,0.0,H,H,2.88,3.4,2.45,2.0,1.9
SP1,2024-10-26,20:00:00,Real Madrid,Barcelona,0,4,0.0,0.0,A,D,2.0,4.1,3.25,1.4,3.0
SP1,2024-10-27,13:00:00,Leganes,Celta,3,0,0.0,0.0,H,D,3.25,3.25,2.3,2.3,1.62
SP1,2024-10-27,15:15:00,Getafe,Valencia,1,1,0.0,1.0,D,A,2.1,3.1,3.8,3.2,1.36
SP1,2024-10-27,17:30:00,Betis,Ath Madrid,1,0,1.0,0.0,H,H,3.1,3.4,2.3,2.2,1.67
SP1,2024-10-27,20:00:00,Sociedad,Osasuna,0,2,0.0,2.0,A,A,1.75,3.6,5.0,2.2,1.67
SP1,2024-10-28,20:00:00,Mallorca,Ath Bilbao,0,0,0.0,0.0,D,D,2.9,3.1,2.55,2.63,1.5
SP1,2024-11-01,20:00:00,Alaves,Mallorca,1,0,0.0,0.0,H,D,2.25,3.0,3.4,2.63,1.5
SP1,2024-11-02,13:00:00,Osasuna,Valladolid,1,0,1.0,0.0,H,H,1.6,3.7,6.25,2.1,1.73
SP1,2024-11-02,15:15:00,Girona,Leganes,4,3,2.0,2.0,H,D,1.7,3.5,5.5,2.2,1.67
SP1,2024-11-03,13:00:00,Ath Madrid,Las Palmas,2,0,1.0,0.0,H,H,1.27,6.0,9.5,1.62,2.3
SP1,2024-11-03,15:15:00,Barcelona,Espanol,3,1,3.0,0.0,H,H,1.13,9.0,19.0,1.2,4.5
SP1,2024-11-03,17:30:00,Sevilla,Sociedad,0,2,0.0,1.0,A,A,2.9,3.0,2.63,2.5,1.53
SP1,2024-11-03,20:00:00,Ath Bilbao,Betis,1,1,0.0,0.0,D,D,1.91,3.5,4.0,2.1,1.73
SP1,2024-11-04,20:00:00,Celta,Getafe,1,0,1.0,0.0,H,H,1.95,3.2,4.5,2.5,1.53
SP1,2024-11-08,20:00:00,Vallecano,Las Palmas,1,3,0.0,1.0,A,A,1.83,3.4,4.5,2.2,1.67
SP1,2024-11-09,13:00:00,Real Madrid,Osasuna,4,0,2.0,0.0,H,H,1.2,7.0,13.0,1.48,2.6
SP1,2024-11-09,15:15:00,Villarreal,Alaves,3,0,1.0,0.0,H,H,1.62,4.0,5.5,1.73,2.1
SP1,2024-11-09,20:00:00,Leganes,Sevilla,1,0,0.0,0.0,H,D,2.88,3.2,2.55,2.4,1.53
SP1,2024-11-10,13:00:00,Betis,Celta,2,2,1.0,1.0,D,D,1.95,3.4,4.0,1.87,2.03
SP1,2024-11-10,15:15:00,Mallorca,Ath Madrid,0,1,0.0,0.0,A,D,3.6,3.1,2.2,2.63,1.5
SP1,2024-11-10,17:30:00,Getafe,Girona,0,1,0.0,1.0,A,A,2.45,3.2,3.0,2.63,1.5
SP1,2024-11-10,17:30:00,Valladolid,Ath Bilbao,1,1,0.0,0.0,D,D,4.5,3.4,1.85,2.2,1.67
SP1,2024-11-10,20:00:00,Sociedad,Barcelona,1,0,1.0,0.0,H,H,4.75,4.1,1.65,1.62,2.3
SP1,2024-11-22,20:00:00,Getafe,Valladolid,2,0,0.0,0.0,H,D,1.65,3.4,6.5,2.75,1.44
SP1,2024-11-23,13:00:00,Valencia,Betis,4,2,1.0,1.0,H,D,3.0,3.0,2.6,2.5,1.53
SP1,2024-11-23,15:15:00,Ath Madrid,Alaves,2,1,0.0,1.0,H,A,1.36,4.75,9.0,2.03,1.87
SP1,2024-11-23,17:30:00,Girona,Espanol,4,1,4.0,0.0,H,H,1.67,3.9,5.25,1.95,1.95
SP1,2024-11-23,17:30:00,Las Palmas,Mallorca,2,3,0.0,0.0,A,D,2.8,3.0,2.7,2.63,1.5
SP1,2024-11-23,20:00:00,Celta,Barcelona,2,2,0.0,1.0,D,A,4.75,4.33,1.65,1.44,2.75
SP1,2024-11-24,13:00:00,Osasuna,Villarreal,2,2,2.0,0.0,D,H,2.55,3.4,2.75,1.8,2.0
SP1,2024-11-24,15:15:00,Sevilla,Vallecano,1,0,1.0,0.0,H,H,2.3,3.2,3.3,2.38,1.57
SP1,2024-11-24,17:30:00,Leganes,Real Madrid,0,3,0.0,1.0,A,A,7.5,4.5,1.42,1.86,2.04
SP1,2024-11-24,20:00:00,Ath Bilbao,Sociedad,1,0,1.0,0.0,H,H,2.25,3.0,3.6,2.63,1.5
SP1,2024-11-29,20:00:00,Mallorca,Valencia,2,1,1.0,1.0,H,D,2.0,3.0,4.5,3.2,1.36
SP1,2024-11-30,13:00:00,Barcelona,Las Palmas,1,2,0.0,0.0,A,D,1.17,8.5,13.0,1.22,4.33
SP1,2024-11-30,15:15:00,Alaves,Leganes,1,1,0.0,0.0,D,D,1.8,3.4,5.0,2.75,1.44
SP1,2024-11-30,17:30:00,Espanol,Celta,3,1,1.0,0.0,H,H,3.3,3.4,2.2,2.05,1.85
SP1,2024-11-30,20:00:00,Valladolid,Ath Madrid,0,5,0.0,3.0,A,A,6.0,4.2,1.53,2.06,1.84
SP1,2024-12-01,13:00:00,Villarreal,Girona,2,2,1.0,0.0,D,H,1.83,3.7,4.2,1.67,2.2
SP1,2024-12-01,15:15:00,Real Madrid,Getafe,2,0,2.0,0.0,H,H,1.36,4.5,10.0,2.03,1.87
SP1,2024-12-01,17:30:00,Vallecano,Ath Bilbao,1,2,1.0,0.0,A,H,2.8,3.1,2.7,2.38,1.57
SP1,2024-12-01,20:00:00,Sociedad,Betis,2,0,2.0,0.0,H,H,1.8,3.6,4.5,2.2,1.67
SP1,2024-12-02,20:00:00,Sevilla,Osasuna,1,1,0.0,0.0,D,D,2.1,3.4,3.5,2.1,1.73
SP1,2024-12-03,18:00:00,Mallorca,Barcelona,1,5,1.0,1.0,A,D,5.75,4.33,1.53,1.73,2.1
SP1,2024-12-04,20:00:00,Ath Bilbao,Real Madrid,2,1,0.0,0.0,H,D,3.2,3.3,2.25,1.86,2.04
SP1,2024-12-06,20:00:00,Celta,Mallorca,2,0,1.0,0.0,H,H,1.85,3.4,4.5,2.38,1.57
SP1,2024-12-07,13:00:00,Las Palmas,Valladolid,2,1,1.0,1.0,H,D,1.8,3.6,4.5,2.07,1.83
SP1,2024-12-07,15:15:00,Betis,Barcelona,2,2,0.0,1.0,D,A,5.0,4.5,1.57,1.5,2.63
SP1,2024-12-07,17:30:00,Valencia,Vallecano,0,1,0.0,1.0,A,A,2.25,2.9,3.75,2.75,1.44
SP1,2024-12-07,20:00:00,Girona,Real Madrid,0,3,0.0,1.0,A,A,4.5,3.9,1.73,1.62,2.3
SP1,2024-12-08,13:00:00,Leganes,Sociedad,0,3,0.0,1.0,A,A,4.75,3.1,1.91,2.75,1.44
SP1,2024-12-08,15:15:00,Ath Bilbao,Villarreal,2,0,1.0,0.0,H,H,1.95,3.6,3.8,1.84,2.06
SP1,2024-12-08,17:30:00,Osasuna,Alaves,2,2,0.0,1.0,D,A,2.05,3.3,3.75,2.3,1.62
SP1,2024-12-08,20:00:00,Ath Madrid,Sevilla,4,3,1.0,2.0,H,A,1.38,4.75,8.5,1.85,2.05
SP1,2024-12-09,20:00:00,Getafe,Espanol,1,0,1.0,0.0,H,H,1.8,3.1,5.75,3.0,1.4
SP1,2024-12-13,20:00:00,Valladolid,Valencia,1,0,1.0,0.0,H,H,3.1,3.1,2.38,2.5,1.53
SP1,2024-12-14,13:00:00,Espanol,Osasuna,0,0,0.0,0.0,D,D,2.75,3.2,2.6,2.3,1.62
SP1,2024-12-14,15:15:00,Mallorca,Girona,2,1,1.0,1.0,H,D,2.3,3.1,3.25,2.38,1.57
SP1,2024-12-14,17:30:00,Sevilla,Celta,1,0,0.0,0.0,H,D,2.2,3.25,3.3,2.04,1.86
SP1,2024-12-14,20:00:00,Vallecano,Real Madrid,3,3,2.0,2.0,D,D,6.0,3.8,1.57,1.89,2.01
SP1,2024-12-15,13:00:00,Ath Madrid,Getafe,1,0,0.0,0.0,H,D,1.4,4.33,9.0,2.3,1.62
SP1,2024-12-15,15:15:00,Alaves,Ath Bilbao,1,1,0.0,1.0,D,A,3.6,3.1,2.15,2.5,1.53
SP1,2024-12-15,17:30:00,Sociedad,Las Palmas,0,0,0.0,0.0,D,D,1.4,4.33,8.0,2.1,1.73
SP1,2024-12-15,17:30:00,Villarreal,Betis,1,2,0.0,1.0,A,A,1.75,3.8,4.33,1.67,2.2
SP1,2024-12-15,20:00:00,Barcelona,Leganes,0,1,0.0,1.0,A,A,1.13,8.0,19.0,1.33,3.4
SP1,2024-12-18,20:30:00,Espanol,Valencia,1,1,1.0,0.0,D,H,2.6,3.0,3.0,2.63,1.5
SP1,2024-12-18,20:30:00,Villarreal,Vallecano,1,1,1.0,1.0,D,D,1.8,3.6,4.5,1.9,2.0
SP1,2024-12-20,20:00:00,Girona,Valladolid,3,0,2.0,0.0,H,H,1.38,5.0,8.0,1.73,2.1
SP1,2024-12-21,13:00:00,Getafe,Mallorca,0,1,0.0,0.0,A,D,2.3,2.75,3.9,3.75,1.29
SP1,2024-12-21,15:15:00,Celta,Sociedad,2,0,2.0,0.0,H,H,2.9,3.1,2.6,2.38,1.57
SP1,2024-12-21,17:30:00,Osasuna,Ath Bilbao,1,2,1.0,1.0,A,D,3.9,3.1,2.1,2.38,1.57
SP1,2024-12-21,20:00:00,Barcelona,Ath Madrid,1,2,1.0,0.0,A,H,1.9,3.8,3.9,1.57,2.38
SP1,2024-12-22,13:00:00,Valencia,Alaves,2,2,0.0,1.0,D,A,2.25,3.1,3.5,2.63,1.5
SP1,2024-12-22,15:15:00,Real Madrid,Sevilla,4,2,3.0,1.0,H,H,1.33,5.5,9.0,1.53,2.5
SP1,2024-12-22,17:30:00,Las Palmas,Espanol,1,0,0.0,0.0,H,D,1.85,3.6,4.33,2.1,1.73
SP1,2024-12-22,17:30:00,Leganes,Villarreal,2,5,2.0,2.0,A,D,4.2,3.4,1.91,2.03,1.87
SP1,2024-12-22,20:00:00,Betis,Vallecano,1,1,1.0,0.0,D,H,1.8,3.5,4.75,2.2,1.67
SP1,2025-01-03,20:00:00,Valencia,Real Madrid,1,2,1.0,0.0,A,H,7.0,4.5,1.42,1.67,2.2
SP1,2025-01-10,20:00:00,Vallecano,Celta,2,1,1.0,1.0,H,D,2.75,3.1,2.7,2.2,1.67
SP1,2025-01-11,13:00:00,Alaves,Girona,0,1,0.0,0.0,A,D,2.75,3.1,2.75,2.2,1.67
SP1,2025-01-11,15:15:00,Valladolid,Betis,1,0,0.0,0.0,H,D,4.5,3.5,1.83,2.1,1.73
SP1,2025-01-11,17:30:00,Espanol,Leganes,1,1,1.0,1.0,D,D,2.1,3.0,4.0,2.75,1.44
SP1,2025-01-11,20:00:00,Sevilla,Valencia,1,1,0.0,0.0,D,D,2.0,3.3,4.0,2.3,1.62
SP1,2025-01-12,13:00:00,Las Palmas,Getafe,1,2,0.0,0.0,A,D,2.45,2.9,3.3,2.75,1.44
SP1,2025-01-12,15:15:00,Ath Madrid,Osasuna,1,0,0.0,0.0,H,D,1.33,5.0,10.0,1.8,2.0
SP1,2025-01-13,20:00:00,Sociedad,Villarreal,1,0,0.0,0.0,H,D,2.0,3.3,4.0,2.05,1.85
SP1,2025-01-17,20:00:00,Espanol,Valladolid,2,1,1.0,0.0,H,H,1.75,3.4,5.25,2.3,1.62
SP1,2025-01-18,13:00:00,Girona,Sevilla,1,2,1.0,0.0,A,H,1.91,3.5,4.0,2.01,1.89
SP1,2025-01-18,15:15:00,Leganes,Ath Madrid,1,0,0.0,0.0,H,D,7.0,4.0,1.5,2.1,1.73
SP1,2025-01-18,17:30:00,Betis,Alaves,1,3,1.0,1.0,A,D,1.75,3.6,4.75,2.1,1.73
SP1,2025-01-18,20:00:00,Getafe,Barcelona,1,1,1.0,1.0,D,D,6.5,4.2,1.5,1.73,2.1
SP1,2025-01-19,13:00:00,Celta,Ath Bilbao,1,2,0.0,0.0,A,D,2.8,3.2,2.6,2.3,1.62
SP1,2025-01-19,15:15:00,Real Madrid,Las Palmas,4,1,3.0,1.0,H,H,1.14,7.5,17.0,1.33,3.4
SP1,2025-01-19,17:30:00,Osasuna,Vallecano,1,1,0.0,1.0,D,A,2.15,3.0,3.8,2.5,1.53
SP1,2025-01-19,20:00:00,Valencia,Sociedad,1,0,1.0,0.0,H,H,3.1,3.0,2.55,2.75,1.44
SP1,2025-01-20,20:00:00,Villarreal,Mallorca,4,0,4.0,0.0,H,H,1.73,3.5,5.25,2.0,1.8
SP1,2025-01-24,20:00:00,Las Palmas,Osasuna,1,1,0.0,0.0,D,D,2.5,3.1,3.0,2.2,1.67
SP1,2025-01-25,13:00:00,Mallorca,Betis,0,1,0.0,0.0,A,D,2.25,3.0,3.5,2.5,1.53
SP1,2025-01-25,15:15:00,Ath Madrid,Villarreal,1,1,0.0,1.0,D,A,1.7,4.0,4.75,1.62,2.3
SP1,2025-01-25,17:30:00,Sevilla,Espanol,1,1,0.0,1.0,D,A,1.7,3.8,4.75,2.2,1.67
SP1,2025-01-25,20:00:00,Valladolid,Real Madrid,0,3,0.0,1.0,A,A,10.0,6.0,1.27,1.44,2.75
SP1,2025-01-26,13:00:00,Vallecano,Girona,2,1,0.0,0.0,H,D,2.75,2.9,2.88,2.2,1.67
SP1,2025-01-26,15:15:00,Sociedad,Getafe,0,3,0.0,0.0,A,D,1.75,3.4,5.5,3.2,1.36
SP1,2025-01-26,17:30:00,Ath Bilbao,Leganes,0,0,0.0,0.0,D,D,1.38,5.0,7.5,2.0,1.8
SP1,2025-01-26,20:00:00,Barcelona,Valencia,7,1,5.0,0.0,H,H,1.22,7.5,10.0,1.4,3.0
SP1,2025-01-27,20:00:00,Alaves,Celta,1,1,1.0,0.0,D,H,2.63,3.0,3.0,2.2,1.67
SP1,2025-01-31,20:00:00,Leganes,Vallecano,0,1,0.0,0.0,A,D,3.3,3.0,2.38,2.5,1.53
SP1,2025-02-01,13:00:00,Getafe,Sevilla,0,0,0.0,0.0,D,D,2.45,2.9,3.25,3.0,1.4
SP1,2025-02-01,15:15:00,Villarreal,Valladolid,5,1,1.0,0.0,H,H,1.22,7.0,10.0,1.44,2.75
SP1,2025-02-01,17:30:00,Ath Madrid,Mallorca,2,0,1.0,0.0,H,H,1.4,4.33,8.5,2.2,1.67
SP1,2025-02-01,20:00:00,Espanol,Real Madrid,1,0,0.0,0.0,H,D,9.0,5.75,1.3,1.57,2.38
SP1,2025-02-02,13:00:00,Barcelona,Alaves,1,0,0.0,0.0,H,D,1.2,7.5,13.0,1.36,3.2
SP1,2025-02-02,15:15:00,Valencia,Celta,2,1,1.0,0.0,H,H,2.3,3.1,3.25,2.3,1.62
SP1,2025-02-02,17:30:00,Osasuna,Sociedad,2,1,1.0,0.0,H,H,3.0,3.0,2.55,2.75,1.44
SP1,2025-02-02,20:00:00,Betis,Ath Bilbao,2,2,2.0,1.0,D,H,2.9,3.3,2.45,2.2,1.67
SP1,2025-02-03,20:00:00,Girona,Las Palmas,2,1,1.0,0.0,H,H,1.6,4.2,5.0,1.84,2.06
SP1,2025-02-07,20:00:00,Vallecano,Valladolid,1,0,0.0,0.0,H,D,1.5,4.1,7.0,2.0,1.8
SP1,2025-02-08,13:00:00,Celta,Betis,3,2,0.0,2.0,H,A,2.25,3.4,3.2,2.1,1.73
SP1,2025-02-08,15:15:00,Ath Bilbao,Girona,3,0,2.0,0.0,H,H,1.65,4.0,5.0,2.1,1.73
SP1,2025-02-08,17:30:00,Las Palmas,Villarreal,1,2,0.0,0.0,A,D,4.75,3.9,1.7,1.62,2.3
SP1,2025-02-08,20:00:00,Real Madrid,Ath Madrid,1,1,0.0,1.0,D,A,1.85,3.6,4.2,1.8,2.0
SP1,2025-02-09,13:00:00,Alaves,Getafe,0,1,0.0,1.0,A,A,2.3,2.9,3.6,3.2,1.36
SP1,2025-02-09,15:15:00,Valencia,Leganes,2,0,2.0,0.0,H,H,1.73,3.4,5.5,2.5,1.53
SP1,2025-02-09,17:30:00,Sociedad,Espanol,2,1,1.0,0.0,H,H,1.6,3.9,5.75,2.2,1.67
SP1,2025-02-09,20:00:00,Sevilla,Barcelona,1,4,1.0,1.0,A,D,5.25,4.5,1.55,1.44,2.75
SP1,2025-02-10,20:00:00,Mallorca,Osasuna,1,1,0.0,0.0,D,D,2.0,3.0,4.33,2.75,1.44
SP1,2025-02-14,20:00:00,Girona,Getafe,1,2,0.0,1.0,A,A,1.95,3.25,4.33,2.63,1.5
SP1,2025-02-15,13:00:00,Leganes,Alaves,3,3,2.0,1.0,D,H,3.1,2.9,2.6,2.7,1.41
SP1,2025-02-15,15:15:00,Osasuna,Real Madrid,1,1,0.0,1.0,D,A,5.75,4.1,1.57,1.57,2.25
SP1,2025-02-15,17:30:00,Ath Madrid,Celta,1,1,0.0,0.0,D,D,1.39,4.5,8.0,1.78,2.0
SP1,2025-02-15,20:00:00,Villarreal,Valencia,1,1,1.0,0.0,D,H,1.5,4.5,5.5,1.73,2.1
SP1,2025-02-16,13:00:00,Espanol,Ath Bilbao,1,1,0.0,0.0,D,D,5.5,3.4,1.73,2.3,1.62
SP1,2025-02-16,15:15:00,Valladolid,Sevilla,0,4,0.0,2.0,A,A,4.0,3.4,1.95,2.2,1.67
SP1,2025-02-16,17:30:00,Mallorca,Las Palmas,3,1,3.0,0.0,H,H,1.73,3.5,5.25,2.38,1.57
SP1,2025-02-16,20:00:00,Betis,Sociedad,3,0,0.0,0.0,H,D,2.55,3.1,2.9,2.38,1.57
SP1,2025-02-17,20:00:00,Barcelona,Vallecano,1,0,1.0,0.0,H,H,1.22,7.0,11.0,1.33,3.4
SP1,2025-02-21,20:00:00,Celta,Osasuna,1,0,0.0,0.0,H,D,1.67,3.75,5.25,1.99,1.91
SP1,2025-02-22,13:00:00,Alaves,Espanol,0,1,0.0,0.0,A,D,1.8,3.25,5.25,2.63,1.5
SP1,2025-02-22,15:15:00,Vallecano,Villarreal,0,1,0.0,0.0,A,D,2.88,3.5,2.38,1.8,2.0
SP1,2025-02-22,17:30:00,Valencia,Ath Madrid,0,3,0.0,2.0,A,A,4.2,3.4,1.91,2.2,1.67
SP1,2025-02-22,20:00:00,Las Palmas,Barcelona,0,2,0.0,0.0,A,D,8.5,7.0,1.25,1.3,3.5
SP1,2025-02-23,13:00:00,Ath Bilbao,Valladolid,7,1,4.0,0.0,H,H,1.17,7.0,19.0,1.62,2.3
SP1,2025-02-23,15:15:00,Real Madrid,Girona,2,0,1.0,0.0,H,H,1.29,6.25,8.5,1.4,3.0
SP1,2025-02-23,17:30:00,Getafe,Betis,1,2,0.0,1.0,A,A,2.6,3.1,2.9,2.63,1.5
SP1,2025-02-23,20:00:00,Sociedad,Leganes,3,0,1.0,0.0,H,H,1.55,3.75,7.0,2.5,1.53
SP1,2025-02-24,20:00:00,Sevilla,Mallorca,1,1,1.0,0.0,D,H,2.05,3.2,3.9,2.63,1.5
SP1,2025-02-28,20:00:00,Valladolid,Las Palmas,1,1,0.0,1.0,D,A,3.1,3.2,2.4,2.2,1.67
SP1,2025-03-01,13:00:00,Girona,Celta,2,2,1.0,1.0,D,D,2.2,3.5,3.25,1.88,2.02
SP1,2025-03-01,15:15:00,Vallecano,Sevilla,1,1,0.0,0.0,D,D,2.3,3.2,3.3,2.2,1.67
SP1,2025-03-01,17:30:00,Betis,Real Madrid,2,1,1.0,1.0,H,D,4.33,4.0,1.73,1.53,2.5
SP1,2025-03-01,20:00:00,Ath Madrid,Ath Bilbao,1,0,0.0,0.0,H,D,2.05,3.5,3.6,2.2,1.67
SP1,2025-03-02,13:00:00,Leganes,Getafe,1,0,0.0,0.0,H,D,3.1,2.88,2.6,3.4,1.33
SP1,2025-03-02,15:15:00,Barcelona,Sociedad,4,0,2.0,0.0,H,H,1.25,5.75,12.0,1.57,2.38
SP1,2025-03-02,17:30:00,Mallorca,Alaves,1,1,1.0,0.0,D,H,2.25,3.1,3.5,3.0,1.4
SP1,2025-03-02,20:00:00,Osasuna,Valencia,3,3,3.0,2.0,D,H,2.3,3.2,3.3,2.3,1.62
SP1,2025-03-08,13:00:00,Celta,Leganes,2,1,2.0,1.0,H,H,1.55,3.8,7.0,2.0,1.8
SP1,2025-03-08,15:15:00,Alaves,Villarreal,1,0,1.0,0.0,H,H,3.1,3.25,2.38,2.0,1.8
SP1,2025-03-08,17:30:00,Valencia,Valladolid,2,1,1.0,1.0,H,D,1.38,4.5,9.0,2.1,1.73
SP1,2025-03-09,13:00:00,Getafe,Ath Madrid,2,1,0.0,0.0,H,D,4.5,3.1,1.95,2.7,1.41
SP1,2025-03-09,15:15:00,Real Madrid,Vallecano,2,1,2.0,1.0,H,H,1.29,5.75,9.5,1.53,2.32
SP1,2025-03-09,17:30:00,Ath Bilbao,Mallorca,1,1,0.0,0.0,D,D,1.62,3.7,6.0,2.2,1.67
SP1,2025-03-09,17:30:00,Betis,Las Palmas,1,0,0.0,0.0,H,D,1.42,4.5,7.5,1.68,2.05
SP1,2025-03-09,20:00:00,Sociedad,Sevilla,0,1,0.0,0.0,A,D,2.2,3.2,3.5,2.38,1.57
SP1,2025-03-10,20:00:00,Espanol,Girona,1,1,0.0,0.0,D,D,3.1,3.2,2.4,2.2,1.67
SP1,2025-03-14,20:00:00,Las Palmas,Alaves,2,2,0.0,1.0,D,A,2.88,3.0,2.75,2.5,1.53
SP1,2025-03-15,13:00:00,Valladolid,Celta,0,1,0.0,0.0,A,D,5.0,3.8,1.63,1.99,1.91
SP1,2025-03-15,15:15:00,Mallorca,Espanol,2,1,0.0,0.0,H,D,1.77,3.3,5.0,2.5,1.53
SP1,2025-03-15,17:30:00,Villarreal,Real Madrid,1,2,1.0,2.0,A,A,3.1,3.75,2.15,1.5,2.63
SP1,2025-03-15,20:00:00,Girona,Valencia,1,1,0.0,0.0,D,D,1.92,3.5,3.9,2.0,1.8
SP1,2025-03-16,13:00:00,Leganes,Betis,2,3,2.0,0.0,A,H,3.8,3.3,2.05,2.2,1.67
SP1,2025-03-16,15:15:00,Sevilla,Ath Bilbao,0,1,0.0,0.0,A,D,2.9,3.2,2.5,2.3,1.62
SP1,2025-03-16,17:30:00,Osasuna,Getafe,1,2,1.0,0.0,A,H,2.25,2.88,3.8,3.2,1.36
SP1,2025-03-16,17:30:00,Vallecano,Sociedad,2,2,0.0,1.0,D,A,2.5,3.0,3.1,2.63,1.5
SP1,2025-03-16,20:00:00,Ath Madrid,Barcelona,2,4,1.0,0.0,A,H,3.1,3.6,2.2,1.57,2.38
SP1,2025-03-27,20:00:00,Barcelona,Osasuna,3,0,2.0,0.0,H,H,1.29,7.0,7.0,1.33,3.4
SP1,2025-03-29,13:00:00,Sociedad,Valladolid,2,1,1.0,0.0,H,H,1.33,4.75,11.0,2.0,1.8
SP1,2025-03-29,15:15:00,Espanol,Ath Madrid,1,1,0.0,1.0,D,A,5.5,3.75,1.62,2.2,1.67
SP1,2025-03-29,17:30:00,Alaves,Vallecano,0,2,0.0,1.0,A,A,2.15,2.9,4.1,2.75,1.44
SP1,2025-03-29,20:00:00,Real Madrid,Leganes,3,2,1.0,2.0,H,A,1.14,8.0,17.0,1.36,3.2
SP1,2025-03-30,13:00:00,Getafe,Villarreal,1,2,1.0,2.0,A,A,3.25,3.1,2.35,2.38,1.57
SP1,2025-03-30,15:15:00,Barcelona,Girona,4,1,1.0,0.0,H,H,1.25,6.5,10.0,1.33,3.4
SP1,2025-03-30,17:30:00,Ath Bilbao,Osasuna,0,0,0.0,0.0,D,D,1.45,4.1,7.0,2.01,1.89
SP1,2025-03-30,17:30:00,Valencia,Mallorca,1,0,0.0,0.0,H,D,2.15,3.1,3.75,2.63,1.5
SP1,2025-03-30,20:00:00,Betis,Sevilla,2,1,2.0,1.0,H,H,1.83,3.5,4.33,2.04,1.86
SP1,2025-03-31,20:00:00,Celta,Las Palmas,1,1,1.0,0.0,D,H,1.57,4.1,5.5,1.8,2.0
SP1,2025-04-04,20:00:00,Vallecano,Espanol,0,4,0.0,2.0,A,A,1.65,3.5,6.0,2.38,1.57
SP1,2025-04-05,13:00:00,Girona,Alaves,0,1,0.0,0.0,A,D,2.05,3.4,3.6,2.1,1.73
SP1,2025-04-05,15:15:00,Real Madrid,Valencia,1,2,0.0,1.0,A,A,1.3,5.75,8.5,1.53,2.5
SP1,2025-04-05,17:30:00,Mallorca,Celta,1,2,1.0,0.0,A,H,2.63,3.2,2.8,2.3,1.62
SP1,2025-04-05,20:00:00,Barcelona,Betis,1,1,1.0,1.0,D,D,1.36,5.5,7.0,1.36,3.2
SP1,2025-04-06,13:00:00,Las Palmas,Sociedad,1,3,0.0,1.0,A,A,3.2,3.2,2.35,2.38,1.57
SP1,2025-04-06,15:15:00,Sevilla,Ath Madrid,1,2,1.0,1.0,A,D,3.5,3.2,2.2,2.2,1.67
SP1,2025-04-06,17:30:00,Valladolid,Getafe,0,4,0.0,3.0,A,A,4.75,3.1,1.9,2.75,1.44
SP1,2025-04-06,20:00:00,Villarreal,Ath Bilbao,0,0,0.0,0.0,D,D,2.2,3.3,3.25,1.91,1.99
SP1,2025-04-07,20:00:00,Leganes,Osasuna,1,1,0.0,0.0,D,D,2.7,3.1,2.75,2.3,1.62
SP1,2025-04-11,20:00:00,Valencia,Sevilla,1,0,1.0,0.0,H,H,2.3,3.1,3.4,2.3,1.62
SP1,2025-04-12,13:00:00,Sociedad,Mallorca,0,2,0.0,1.0,A,A,1.75,3.4,5.5,2.5,1.53
SP1,2025-04-12,15:15:00,Getafe,Las Palmas,1,3,1.0,0.0,A,H,1.75,3.3,5.5,2.5,1.53
SP1,2025-04-12,17:30:00,Celta,Espanol,0,2,0.0,1.0,A,A,1.62,3.7,6.0,2.07,1.83
SP1,2025-04-12,20:00:00,Leganes,Barcelona,0,1,0.0,0.0,A,D,8.5,6.0,1.3,1.44,2.75
SP1,2025-04-13,13:00:00,Osasuna,Girona,2,1,1.0,0.0,H,H,2.45,3.2,3.1,2.1,1.73
SP1,2025-04-13,15:15:00,Alaves,Real Madrid,0,1,0.0,1.0,A,A,5.25,4.1,1.62,1.73,2.1
SP1,2025-04-13,17:30:00,Betis,Villarreal,1,2,1.0,1.0,A,D,2.35,3.3,3.1,1.73,2.1
SP1,2025-04-13,20:00:00,Ath Bilbao,Vallecano,3,1,0.0,1.0,H,A,1.75,3.4,5.5,2.3,1.62
SP1,2025-04-14,20:00:00,Ath Madrid,Valladolid,4,2,2.0,1.0,H,H,1.14,8.0,19.0,1.5,2.63
SP1,2025-04-18,20:00:00,Espanol,Getafe,1,0,1.0,0.0,H,H,2.88,2.63,3.0,3.0,1.4
SP1,2025-04-19,13:00:00,Vallecano,Valencia,1,1,1.0,0.0,D,H,2.25,3.0,3.4,2.38,1.57
SP1,2025-04-19,15:15:00,Barcelona,Celta,4,3,1.0,1.0,H,D,1.3,5.75,8.0,1.36,3.2
SP1,2025-04-19,17:30:00,Mallorca,Leganes,0,0,0.0,0.0,D,D,1.85,3.1,5.0,2.63,1.5
SP1,2025-04-19,20:00:00,Las Palmas,Ath Madrid,1,0,0.0,0.0,H,D,5.75,4.2,1.55,1.8,2.0
SP1,2025-04-20,13:00:00,Valladolid,Osasuna,2,3,0.0,2.0,A,A,4.5,3.4,1.83,2.0,1.8
SP1,2025-04-20,15:15:00,Villarreal,Sociedad,2,2,1.0,1.0,D,D,1.7,3.7,5.0,1.98,1.92
SP1,2025-04-20,17:30:00,Sevilla,Alaves,1,1,1.0,1.0,D,D,2.0,3.1,4.2,2.75,1.44
SP1,2025-04-20,20:00:00,Real Madrid,Ath Bilbao,1,0,0.0,0.0,H,D,1.65,3.9,5.25,1.73,2.1
SP1,2025-04-21,20:00:00,Girona,Betis,1,3,0.0,3.0,A,A,2.88,3.3,2.45,2.0,1.78
SP1,2025-04-22,18:00:00,Valencia,Espanol,1,1,0.0,1.0,D,A,1.95,3.3,4.1,2.2,1.67
SP1,2025-04-22,20:30:00,Barcelona,Mallorca,1,0,0.0,0.0,H,D,1.2,7.0,13.0,1.5,2.63
SP1,2025-04-23,18:00:00,Ath Bilbao,Las Palmas,1,0,1.0,0.0,H,H,1.36,5.25,7.0,1.73,2.1
SP1,2025-04-23,18:00:00,Celta,Villarreal,3,0,1.0,0.0,H,H,2.5,3.4,2.8,1.67,2.2
SP1,2025-04-23,20:30:00,Alaves,Sociedad,1,0,0.0,0.0,H,D,2.35,3.0,3.4,2.63,1.5
SP1,2025-04-23,20:30:00,Getafe,Real Madrid,0,1,0.0,1.0,A,A,4.75,3.6,1.75,2.04,1.86
SP1,2025-04-24,18:00:00,Leganes,Girona,1,1,0.0,0.0,D,D,2.75,3.1,2.75,2.15,1.62
SP1,2025-04-24,18:00:00,Osasuna,Sevilla,1,0,1.0,0.0,H,H,2.5,3.0,3.2,2.25,1.57
SP1,2025-04-24,20:30:00,Ath Madrid,Vallecano,3,0,2.0,0.0,H,H,1.53,4.0,6.5,2.08,1.82
SP1,2025-04-24,20:30:00,Betis,Valladolid,5,1,1.0,1.0,H,D,1.2,7.0,13.0,1.46,2.57
SP1,2025-04-27,15:15:00,Villarreal,Espanol,1,0,0.0,0.0,H,D,1.44,5.0,6.25,1.73,2.1
SP1,2025-05-02,20:00:00,Vallecano,Getafe,1,0,1.0,0.0,H,H,2.38,3.0,3.4,2.63,1.5
SP1,2025-05-03,13:00:00,Alaves,Ath Madrid,0,0,0.0,0.0,D,D,3.7,3.1,2.15,2.5,1.53
SP1,2025-05-03,15:15:00,Villarreal,Osasuna,4,2,3.0,0.0,H,H,1.53,4.2,6.0,1.67,2.2
SP1,2025-05-03,17:30:00,Las Palmas,Valencia,2,3,1.0,1.0,A,D,2.63,3.3,2.7,2.07,1.83
SP1,2025-05-03,20:00:00,Valladolid,Barcelona,1,2,1.0,0.0,A,H,15.0,8.0,1.14,1.25,4.0
SP1,2025-05-04,13:00:00,Real Madrid,Celta,3,2,2.0,0.0,H,H,1.33,5.75,7.0,1.36,3.2
SP1,2025-05-04,15:15:00,Sevilla,Leganes,2,2,1.0,1.0,D,D,1.77,3.5,4.75,2.5,1.53
SP1,2025-05-04,17:30:00,Espanol,Betis,1,2,1.0,0.0,A,H,3.3,3.0,2.38,2.2,1.67
SP1,2025-05-04,20:00:00,Sociedad,Ath Bilbao,0,0,0.0,0.0,D,D,2.55,3.0,3.0,2.63,1.5
SP1,2025-05-05,20:00:00,Girona,Mallorca,1,0,1.0,0.0,H,H,2.0,3.1,4.2,2.38,1.57
SP1,2025-05-09,20:00:00,Las Palmas,Vallecano,0,1,0.0,0.0,A,D,2.45,3.25,3.0,2.02,1.76
SP1,2025-05-10,13:00:00,Valencia,Getafe,3,0,3.0,0.0,H,H,2.0,3.0,4.33,2.63,1.5
SP1,2025-05-10,15:15:00,Celta,Sevilla,3,2,1.0,1.0,H,D,1.8,3.6,4.5,2.05,1.85
SP1,2025-05-10,17:30:00,Girona,Villarreal,0,1,0.0,0.0,A,D,3.1,3.8,2.1,1.57,2.38
SP1,2025-05-10,17:30:00,Mallorca,Valladolid,2,1,1.0,1.0,H,D,1.33,5.25,9.0,2.0,1.9
SP1,2025-05-10,20:00:00,Ath Madrid,Sociedad,4,0,4.0,0.0,H,H,1.67,3.7,5.0,2.08,1.82
SP1,2025-05-11,13:00:00,Leganes,Espanol,3,2,2.0,0.0,H,H,2.4,3.0,3.2,2.63,1.5
SP1,2025-05-11,15:15:00,Barcelona,Real Madrid,4,3,4.0,2.0,H,H,1.9,3.7,3.2,1.33,3.4
SP1,2025-05-11,17:30:00,Ath Bilbao,Alaves,1,0,0.0,0.0,H,D,1.8,2.9,4.5,2.63,1.5
SP1,2025-05-11,20:00:00,Betis,Osasuna,1,1,0.0,0.0,D,D,1.62,3.75,5.75,1.86,2.04
SP1,2025-05-13,18:00:00,Valladolid,Girona,0,1,0.0,0.0,A,D,4.75,3.9,1.73,1.8,2.0
SP1,2025-05-13,19:00:00,Sociedad,Celta,0,1,0.0,1.0,A,A,2.3,3.3,3.1,2.05,1.85
SP1,2025-05-13,20:30:00,Sevilla,Las Palmas,1,0,0.0,0.0,H,D,1.67,3.7,5.25,2.05,1.85
SP1,2025-05-14,18:00:00,Alaves,Valencia,1,0,0.0,0.0,H,D,2.1,3.1,3.7,2.38,1.57
SP1,2025-05-14,18:00:00,Villarreal,Leganes,3,0,3.0,0.0,H,H,1.33,5.75,8.0,1.57,2.38
SP1,2025-05-14,20:30:00,Real Madrid,Mallorca,2,1,0.0,1.0,H,A,1.38,5.25,7.0,1.57,2.38
SP1,2025-05-15,18:00:00,Vallecano,Betis,2,2,2.0,0.0,D,H,3.0,3.2,2.4,2.07,1.83
SP1,2025-05-15,18:00:00,Osasuna,Ath Madrid,2,0,1.0,0.0,H,H,3.6,3.3,2.1,2.1,1.73
SP1,2025-05-15,20:30:00,Espanol,Barcelona,0,2,0.0,0.0,A,D,9.0,5.75,1.3,1.44,2.75
SP1,2025-05-15,20:30:00,Getafe,Ath Bilbao,0,2,0.0,0.0,A,D,3.2,2.75,2.63,3.0,1.4
SP1,2025-05-18,18:00:00,Ath Madrid,Betis,4,1,2.0,0.0,H,H,1.91,3.6,3.8,1.73,2.1
SP1,2025-05-18,18:00:00,Barcelona,Villarreal,2,3,2.0,1.0,A,H,1.83,4.1,3.75,1.36,3.2
SP1,2025-05-18,18:00:00,Celta,Vallecano,1,2,1.0,2.0,A,A,1.75,3.9,4.33,1.73,2.1
SP1,2025-05-18,18:00:00,Las Palmas,Leganes,0,1,0.0,1.0,A,A,2.9,3.5,2.35,1.85,2.0
SP1,2025-05-18,18:00:00,Mallorca,Getafe,1,2,0.0,0.0,A,D,2.0,3.2,4.2,2.75,1.44
SP1,2025-05-18,18:00:00,Osasuna,Espanol,2,0,1.0,0.0,H,H,1.8,3.3,4.75,2.1,1.73
SP1,2025-05-18,18:00:00,Sevilla,Real Madrid,0,2,0.0,0.0,A,D,4.2,4.0,1.75,1.53,2.5
SP1,2025-05-18,18:00:00,Sociedad,Girona,3,2,2.0,1.0,H,H,2.05,3.1,4.1,2.1,1.73
SP1,2025-05-18,18:00:00,Valencia,Ath Bilbao,0,1,0.0,0.0,A,D,2.2,3.0,3.8,2.38,1.57
SP1,2025-05-18,18:00:00,Valladolid,Alaves,0,1,0.0,1.0,A,A,6.0,3.75,1.6,2.03,1.83
SP1,2025-05-23,20:00:00,Betis,Valencia,1,1,1.0,0.0,D,H,1.91,3.75,3.75,1.62,2.3
SP1,2025-05-24,15:15:00,Real Madrid,Sociedad,2,0,1.0,0.0,H,H,1.42,5.0,6.5,1.44,2.75
SP1,2025-05-24,17:30:00,Espanol,Las Palmas,2,0,0.0,0.0,H,D,1.38,4.75,8.0,1.83,2.03
SP1,2025-05-24,17:30:00,Leganes,Valladolid,3,0,3.0,0.0,H,H,1.3,5.5,9.5,1.67,2.2
SP1,2025-05-24,20:00:00,Alaves,Osasuna,1,1,0.0,0.0,D,D,3.2,3.2,2.35,2.3,1.62
SP1,2025-05-24,20:00:00,Getafe,Celta,1,2,1.0,1.0,A,D,4.1,3.75,1.85,2.1,1.73
SP1,2025-05-24,20:00:00,Vallecano,Mallorca,0,0,0.0,0.0,D,D,1.53,4.2,6.25,2.1,1.73
SP1,2025-05-25,13:00:00,Girona,Ath Madrid,0,4,0.0,0.0,A,D,3.8,3.75,1.91,1.62,2.3
SP1,2025-05-25,15:15:00,Villarreal,Sevilla,4,2,3.0,1.0,H,H,1.48,5.0,6.0,1.53,2.5
SP1,2025-05-25,20:00:00,Ath Bilbao,Barcelona,0,3,0.0,2.0,A,A,3.2,3.75,2.1,1.53,2.5
I1,2024-08-17,17:30:00,Genoa,Inter,2,2,1.0,1.0,D,D,6.5,4.0,1.53,1.9,2.0
I1,2024-08-17,17:30:00,Parma,Fiorentina,1,1,1.0,0.0,D,H,3.5,3.2,2.2,1.9,2.0
I1,2024-08-17,19:45:00,Empoli,Monza,0,0,0.0,0.0,D,D,2.5,3.2,3.0,2.1,1.73
I1,2024-08-17,19:45:00,Milan,Torino,2,2,0.0,1.0,D,A,1.62,3.8,5.75,1.95,1.95
I1,2024-08-18,17:30:00,Bologna,Udinese,1,1,0.0,0.0,D,D,1.91,3.4,4.33,2.3,1.62
I1,2024-08-18,17:30:00,Verona,Napoli,3,0,0.0,0.0,H,D,4.75,3.6,1.75,1.93,1.97
I1,2024-08-18,19:45:00,Cagliari,Roma,0,0,0.0,0.0,D,D,4.1,3.4,1.95,1.99,1.91
I1,2024-08-18,19:45:00,Lazio,Venezia,3,1,2.0,1.0,H,H,1.48,4.1,7.5,1.89,2.01
I1,2024-08-19,17:30:00,Lecce,Atalanta,0,4,0.0,2.0,A,A,4.2,3.7,1.85,1.98,1.92
I1,2024-08-19,19:45:00,Juventus,Como,3,0,2.0,0.0,H,H,1.33,5.0,9.5,1.86,2.04
I1,2024-08-24,17:30:00,Parma,Milan,2,1,1.0,0.0,H,H,4.75,3.9,1.7,1.73,2.1
I1,2024-08-24,17:30:00,Udinese,Lazio,2,1,1.0,0.0,H,H,3.3,3.1,2.35,2.3,1.62
I1,2024-08-24,19:45:00,Inter,Lecce,2,0,1.0,0.0,H,H,1.2,7.0,13.0,1.57,2.38
I1,2024-08-24,19:45:00,Monza,Genoa,0,1,0.0,1.0,A,A,2.6,3.1,2.88,2.3,1.62
I1,2024-08-25,17:30:00,Fiorentina,Venezia,0,0,0.0,0.0,D,D,1.42,4.75,7.0,1.88,2.02
I1,2024-08-25,17:30:00,Torino,Atalanta,2,1,1.0,1.0,H,D,3.2,3.1,2.38,2.1,1.73
I1,2024-08-25,19:45:00,Napoli,Bologna,3,0,1.0,0.0,H,H,1.9,3.5,4.1,2.03,1.87
I1,2024-08-25,19:45:00,Roma,Empoli,1,2,0.0,1.0,A,A,1.5,4.33,6.5,1.87,2.03
I1,2024-08-26,17:30:00,Cagliari,Como,1,1,1.0,0.0,D,H,2.1,3.4,3.4,2.01,1.89
I1,2024-08-26,19:45:00,Verona,Juventus,0,3,0.0,2.0,A,A,5.25,3.75,1.67,2.0,1.8
I1,2024-08-30,17:30:00,Venezia,Torino,0,1,0.0,0.0,A,D,3.4,3.3,2.2,2.15,1.67
I1,2024-08-30,19:45:00,Inter,Atalanta,4,0,2.0,0.0,H,H,1.57,4.33,5.5,1.62,2.3
I1,2024-08-31,17:30:00,Bologna,Empoli,1,1,1.0,1.0,D,D,1.62,3.75,6.0,2.1,1.73
I1,2024-08-31,17:30:00,Lecce,Cagliari,1,0,1.0,0.0,H,H,2.25,3.2,3.4,2.3,1.62
I1,2024-08-31,19:45:00,Lazio,Milan,2,2,0.0,1.0,D,A,2.9,3.4,2.4,1.9,2.0
I1,2024-08-31,19:45:00,Napoli,Parma,2,1,0.0,1.0,H,A,1.48,4.33,7.0,1.73,2.1
I1,2024-09-01,17:30:00,Fiorentina,Monza,2,2,1.0,2.0,D,A,1.67,3.9,5.0,2.04,1.86
I1,2024-09-01,17:30:00,Genoa,Verona,0,2,0.0,0.0,A,D,2.0,3.3,4.0,2.3,1.62
I1,2024-09-01,19:45:00,Juventus,Roma,0,0,0.0,0.0,D,D,1.75,3.6,5.0,2.0,1.8
I1,2024-09-01,19:45:00,Udinese,Como,1,0,1.0,0.0,H,H,2.05,3.4,3.75,2.1,1.73
I1,2024-09-14,14:00:00,Como,Bologna,2,2,1.0,0.0,D,H,3.0,3.25,2.45,2.2,1.67
I1,2024-09-14,17:00:00,Empoli,Juventus,0,0,0.0,0.0,D,D,5.25,3.6,1.7,2.2,1.67
I1,2024-09-14,19:45:00,Milan,Venezia,4,0,4.0,0.0,H,H,1.3,5.75,9.0,1.53,2.5
I1,2024-09-15,11:30:00,Genoa,Roma,1,1,0.0,1.0,D,A,3.25,3.3,2.25,2.2,1.67
I1,2024-09-15,14:00:00,Atalanta,Fiorentina,3,2,3.0,2.0,H,H,1.8,3.6,4.5,1.73,2.1
I1,2024-09-15,14:00:00,Torino,Lecce,0,0,0.0,0.0,D,D,1.8,3.5,4.75,2.3,1.62
I1,2024-09-15,17:00:00,Cagliari,Napoli,0,4,0.0,1.0,A,A,4.33,3.75,1.8,1.89,2.01
I1,2024-09-15,19:45:00,Monza,Inter,1,1,0.0,0.0,D,D,8.0,4.75,1.4,1.67,2.2
I1,2024-09-16,17:30:00,Parma,Udinese,2,3,2.0,0.0,A,H,2.25,3.4,3.2,2.04,1.86
I1,2024-09-16,19:45:00,Lazio,Verona,2,1,2.0,1.0,H,H,1.62,3.8,6.0,2.06,1.84
I1,2024-09-20,17:30:00,Cagliari,Empoli,0,2,0.0,1.0,A,A,2.15,3.4,3.4,2.2,1.67
I1,2024-09-20,19:45:00,Verona,Torino,2,3,1.0,2.0,A,A,2.7,3.0,2.8,2.63,1.5
I1,2024-09-21,14:00:00,Venezia,Genoa,2,0,0.0,0.0,H,D,3.25,3.2,2.35,2.2,1.67
I1,2024-09-21,17:00:00,Juventus,Napoli,0,0,0.0,0.0,D,D,2.2,3.4,3.3,2.2,1.67
I1,2024-09-21,19:45:00,Lecce,Parma,2,2,1.0,0.0,D,H,2.2,3.5,3.25,1.91,1.99
I1,2024-09-22,11:30:00,Fiorentina,Lazio,2,1,0.0,1.0,H,A,2.25,3.4,3.2,2.06,1.84
I1,2024-09-22,14:00:00,Monza,Bologna,1,2,1.0,1.0,A,D,3.3,3.1,2.4,2.3,1.62
I1,2024-09-22,17:00:00,Roma,Udinese,3,0,1.0,0.0,H,H,1.62,4.2,5.25,2.05,1.85
I1,2024-09-22,19:45:00,Inter,Milan,1,2,1.0,1.0,A,D,1.65,4.0,5.25,1.67,2.2
I1,2024-09-24,19:45:00,Atalanta,Como,2,3,1.0,0.0,A,H,1.44,4.5,7.0,1.67,2.2
I1,2024-09-27,19:45:00,Milan,Lecce,3,0,3.0,0.0,H,H,1.33,5.75,8.0,1.5,2.63
I1,2024-09-28,14:00:00,Udinese,Inter,2,3,1.0,2.0,A,A,7.0,4.33,1.48,1.73,2.1
I1,2024-09-28,17:00:00,Genoa,Juventus,0,3,0.0,0.0,A,D,5.5,3.5,1.7,2.3,1.62
I1,2024-09-28,19:45:00,Bologna,Atalanta,1,1,0.0,0.0,D,D,3.0,3.3,2.4,2.02,1.88
I1,2024-09-29,11:30:00,Torino,Lazio,2,3,0.0,1.0,A,A,2.9,3.1,2.55,2.2,1.67
I1,2024-09-29,14:00:00,Como,Verona,3,2,1.0,0.0,H,H,2.1,3.4,3.6,2.1,1.73
I1,2024-09-29,14:00:00,Roma,Venezia,2,1,0.0,1.0,H,A,1.4,4.75,8.0,1.73,2.1
I1,2024-09-29,17:00:00,Empoli,Fiorentina,0,0,0.0,0.0,D,D,3.4,3.3,2.2,2.2,1.67
I1,2024-09-29,19:45:00,Napoli,Monza,2,0,2.0,0.0,H,H,1.36,5.0,8.5,1.73,2.1
I1,2024-09-30,19:45:00,Parma,Cagliari,2,3,0.0,1.0,A,A,2.1,3.6,3.4,1.73,2.1
I1,2024-10-04,17:30:00,Napoli,Como,3,1,1.0,1.0,H,D,1.45,4.33,7.0,1.73,2.1
I1,2024-10-04,19:45:00,Verona,Venezia,2,1,1.0,1.0,H,D,2.5,3.2,2.9,2.1,1.73
I1,2024-10-05,14:00:00,Udinese,Lecce,1,0,0.0,0.0,H,D,2.2,3.3,3.3,2.1,1.73
I1,2024-10-05,17:00:00,Atalanta,Genoa,5,1,1.0,0.0,H,H,1.45,4.75,6.5,1.8,2.0
I1,2024-10-05,19:45:00,Inter,Torino,3,2,2.0,1.0,H,H,1.3,5.0,11.0,1.67,2.2
I1,2024-10-06,11:30:00,Juventus,Cagliari,1,1,1.0,0.0,D,H,1.38,5.0,8.0,1.99,1.91
I1,2024-10-06,14:00:00,Bologna,Parma,0,0,0.0,0.0,D,D,1.8,3.7,4.33,1.87,2.03
I1,2024-10-06,14:00:00,Lazio,Empoli,2,1,1.0,1.0,H,D,1.57,4.0,6.0,2.02,1.88
I1,2024-10-06,17:00:00,Monza,Roma,1,1,0.0,0.0,D,D,4.2,3.4,1.91,2.1,1.73
I1,2024-10-06,19:45:00,Fiorentina,Milan,2,1,1.0,0.0,H,H,3.1,3.6,2.2,1.73,2.1
I1,2024-10-19,14:00:00,Como,Parma,1,1,1.0,1.0,D,D,1.95,3.6,3.8,1.67,2.2
I1,2024-10-19,14:00:00,Genoa,Bologna,2,2,0.0,1.0,D,A,3.75,3.1,2.15,2.3,1.62
I1,2024-10-19,17:00:00,Milan,Udinese,1,0,1.0,0.0,H,H,1.38,4.75,8.5,1.57,2.38
I1,2024-10-19,19:45:00,Juventus,Lazio,1,0,0.0,0.0,H,D,2.05,3.3,3.8,2.2,1.67
I1,2024-10-20,11:30:00,Empoli,Napoli,0,1,0.0,0.0,A,D,6.0,3.5,1.67,2.1,1.73
I1,2024-10-20,14:00:00,Lecce,Fiorentina,0,6,0.0,3.0,A,A,3.2,3.3,2.3,2.04,1.86
I1,2024-10-20,14:00:00,Venezia,Atalanta,0,2,0.0,1.0,A,A,5.5,4.0,1.62,1.73,2.1
I1,2024-10-20,17:00:00,Cagliari,Torino,3,2,1.0,1.0,H,D,2.8,3.1,2.7,2.1,1.73
I1,2024-10-20,19:45:00,Roma,Inter,0,1,0.0,0.0,A,D,4.2,3.7,1.85,1.73,2.1
I1,2024-10-21,19:45:00,Verona,Monza,0,3,0.0,1.0,A,A,2.3,3.0,3.5,2.3,1.62
I1,2024-10-25,17:30:00,Udinese,Cagliari,2,0,1.0,0.0,H,H,2.2,3.3,3.3,2.1,1.73
I1,2024-10-25,19:45:00,Torino,Como,1,0,0.0,0.0,H,D,2.63,3.0,2.9,2.2,1.67
I1,2024-10-26,14:00:00,Napoli,Lecce,1,0,0.0,0.0,H,D,1.25,6.0,12.0,1.73,2.1
I1,2024-10-26,19:45:00,Atalanta,Verona,6,1,5.0,1.0,H,H,1.38,4.75,8.0,1.53,2.5
I1,2024-10-27,11:30:00,Parma,Empoli,1,1,0.0,1.0,D,A,2.15,3.3,3.5,2.0,1.9
I1,2024-10-27,14:00:00,Lazio,Genoa,3,0,1.0,0.0,H,H,1.53,4.2,6.25,1.88,2.02
I1,2024-10-27,14:00:00,Monza,Venezia,2,2,2.0,2.0,D,D,2.15,3.25,3.6,2.2,1.67
I1,2024-10-27,17:00:00,Inter,Juventus,4,4,3.0,2.0,D,H,1.72,3.5,5.0,2.2,1.67
I1,2024-10-27,19:45:00,Fiorentina,Roma,5,1,3.0,1.0,H,H,2.55,3.4,2.75,2.07,1.83
I1,2024-10-29,17:30:00,Cagliari,Bologna,0,2,0.0,1.0,A,A,3.0,3.25,2.35,2.1,1.73
I1,2024-10-29,17:30:00,Lecce,Verona,1,0,0.0,0.0,H,D,2.25,3.25,3.25,2.2,1.67
I1,2024-10-29,19:45:00,Milan,Napoli,0,2,0.0,2.0,A,A,2.45,3.4,2.8,1.95,1.95
I1,2024-10-30,17:30:00,Empoli,Inter,0,3,0.0,0.0,A,D,7.5,4.33,1.44,1.8,2.0
I1,2024-10-30,17:30:00,Venezia,Udinese,3,2,1.0,2.0,H,A,2.7,3.25,2.65,2.2,1.67
I1,2024-10-30,19:45:00,Atalanta,Monza,2,0,0.0,0.0,H,D,1.3,5.0,10.0,1.62,2.3
I1,2024-10-30,19:45:00,Juventus,Parma,2,2,1.0,2.0,D,A,1.4,4.75,8.0,1.73,2.1
I1,2024-10-31,17:30:00,Genoa,Fiorentina,0,1,0.0,0.0,A,D,4.2,3.9,1.8,2.02,1.88
I1,2024-10-31,19:45:00,Como,Lazio,1,5,0.0,2.0,A,A,2.88,3.3,2.45,2.01,1.89
I1,2024-10-31,19:45:00,Roma,Torino,1,0,1.0,0.0,H,H,1.7,3.8,5.0,1.99,1.91
I1,2024-11-02,14:00:00,Bologna,Lecce,1,0,0.0,0.0,H,D,1.62,3.5,6.5,2.2,1.67
I1,2024-11-02,17:00:00,Udinese,Juventus,0,2,0.0,2.0,A,A,4.2,3.2,1.95,2.3,1.62
I1,2024-11-02,19:45:00,Monza,Milan,0,1,0.0,1.0,A,A,5.0,3.6,1.7,1.9,2.0
I1,2024-11-03,11:30:00,Napoli,Atalanta,0,3,0.0,2.0,A,A,2.05,3.4,3.7,1.92,1.98
I1,2024-11-03,14:00:00,Torino,Fiorentina,0,1,0.0,1.0,A,A,3.2,3.3,2.25,2.1,1.73
I1,2024-11-03,17:00:00,Verona,Roma,3,2,2.0,1.0,H,H,5.0,3.5,1.8,2.04,1.86
I1,2024-11-03,19:45:00,Inter,Venezia,1,0,0.0,0.0,H,D,1.17,7.0,15.0,1.44,2.75
I1,2024-11-04,17:30:00,Empoli,Como,1,0,0.0,0.0,H,D,2.7,3.1,2.63,2.3,1.62
I1,2024-11-04,17:30:00,Parma,Genoa,0,1,0.0,0.0,A,D,1.85,3.4,4.33,1.85,2.05
I1,2024-11-04,19:45:00,Lazio,Cagliari,2,1,1.0,1.0,H,D,1.5,3.75,7.5,1.84,2.06
I1,2024-11-07,19:45:00,Genoa,Como,1,1,0.0,1.0,D,A,2.88,3.3,2.45,2.2,1.67
I1,2024-11-08,19:45:00,Lecce,Empoli,1,1,0.0,1.0,D,A,2.4,3.0,3.3,2.75,1.44
I1,2024-11-09,14:00:00,Venezia,Parma,1,2,1.0,1.0,A,D,2.55,3.4,2.7,1.67,2.2
I1,2024-11-09,17:00:00,Cagliari,Milan,3,3,1.0,2.0,D,A,5.5,4.1,1.6,1.67,2.2
I1,2024-11-09,19:45:00,Juventus,Torino,2,0,1.0,0.0,H,H,1.57,3.8,6.5,2.2,1.67
I1,2024-11-10,11:30:00,Atalanta,Udinese,2,1,0.0,1.0,H,A,1.38,5.0,7.5,1.62,2.3
I1,2024-11-10,14:00:00,Fiorentina,Verona,3,1,1.0,1.0,H,D,1.44,4.5,7.0,1.8,2.0
I1,2024-11-10,14:00:00,Roma,Bologna,2,3,0.0,1.0,A,A,2.05,3.4,3.6,2.2,1.67
I1,2024-11-10,17:00:00,Monza,Lazio,0,1,0.0,1.0,A,A,4.1,3.8,1.83,2.1,1.73
I1,2024-11-10,19:45:00,Inter,Napoli,1,1,1.0,1.0,D,D,1.85,3.7,4.1,1.9,2.0
I1,2024-11-23,14:00:00,Verona,Inter,0,5,0.0,5.0,A,A,7.0,5.25,1.38,1.57,2.38
I1,2024-11-23,17:00:00,Milan,Juventus,0,0,0.0,0.0,D,D,2.15,3.3,3.5,2.2,1.67
I1,2024-11-23,19:45:00,Parma,Atalanta,1,3,0.0,2.0,A,A,5.0,4.2,1.62,1.57,2.38
I1,2024-11-24,11:30:00,Genoa,Cagliari,2,2,1.0,1.0,D,D,2.63,3.1,2.9,2.2,1.67
I1,2024-11-24,14:00:00,Como,Fiorentina,0,2,0.0,1.0,A,A,3.3,3.1,2.3,2.1,1.73
I1,2024-11-24,14:00:00,Torino,Monza,1,1,0.0,0.0,D,D,2.0,3.0,4.33,2.75,1.44
I1,2024-11-24,17:00:00,Napoli,Roma,1,0,0.0,0.0,H,D,1.73,3.6,5.0,2.0,1.8
I1,2024-11-24,19:45:00,Lazio,Bologna,3,0,0.0,0.0,H,D,1.9,3.5,4.2,2.1,1.73
I1,2024-11-25,17:30:00,Empoli,Udinese,1,1,1.0,0.0,D,H,2.8,2.9,2.8,2.75,1.44
I1,2024-11-25,19:45:00,Venezia,Lecce,0,1,0.0,0.0,A,D,2.3,3.25,3.2,2.1,1.73
I1,2024-11-29,19:45:00,Cagliari,Verona,1,0,0.0,0.0,H,D,1.91,3.4,4.1,1.89,2.01
I1,2024-11-30,14:00:00,Como,Monza,1,1,1.0,0.0,D,H,2.0,3.25,3.9,2.2,1.67
I1,2024-11-30,17:00:00,Milan,Empoli,3,0,2.0,0.0,H,H,1.36,4.75,9.0,1.73,2.1
I1,2024-11-30,19:45:00,Bologna,Venezia,3,0,1.0,0.0,H,H,1.65,3.9,5.25,1.95,1.95
I1,2024-12-01,11:30:00,Udinese,Genoa,0,2,0.0,1.0,A,A,2.0,3.3,4.0,2.2,1.67
I1,2024-12-01,14:00:00,Parma,Lazio,3,1,1.0,0.0,H,H,4.2,3.8,1.8,1.67,2.2
I1,2024-12-01,14:00:00,Torino,Napoli,0,1,0.0,1.0,A,A,5.0,3.4,1.8,2.3,1.62
I1,2024-12-01,19:45:00,Lecce,Juventus,1,1,0.0,0.0,D,D,5.25,3.6,1.7,2.3,1.62
I1,2024-12-02,19:45:00,Roma,Atalanta,0,2,0.0,0.0,A,D,3.2,3.5,2.2,1.87,2.03
I1,2024-12-06,17:30:00,Inter,Parma,3,1,1.0,0.0,H,H,1.18,7.0,15.0,1.33,3.4
I1,2024-12-06,19:45:00,Atalanta,Milan,2,1,1.0,1.0,H,D,2.15,3.4,3.3,1.73,2.1
I1,2024-12-07,14:00:00,Genoa,Torino,0,0,0.0,0.0,D,D,2.5,3.1,3.0,2.5,1.53
I1,2024-12-07,17:00:00,Juventus,Bologna,2,2,0.0,1.0,D,A,1.7,3.6,5.25,2.3,1.62
I1,2024-12-07,19:45:00,Roma,Lecce,4,1,1.0,1.0,H,D,1.57,4.0,6.25,2.0,1.8
I1,2024-12-08,11:30:00,Fiorentina,Cagliari,1,0,1.0,0.0,H,H,1.5,4.5,6.0,1.67,2.2
I1,2024-12-08,14:00:00,Verona,Empoli,1,4,1.0,4.0,A,A,2.63,2.75,3.25,2.5,1.53
I1,2024-12-08,17:00:00,Venezia,Como,2,2,1.0,0.0,D,H,2.75,3.3,2.6,2.0,1.9
I1,2024-12-08,19:45:00,Napoli,Lazio,0,1,0.0,0.0,A,D,1.9,3.4,4.33,2.1,1.73
I1,2024-12-09,19:45:00,Monza,Udinese,1,2,0.0,1.0,A,A,2.7,3.0,2.88,2.38,1.57
I1,2024-12-13,19:45:00,Empoli,Torino,0,1,0.0,0.0,A,D,2.7,2.88,3.0,3.0,1.4
I1,2024-12-14,14:00:00,Cagliari,Atalanta,0,1,0.0,0.0,A,D,5.5,4.33,1.55,1.62,2.3
I1,2024-12-14,17:00:00,Udinese,Napoli,1,3,1.0,0.0,A,H,5.25,3.5,1.73,2.2,1.67
I1,2024-12-14,19:45:00,Juventus,Venezia,2,2,1.0,0.0,D,H,1.3,5.25,9.0,1.85,2.05
I1,2024-12-15,11:30:00,Lecce,Monza,2,1,2.0,1.0,H,H,2.45,3.0,3.2,2.38,1.57
I1,2024-12-15,14:00:00,Bologna,Fiorentina,1,0,0.0,0.0,H,D,2.7,3.1,2.75,2.1,1.73
I1,2024-12-15,14:00:00,Parma,Verona,2,3,1.0,1.0,A,D,1.85,3.75,4.0,1.73,2.1
I1,2024-12-15,17:00:00,Como,Roma,2,0,0.0,0.0,H,D,3.25,3.4,2.2,2.02,1.88
I1,2024-12-15,19:45:00,Milan,Genoa,0,0,0.0,0.0,D,D,1.33,5.25,8.0,1.67,2.2
I1,2024-12-16,19:45:00,Lazio,Inter,0,6,0.0,2.0,A,A,3.6,3.4,2.1,1.99,1.91
I1,2024-12-20,19:45:00,Verona,Milan,0,1,0.0,0.0,A,D,5.5,4.1,1.57,1.73,2.1
I1,2024-12-21,14:00:00,Torino,Bologna,0,2,0.0,0.0,A,D,3.3,2.9,2.45,2.63,1.5
I1,2024-12-21,17:00:00,Genoa,Napoli,1,2,0.0,2.0,A,A,5.25,3.6,1.7,2.2,1.67
I1,2024-12-21,19:45:00,Lecce,Lazio,1,2,0.0,1.0,A,A,5.0,3.6,1.73,2.0,1.8
I1,2024-12-22,11:30:00,Roma,Parma,5,0,2.0,0.0,H,H,1.53,4.2,6.25,1.62,2.3
I1,2024-12-22,14:00:00,Venezia,Cagliari,2,1,1.0,0.0,H,H,2.5,3.3,2.88,1.92,1.98
I1,2024-12-22,17:00:00,Atalanta,Empoli,3,2,2.0,1.0,H,H,1.29,5.5,11.0,1.67,2.2
I1,2024-12-22,19:45:00,Monza,Juventus,1,2,1.0,2.0,A,A,6.25,3.5,1.65,2.3,1.62
I1,2024-12-23,17:30:00,Fiorentina,Udinese,1,2,1.0,0.0,A,H,1.6,3.8,6.0,1.91,1.99
I1,2024-12-23,19:45:00,Inter,Como,2,0,0.0,0.0,H,D,1.2,6.5,15.0,1.53,2.5
I1,2024-12-28,14:00:00,Empoli,Genoa,1,2,0.0,0.0,A,D,2.55,2.9,3.1,2.63,1.5
I1,2024-12-28,14:00:00,Parma,Monza,2,1,0.0,0.0,H,D,2.3,3.5,3.0,1.73,2.1
I1,2024-12-28,17:00:00,Cagliari,Inter,0,3,0.0,0.0,A,D,6.5,4.75,1.44,1.62,2.3
I1,2024-12-28,19:45:00,Lazio,Atalanta,1,1,1.0,0.0,D,H,3.0,3.3,2.4,1.8,2.0
I1,2024-12-29,11:30:00,Udinese,Torino,2,2,1.0,0.0,D,H,2.25,3.1,3.5,2.5,1.53
I1,2024-12-29,14:00:00,Napoli,Venezia,1,0,0.0,0.0,H,D,1.27,5.5,11.0,1.62,2.3
I1,2024-12-29,17:00:00,Juventus,Fiorentina,2,2,1.0,1.0,D,D,1.95,3.3,4.2,2.1,1.73
I1,2024-12-29,19:45:00,Milan,Roma,1,1,1.0,1.0,D,D,2.25,3.4,3.2,1.93,1.97
I1,2024-12-30,17:30:00,Como,Lecce,2,0,0.0,0.0,H,D,1.7,3.7,5.0,2.0,1.8
I1,2024-12-30,19:45:00,Bologna,Verona,2,3,1.0,2.0,A,A,1.5,4.1,7.0,2.01,1.89
I1,2025-01-04,14:00:00,Venezia,Empoli,1,1,1.0,1.0,D,D,2.3,3.1,3.4,2.2,1.67
I1,2025-01-04,17:00:00,Fiorentina,Napoli,0,3,0.0,1.0,A,A,2.88,3.25,2.55,2.1,1.73
I1,2025-01-04,19:45:00,Verona,Udinese,0,0,0.0,0.0,D,D,3.0,3.0,2.55,2.1,1.73
I1,2025-01-05,11:30:00,Monza,Cagliari,1,2,1.0,1.0,A,D,2.4,3.25,3.0,2.03,1.87
I1,2025-01-05,14:00:00,Lecce,Genoa,0,0,0.0,0.0,D,D,2.63,3.0,2.9,2.38,1.57
I1,2025-01-05,17:00:00,Torino,Parma,0,0,0.0,0.0,D,D,1.85,3.4,4.5,2.01,1.89
I1,2025-01-05,19:45:00,Roma,Lazio,2,0,2.0,0.0,H,H,2.55,3.1,3.0,2.04,1.86
I1,2025-01-10,19:45:00,Lazio,Como,1,1,1.0,0.0,D,H,1.9,3.4,4.2,2.1,1.73
I1,2025-01-11,14:00:00,Empoli,Lecce,1,3,0.0,2.0,A,A,2.0,3.1,4.33,2.5,1.53
I1,2025-01-11,14:00:00,Udinese,Atalanta,0,0,0.0,0.0,D,D,5.25,3.8,1.65,1.85,2.05
I1,2025-01-11,17:00:00,Torino,Juventus,1,1,1.0,1.0,D,D,5.0,3.2,1.8,2.63,1.5
I1,2025-01-11,19:45:00,Milan,Cagliari,1,1,0.0,0.0,D,D,1.33,5.0,9.5,1.62,2.3
I1,2025-01-12,11:30:00,Genoa,Parma,1,0,0.0,0.0,H,D,1.91,3.5,4.0,1.91,1.99
I1,2025-01-12,14:00:00,Venezia,Inter,0,1,0.0,1.0,A,A,11.0,5.25,1.29,1.57,2.38
I1,2025-01-12,17:00:00,Bologna,Roma,2,2,0.0,0.0,D,D,2.8,3.2,2.6,2.1,1.73
I1,2025-01-12,19:45:00,Napoli,Verona,2,0,1.0,0.0,H,H,1.25,5.5,13.0,1.67,2.2
I1,2025-01-13,19:45:00,Monza,Fiorentina,2,1,1.0,0.0,H,H,4.2,3.5,1.85,2.04,1.86
I1,2025-01-14,17:30:00,Como,Milan,1,2,0.0,0.0,A,D,4.2,3.5,1.9,1.84,2.06
I1,2025-01-14,19:45:00,Atalanta,Juventus,1,1,0.0,0.0,D,D,2.1,3.25,3.7,2.3,1.62
I1,2025-01-15,19:45:00,Inter,Bologna,2,2,2.0,1.0,D,H,1.48,4.2,7.0,1.73,2.1
I1,2025-01-17,19:45:00,Roma,Genoa,3,1,1.0,1.0,H,D,1.5,4.1,6.5,2.02,1.88
I1,2025-01-18,14:00:00,Bologna,Monza,3,1,2.0,1.0,H,H,1.6,3.75,6.0,2.07,1.83
I1,2025-01-18,17:00:00,Juventus,Milan,2,0,0.0,0.0,H,D,2.15,3.3,3.4,2.1,1.73
I1,2025-01-18,19:45:00,Atalanta,Napoli,2,3,1.0,2.0,A,A,2.25,3.25,3.25,2.1,1.73
I1,2025-01-19,11:30:00,Fiorentina,Torino,1,1,1.0,0.0,D,H,1.73,3.4,5.5,2.2,1.67
I1,2025-01-19,14:00:00,Cagliari,Lecce,4,1,0.0,1.0,H,A,1.95,3.3,4.1,2.05,1.85
I1,2025-01-19,14:00:00,Parma,Venezia,1,1,0.0,1.0,D,A,2.15,3.7,3.1,1.73,2.1
I1,2025-01-19,17:00:00,Verona,Lazio,0,3,0.0,2.0,A,A,5.0,3.5,1.75,2.05,1.85
I1,2025-01-19,19:45:00,Inter,Empoli,3,1,0.0,0.0,H,D,1.25,5.75,13.0,1.57,2.38
I1,2025-01-20,19:45:00,Como,Udinese,4,1,2.0,0.0,H,H,2.15,3.4,3.4,2.0,1.8
I1,2025-01-24,19:45:00,Torino,Cagliari,2,0,1.0,0.0,H,H,2.2,3.2,3.6,2.3,1.62
I1,2025-01-25,14:00:00,Como,Atalanta,1,2,1.0,0.0,A,H,4.2,3.6,1.85,1.8,2.0
I1,2025-01-25,17:00:00,Napoli,Juventus,2,1,0.0,1.0,H,A,2.15,3.1,3.8,2.45,1.49
I1,2025-01-25,19:45:00,Empoli,Bologna,1,1,1.0,1.0,D,D,3.8,3.3,2.0,2.3,1.62
I1,2025-01-26,11:30:00,Milan,Parma,3,2,1.0,1.0,H,D,1.3,6.0,8.5,1.44,2.75
I1,2025-01-26,14:00:00,Udinese,Roma,1,2,1.0,0.0,A,H,3.3,3.3,2.25,2.1,1.73
I1,2025-01-26,17:00:00,Lecce,Inter,0,4,0.0,2.0,A,A,9.5,5.25,1.33,1.67,2.2
I1,2025-01-26,19:45:00,Lazio,Fiorentina,1,2,0.0,2.0,A,A,2.0,3.5,3.8,2.04,1.86
I1,2025-01-27,17:30:00,Venezia,Verona,1,1,1.0,0.0,D,H,2.15,3.5,3.25,2.0,1.8
I1,2025-01-27,19:45:00,Genoa,Monza,2,0,0.0,0.0,H,D,2.25,3.0,3.6,2.5,1.53
I1,2025-01-31,19:45:00,Parma,Lecce,1,3,1.0,1.0,A,D,2.15,3.4,3.5,1.86,2.04
I1,2025-02-01,14:00:00,Monza,Verona,0,1,0.0,1.0,A,A,2.3,3.0,3.5,2.2,1.67
I1,2025-02-01,14:00:00,Udinese,Venezia,3,2,0.0,0.0,H,D,1.83,3.4,4.5,2.08,1.82
I1,2025-02-01,17:00:00,Atalanta,Torino,1,1,1.0,1.0,D,D,1.42,4.5,7.5,1.95,1.95
I1,2025-02-01,19:45:00,Bologna,Como,2,0,1.0,0.0,H,H,1.9,3.5,4.2,2.03,1.87
I1,2025-02-02,11:30:00,Juventus,Empoli,4,1,0.0,1.0,H,A,1.36,4.75,9.0,2.0,1.9
I1,2025-02-02,14:00:00,Fiorentina,Genoa,2,1,2.0,0.0,H,H,1.65,3.9,5.25,2.0,1.8
I1,2025-02-02,17:00:00,Milan,Inter,1,1,1.0,0.0,D,H,4.0,3.5,1.91,1.8,2.0
I1,2025-02-02,19:45:00,Roma,Napoli,1,1,0.0,1.0,D,A,3.1,3.2,2.38,2.0,1.8
I1,2025-02-03,19:45:00,Cagliari,Lazio,1,2,0.0,1.0,A,A,3.9,3.4,2.0,1.91,1.99
I1,2025-02-06,17:00:00,Fiorentina,Inter,3,0,0.0,0.0,H,D,3.6,3.5,2.05,1.8,2.0
I1,2025-02-07,19:45:00,Como,Juventus,1,2,1.0,1.0,A,D,3.7,3.4,2.05,2.0,1.8
I1,2025-02-08,14:00:00,Verona,Atalanta,0,5,0.0,4.0,A,A,6.25,4.1,1.53,1.73,2.1
I1,2025-02-08,17:00:00,Empoli,Milan,0,2,0.0,0.0,A,D,5.5,3.8,1.65,1.95,1.95
I1,2025-02-08,19:45:00,Torino,Genoa,1,1,1.0,0.0,D,H,2.2,3.1,3.6,2.63,1.5
I1,2025-02-09,11:30:00,Venezia,Roma,0,1,0.0,0.0,A,D,5.0,3.7,1.73,1.8,2.0
I1,2025-02-09,14:00:00,Cagliari,Parma,2,1,0.0,0.0,H,D,1.85,3.6,4.1,1.73,2.1
I1,2025-02-09,14:00:00,Lazio,Monza,5,1,1.0,0.0,H,H,1.38,4.75,8.5,1.73,2.1
I1,2025-02-09,17:00:00,Lecce,Bologna,0,0,0.0,0.0,D,D,4.2,3.5,1.91,2.2,1.67
I1,2025-02-09,19:45:00,Napoli,Udinese,1,1,1.0,1.0,D,D,1.44,4.5,7.5,2.01,1.89
I1,2025-02-10,19:45:00,Inter,Fiorentina,2,1,1.0,1.0,H,D,1.48,4.75,6.5,1.67,2.2
I1,2025-02-14,19:45:00,Bologna,Torino,3,2,1.0,1.0,H,D,1.8,3.4,5.0,2.5,1.53
I1,2025-02-15,14:00:00,Atalanta,Cagliari,0,0,0.0,0.0,D,D,1.44,4.75,6.5,1.62,2.3
I1,2025-02-15,17:00:00,Lazio,Napoli,2,2,1.0,1.0,D,D,2.63,3.2,2.8,2.1,1.73
I1,2025-02-15,19:45:00,Milan,Verona,1,0,0.0,0.0,H,D,1.33,4.75,9.5,1.57,2.38
I1,2025-02-16,11:30:00,Fiorentina,Como,0,2,0.0,1.0,A,A,2.0,3.5,3.75,1.97,1.93
I1,2025-02-16,14:00:00,Monza,Lecce,0,0,0.0,0.0,D,D,2.7,3.2,2.7,2.3,1.62
I1,2025-02-16,14:00:00,Udinese,Empoli,3,0,1.0,0.0,H,H,1.8,3.5,4.75,2.1,1.73
I1,2025-02-16,17:00:00,Parma,Roma,0,1,0.0,1.0,A,A,3.6,3.5,2.05,1.73,2.1
I1,2025-02-16,19:45:00,Juventus,Inter,1,0,0.0,0.0,H,D,3.4,3.2,2.25,2.1,1.73
I1,2025-02-17,19:45:00,Genoa,Venezia,2,0,0.0,0.0,H,D,1.85,3.4,4.5,2.1,1.73
I1,2025-02-21,19:45:00,Lecce,Udinese,0,1,0.0,1.0,A,A,3.0,3.0,2.6,2.3,1.62
I1,2025-02-22,14:00:00,Parma,Bologna,2,0,1.0,0.0,H,H,4.0,3.5,1.91,1.91,1.99
I1,2025-02-22,14:00:00,Venezia,Lazio,0,0,0.0,0.0,D,D,5.0,4.0,1.67,1.8,2.0
I1,2025-02-22,17:00:00,Torino,Milan,2,1,1.0,0.0,H,H,3.9,3.3,2.0,2.1,1.73
I1,2025-02-22,19:45:00,Inter,Genoa,1,0,0.0,0.0,H,D,1.27,5.25,13.0,1.67,2.2
I1,2025-02-23,11:30:00,Como,Napoli,2,1,1.0,1.0,H,D,3.6,3.0,2.25,2.2,1.67
I1,2025-02-23,14:00:00,Verona,Fiorentina,1,0,0.0,0.0,H,D,4.33,3.4,1.9,2.03,1.87
I1,2025-02-23,17:00:00,Empoli,Atalanta,0,5,0.0,3.0,A,A,6.25,3.9,1.57,1.8,2.0
I1,2025-02-23,19:45:00,Cagliari,Juventus,0,1,0.0,1.0,A,A,4.1,3.5,1.9,2.03,1.87
I1,2025-02-24,19:45:00,Roma,Monza,4,0,2.0,0.0,H,H,1.33,4.75,11.0,1.73,2.1
I1,2025-02-27,19:45:00,Bologna,Milan,2,1,0.0,1.0,H,A,2.88,3.3,2.5,1.96,1.82
I1,2025-02-28,19:45:00,Fiorentina,Lecce,1,0,1.0,0.0,H,H,1.75,3.4,5.0,2.3,1.62
I1,2025-03-01,14:00:00,Atalanta,Venezia,0,0,0.0,0.0,D,D,1.2,6.5,15.0,1.53,2.5
I1,2025-03-01,17:00:00,Napoli,Inter,1,1,0.0,1.0,D,A,3.1,3.2,2.38,2.2,1.67
I1,2025-03-01,19:45:00,Udinese,Parma,1,0,1.0,0.0,H,H,1.8,3.6,4.5,1.91,1.99
I1,2025-03-02,11:30:00,Monza,Torino,0,2,0.0,1.0,A,A,4.1,3.3,1.95,2.3,1.62
I1,2025-03-02,14:00:00,Bologna,Cagliari,2,1,0.0,1.0,H,A,1.57,3.75,6.5,2.0,1.8
I1,2025-03-02,14:00:00,Genoa,Empoli,1,1,0.0,1.0,D,A,1.91,3.1,4.75,2.3,1.62
I1,2025-03-02,17:00:00,Roma,Como,2,1,0.0,1.0,H,A,1.87,3.6,4.0,2.03,1.87
I1,2025-03-02,19:45:00,Milan,Lazio,1,2,0.0,1.0,A,A,2.05,3.6,3.5,1.86,2.04
I1,2025-03-03,19:45:00,Juventus,Verona,2,0,0.0,0.0,H,D,1.3,5.0,12.0,1.8,2.0
I1,2025-03-07,19:45:00,Cagliari,Genoa,1,1,1.0,0.0,D,H,2.45,3.0,3.2,2.5,1.53
I1,2025-03-08,14:00:00,Como,Venezia,1,1,0.0,0.0,D,D,1.57,3.8,6.5,2.03,1.87
I1,2025-03-08,14:00:00,Parma,Torino,2,2,0.0,1.0,D,A,3.0,3.25,2.4,2.1,1.73
I1,2025-03-08,17:00:00,Lecce,Milan,2,3,1.0,0.0,A,H,4.75,3.6,1.75,1.88,2.02
I1,2025-03-08,19:45:00,Inter,Monza,3,2,1.0,2.0,H,A,1.14,7.0,21.0,1.5,2.63
I1,2025-03-09,11:30:00,Verona,Bologna,1,2,0.0,1.0,A,A,5.25,3.3,1.75,2.3,1.62
I1,2025-03-09,14:00:00,Napoli,Fiorentina,2,1,1.0,0.0,H,H,1.55,4.0,6.25,2.05,1.68
I1,2025-03-09,17:00:00,Empoli,Roma,0,1,0.0,1.0,A,A,3.9,3.3,2.0,2.05,1.85
I1,2025-03-09,19:45:00,Juventus,Atalanta,0,4,0.0,1.0,A,A,2.5,3.25,2.88,2.04,1.86
I1,2025-03-10,19:45:00,Lazio,Udinese,1,1,1.0,1.0,D,D,1.73,3.5,5.25,1.95,1.95
I1,2025-03-14,19:45:00,Genoa,Lecce,2,1,2.0,0.0,H,H,2.15,2.9,4.2,2.63,1.5
I1,2025-03-15,14:00:00,Monza,Parma,1,1,0.0,0.0,D,D,3.1,3.0,2.45,2.1,1.73
I1,2025-03-15,14:00:00,Udinese,Verona,0,1,0.0,0.0,A,D,1.73,3.5,5.0,2.1,1.73
I1,2025-03-15,17:00:00,Milan,Como,2,1,0.0,1.0,H,A,1.8,3.6,4.5,1.73,2.1
I1,2025-03-15,19:45:00,Torino,Empoli,1,0,0.0,0.0,H,D,1.8,3.3,5.0,2.3,1.62
I1,2025-03-16,11:30:00,Venezia,Napoli,0,0,0.0,0.0,D,D,5.75,4.33,1.53,2.07,1.83
I1,2025-03-16,14:00:00,Bologna,Lazio,5,0,1.0,0.0,H,H,2.4,3.1,3.25,2.2,1.67
I1,2025-03-16,15:00:00,Roma,Cagliari,1,0,0.0,0.0,H,D,1.55,4.2,5.75,2.0,1.9
I1,2025-03-16,17:00:00,Fiorentina,Juventus,3,0,2.0,0.0,H,H,3.4,3.2,2.25,2.3,1.62
I1,2025-03-16,19:45:00,Atalanta,Inter,0,2,0.0,0.0,A,D,2.55,3.3,2.8,1.95,1.95
I1,2025-03-29,14:00:00,Como,Empoli,1,1,0.0,0.0,D,D,1.75,3.3,5.25,2.1,1.73
I1,2025-03-29,14:00:00,Venezia,Bologna,0,1,0.0,0.0,A,D,5.0,3.5,1.75,2.2,1.67
I1,2025-03-29,17:00:00,Juventus,Genoa,1,0,1.0,0.0,H,H,1.53,3.9,7.0,2.1,1.73
I1,2025-03-29,19:45:00,Lecce,Roma,0,1,0.0,0.0,A,D,4.75,3.5,1.75,2.2,1.67
I1,2025-03-30,11:30:00,Cagliari,Monza,3,0,0.0,0.0,H,D,1.67,3.5,5.5,2.1,1.73
I1,2025-03-30,14:00:00,Fiorentina,Atalanta,1,0,1.0,0.0,H,H,3.75,3.3,2.05,1.95,1.95
I1,2025-03-30,17:00:00,Inter,Udinese,2,1,2.0,0.0,H,H,1.4,4.33,8.5,1.8,2.0
I1,2025-03-30,19:45:00,Napoli,Milan,2,1,2.0,0.0,H,H,1.91,3.7,3.75,2.02,1.88
I1,2025-03-31,17:30:00,Verona,Parma,0,0,0.0,0.0,D,D,2.4,3.1,3.1,2.1,1.73
I1,2025-03-31,19:45:00,Lazio,Torino,1,1,0.0,0.0,D,D,1.75,3.3,5.25,2.08,1.82
I1,2025-04-04,19:45:00,Genoa,Udinese,1,0,0.0,0.0,H,D,2.45,2.88,3.4,2.75,1.44
I1,2025-04-05,14:00:00,Monza,Como,1,3,1.0,2.0,A,A,5.0,3.8,1.7,2.02,1.88
I1,2025-04-05,17:00:00,Parma,Inter,2,2,0.0,2.0,D,A,6.5,4.5,1.48,1.73,2.1
I1,2025-04-05,19:45:00,Milan,Fiorentina,2,2,1.0,2.0,D,A,1.9,3.5,4.2,1.73,2.1
I1,2025-04-06,11:30:00,Lecce,Venezia,1,1,0.0,0.0,D,D,2.3,3.1,3.4,2.3,1.62
I1,2025-04-06,14:00:00,Empoli,Cagliari,0,0,0.0,0.0,D,D,2.45,3.0,3.1,2.2,1.67
I1,2025-04-06,14:00:00,Torino,Verona,1,1,0.0,0.0,D,D,1.8,3.2,5.25,2.38,1.57
I1,2025-04-06,17:00:00,Atalanta,Lazio,0,1,0.0,0.0,A,D,1.7,3.8,5.0,1.8,2.0
I1,2025-04-06,19:45:00,Roma,Juventus,1,1,0.0,1.0,D,A,2.5,3.1,3.0,2.2,1.67
I1,2025-04-07,19:45:00,Bologna,Napoli,1,1,0.0,1.0,D,A,2.9,3.0,2.7,2.5,1.53
I1,2025-04-11,19:45:00,Udinese,Milan,0,4,0.0,2.0,A,A,4.0,3.6,1.91,1.89,2.01
I1,2025-04-12,14:00:00,Venezia,Monza,1,0,0.0,0.0,H,D,1.73,3.6,5.0,2.1,1.73
I1,2025-04-12,17:00:00,Inter,Cagliari,3,1,2.0,0.0,H,H,1.33,5.25,8.0,1.73,2.1
I1,2025-04-12,19:45:00,Juventus,Lecce,2,1,2.0,0.0,H,H,1.33,4.5,10.0,1.95,1.95
I1,2025-04-13,11:30:00,Atalanta,Bologna,2,0,2.0,0.0,H,H,1.95,3.5,3.9,2.05,1.85
I1,2025-04-13,14:00:00,Fiorentina,Parma,0,0,0.0,0.0,D,D,1.73,3.8,4.75,1.98,1.92
I1,2025-04-13,14:00:00,Verona,Genoa,0,0,0.0,0.0,D,D,3.0,2.9,2.63,2.75,1.44
I1,2025-04-13,17:00:00,Como,Torino,1,0,1.0,0.0,H,H,1.91,3.5,4.1,2.1,1.73
I1,2025-04-13,19:45:00,Lazio,Roma,1,1,0.0,0.0,D,D,2.8,3.2,2.63,2.1,1.73
I1,2025-04-14,19:45:00,Napoli,Empoli,3,0,1.0,0.0,H,H,1.33,5.0,9.5,1.95,1.95
I1,2025-04-19,14:00:00,Lecce,Como,0,3,0.0,1.0,A,A,3.75,3.3,2.05,2.1,1.73
I1,2025-04-19,17:00:00,Monza,Napoli,0,1,0.0,0.0,A,D,13.0,5.0,1.29,1.87,2.03
I1,2025-04-19,19:45:00,Roma,Verona,1,0,1.0,0.0,H,H,1.4,4.5,8.5,2.08,1.82
I1,2025-04-20,14:00:00,Empoli,Venezia,2,2,0.0,0.0,D,D,2.25,3.0,3.6,2.3,1.62
I1,2025-04-20,17:00:00,Bologna,Inter,1,0,0.0,0.0,H,D,3.4,3.1,2.3,2.2,1.67
I1,2025-04-20,19:45:00,Milan,Atalanta,0,1,0.0,0.0,A,D,2.5,3.4,2.75,1.67,2.2
I1,2025-04-23,17:30:00,Cagliari,Fiorentina,1,2,1.0,1.0,A,D,3.1,3.1,2.45,2.2,1.67
I1,2025-04-23,17:30:00,Genoa,Lazio,0,2,0.0,1.0,A,A,3.3,3.2,2.3,2.3,1.62
I1,2025-04-23,17:30:00,Parma,Juventus,1,0,1.0,0.0,H,H,4.75,3.6,1.75,2.0,1.9
I1,2025-04-23,17:30:00,Torino,Udinese,2,0,1.0,0.0,H,H,2.4,2.9,3.3,2.5,1.53
I1,2025-04-27,11:30:00,Como,Genoa,1,0,0.0,0.0,H,D,1.85,3.4,4.75,2.2,1.67
I1,2025-04-27,11:30:00,Venezia,Milan,0,2,0.0,1.0,A,A,4.75,4.0,1.7,1.73,2.1
I1,2025-04-27,14:00:00,Fiorentina,Empoli,2,1,2.0,0.0,H,H,1.83,3.5,4.5,2.2,1.67
I1,2025-04-27,14:00:00,Inter,Roma,0,1,0.0,1.0,A,A,1.73,3.8,4.75,2.02,1.88
I1,2025-04-27,17:00:00,Juventus,Monza,2,0,2.0,0.0,H,H,1.2,7.5,12.0,1.53,2.5
I1,2025-04-27,19:45:00,Atalanta,Lecce,1,1,0.0,1.0,D,A,1.25,6.0,11.0,1.57,2.38
I1,2025-04-27,19:45:00,Napoli,Torino,2,0,2.0,0.0,H,H,1.42,4.33,8.0,2.07,1.83
I1,2025-04-28,17:30:00,Udinese,Bologna,0,0,0.0,0.0,D,D,4.5,3.5,1.85,2.2,1.67
I1,2025-04-28,19:45:00,Lazio,Parma,2,2,0.0,1.0,D,A,1.53,4.5,5.75,1.73,2.1
I1,2025-04-28,19:45:00,Verona,Cagliari,0,2,0.0,1.0,A,A,2.5,2.75,3.5,2.63,1.5
I1,2025-05-02,19:45:00,Torino,Venezia,1,1,0.0,1.0,D,A,2.5,2.88,3.25,2.32,1.53
I1,2025-05-03,14:00:00,Cagliari,Udinese,1,2,1.0,1.0,A,D,2.2,3.2,3.5,2.3,1.62
I1,2025-05-03,14:00:00,Parma,Como,0,1,0.0,0.0,A,D,3.1,3.3,2.3,1.91,1.99
I1,2025-05-03,17:00:00,Lecce,Napoli,0,1,0.0,1.0,A,A,7.0,3.8,1.55,2.0,1.8
I1,2025-05-03,19:45:00,Inter,Verona,1,0,1.0,0.0,H,H,1.3,5.25,10.0,1.85,2.05
I1,2025-05-04,11:30:00,Empoli,Lazio,0,1,0.0,1.0,A,A,4.33,3.6,1.83,2.0,1.78
I1,2025-05-04,14:00:00,Monza,Atalanta,0,4,0.0,2.0,A,A,13.0,6.0,1.22,1.5,2.63
I1,2025-05-04,17:00:00,Roma,Fiorentina,1,0,1.0,0.0,H,H,1.65,3.7,5.5,2.03,1.87
I1,2025-05-04,19:45:00,Bologna,Juventus,1,1,0.0,1.0,D,A,2.4,3.1,3.2,2.3,1.62
I1,2025-05-05,19:45:00,Genoa,Milan,1,2,0.0,0.0,A,D,4.75,3.7,1.8,1.99,1.91
I1,2025-05-09,19:45:00,Milan,Bologna,3,1,0.0,0.0,H,D,2.3,3.4,3.0,1.99,1.91
I1,2025-05-10,14:00:00,Como,Cagliari,3,1,2.0,1.0,H,H,1.73,3.8,4.75,1.97,1.93
I1,2025-05-10,17:00:00,Lazio,Juventus,1,1,0.0,0.0,D,D,2.45,3.2,3.0,2.2,1.67
I1,2025-05-10,19:45:00,Empoli,Parma,2,1,1.0,0.0,H,H,2.15,3.3,3.5,2.03,1.87
I1,2025-05-11,11:30:00,Udinese,Monza,1,2,0.0,0.0,A,D,1.48,4.2,7.0,1.89,2.01
I1,2025-05-11,14:00:00,Verona,Lecce,1,1,1.0,1.0,D,D,2.15,3.0,3.75,2.2,1.67
I1,2025-05-11,17:00:00,Torino,Inter,0,2,0.0,1.0,A,A,5.75,4.0,1.57,1.99,1.91
I1,2025-05-11,19:45:00,Napoli,Genoa,2,2,1.0,1.0,D,D,1.3,5.25,11.0,2.06,1.84
I1,2025-05-12,17:30:00,Venezia,Fiorentina,2,1,0.0,0.0,H,D,3.1,3.2,2.38,2.2,1.67
I1,2025-05-12,19:45:00,Atalanta,Roma,2,1,1.0,1.0,H,D,1.95,3.6,3.75,1.8,2.0
I1,2025-05-17,19:45:00,Genoa,Atalanta,2,3,1.0,0.0,A,H,4.5,3.9,1.75,1.87,2.03
I1,2025-05-18,19:45:00,Cagliari,Venezia,3,0,2.0,0.0,H,H,2.6,3.0,3.0,2.2,1.67
I1,2025-05-18,19:45:00,Fiorentina,Bologna,3,2,1.0,0.0,H,H,2.75,3.0,2.75,2.3,1.62
I1,2025-05-18,19:45:00,Inter,Lazio,2,2,1.0,0.0,D,H,1.62,4.2,5.0,1.73,2.1
I1,2025-05-18,19:45:00,Juventus,Udinese,2,0,0.0,0.0,H,D,1.38,4.75,8.5,1.95,1.95
I1,2025-05-18,19:45:00,Lecce,Torino,1,0,0.0,0.0,H,D,1.83,3.4,4.6,2.3,1.62
I1,2025-05-18,19:45:00,Monza,Empoli,1,3,1.0,0.0,A,H,5.0,3.6,1.73,2.2,1.67
I1,2025-05-18,19:45:00,Parma,Napoli,0,0,0.0,0.0,D,D,6.25,4.2,1.5,1.95,1.95
I1,2025-05-18,19:45:00,Roma,Milan,3,1,1.0,1.0,H,D,2.3,3.6,2.9,1.73,2.1
I1,2025-05-18,19:45:00,Verona,Como,1,1,0.0,1.0,D,A,3.5,3.3,2.15,2.1,1.73
I1,2025-05-23,19:45:00,Como,Inter,0,2,0.0,1.0,A,A,5.0,4.2,1.65,1.57,2.38
I1,2025-05-23,19:45:00,Napoli,Cagliari,2,0,1.0,0.0,H,H,1.2,7.0,12.0,1.53,2.5
I1,2025-05-24,17:00:00,Bologna,Genoa,1,3,0.0,3.0,A,A,1.5,4.5,6.0,1.73,2.1
I1,2025-05-24,19:45:00,Milan,Monza,2,0,0.0,0.0,H,D,1.22,7.0,11.0,1.33,3.4
I1,2025-05-25,19:45:00,Atalanta,Parma,2,3,2.0,0.0,A,H,1.75,3.5,5.0,1.73,2.1
I1,2025-05-25,19:45:00,Empoli,Verona,1,2,1.0,1.0,A,D,1.95,3.2,4.33,2.38,1.57
I1,2025-05-25,19:45:00,Lazio,Lecce,0,1,0.0,1.0,A,A,1.53,3.7,7.5,1.83,2.03
I1,2025-05-25,19:45:00,Torino,Roma,0,2,0.0,1.0,A,A,5.5,4.2,1.57,1.9,1.95
I1,2025-05-25,19:45:00,Udinese,Fiorentina,2,3,1.0,0.0,A,H,3.7,3.6,2.0,1.98,1.88
I1,2025-05-25,19:45:00,Venezia,Juventus,2,3,1.0,2.0,A,A,5.75,4.33,1.53,1.88,1.98
I2,2024-08-16,19:30:00,Brescia,Palermo,1,0,0.0,0.0,H,D,2.8,3.2,2.5,2.1,1.7
I2,2024-08-17,19:30:00,Bari,Juve Stabia,1,3,0.0,2.0,A,A,1.85,3.3,4.5,2.35,1.57
I2,2024-08-17,19:30:00,Pisa,Spezia,2,2,1.0,2.0,D,A,2.5,3.2,2.88,2.35,1.57
I2,2024-08-17,19:30:00,Salernitana,Cittadella,2,1,0.0,1.0,H,A,2.0,3.3,3.8,2.25,1.62
I2,2024-08-17,19:30:00,Sudtirol,Modena,2,1,1.0,1.0,H,D,2.8,3.0,2.7,2.4,1.53
I2,2024-08-18,19:30:00,Catanzaro,Sassuolo,1,1,0.0,1.0,D,A,3.5,3.2,2.2,2.05,1.75
I2,2024-08-18,19:30:00,Cesena,Carrarese,2,1,2.0,0.0,H,H,2.0,3.2,4.0,2.25,1.62
I2,2024-08-18,19:30:00,Cosenza,Cremonese,1,0,1.0,0.0,H,H,3.25,3.2,2.25,2.25,1.62
I2,2024-08-18,19:30:00,Frosinone,Sampdoria,2,2,1.0,0.0,D,H,2.7,3.2,2.7,2.1,1.7
I2,2024-08-18,19:30:00,Reggiana,Mantova,2,2,0.0,0.0,D,D,2.55,3.1,2.88,2.25,1.62
I2,2024-08-23,19:30:00,Modena,Bari,2,1,1.0,1.0,H,D,2.2,3.2,3.4,2.5,1.5
I2,2024-08-24,18:30:00,Sudtirol,Salernitana,3,2,2.0,1.0,H,H,2.6,3.1,2.8,2.35,1.57
I2,2024-08-24,19:30:00,Brescia,Cittadella,0,1,0.0,0.0,A,D,2.55,3.1,2.88,2.35,1.57
I2,2024-08-24,19:30:00,Cremonese,Carrarese,1,0,0.0,0.0,H,D,1.62,3.5,6.25,2.2,1.65
I2,2024-08-24,19:30:00,Pisa,Palermo,2,0,1.0,0.0,H,H,2.5,3.1,3.0,2.05,1.75
I2,2024-08-24,19:30:00,Sampdoria,Reggiana,0,1,0.0,0.0,A,D,1.67,3.6,5.5,2.1,1.7
I2,2024-08-24,19:30:00,Sassuolo,Cesena,2,1,1.0,0.0,H,H,1.85,3.7,3.9,1.9,1.95
I2,2024-08-24,19:30:00,Spezia,Frosinone,2,1,0.0,1.0,H,A,2.3,3.4,3.0,1.98,1.88
I2,2024-08-25,19:30:00,Catanzaro,Juve Stabia,0,0,0.0,0.0,D,D,2.2,3.2,3.4,2.05,1.75
I2,2024-08-25,19:30:00,Mantova,Cosenza,3,2,2.0,0.0,H,H,2.1,3.4,3.4,2.05,1.75
I2,2024-08-27,19:30:00,Bari,Sassuolo,1,1,0.0,1.0,D,A,2.63,3.2,2.63,2.05,1.75
I2,2024-08-27,19:30:00,Carrarese,Sudtirol,2,0,1.0,0.0,H,H,3.0,3.0,2.55,2.6,1.48
I2,2024-08-27,19:30:00,Cittadella,Pisa,1,1,1.0,1.0,D,D,3.6,3.1,2.25,2.15,1.67
I2,2024-08-27,19:30:00,Cremonese,Palermo,0,1,0.0,0.0,A,D,1.8,3.7,4.2,1.95,1.9
I2,2024-08-27,19:30:00,Frosinone,Modena,1,1,0.0,0.0,D,D,2.25,3.25,3.2,2.1,1.7
I2,2024-08-27,19:30:00,Reggiana,Brescia,2,0,1.0,0.0,H,H,2.75,3.0,2.8,2.25,1.62
I2,2024-08-27,19:30:00,Salernitana,Sampdoria,3,2,1.0,2.0,H,A,2.8,3.25,2.55,2.08,1.73
I2,2024-08-28,19:30:00,Cesena,Catanzaro,2,0,1.0,0.0,H,H,2.0,3.4,3.75,2.05,1.8
I2,2024-08-28,19:30:00,Cosenza,Spezia,0,0,0.0,0.0,D,D,2.7,3.25,2.6,2.2,1.65
I2,2024-08-28,19:30:00,Juve Stabia,Mantova,1,0,1.0,0.0,H,H,2.38,3.2,3.0,2.1,1.7
I2,2024-08-31,17:00:00,Sampdoria,Bari,0,0,0.0,0.0,D,D,1.9,3.5,4.0,2.2,1.65
I2,2024-08-31,19:30:00,Modena,Cittadella,0,1,0.0,1.0,A,A,2.05,3.3,3.7,2.25,1.62
I2,2024-08-31,19:30:00,Pisa,Reggiana,2,1,1.0,0.0,H,H,1.67,3.75,5.0,2.1,1.7
I2,2024-08-31,19:30:00,Sassuolo,Cremonese,1,4,1.0,3.0,A,A,2.3,3.2,3.2,2.05,1.75
I2,2024-08-31,19:30:00,Sudtirol,Brescia,1,2,0.0,1.0,A,A,2.3,3.1,3.3,2.7,1.44
I2,2024-09-01,19:30:00,Catanzaro,Carrarese,3,1,2.0,1.0,H,H,2.0,3.1,4.1,2.15,1.67
I2,2024-09-01,19:30:00,Frosinone,Juve Stabia,0,0,0.0,0.0,D,D,1.91,3.2,4.33,2.15,1.67
I2,2024-09-01,19:30:00,Mantova,Salernitana,1,0,0.0,0.0,H,D,2.45,3.3,2.8,1.85,2.0
I2,2024-09-01,19:30:00,Palermo,Cosenza,1,1,0.0,1.0,D,A,2.0,3.3,3.6,2.1,1.7
I2,2024-09-01,19:30:00,Spezia,Cesena,2,1,0.0,1.0,H,A,2.4,3.4,2.88,2.1,1.7
I2,2024-09-13,19:30:00,Cesena,Modena,2,2,2.0,1.0,D,H,2.2,2.9,3.7,2.7,1.44
I2,2024-09-14,14:00:00,Bari,Mantova,2,0,1.0,0.0,H,H,2.05,3.3,3.7,2.1,1.7
I2,2024-09-14,14:00:00,Brescia,Frosinone,4,0,3.0,0.0,H,H,2.4,3.3,3.0,2.2,1.65
I2,2024-09-14,14:00:00,Cittadella,Catanzaro,0,0,0.0,0.0,D,D,2.15,3.5,3.2,2.1,1.7
I2,2024-09-14,14:00:00,Cremonese,Spezia,1,1,1.0,0.0,D,H,1.85,3.75,3.9,2.03,1.83
I2,2024-09-14,14:00:00,Juve Stabia,Palermo,1,3,0.0,2.0,A,A,3.0,3.25,2.4,2.15,1.67
I2,2024-09-15,14:00:00,Carrarese,Sassuolo,0,2,0.0,0.0,A,D,3.3,3.3,2.2,2.03,1.83
I2,2024-09-15,14:00:00,Cosenza,Sampdoria,2,1,1.0,0.0,H,H,2.63,3.3,2.63,2.2,1.65
I2,2024-09-15,14:00:00,Reggiana,Sudtirol,1,3,1.0,2.0,A,A,2.45,3.0,3.1,2.6,1.48
I2,2024-09-15,16:30:00,Salernitana,Pisa,2,3,1.0,2.0,A,A,2.6,3.25,2.7,1.93,1.93
I2,2024-09-20,19:30:00,Catanzaro,Cremonese,1,2,1.0,1.0,A,D,2.75,3.25,2.55,1.98,1.88
I2,2024-09-21,14:00:00,Cosenza,Sassuolo,0,1,0.0,0.0,A,D,2.7,3.2,2.63,2.0,1.85
I2,2024-09-21,14:00:00,Palermo,Cesena,0,0,0.0,0.0,D,D,2.15,3.2,3.5,2.1,1.7
I2,2024-09-21,14:00:00,Pisa,Brescia,2,1,1.0,0.0,H,H,1.91,3.4,4.2,2.15,1.67
I2,2024-09-21,14:00:00,Reggiana,Salernitana,0,0,0.0,0.0,D,D,2.35,3.1,3.2,2.2,1.65
I2,2024-09-21,14:00:00,Sampdoria,Sudtirol,1,0,1.0,0.0,H,H,1.95,3.25,4.0,2.35,1.57
I2,2024-09-21,17:00:00,Modena,Juve Stabia,3,0,2.0,0.0,H,H,2.0,3.0,4.1,2.5,1.5
I2,2024-09-22,14:00:00,Frosinone,Bari,0,3,0.0,1.0,A,A,2.3,3.3,3.1,2.08,1.73
I2,2024-09-22,14:00:00,Mantova,Cittadella,1,0,0.0,0.0,H,D,1.95,3.3,4.0,2.05,1.75
I2,2024-09-22,14:00:00,Spezia,Carrarese,4,2,1.0,1.0,H,D,1.73,3.75,4.5,2.1,1.7
I2,2024-09-27,19:30:00,Cittadella,Frosinone,1,2,0.0,1.0,A,A,2.45,3.25,2.88,2.15,1.67
I2,2024-09-28,14:00:00,Bari,Cosenza,1,1,1.0,0.0,D,H,2.15,3.1,3.6,2.25,1.62
I2,2024-09-28,14:00:00,Carrarese,Reggiana,0,0,0.0,0.0,D,D,2.6,3.2,2.7,2.25,1.62
I2,2024-09-28,14:00:00,Sassuolo,Spezia,0,0,0.0,0.0,D,D,2.1,3.25,3.6,2.03,1.83
I2,2024-09-29,14:00:00,Cesena,Mantova,4,2,3.0,0.0,H,H,1.75,3.7,4.5,1.85,2.0
I2,2024-09-29,14:00:00,Juve Stabia,Pisa,2,0,1.0,0.0,H,H,2.8,3.2,2.6,2.25,1.62
I2,2024-09-29,14:00:00,Modena,Sampdoria,1,3,0.0,0.0,A,D,2.3,3.1,3.2,2.35,1.57
I2,2024-09-29,14:00:00,Salernitana,Catanzaro,0,0,0.0,0.0,D,D,2.2,3.5,3.2,1.83,2.03
I2,2024-09-30,18:30:00,Sudtirol,Palermo,1,3,0.0,1.0,A,A,2.7,3.0,2.75,2.35,1.57
I2,2024-09-30,19:30:00,Brescia,Cremonese,3,2,3.0,0.0,H,H,2.88,3.2,2.5,2.1,1.7
I2,2024-10-04,19:30:00,Sampdoria,Juve Stabia,1,2,1.0,0.0,A,H,1.95,3.2,4.33,2.35,1.57
I2,2024-10-05,14:00:00,Frosinone,Carrarese,0,1,0.0,0.0,A,D,1.9,3.5,4.0,1.93,1.93
I2,2024-10-05,14:00:00,Pisa,Cesena,3,1,2.0,0.0,H,H,2.2,3.2,3.4,2.08,1.73
I2,2024-10-05,14:00:00,Sassuolo,Cittadella,6,1,1.0,1.0,H,D,1.67,3.75,5.0,1.98,1.88
I2,2024-10-05,14:00:00,Spezia,Reggiana,1,0,1.0,0.0,H,H,1.85,3.5,4.1,2.15,1.67
I2,2024-10-06,14:00:00,Catanzaro,Modena,2,2,1.0,1.0,D,D,2.7,3.0,2.8,2.25,1.62
I2,2024-10-06,14:00:00,Cosenza,Sudtirol,0,2,0.0,1.0,A,A,2.55,2.9,3.0,2.6,1.48
I2,2024-10-06,14:00:00,Cremonese,Bari,1,1,0.0,1.0,D,A,1.9,3.5,4.0,2.05,1.8
I2,2024-10-06,14:00:00,Mantova,Brescia,1,1,0.0,0.0,D,D,2.35,3.3,3.0,2.05,1.75
I2,2024-10-06,14:00:00,Palermo,Salernitana,0,1,0.0,1.0,A,A,1.9,3.5,4.0,1.9,1.95
I2,2024-10-18,19:30:00,Bari,Catanzaro,1,1,1.0,0.0,D,H,1.85,3.25,4.5,2.15,1.67
I2,2024-10-19,14:00:00,Cittadella,Cosenza,0,0,0.0,0.0,D,D,2.4,3.1,3.1,2.15,1.67
I2,2024-10-19,14:00:00,Modena,Palermo,2,2,0.0,2.0,D,A,2.38,3.1,3.1,2.3,1.6
I2,2024-10-19,14:00:00,Salernitana,Spezia,0,2,0.0,0.0,A,D,2.63,3.2,2.63,2.1,1.7
I2,2024-10-19,14:00:00,Sudtirol,Pisa,1,2,1.0,1.0,A,D,3.1,2.63,2.8,2.6,1.48
I2,2024-10-19,16:15:00,Brescia,Sassuolo,2,5,1.0,1.0,A,D,2.8,3.25,2.5,2.03,1.83
I2,2024-10-20,14:00:00,Carrarese,Mantova,1,1,0.0,0.0,D,D,2.2,3.2,3.4,1.98,1.88
I2,2024-10-20,14:00:00,Juve Stabia,Cremonese,1,2,1.0,1.0,A,D,3.1,3.25,2.3,2.1,1.7
I2,2024-10-20,14:00:00,Reggiana,Frosinone,2,0,1.0,0.0,H,H,2.55,3.1,2.88,2.08,1.73
I2,2024-10-20,16:15:00,Cesena,Sampdoria,3,5,2.0,2.0,A,D,2.4,3.1,3.1,2.1,1.7
I2,2024-10-25,19:30:00,Spezia,Bari,0,0,0.0,0.0,D,D,2.0,3.2,4.0,2.2,1.65
I2,2024-10-26,14:00:00,Cesena,Brescia,2,0,1.0,0.0,H,H,1.95,3.5,3.8,2.0,1.85
I2,2024-10-26,14:00:00,Cosenza,Juve Stabia,1,1,1.0,1.0,D,D,2.15,3.2,3.5,2.25,1.62
I2,2024-10-26,14:00:00,Cremonese,Salernitana,2,1,2.0,0.0,H,H,1.85,3.5,4.2,1.9,1.95
I2,2024-10-26,14:00:00,Palermo,Reggiana,2,0,2.0,0.0,H,H,1.75,3.5,4.75,2.05,1.75
I2,2024-10-26,16:15:00,Carrarese,Cittadella,3,0,3.0,0.0,H,H,2.4,3.1,3.1,2.35,1.57
I2,2024-10-26,16:15:00,Sassuolo,Modena,2,0,1.0,0.0,H,H,1.91,3.5,4.0,2.05,1.75
I2,2024-10-27,14:00:00,Catanzaro,Sudtirol,3,0,3.0,0.0,H,H,2.25,2.85,3.6,2.6,1.44
I2,2024-10-27,14:00:00,Frosinone,Pisa,0,0,0.0,0.0,D,D,2.63,3.3,2.63,2.15,1.63
I2,2024-10-27,14:00:00,Sampdoria,Mantova,1,0,0.0,0.0,H,D,1.75,3.4,5.0,1.98,1.88
I2,2024-10-29,19:30:00,Bari,Carrarese,0,0,0.0,0.0,D,D,1.95,3.2,4.2,2.1,1.7
I2,2024-10-29,19:30:00,Brescia,Spezia,1,1,0.0,1.0,D,A,3.4,3.1,2.2,2.2,1.65
I2,2024-10-29,19:30:00,Juve Stabia,Sassuolo,2,2,1.0,1.0,D,D,3.3,3.0,2.3,2.05,1.8
I2,2024-10-29,19:30:00,Modena,Cremonese,2,2,2.0,1.0,D,H,2.8,2.8,2.8,2.25,1.62
I2,2024-10-29,19:30:00,Reggiana,Cosenza,0,1,0.0,1.0,A,A,2.3,3.0,3.5,2.5,1.5
I2,2024-10-29,19:30:00,Salernitana,Cesena,1,1,1.0,1.0,D,D,2.55,3.0,3.0,2.03,1.83
I2,2024-10-30,18:30:00,Sudtirol,Frosinone,1,1,0.0,0.0,D,D,2.4,3.0,3.2,2.5,1.5
I2,2024-10-30,19:30:00,Cittadella,Sampdoria,0,0,0.0,0.0,D,D,3.4,3.0,2.25,2.2,1.65
I2,2024-10-30,19:30:00,Mantova,Palermo,0,0,0.0,0.0,D,D,2.8,3.0,2.7,1.93,1.93
I2,2024-10-30,19:30:00,Pisa,Catanzaro,0,0,0.0,0.0,D,D,1.85,3.4,4.2,2.1,1.7
I2,2024-11-02,14:00:00,Bari,Reggiana,2,2,0.0,0.0,D,D,2.05,3.3,3.7,2.15,1.67
I2,2024-11-02,14:00:00,Carrarese,Juve Stabia,0,0,0.0,0.0,D,D,2.5,3.1,2.9,2.3,1.6
I2,2024-11-02,14:00:00,Spezia,Modena,1,0,1.0,0.0,H,H,2.15,3.1,3.7,2.35,1.57
I2,2024-11-03,14:00:00,Catanzaro,Frosinone,0,0,0.0,0.0,D,D,2.25,3.2,3.2,2.15,1.67
I2,2024-11-03,14:00:00,Cesena,Sudtirol,1,0,0.0,0.0,H,D,1.85,3.2,4.75,2.35,1.57
I2,2024-11-03,14:00:00,Cosenza,Salernitana,1,1,1.0,0.0,D,H,2.35,3.2,3.0,2.1,1.7
I2,2024-11-03,14:00:00,Cremonese,Pisa,1,3,1.0,2.0,A,A,2.1,3.3,3.5,2.05,1.8
I2,2024-11-03,14:00:00,Palermo,Cittadella,0,1,0.0,0.0,A,D,1.8,3.5,4.33,2.0,1.85
I2,2024-11-03,16:15:00,Sampdoria,Brescia,0,1,0.0,0.0,A,D,1.7,3.6,4.5,1.98,1.88
I2,2024-11-03,16:15:00,Sassuolo,Mantova,1,0,0.0,0.0,H,D,1.53,4.0,5.75,1.67,2.15
I2,2024-11-08,19:30:00,Frosinone,Palermo,1,1,1.0,1.0,D,D,2.88,3.25,2.45,2.05,1.75
I2,2024-11-09,14:00:00,Brescia,Cosenza,2,3,0.0,2.0,A,A,2.38,3.2,3.1,2.15,1.67
I2,2024-11-09,14:00:00,Modena,Carrarese,2,0,1.0,0.0,H,H,1.8,3.4,4.75,2.3,1.6
I2,2024-11-09,14:00:00,Pisa,Sampdoria,3,0,1.0,0.0,H,H,2.15,3.3,3.4,2.25,1.62
I2,2024-11-09,14:00:00,Sudtirol,Sassuolo,0,1,0.0,0.0,A,D,3.7,3.2,2.1,2.1,1.7
I2,2024-11-09,16:15:00,Mantova,Cremonese,1,0,0.0,0.0,H,D,3.8,3.5,1.95,1.83,2.03
I2,2024-11-10,14:00:00,Cittadella,Cesena,0,2,0.0,0.0,A,D,2.88,3.2,2.5,2.05,1.75
I2,2024-11-10,14:00:00,Juve Stabia,Spezia,0,3,0.0,1.0,A,A,2.88,3.2,2.5,2.4,1.53
I2,2024-11-10,14:00:00,Reggiana,Catanzaro,2,2,2.0,1.0,D,H,2.45,3.2,2.88,2.2,1.65
I2,2024-11-10,16:15:00,Salernitana,Bari,0,2,0.0,2.0,A,A,2.4,3.2,3.0,2.05,1.75
I2,2024-11-22,19:30:00,Cosenza,Modena,1,1,0.0,1.0,D,A,2.8,3.0,2.7,2.35,1.57
I2,2024-11-23,14:00:00,Carrarese,Pisa,1,0,0.0,0.0,H,D,3.5,3.1,2.2,2.4,1.53
I2,2024-11-23,14:00:00,Catanzaro,Mantova,2,2,1.0,1.0,D,D,1.85,3.5,4.1,2.0,1.85
I2,2024-11-23,14:00:00,Juve Stabia,Brescia,0,0,0.0,0.0,D,D,2.25,3.2,3.25,2.25,1.62
I2,2024-11-23,14:00:00,Sassuolo,Salernitana,4,0,0.0,0.0,H,D,1.67,3.7,5.0,1.73,2.08
I2,2024-11-23,16:15:00,Cesena,Reggiana,1,1,0.0,0.0,D,D,1.85,3.3,4.5,2.15,1.67
I2,2024-11-24,14:00:00,Bari,Cittadella,3,2,3.0,0.0,H,H,1.85,3.4,4.33,2.15,1.67
I2,2024-11-24,14:00:00,Cremonese,Frosinone,1,0,0.0,0.0,H,D,1.75,3.4,5.0,2.05,1.75
I2,2024-11-24,14:00:00,Spezia,Sudtirol,3,0,2.0,0.0,H,H,1.73,3.2,5.75,2.6,1.48
I2,2024-11-24,16:15:00,Palermo,Sampdoria,1,1,1.0,1.0,D,D,2.15,3.2,3.5,2.08,1.73
I2,2024-11-29,19:30:00,Reggiana,Sassuolo,0,2,0.0,1.0,A,A,5.0,3.7,1.67,1.9,1.95
I2,2024-11-30,14:00:00,Brescia,Bari,1,1,1.0,1.0,D,D,2.7,3.1,2.7,2.1,1.7
I2,2024-11-30,14:00:00,Cittadella,Juve Stabia,2,2,2.0,2.0,D,D,2.38,3.1,3.1,2.35,1.57
I2,2024-11-30,14:00:00,Sampdoria,Catanzaro,3,3,1.0,0.0,D,H,1.91,3.4,4.1,2.1,1.7
I2,2024-11-30,14:00:00,Sudtirol,Cremonese,0,4,0.0,1.0,A,A,3.6,2.9,2.25,2.4,1.53
I2,2024-11-30,16:15:00,Mantova,Modena,0,0,0.0,0.0,D,D,3.1,3.1,2.38,2.25,1.62
I2,2024-12-01,14:00:00,Frosinone,Cesena,3,2,2.0,1.0,H,H,2.9,3.2,2.45,2.15,1.67
I2,2024-12-01,14:00:00,Palermo,Spezia,2,0,1.0,0.0,H,H,2.2,3.2,3.4,2.25,1.62
I2,2024-12-01,14:00:00,Pisa,Cosenza,2,2,2.0,0.0,D,H,1.91,3.4,4.0,2.2,1.65
I2,2024-12-01,16:15:00,Salernitana,Carrarese,4,1,2.0,1.0,H,H,2.0,3.25,3.9,2.15,1.67
I2,2024-12-06,19:30:00,Juve Stabia,Sudtirol,2,1,1.0,0.0,H,H,2.1,2.88,4.33,3.1,1.36
I2,2024-12-07,14:00:00,Bari,Cesena,1,0,1.0,0.0,H,H,2.4,3.2,3.0,2.15,1.63
I2,2024-12-07,14:00:00,Carrarese,Palermo,1,0,0.0,0.0,H,D,3.3,3.2,2.25,2.15,1.63
I2,2024-12-07,14:00:00,Mantova,Pisa,2,3,1.0,2.0,A,A,3.2,3.2,2.25,2.2,1.65
I2,2024-12-07,14:00:00,Modena,Salernitana,1,1,0.0,0.0,D,D,2.0,3.3,3.8,2.15,1.67
I2,2024-12-07,16:15:00,Cosenza,Frosinone,0,1,0.0,1.0,A,A,2.15,3.1,3.7,2.3,1.6
I2,2024-12-08,14:00:00,Catanzaro,Brescia,2,1,1.0,1.0,H,D,2.15,3.4,3.3,2.03,1.83
I2,2024-12-08,14:00:00,Cremonese,Reggiana,0,2,0.0,1.0,A,A,1.57,3.9,5.75,2.0,1.85
I2,2024-12-08,14:00:00,Spezia,Cittadella,5,0,3.0,0.0,H,H,1.67,3.6,5.5,2.15,1.67
I2,2024-12-08,16:15:00,Sassuolo,Sampdoria,5,1,2.0,0.0,H,H,1.65,3.8,5.0,1.7,2.1
I2,2024-12-13,19:30:00,Pisa,Bari,2,0,0.0,0.0,H,D,2.05,3.3,3.75,2.1,1.7
I2,2024-12-14,14:00:00,Cesena,Cosenza,2,1,1.0,0.0,H,H,1.85,3.25,4.5,2.08,1.73
I2,2024-12-14,14:00:00,Frosinone,Sassuolo,1,2,1.0,1.0,A,D,3.9,3.6,1.9,2.0,1.85
I2,2024-12-14,14:00:00,Reggiana,Modena,0,1,0.0,1.0,A,A,2.88,2.8,2.75,2.35,1.57
I2,2024-12-14,14:00:00,Sudtirol,Mantova,2,2,1.0,1.0,D,D,1.85,3.25,4.5,2.35,1.57
I2,2024-12-14,16:15:00,Sampdoria,Spezia,0,0,0.0,0.0,D,D,2.7,3.1,2.7,2.25,1.62
I2,2024-12-15,14:00:00,Brescia,Carrarese,0,0,0.0,0.0,D,D,2.2,3.3,3.3,2.08,1.73
I2,2024-12-15,14:00:00,Cittadella,Cremonese,0,0,0.0,0.0,D,D,3.6,3.5,2.0,2.1,1.7
I2,2024-12-15,14:00:00,Palermo,Catanzaro,1,2,1.0,1.0,A,D,1.83,3.6,4.2,1.98,1.88
I2,2024-12-15,16:15:00,Salernitana,Juve Stabia,1,2,1.0,1.0,A,D,2.3,3.2,3.2,2.25,1.62
I2,2024-12-20,19:30:00,Salernitana,Brescia,0,0,0.0,0.0,D,D,2.15,3.3,3.4,2.05,1.75
I2,2024-12-21,14:00:00,Bari,Sudtirol,0,1,0.0,0.0,A,D,1.95,3.2,4.33,2.5,1.5
I2,2024-12-21,14:00:00,Carrarese,Cosenza,1,0,0.0,0.0,H,D,2.55,3.1,2.9,2.35,1.57
I2,2024-12-21,14:00:00,Mantova,Frosinone,3,1,3.0,0.0,H,H,2.45,3.2,2.9,2.15,1.67
I2,2024-12-21,14:00:00,Sassuolo,Palermo,2,1,1.0,1.0,H,D,1.8,3.75,4.33,1.67,2.15
I2,2024-12-21,16:15:00,Catanzaro,Spezia,0,1,0.0,1.0,A,A,2.88,3.2,2.45,2.25,1.62
I2,2024-12-21,16:15:00,Cittadella,Reggiana,3,1,0.0,0.0,H,D,2.63,3.0,2.88,2.4,1.53
I2,2024-12-21,16:15:00,Modena,Pisa,1,0,0.0,0.0,H,D,2.8,2.9,2.8,2.7,1.44
I2,2024-12-22,14:00:00,Juve Stabia,Cesena,1,0,1.0,0.0,H,H,2.7,3.1,2.7,2.25,1.62
I2,2024-12-22,16:15:00,Cremonese,Sampdoria,1,1,0.0,1.0,D,A,1.8,3.5,4.5,1.98,1.88
I2,2024-12-26,11:30:00,Pisa,Sassuolo,3,1,2.0,0.0,H,H,3.1,3.1,2.38,2.0,1.85
I2,2024-12-26,14:00:00,Brescia,Modena,3,3,1.0,2.0,D,A,2.7,2.9,2.8,2.4,1.53
I2,2024-12-26,14:00:00,Cesena,Cremonese,0,1,0.0,0.0,A,D,2.63,3.0,2.8,2.25,1.62
I2,2024-12-26,14:00:00,Cosenza,Catanzaro,1,1,0.0,0.0,D,D,2.38,3.0,3.3,2.2,1.65
I2,2024-12-26,14:00:00,Frosinone,Salernitana,2,0,0.0,0.0,H,D,2.35,3.1,3.25,2.2,1.65
I2,2024-12-26,14:00:00,Reggiana,Juve Stabia,2,1,2.0,0.0,H,H,2.55,3.0,3.0,2.4,1.53
I2,2024-12-26,14:00:00,Spezia,Mantova,1,1,0.0,1.0,D,A,1.57,3.9,5.75,1.93,1.93
I2,2024-12-26,14:00:00,Sudtirol,Cittadella,1,2,1.0,1.0,A,D,2.2,3.0,3.6,2.7,1.44
I2,2024-12-26,17:00:00,Palermo,Bari,1,0,1.0,0.0,H,H,1.91,3.4,4.0,2.03,1.83
I2,2024-12-26,19:30:00,Sampdoria,Carrarese,1,1,0.0,1.0,D,A,1.9,3.4,4.2,2.08,1.73
I2,2024-12-29,11:30:00,Cremonese,Brescia,1,1,0.0,0.0,D,D,1.73,3.6,5.0,2.08,1.73
I2,2024-12-29,14:00:00,Bari,Spezia,2,0,1.0,0.0,H,H,2.88,2.9,2.6,2.4,1.53
I2,2024-12-29,14:00:00,Carrarese,Cesena,2,0,0.0,0.0,H,D,2.7,3.0,2.8,2.4,1.53
I2,2024-12-29,14:00:00,Mantova,Reggiana,0,2,0.0,1.0,A,A,2.35,3.0,3.1,2.25,1.62
I2,2024-12-29,14:00:00,Modena,Sudtirol,0,0,0.0,0.0,D,D,1.95,3.3,4.0,2.4,1.53
I2,2024-12-29,14:00:00,Sassuolo,Cosenza,2,1,0.0,0.0,H,D,1.36,4.75,7.5,1.75,2.05
I2,2024-12-29,16:15:00,Catanzaro,Salernitana,1,0,0.0,0.0,H,D,2.15,3.1,3.6,2.08,1.73
I2,2024-12-29,16:15:00,Cittadella,Palermo,2,1,1.0,0.0,H,H,3.4,3.0,2.25,2.2,1.65
I2,2024-12-29,16:15:00,Juve Stabia,Frosinone,1,1,1.0,0.0,D,H,2.1,3.1,3.7,2.5,1.5
I2,2024-12-29,18:30:00,Sampdoria,Pisa,0,1,0.0,0.0,A,D,2.6,3.3,2.63,2.05,1.8
I2,2025-01-12,11:30:00,Salernitana,Sassuolo,1,2,0.0,2.0,A,A,4.2,3.5,1.85,1.85,2.0
I2,2025-01-12,14:00:00,Cosenza,Mantova,2,2,2.0,1.0,D,H,1.91,3.3,4.2,2.08,1.73
I2,2025-01-12,14:00:00,Frosinone,Cremonese,0,3,0.0,2.0,A,A,3.3,3.2,2.25,2.25,1.62
I2,2025-01-12,14:00:00,Palermo,Modena,2,0,1.0,0.0,H,H,2.0,2.9,4.5,2.25,1.62
I2,2025-01-12,14:00:00,Reggiana,Bari,0,0,0.0,0.0,D,D,2.5,2.8,3.2,2.25,1.62
I2,2025-01-12,14:00:00,Spezia,Juve Stabia,1,1,1.0,0.0,D,H,1.8,3.25,5.0,2.35,1.57
I2,2025-01-12,14:00:00,Sudtirol,Catanzaro,1,1,1.0,1.0,D,D,2.45,3.1,3.0,2.4,1.53
I2,2025-01-12,16:15:00,Cesena,Cittadella,0,0,0.0,0.0,D,D,1.91,3.1,4.5,2.2,1.65
I2,2025-01-12,18:30:00,Brescia,Sampdoria,1,1,0.0,1.0,D,A,2.63,3.2,2.7,2.08,1.73
I2,2025-01-13,19:30:00,Pisa,Carrarese,2,1,1.0,0.0,H,H,1.85,3.4,4.5,2.25,1.62
I2,2025-01-17,19:30:00,Sampdoria,Cesena,1,2,1.0,1.0,A,D,2.25,3.0,3.6,2.4,1.53
I2,2025-01-18,14:00:00,Cittadella,Mantova,1,2,0.0,1.0,A,A,2.0,3.1,4.0,2.15,1.67
I2,2025-01-18,14:00:00,Cremonese,Cosenza,3,1,1.0,1.0,H,D,1.67,3.5,5.5,2.05,1.75
I2,2025-01-18,14:00:00,Modena,Frosinone,1,1,1.0,0.0,D,H,2.05,3.1,4.0,2.4,1.53
I2,2025-01-18,14:00:00,Salernitana,Reggiana,2,1,0.0,0.0,H,D,2.0,3.2,4.0,2.35,1.57
I2,2025-01-18,16:15:00,Bari,Brescia,2,2,2.0,1.0,D,H,2.05,3.2,3.75,2.25,1.62
I2,2025-01-19,14:00:00,Catanzaro,Pisa,0,0,0.0,0.0,D,D,3.25,2.9,2.45,2.25,1.62
I2,2025-01-19,14:00:00,Palermo,Juve Stabia,1,0,0.0,0.0,H,D,1.95,3.1,4.33,2.15,1.67
I2,2025-01-19,14:00:00,Sassuolo,Sudtirol,5,3,1.0,2.0,H,A,1.5,4.1,7.0,1.88,1.98
I2,2025-01-19,16:15:00,Carrarese,Spezia,0,4,0.0,2.0,A,A,2.9,3.1,2.5,2.5,1.5
I2,2025-01-24,19:30:00,Spezia,Sassuolo,2,1,1.0,1.0,H,D,2.45,3.0,3.1,2.05,1.8
I2,2025-01-25,14:00:00,Cesena,Bari,1,1,0.0,1.0,D,A,2.15,3.2,3.5,2.25,1.62
I2,2025-01-25,14:00:00,Cosenza,Cittadella,0,1,0.0,1.0,A,A,2.2,3.1,3.5,2.3,1.6
I2,2025-01-25,14:00:00,Frosinone,Sudtirol,0,3,0.0,2.0,A,A,2.2,3.0,3.6,2.5,1.5
I2,2025-01-25,14:00:00,Juve Stabia,Carrarese,2,1,2.0,0.0,H,H,2.1,3.1,3.8,2.5,1.47
I2,2025-01-25,16:15:00,Mantova,Sampdoria,2,2,0.0,2.0,D,A,2.8,3.3,2.5,2.05,1.8
I2,2025-01-26,14:00:00,Brescia,Catanzaro,2,3,1.0,1.0,A,D,2.25,3.2,3.3,2.15,1.67
I2,2025-01-26,14:00:00,Pisa,Salernitana,1,0,0.0,0.0,H,D,1.73,3.6,4.75,2.05,1.75
I2,2025-01-26,14:00:00,Reggiana,Palermo,2,1,1.0,1.0,H,D,3.0,3.0,2.5,2.25,1.62
I2,2025-01-26,16:15:00,Cremonese,Modena,2,2,1.0,2.0,D,A,1.8,3.1,4.5,2.35,1.57
I2,2025-01-31,19:30:00,Palermo,Pisa,1,2,0.0,2.0,A,A,2.3,3.0,3.3,2.2,1.65
I2,2025-02-01,14:00:00,Catanzaro,Cesena,4,2,3.0,1.0,H,H,2.5,3.2,2.9,2.25,1.62
I2,2025-02-01,14:00:00,Cittadella,Spezia,0,2,0.0,2.0,A,A,3.4,3.2,2.2,2.2,1.65
I2,2025-02-01,14:00:00,Sampdoria,Cosenza,1,0,1.0,0.0,H,H,1.95,3.2,4.1,2.25,1.62
I2,2025-02-01,14:00:00,Sassuolo,Juve Stabia,2,0,1.0,0.0,H,H,1.62,3.75,5.75,1.93,1.93
I2,2025-02-01,16:15:00,Modena,Mantova,3,1,2.0,1.0,H,H,1.75,3.5,4.75,2.08,1.73
I2,2025-02-02,14:00:00,Carrarese,Brescia,1,2,0.0,2.0,A,A,2.25,3.1,3.4,2.25,1.62
I2,2025-02-02,14:00:00,Salernitana,Cremonese,1,0,0.0,0.0,H,D,3.1,3.25,2.3,2.15,1.67
I2,2025-02-02,14:00:00,Sudtirol,Reggiana,2,0,1.0,0.0,H,H,2.45,2.8,3.3,2.88,1.4
I2,2025-02-02,16:15:00,Bari,Frosinone,2,1,1.0,0.0,H,H,2.05,3.1,4.1,2.3,1.6
I2,2025-02-07,19:30:00,Brescia,Salernitana,0,0,0.0,0.0,D,D,2.63,3.0,2.88,2.15,1.67
I2,2025-02-08,14:00:00,Cosenza,Carrarese,1,0,0.0,0.0,H,D,2.3,3.0,3.4,2.25,1.62
I2,2025-02-08,14:00:00,Frosinone,Catanzaro,1,1,1.0,0.0,D,H,2.55,3.0,2.9,2.3,1.6
I2,2025-02-08,14:00:00,Mantova,Sassuolo,0,3,0.0,1.0,A,A,4.75,3.6,1.73,1.8,2.0
I2,2025-02-08,14:00:00,Pisa,Cittadella,0,1,0.0,0.0,A,D,1.65,3.7,5.25,2.15,1.67
I2,2025-02-08,16:15:00,Sampdoria,Modena,1,0,1.0,0.0,H,H,2.55,3.0,3.0,2.35,1.57
I2,2025-02-09,14:00:00,Cremonese,Sudtirol,3,1,1.0,0.0,H,H,1.67,3.7,5.0,2.2,1.65
I2,2025-02-09,14:00:00,Reggiana,Cesena,0,1,0.0,0.0,A,D,2.4,2.9,3.4,2.5,1.5
I2,2025-02-09,14:00:00,Spezia,Palermo,2,2,0.0,1.0,D,A,1.9,3.3,4.2,2.08,1.73
I2,2025-02-09,16:15:00,Juve Stabia,Bari,3,1,1.0,0.0,H,H,2.35,3.0,3.25,2.5,1.5
I2,2025-02-14,19:30:00,Catanzaro,Cittadella,1,0,0.0,0.0,H,D,1.95,3.2,4.2,2.1,1.7
I2,2025-02-15,14:00:00,Carrarese,Salernitana,3,2,2.0,0.0,H,H,2.45,2.88,3.25,2.3,1.6
I2,2025-02-15,14:00:00,Modena,Spezia,1,1,1.0,1.0,D,D,3.1,3.0,2.5,2.4,1.53
I2,2025-02-15,14:00:00,Sassuolo,Brescia,2,0,1.0,0.0,H,H,1.5,4.1,6.25,1.6,2.3
I2,2025-02-15,14:00:00,Sudtirol,Sampdoria,2,1,1.0,1.0,H,D,2.6,2.9,3.0,2.4,1.53
I2,2025-02-15,16:15:00,Bari,Cremonese,1,1,0.0,0.0,D,D,3.1,3.1,2.4,2.15,1.67
I2,2025-02-16,14:00:00,Frosinone,Reggiana,1,1,0.0,1.0,D,A,2.63,2.88,3.0,2.6,1.48
I2,2025-02-16,14:00:00,Juve Stabia,Cosenza,3,0,1.0,0.0,H,H,1.91,3.1,4.5,2.4,1.53
I2,2025-02-16,14:00:00,Palermo,Mantova,2,2,1.0,0.0,D,H,1.75,3.25,5.25,1.9,1.95
I2,2025-02-16,16:15:00,Cesena,Pisa,1,1,0.0,1.0,D,A,2.7,3.0,2.8,2.3,1.6
I2,2025-02-21,19:30:00,Sampdoria,Sassuolo,0,0,0.0,0.0,D,D,3.3,3.1,2.25,2.08,1.73
I2,2025-02-22,14:00:00,Cittadella,Modena,0,2,0.0,1.0,A,A,3.0,2.9,2.55,2.4,1.53
I2,2025-02-22,14:00:00,Mantova,Bari,0,1,0.0,0.0,A,D,2.55,3.25,2.75,2.05,1.75
I2,2025-02-22,14:00:00,Pisa,Juve Stabia,3,1,0.0,0.0,H,D,1.9,3.25,4.33,2.4,1.53
I2,2025-02-22,14:00:00,Reggiana,Carrarese,2,2,1.0,1.0,D,D,2.25,2.8,3.75,2.5,1.5
I2,2025-02-22,16:15:00,Cremonese,Cesena,1,2,1.0,1.0,A,D,1.75,3.5,4.75,2.1,1.7
I2,2025-02-23,14:00:00,Brescia,Sudtirol,0,0,0.0,0.0,D,D,2.3,3.1,3.25,2.3,1.6
I2,2025-02-23,14:00:00,Cosenza,Palermo,0,3,0.0,1.0,A,A,2.9,3.1,2.5,2.15,1.67
I2,2025-02-23,14:00:00,Spezia,Catanzaro,0,1,0.0,0.0,A,D,1.6,3.75,5.75,1.98,1.88
I2,2025-02-23,16:15:00,Salernitana,Frosinone,1,1,0.0,1.0,D,A,2.0,3.4,3.75,2.2,1.65
I2,2025-02-28,18:30:00,Sudtirol,Spezia,1,1,1.0,1.0,D,D,4.75,3.4,1.83,2.3,1.6
I2,2025-03-01,14:00:00,Carrarese,Cremonese,2,2,2.0,1.0,D,H,3.75,3.1,2.1,2.15,1.67
I2,2025-03-01,14:00:00,Cesena,Salernitana,2,0,0.0,0.0,H,D,2.3,3.0,3.4,2.3,1.6
I2,2025-03-01,14:00:00,Frosinone,Mantova,2,1,2.0,1.0,H,H,2.05,3.3,3.75,2.15,1.67
I2,2025-03-01,14:00:00,Juve Stabia,Cittadella,0,1,0.0,1.0,A,A,1.9,3.2,4.5,2.35,1.57
I2,2025-03-01,16:15:00,Sassuolo,Pisa,1,0,1.0,0.0,H,H,1.95,3.3,3.9,2.15,1.67
I2,2025-03-02,14:00:00,Catanzaro,Reggiana,1,1,0.0,1.0,D,A,2.25,3.25,3.25,2.35,1.57
I2,2025-03-02,14:00:00,Modena,Cosenza,1,1,0.0,1.0,D,A,1.83,3.3,4.5,2.25,1.62
I2,2025-03-02,14:00:00,Palermo,Brescia,1,0,0.0,0.0,H,D,1.75,3.6,4.75,1.95,1.9
I2,2025-03-02,16:15:00,Bari,Sampdoria,1,1,0.0,1.0,D,A,2.4,3.0,3.25,2.4,1.53
I2,2025-03-07,19:30:00,Cosenza,Reggiana,1,0,1.0,0.0,H,H,2.55,2.85,3.0,2.6,1.48
I2,2025-03-08,14:00:00,Carrarese,Frosinone,0,1,0.0,0.0,A,D,2.4,3.0,3.2,2.5,1.5
I2,2025-03-08,14:00:00,Cremonese,Catanzaro,4,0,1.0,0.0,H,H,1.7,3.7,4.75,1.98,1.88
I2,2025-03-08,14:00:00,Mantova,Juve Stabia,1,1,0.0,0.0,D,D,2.7,3.0,2.8,2.35,1.57
I2,2025-03-08,14:00:00,Salernitana,Modena,1,0,0.0,0.0,H,D,2.35,3.2,3.1,2.25,1.62
I2,2025-03-08,16:15:00,Sampdoria,Palermo,1,1,1.0,1.0,D,D,2.7,3.1,2.7,2.1,1.7
I2,2025-03-08,18:30:00,Brescia,Cesena,1,1,1.0,0.0,D,H,2.7,3.1,2.7,2.4,1.53
I2,2025-03-09,14:00:00,Sassuolo,Bari,1,1,0.0,1.0,D,A,1.6,3.9,5.25,1.98,1.88
I2,2025-03-09,14:00:00,Spezia,Pisa,3,2,1.0,1.0,H,D,1.91,3.3,4.1,2.35,1.57
I2,2025-03-09,16:15:00,Cittadella,Sudtirol,1,5,0.0,0.0,A,D,2.7,2.75,3.0,2.5,1.5
I2,2025-03-14,19:30:00,Palermo,Cremonese,2,3,0.0,0.0,A,D,2.7,3.0,2.8,2.1,1.7
I2,2025-03-15,14:00:00,Cesena,Spezia,0,0,0.0,0.0,D,D,4.0,3.0,2.1,2.35,1.57
I2,2025-03-15,14:00:00,Cittadella,Sassuolo,1,2,0.0,1.0,A,A,4.33,3.4,1.85,2.0,1.85
I2,2025-03-15,14:00:00,Frosinone,Brescia,2,1,1.0,1.0,H,D,2.3,2.63,4.0,2.35,1.57
I2,2025-03-15,14:00:00,Juve Stabia,Modena,2,1,1.0,0.0,H,H,2.5,2.88,3.2,2.4,1.53
I2,2025-03-15,18:30:00,Bari,Salernitana,0,0,0.0,0.0,D,D,2.3,3.1,3.2,2.25,1.58
I2,2025-03-16,14:00:00,Pisa,Mantova,3,1,1.0,1.0,H,D,1.65,3.75,5.25,2.0,1.85
I2,2025-03-16,14:00:00,Reggiana,Sampdoria,2,2,1.0,0.0,D,H,2.7,2.8,3.0,2.5,1.5
I2,2025-03-16,14:00:00,Sudtirol,Carrarese,2,2,0.0,1.0,D,A,2.25,3.0,3.5,2.4,1.53
I2,2025-03-16,16:15:00,Catanzaro,Cosenza,4,0,1.0,0.0,H,H,2.0,3.3,3.8,2.15,1.63
I2,2025-03-28,19:30:00,Spezia,Brescia,0,1,0.0,1.0,A,A,1.53,3.8,6.5,2.05,1.8
I2,2025-03-29,14:00:00,Cosenza,Pisa,0,3,0.0,3.0,A,A,4.0,3.1,2.05,2.5,1.5
I2,2025-03-29,14:00:00,Mantova,Sudtirol,2,0,2.0,0.0,H,H,2.45,3.0,3.1,2.4,1.53
I2,2025-03-29,14:00:00,Modena,Catanzaro,2,1,1.0,0.0,H,H,2.0,3.2,4.0,2.25,1.62
I2,2025-03-29,14:00:00,Sampdoria,Frosinone,0,3,0.0,0.0,A,D,1.95,3.3,4.1,2.3,1.6
I2,2025-03-29,16:15:00,Cremonese,Cittadella,2,2,0.0,1.0,D,A,1.4,4.33,8.5,1.83,2.03
I2,2025-03-29,18:30:00,Sassuolo,Reggiana,5,1,4.0,1.0,H,H,1.62,3.8,5.25,2.03,1.83
I2,2025-03-30,14:00:00,Carrarese,Bari,2,1,1.0,1.0,H,D,2.35,3.25,3.0,2.25,1.62
I2,2025-03-30,14:00:00,Cesena,Juve Stabia,1,2,0.0,1.0,A,A,2.35,2.88,3.4,2.5,1.5
I2,2025-03-30,16:15:00,Salernitana,Palermo,1,2,0.0,2.0,A,A,2.55,3.3,2.7,2.15,1.67
I2,2025-04-04,19:30:00,Reggiana,Cremonese,1,2,1.0,1.0,A,D,3.75,3.2,2.1,2.35,1.57
I2,2025-04-05,14:00:00,Brescia,Mantova,1,2,1.0,0.0,A,H,2.15,3.2,3.5,2.08,1.73
I2,2025-04-05,14:00:00,Cittadella,Carrarese,0,0,0.0,0.0,D,D,2.7,3.1,2.7,2.35,1.57
I2,2025-04-05,14:00:00,Frosinone,Cosenza,2,2,1.0,2.0,D,A,1.8,3.5,4.5,2.25,1.62
I2,2025-04-05,14:00:00,Sudtirol,Cesena,1,1,1.0,0.0,D,H,2.5,3.2,2.88,2.4,1.53
I2,2025-04-05,16:15:00,Pisa,Modena,1,2,0.0,1.0,A,A,1.83,3.4,4.5,2.35,1.57
I2,2025-04-05,18:30:00,Juve Stabia,Salernitana,1,0,0.0,0.0,H,D,2.38,2.9,3.3,2.4,1.53
I2,2025-04-06,14:00:00,Catanzaro,Bari,3,3,1.0,1.0,D,D,2.25,3.2,3.3,2.15,1.67
I2,2025-04-06,14:00:00,Palermo,Sassuolo,5,3,3.0,0.0,H,H,2.63,3.3,2.63,2.03,1.83
I2,2025-04-06,16:15:00,Spezia,Sampdoria,2,0,0.0,0.0,H,D,1.67,3.7,5.25,2.0,1.85
I2,2025-04-11,19:30:00,Bari,Palermo,2,1,1.0,1.0,H,D,2.88,3.1,2.55,1.95,1.9
I2,2025-04-12,14:00:00,Carrarese,Catanzaro,2,2,1.0,0.0,D,H,2.4,3.2,3.0,2.05,1.75
I2,2025-04-12,14:00:00,Cosenza,Brescia,1,1,0.0,1.0,D,A,2.63,3.1,2.75,2.2,1.65
I2,2025-04-12,14:00:00,Reggiana,Pisa,0,2,0.0,2.0,A,A,3.6,3.2,2.15,2.3,1.6
I2,2025-04-12,14:00:00,Salernitana,Sudtirol,2,1,0.0,0.0,H,D,2.1,3.1,3.7,2.2,1.65
I2,2025-04-12,16:15:00,Sampdoria,Cittadella,1,0,0.0,0.0,H,D,1.62,3.6,6.0,2.05,1.75
I2,2025-04-12,18:30:00,Modena,Sassuolo,1,3,0.0,1.0,A,A,3.1,3.2,2.38,2.05,1.8
I2,2025-04-13,14:00:00,Cesena,Frosinone,1,1,1.0,0.0,D,H,2.2,3.1,3.5,2.4,1.53
I2,2025-04-13,14:00:00,Cremonese,Juve Stabia,1,1,0.0,0.0,D,D,1.73,3.6,5.25,2.03,1.83
I2,2025-04-13,16:15:00,Mantova,Spezia,2,2,0.0,1.0,D,A,3.9,3.6,1.85,1.9,1.95
I2,2025-04-25,11:30:00,Frosinone,Spezia,2,2,2.0,1.0,D,H,3.6,3.5,1.95,1.88,1.98
I2,2025-04-25,14:00:00,Bari,Modena,1,2,1.0,2.0,A,A,2.3,3.1,3.2,2.15,1.67
I2,2025-04-25,14:00:00,Brescia,Pisa,1,2,0.0,1.0,A,A,3.5,3.25,2.15,2.15,1.67
I2,2025-04-25,14:00:00,Carrarese,Sampdoria,1,0,1.0,0.0,H,H,2.8,2.9,2.75,2.25,1.62
I2,2025-04-25,14:00:00,Reggiana,Cittadella,2,1,0.0,0.0,H,D,2.0,3.3,3.8,2.3,1.6
I2,2025-04-25,14:00:00,Salernitana,Cosenza,3,1,0.0,0.0,H,D,1.73,3.6,5.0,2.05,1.8
I2,2025-04-25,17:00:00,Cremonese,Mantova,4,2,1.0,1.0,H,D,1.48,4.5,6.25,1.6,2.3
I2,2025-04-25,19:30:00,Cesena,Sassuolo,0,2,0.0,1.0,A,A,3.0,3.25,2.35,2.0,1.85
I2,2025-04-27,14:00:00,Catanzaro,Palermo,1,3,0.0,2.0,A,A,2.63,3.3,2.63,1.93,1.93
I2,2025-04-27,14:00:00,Sudtirol,Juve Stabia,2,0,1.0,0.0,H,H,2.6,3.0,3.0,2.5,1.5
I2,2025-05-01,11:30:00,Juve Stabia,Catanzaro,2,0,2.0,0.0,H,H,2.05,3.6,3.4,1.85,2.0
I2,2025-05-01,14:00:00,Cosenza,Bari,1,0,1.0,0.0,H,H,3.25,3.2,2.25,2.1,1.7
I2,2025-05-01,14:00:00,Mantova,Cesena,3,0,1.0,0.0,H,H,2.45,3.3,2.8,1.95,1.9
I2,2025-05-01,14:00:00,Modena,Reggiana,2,3,2.0,1.0,A,H,2.0,3.1,4.1,2.4,1.53
I2,2025-05-01,14:00:00,Palermo,Sudtirol,1,2,1.0,0.0,A,H,2.25,3.1,3.3,2.15,1.67
I2,2025-05-01,14:00:00,Pisa,Frosinone,1,0,0.0,0.0,H,D,1.91,3.2,4.33,2.1,1.7
I2,2025-05-01,14:00:00,Sampdoria,Cremonese,0,0,0.0,0.0,D,D,3.1,3.2,2.3,2.05,1.75
I2,2025-05-01,14:00:00,Spezia,Salernitana,2,0,1.0,0.0,H,H,1.95,3.5,3.9,2.03,1.83
I2,2025-05-01,16:15:00,Cittadella,Brescia,0,1,0.0,1.0,A,A,2.75,3.2,2.55,2.1,1.7
I2,2025-05-01,18:30:00,Sassuolo,Carrarese,2,0,1.0,0.0,H,H,1.57,4.1,5.5,1.73,2.08
I2,2025-05-04,14:00:00,Bari,Pisa,1,0,1.0,0.0,H,H,3.4,3.1,2.2,2.25,1.62
I2,2025-05-04,14:00:00,Brescia,Juve Stabia,0,0,0.0,0.0,D,D,2.65,3.0,2.75,2.35,1.57
I2,2025-05-04,14:00:00,Carrarese,Modena,2,1,1.0,0.0,H,H,2.2,3.1,3.4,2.07,1.69
I2,2025-05-04,14:00:00,Catanzaro,Sampdoria,2,2,1.0,1.0,D,D,2.01,3.3,3.6,1.98,1.88
I2,2025-05-04,14:00:00,Cesena,Palermo,2,1,1.0,1.0,H,D,2.5,3.1,2.9,2.1,1.67
I2,2025-05-04,14:00:00,Frosinone,Cittadella,1,1,1.0,0.0,D,H,2.25,2.75,3.9,2.5,1.47
I2,2025-05-04,14:00:00,Reggiana,Spezia,2,1,1.0,1.0,H,D,3.3,3.1,2.3,2.4,1.5
I2,2025-05-04,14:00:00,Salernitana,Mantova,2,0,1.0,0.0,H,H,2.3,3.0,3.4,2.1,1.67
I2,2025-05-04,14:00:00,Sudtirol,Cosenza,2,1,1.0,1.0,H,D,1.8,3.4,4.75,2.2,1.65
I2,2025-05-04,18:30:00,Cremonese,Sassuolo,1,1,1.0,1.0,D,D,2.55,3.2,2.8,1.88,1.98
I2,2025-05-09,19:30:00,Cittadella,Bari,3,1,0.0,1.0,H,A,2.63,3.1,2.63,2.15,1.67
I2,2025-05-09,19:30:00,Cosenza,Cesena,0,1,0.0,1.0,A,A,4.0,3.4,1.91,2.03,1.83
I2,2025-05-09,19:30:00,Juve Stabia,Reggiana,1,2,0.0,2.0,A,A,2.38,2.7,3.6,2.5,1.5
I2,2025-05-09,19:30:00,Mantova,Carrarese,2,1,1.0,0.0,H,H,2.05,3.0,4.2,1.93,1.93
I2,2025-05-09,19:30:00,Modena,Brescia,2,2,1.0,1.0,D,D,2.25,3.0,3.5,2.25,1.62
I2,2025-05-09,19:30:00,Palermo,Frosinone,2,0,1.0,0.0,H,H,1.91,3.1,4.5,1.87,1.87
I2,2025-05-09,19:30:00,Pisa,Sudtirol,3,3,1.0,2.0,D,A,2.1,3.2,3.7,2.1,1.7
I2,2025-05-09,19:30:00,Sampdoria,Salernitana,1,0,1.0,0.0,H,H,2.25,3.2,3.25,2.1,1.7
I2,2025-05-09,19:30:00,Sassuolo,Catanzaro,0,2,0.0,0.0,A,D,2.15,3.3,3.5,1.65,2.2
I2,2025-05-09,19:30:00,Spezia,Cremonese,2,3,0.0,3.0,A,A,2.2,3.3,3.25,1.75,2.05
I2,2025-05-13,19:30:00,Brescia,Reggiana,2,1,1.0,1.0,H,D,1.44,4.2,7.5,1.95,1.85
I2,2025-05-13,19:30:00,Cittadella,Salernitana,0,2,0.0,1.0,A,A,3.1,2.9,2.25,1.98,1.83
I2,2025-05-13,19:30:00,Juve Stabia,Sampdoria,0,0,0.0,0.0,D,D,3.4,2.9,2.3,2.2,1.65
I2,2025-05-13,19:30:00,Mantova,Catanzaro,0,0,0.0,0.0,D,D,2.1,3.2,3.7,1.73,2.08
I2,2025-05-13,19:30:00,Modena,Cesena,0,1,0.0,0.0,A,D,2.9,2.7,2.5,2.3,1.6
I2,2025-05-13,19:30:00,Palermo,Carrarese,1,1,0.0,1.0,D,A,1.57,4.1,5.5,1.67,2.15
I2,2025-05-13,19:30:00,Pisa,Cremonese,2,1,1.0,0.0,H,H,2.63,3.4,2.63,2.0,1.8
I2,2025-05-13,19:30:00,Sassuolo,Frosinone,0,1,0.0,1.0,A,A,3.0,3.2,2.45,1.73,2.08
I2,2025-05-13,19:30:00,Spezia,Cosenza,3,1,3.0,0.0,H,H,1.3,5.5,8.5,1.48,2.6
I2,2025-05-13,19:30:00,Sudtirol,Bari,0,0,0.0,0.0,D,D,2.9,3.3,2.4,2.0,1.8
F1,2024-08-16,19:45:00,Le Havre,Paris SG,1,4,0.0,1.0,A,A,7.0,4.75,1.42,1.62,2.3
F1,2024-08-17,16:00:00,Brest,Marseille,1,5,1.0,3.0,A,A,3.0,3.3,2.4,1.89,2.01
F1,2024-08-17,18:00:00,Reims,Lille,0,2,0.0,1.0,A,A,3.3,3.4,2.2,1.99,1.91
F1,2024-08-17,20:00:00,Monaco,St Etienne,1,0,1.0,0.0,H,H,1.48,4.5,6.25,1.57,2.38
F1,2024-08-18,14:00:00,Auxerre,Nice,2,1,1.0,1.0,H,D,3.1,3.25,2.35,2.2,1.67
F1,2024-08-18,16:00:00,Angers,Lens,0,1,0.0,1.0,A,A,5.75,3.8,1.62,1.92,1.98
F1,2024-08-18,16:00:00,Montpellier,Strasbourg,1,1,0.0,0.0,D,D,2.0,3.3,3.75,1.98,1.92
F1,2024-08-18,16:00:00,Toulouse,Nantes,0,0,0.0,0.0,D,D,2.1,3.3,3.7,2.2,1.67
F1,2024-08-18,19:45:00,Rennes,Lyon,3,0,2.0,0.0,H,H,2.35,3.5,2.9,1.8,2.0
F1,2024-08-23,19:45:00,Paris SG,Montpellier,6,0,2.0,0.0,H,H,1.25,7.0,10.0,1.33,3.4
F1,2024-08-24,16:00:00,Lyon,Monaco,0,2,0.0,0.0,A,D,2.5,3.8,2.6,1.5,2.63
F1,2024-08-24,18:00:00,Lille,Angers,2,0,1.0,0.0,H,H,1.36,4.75,9.0,1.98,1.92
F1,2024-08-24,20:00:00,St Etienne,Le Havre,0,2,0.0,0.0,A,D,2.1,3.4,3.5,2.1,1.73
F1,2024-08-25,14:00:00,Lens,Brest,2,0,2.0,0.0,H,H,1.8,3.7,4.5,2.02,1.88
F1,2024-08-25,16:00:00,Nantes,Auxerre,2,0,1.0,0.0,H,H,2.25,3.3,3.25,2.1,1.73
F1,2024-08-25,16:00:00,Nice,Toulouse,1,1,0.0,0.0,D,D,1.85,3.4,4.5,2.05,1.85
F1,2024-08-25,16:00:00,Strasbourg,Rennes,3,1,1.0,0.0,H,H,3.1,3.5,2.25,1.86,2.04
F1,2024-08-25,19:45:00,Marseille,Reims,2,2,1.0,0.0,D,H,1.53,4.5,5.5,1.62,2.3
F1,2024-08-30,19:45:00,Lyon,Strasbourg,4,3,1.0,1.0,H,D,1.85,3.75,4.0,1.73,2.1
F1,2024-08-31,16:00:00,Brest,St Etienne,4,0,2.0,0.0,H,H,1.8,3.8,4.33,2.07,1.83
F1,2024-08-31,18:00:00,Montpellier,Nantes,1,3,1.0,2.0,A,A,2.25,3.4,3.2,2.04,1.86
F1,2024-08-31,20:00:00,Toulouse,Marseille,1,3,0.0,2.0,A,A,3.8,3.8,1.9,1.8,2.0
F1,2024-09-01,14:00:00,Monaco,Lens,1,1,0.0,0.0,D,D,1.85,3.9,3.9,1.57,2.38
F1,2024-09-01,16:00:00,Angers,Nice,1,4,0.0,2.0,A,A,4.0,3.3,2.0,2.3,1.62
F1,2024-09-01,16:00:00,Le Havre,Auxerre,3,1,1.0,1.0,H,D,2.75,3.3,2.6,2.1,1.73
F1,2024-09-01,16:00:00,Reims,Rennes,2,1,1.0,1.0,H,D,2.9,3.5,2.38,1.83,2.07
F1,2024-09-01,19:45:00,Lille,Paris SG,1,3,0.0,2.0,A,A,3.9,3.8,1.85,1.73,2.1
F1,2024-09-13,19:45:00,St Etienne,Lille,1,0,1.0,0.0,H,H,5.5,3.6,1.7,1.92,1.98
F1,2024-09-14,16:00:00,Marseille,Nice,2,0,1.0,0.0,H,H,1.7,3.9,4.5,1.73,2.1
F1,2024-09-14,18:00:00,Auxerre,Monaco,0,3,0.0,2.0,A,A,3.9,3.75,1.85,1.5,2.63
F1,2024-09-14,20:00:00,Paris SG,Brest,3,1,1.0,1.0,H,D,1.27,6.0,10.0,1.44,2.75
F1,2024-09-15,14:00:00,Rennes,Montpellier,3,0,2.0,0.0,H,H,1.62,4.0,5.25,1.62,2.3
F1,2024-09-15,16:00:00,Nantes,Reims,1,2,1.0,1.0,A,D,2.38,3.4,3.0,1.99,1.91
F1,2024-09-15,16:00:00,Strasbourg,Angers,1,1,1.0,0.0,D,H,1.7,3.8,5.25,1.97,1.93
F1,2024-09-15,16:00:00,Toulouse,Le Havre,2,0,0.0,0.0,H,D,1.8,3.6,4.5,2.02,1.88
F1,2024-09-15,19:45:00,Lens,Lyon,0,0,0.0,0.0,D,D,1.8,3.75,4.33,1.73,2.1
F1,2024-09-20,19:45:00,Nice,St Etienne,8,0,6.0,0.0,H,H,1.53,4.1,6.5,1.93,1.97
F1,2024-09-21,16:00:00,Lille,Strasbourg,3,3,2.0,2.0,D,D,1.7,4.0,4.75,1.87,2.03
F1,2024-09-21,18:00:00,Rennes,Lens,1,1,1.0,0.0,D,H,2.35,3.4,3.0,2.0,1.8
F1,2024-09-21,20:00:00,Reims,Paris SG,1,1,1.0,0.0,D,H,6.5,4.75,1.44,1.53,2.5
F1,2024-09-22,14:00:00,Monaco,Le Havre,3,1,1.0,1.0,H,D,1.36,4.75,8.5,1.57,2.38
F1,2024-09-22,16:00:00,Angers,Nantes,1,1,1.0,1.0,D,D,3.2,3.3,2.3,2.3,1.62
F1,2024-09-22,16:00:00,Brest,Toulouse,2,0,1.0,0.0,H,H,2.15,3.5,3.4,2.0,1.9
F1,2024-09-22,16:00:00,Montpellier,Auxerre,3,2,0.0,1.0,H,A,2.3,3.3,3.2,1.73,2.1
F1,2024-09-22,19:45:00,Lyon,Marseille,2,3,0.0,0.0,A,D,2.9,3.8,2.2,1.57,2.38
F1,2024-09-27,18:00:00,Auxerre,Brest,3,0,2.0,0.0,H,H,2.75,3.4,2.55,1.93,1.97
F1,2024-09-27,20:00:00,Paris SG,Rennes,3,1,1.0,0.0,H,H,1.38,5.25,7.5,1.57,2.38
F1,2024-09-28,16:00:00,Lens,Nice,0,0,0.0,0.0,D,D,2.05,3.4,3.75,2.1,1.73
F1,2024-09-28,18:00:00,Le Havre,Lille,0,3,0.0,2.0,A,A,4.75,3.7,1.75,2.08,1.82
F1,2024-09-28,20:00:00,Monaco,Montpellier,2,1,1.0,1.0,H,D,1.33,5.5,7.5,1.44,2.7
F1,2024-09-29,14:00:00,Toulouse,Lyon,1,2,1.0,1.0,A,D,2.45,3.4,2.88,1.84,2.06
F1,2024-09-29,16:00:00,Angers,Reims,1,3,0.0,2.0,A,A,3.6,3.2,2.2,2.08,1.73
F1,2024-09-29,16:00:00,Nantes,St Etienne,2,2,1.0,0.0,D,H,1.73,3.8,4.75,2.02,1.88
F1,2024-09-29,19:45:00,Strasbourg,Marseille,1,0,1.0,0.0,H,H,3.4,3.9,2.0,1.57,2.35
F1,2024-10-04,19:45:00,Marseille,Angers,1,1,0.0,0.0,D,D,1.25,6.0,12.0,1.53,2.5
F1,2024-10-05,16:00:00,St Etienne,Auxerre,3,1,1.0,0.0,H,H,2.7,3.4,2.6,1.91,1.99
F1,2024-10-05,18:00:00,Lille,Toulouse,2,1,0.0,1.0,H,A,1.73,4.1,4.5,1.84,2.06
F1,2024-10-05,20:00:00,Rennes,Monaco,1,2,1.0,2.0,A,A,2.7,3.5,2.55,1.62,2.3
F1,2024-10-06,14:00:00,Lyon,Nantes,2,0,1.0,0.0,H,H,1.75,3.6,4.75,1.73,2.1
F1,2024-10-06,16:00:00,Brest,Le Havre,2,0,1.0,0.0,H,H,1.8,3.6,4.5,2.1,1.73
F1,2024-10-06,16:00:00,Reims,Montpellier,4,2,2.0,1.0,H,H,1.8,3.8,4.33,1.62,2.3
F1,2024-10-06,16:00:00,Strasbourg,Lens,2,2,1.0,2.0,D,A,3.0,3.3,2.4,1.92,1.98
F1,2024-10-06,19:45:00,Nice,Paris SG,1,1,1.0,0.0,D,H,4.75,4.0,1.7,1.73,2.1
F1,2024-10-18,19:45:00,Monaco,Lille,0,0,0.0,0.0,D,D,1.91,3.6,3.8,1.67,2.2
F1,2024-10-19,16:00:00,Brest,Rennes,1,1,0.0,0.0,D,D,2.9,3.25,2.5,2.04,1.86
F1,2024-10-19,18:00:00,St Etienne,Lens,0,2,0.0,1.0,A,A,5.25,3.75,1.67,1.95,1.95
F1,2024-10-19,20:00:00,Paris SG,Strasbourg,4,2,1.0,0.0,H,H,1.27,5.75,10.0,1.33,3.2
F1,2024-10-20,14:00:00,Le Havre,Lyon,0,4,0.0,1.0,A,A,3.75,3.5,2.0,1.73,2.1
F1,2024-10-20,16:00:00,Auxerre,Reims,2,1,1.0,0.0,H,H,2.63,3.4,2.6,1.73,2.1
F1,2024-10-20,16:00:00,Nantes,Nice,1,1,0.0,0.0,D,D,3.25,3.1,2.38,2.2,1.67
F1,2024-10-20,16:00:00,Toulouse,Angers,1,1,0.0,1.0,D,A,1.57,3.75,6.5,2.0,1.8
F1,2024-10-20,19:45:00,Montpellier,Marseille,0,5,0.0,3.0,A,A,4.33,4.0,1.73,1.53,2.5
F1,2024-10-25,19:45:00,Rennes,Le Havre,1,0,0.0,0.0,H,D,1.45,4.0,7.5,1.95,1.95
F1,2024-10-26,16:00:00,Angers,St Etienne,4,2,2.0,1.0,H,H,2.45,3.3,2.9,2.1,1.73
F1,2024-10-26,18:00:00,Reims,Brest,1,2,1.0,2.0,A,A,2.15,3.5,3.25,1.84,2.06
F1,2024-10-26,20:00:00,Lens,Lille,0,2,0.0,0.0,A,D,2.3,3.4,3.1,2.02,1.88
F1,2024-10-27,14:00:00,Lyon,Auxerre,2,2,1.0,0.0,D,H,1.48,5.0,5.5,1.44,2.75
F1,2024-10-27,16:00:00,Montpellier,Toulouse,0,3,0.0,3.0,A,A,3.1,3.6,2.2,1.73,2.1
F1,2024-10-27,16:00:00,Nice,Monaco,2,1,1.0,1.0,H,D,3.2,3.5,2.2,1.8,2.0
F1,2024-10-27,16:00:00,Strasbourg,Nantes,3,1,1.0,0.0,H,H,1.85,3.6,4.2,1.86,1.92
F1,2024-10-27,19:45:00,Marseille,Paris SG,0,3,0.0,3.0,A,A,3.9,3.7,1.9,1.53,2.5
F1,2024-11-01,18:00:00,Monaco,Angers,0,1,0.0,1.0,A,A,1.22,6.5,12.0,1.44,2.75
F1,2024-11-01,20:00:00,Lille,Lyon,1,1,1.0,0.0,D,H,2.15,3.75,3.1,1.62,2.3
F1,2024-11-02,16:00:00,Paris SG,Lens,1,0,1.0,0.0,H,H,1.42,5.0,6.25,1.53,2.5
F1,2024-11-02,18:00:00,Brest,Nice,0,1,0.0,1.0,A,A,2.63,3.25,2.75,2.2,1.67
F1,2024-11-02,20:00:00,St Etienne,Strasbourg,2,0,0.0,0.0,H,D,3.8,3.7,1.91,1.62,2.3
F1,2024-11-03,14:00:00,Toulouse,Reims,1,0,0.0,0.0,H,D,2.0,3.5,3.75,1.92,1.98
F1,2024-11-03,16:00:00,Auxerre,Rennes,4,0,2.0,0.0,H,H,3.5,3.6,2.05,1.8,2.0
F1,2024-11-03,16:00:00,Le Havre,Montpellier,1,0,0.0,0.0,H,D,2.2,3.5,3.2,1.9,2.0
F1,2024-11-03,19:45:00,Nantes,Marseille,1,2,1.0,1.0,A,D,3.7,3.5,2.05,1.97,1.93
F1,2024-11-08,19:45:00,Marseille,Auxerre,1,3,0.0,3.0,A,A,1.4,5.0,7.5,1.5,2.63
F1,2024-11-09,16:00:00,Strasbourg,Monaco,1,3,1.0,0.0,A,H,3.4,3.7,2.0,1.57,2.38
F1,2024-11-09,18:00:00,Lens,Nantes,3,2,1.0,1.0,H,D,1.6,3.9,5.75,2.07,1.83
F1,2024-11-09,20:00:00,Angers,Paris SG,2,4,0.0,4.0,A,A,12.0,6.25,1.22,1.4,3.0
F1,2024-11-10,14:00:00,Nice,Lille,2,2,0.0,1.0,D,A,2.55,3.2,2.9,2.1,1.73
F1,2024-11-10,16:00:00,Le Havre,Reims,0,3,0.0,2.0,A,A,3.3,3.2,2.3,2.1,1.73
F1,2024-11-10,16:00:00,Montpellier,Brest,3,1,2.0,0.0,H,H,3.25,3.5,2.2,1.8,2.0
F1,2024-11-10,16:00:00,Rennes,Toulouse,0,2,0.0,2.0,A,A,2.15,3.4,3.4,2.0,1.8
F1,2024-11-10,19:45:00,Lyon,St Etienne,1,0,1.0,0.0,H,H,1.33,5.5,8.0,1.4,3.0
F1,2024-11-22,18:00:00,Monaco,Brest,3,2,2.0,0.0,H,H,1.5,4.33,6.5,1.73,2.1
F1,2024-11-22,20:00:00,Paris SG,Toulouse,3,0,1.0,0.0,H,H,1.36,5.5,7.0,1.5,2.63
F1,2024-11-23,16:00:00,Lens,Marseille,1,3,0.0,0.0,A,D,2.25,3.5,3.1,1.73,2.1
F1,2024-11-23,18:00:00,St Etienne,Montpellier,1,0,0.0,0.0,H,D,2.3,3.6,2.9,1.73,2.1
F1,2024-11-23,20:00:00,Reims,Lyon,1,1,0.0,1.0,D,A,2.75,3.75,2.35,1.57,2.38
F1,2024-11-24,14:00:00,Lille,Rennes,1,0,1.0,0.0,H,H,1.91,3.6,3.9,1.92,1.98
F1,2024-11-24,16:00:00,Auxerre,Angers,1,0,0.0,0.0,H,D,1.8,3.7,4.33,1.8,2.0
F1,2024-11-24,16:00:00,Nantes,Le Havre,0,2,0.0,1.0,A,A,1.85,3.4,4.5,2.3,1.62
F1,2024-11-24,19:45:00,Nice,Strasbourg,2,1,0.0,1.0,H,A,1.75,3.6,4.75,1.8,2.0
F1,2024-11-29,19:45:00,Reims,Lens,0,2,0.0,1.0,A,A,3.1,3.3,2.3,2.0,1.9
F1,2024-11-30,16:00:00,Rennes,St Etienne,5,0,2.0,0.0,H,H,1.48,4.75,6.0,1.73,2.1
F1,2024-11-30,18:00:00,Brest,Strasbourg,3,1,2.0,0.0,H,H,2.2,3.4,3.3,1.9,2.0
F1,2024-11-30,20:00:00,Paris SG,Nantes,1,1,1.0,1.0,D,D,1.22,7.0,11.0,1.4,3.0
F1,2024-12-01,14:00:00,Montpellier,Lille,2,2,1.0,1.0,D,D,4.5,3.6,1.8,1.73,2.1
F1,2024-12-01,16:00:00,Le Havre,Angers,0,1,0.0,0.0,A,D,2.3,3.2,3.3,2.2,1.67
F1,2024-12-01,16:00:00,Lyon,Nice,4,1,3.0,1.0,H,H,1.91,3.8,3.7,1.67,2.2
F1,2024-12-01,16:00:00,Toulouse,Auxerre,2,0,2.0,0.0,H,H,1.7,3.6,5.25,1.73,2.1
F1,2024-12-01,19:45:00,Marseille,Monaco,2,1,0.0,1.0,H,A,2.63,3.4,2.63,1.57,2.38
F1,2024-12-06,18:00:00,Lille,Brest,3,1,2.0,0.0,H,H,1.65,3.6,6.0,2.1,1.73
F1,2024-12-06,20:00:00,Auxerre,Paris SG,0,0,0.0,0.0,D,D,9.0,5.75,1.3,1.36,3.2
F1,2024-12-07,16:00:00,Monaco,Toulouse,2,0,0.0,0.0,H,D,1.7,3.8,5.0,1.73,2.1
F1,2024-12-07,18:00:00,Nice,Le Havre,2,1,0.0,0.0,H,D,1.6,3.75,6.0,1.98,1.92
F1,2024-12-07,20:00:00,Angers,Lyon,0,3,0.0,1.0,A,A,5.0,4.0,1.67,1.62,2.3
F1,2024-12-08,14:00:00,Lens,Montpellier,2,0,1.0,0.0,H,H,1.36,5.25,7.5,1.57,2.38
F1,2024-12-08,16:00:00,Nantes,Rennes,1,0,0.0,0.0,H,D,3.0,3.25,2.4,2.2,1.67
F1,2024-12-08,16:00:00,Strasbourg,Reims,0,0,0.0,0.0,D,D,2.38,3.3,3.0,1.73,2.1
F1,2024-12-08,19:45:00,St Etienne,Marseille,0,2,0.0,1.0,A,A,5.25,3.9,1.65,1.73,2.1
F1,2024-12-13,19:45:00,Toulouse,St Etienne,2,1,0.0,0.0,H,D,1.36,5.0,8.5,1.73,2.1
F1,2024-12-14,16:00:00,Marseille,Lille,1,1,1.0,0.0,D,H,2.15,3.5,3.3,1.89,2.01
F1,2024-12-14,18:00:00,Auxerre,Lens,2,2,1.0,2.0,D,A,3.8,3.6,1.95,1.9,2.0
F1,2024-12-14,20:00:00,Reims,Monaco,0,0,0.0,0.0,D,D,3.7,3.6,2.0,1.73,2.1
F1,2024-12-15,14:00:00,Montpellier,Nice,2,2,1.0,2.0,D,A,2.9,3.6,2.3,1.73,2.1
F1,2024-12-15,16:00:00,Brest,Nantes,4,1,2.0,0.0,H,H,2.05,3.4,3.6,2.2,1.67
F1,2024-12-15,16:00:00,Le Havre,Strasbourg,0,3,0.0,2.0,A,A,3.1,3.2,2.4,2.02,1.88
F1,2024-12-15,16:00:00,Rennes,Angers,2,0,1.0,0.0,H,H,1.62,4.0,5.5,1.98,1.92
F1,2024-12-15,19:45:00,Paris SG,Lyon,3,1,2.0,1.0,H,H,1.4,6.0,5.75,1.29,3.75
F1,2024-12-18,20:00:00,Monaco,Paris SG,2,4,0.0,1.0,A,A,4.0,3.8,1.85,1.53,2.5
F1,2025-01-03,20:00:00,Nice,Rennes,3,2,3.0,1.0,H,H,2.2,3.3,3.4,1.97,1.93
F1,2025-01-04,16:00:00,St Etienne,Reims,3,1,0.0,1.0,H,A,3.6,3.3,2.1,2.03,1.87
F1,2025-01-04,18:00:00,Lille,Nantes,1,1,1.0,0.0,D,H,1.5,4.33,6.25,2.01,1.89
F1,2025-01-04,20:00:00,Lyon,Montpellier,1,0,0.0,0.0,H,D,1.33,5.5,8.0,1.4,3.0
F1,2025-01-05,14:00:00,Angers,Brest,2,0,1.0,0.0,H,H,3.2,3.3,2.3,2.2,1.67
F1,2025-01-05,14:00:00,Lens,Toulouse,0,1,0.0,0.0,A,D,1.91,3.4,4.33,2.06,1.84
F1,2025-01-05,14:00:00,Strasbourg,Auxerre,3,1,1.0,1.0,H,D,1.85,3.6,4.2,1.67,2.2
F1,2025-01-05,19:45:00,Marseille,Le Havre,5,1,3.0,0.0,H,H,1.3,6.0,8.0,1.62,2.3
F1,2025-01-10,18:00:00,Nantes,Monaco,2,2,1.0,0.0,D,H,5.0,3.75,1.73,1.89,2.01
F1,2025-01-10,20:05:00,Auxerre,Lille,0,0,0.0,0.0,D,D,4.6,3.8,1.75,1.8,2.0
F1,2025-01-11,16:00:00,Brest,Lyon,2,1,2.0,1.0,H,H,3.1,3.5,2.25,1.73,2.1
F1,2025-01-11,18:00:00,Reims,Nice,2,4,1.0,2.0,A,A,2.6,3.5,2.6,1.8,2.0
F1,2025-01-11,20:05:00,Rennes,Marseille,1,2,1.0,1.0,A,D,3.0,3.25,2.4,1.98,1.92
F1,2025-01-12,14:00:00,Le Havre,Lens,1,2,1.0,1.0,A,D,5.5,3.8,1.62,2.05,1.85
F1,2025-01-12,16:15:00,Montpellier,Angers,1,3,0.0,1.0,A,A,2.1,3.5,3.4,1.95,1.95
F1,2025-01-12,16:15:00,Toulouse,Strasbourg,1,2,1.0,2.0,A,A,1.75,3.8,4.5,1.84,2.06
F1,2025-01-12,19:45:00,Paris SG,St Etienne,2,1,2.0,0.0,H,H,1.09,9.5,23.0,1.25,4.0
F1,2025-01-17,18:00:00,Montpellier,Monaco,2,1,0.0,1.0,H,A,5.25,4.5,1.55,1.5,2.63
F1,2025-01-17,20:05:00,Lille,Nice,2,1,0.0,1.0,H,A,2.1,3.4,3.6,1.99,1.91
F1,2025-01-18,16:00:00,Lens,Paris SG,1,2,1.0,0.0,A,H,4.5,3.9,1.73,1.53,2.5
F1,2025-01-18,18:00:00,Rennes,Brest,1,2,0.0,1.0,A,A,2.0,3.4,3.9,2.2,1.67
F1,2025-01-18,20:05:00,Lyon,Toulouse,0,0,0.0,0.0,D,D,1.85,3.9,4.0,1.73,2.1
F1,2025-01-19,14:00:00,St Etienne,Nantes,1,1,0.0,1.0,D,A,2.45,3.25,2.9,2.1,1.73
F1,2025-01-19,16:15:00,Angers,Auxerre,2,0,1.0,0.0,H,H,2.4,3.2,3.0,2.05,1.85
F1,2025-01-19,16:15:00,Reims,Le Havre,1,1,1.0,0.0,D,H,1.62,4.0,5.25,2.0,1.9
F1,2025-01-19,19:45:00,Marseille,Strasbourg,1,1,0.0,1.0,D,A,1.57,4.33,5.25,1.62,2.3
F1,2025-01-24,19:45:00,Auxerre,St Etienne,1,1,1.0,1.0,D,D,1.91,3.7,3.8,1.8,2.0
F1,2025-01-25,16:00:00,Monaco,Rennes,3,2,1.0,1.0,H,D,1.7,3.9,4.75,1.68,2.05
F1,2025-01-25,18:00:00,Strasbourg,Lille,2,1,0.0,1.0,H,A,2.75,3.4,2.55,1.91,1.99
F1,2025-01-25,20:05:00,Paris SG,Reims,1,1,0.0,0.0,D,D,1.27,6.5,9.0,1.44,2.75
F1,2025-01-26,14:00:00,Le Havre,Brest,0,1,0.0,1.0,A,A,3.3,3.1,2.35,2.3,1.62
F1,2025-01-26,16:15:00,Lens,Angers,1,0,0.0,0.0,H,D,1.42,4.33,7.5,1.8,2.0
F1,2025-01-26,16:15:00,Nantes,Lyon,1,1,0.0,1.0,D,A,3.3,3.5,2.1,1.8,2.0
F1,2025-01-26,16:15:00,Toulouse,Montpellier,1,2,0.0,0.0,A,D,1.62,4.0,5.25,1.73,2.1
F1,2025-01-26,19:45:00,Nice,Marseille,2,0,1.0,0.0,H,H,2.8,3.5,2.45,1.73,2.1
F1,2025-01-31,19:45:00,Montpellier,Lens,0,2,0.0,1.0,A,A,4.33,3.7,1.83,1.8,2.0
F1,2025-02-01,16:00:00,Brest,Paris SG,2,5,0.0,1.0,A,A,6.25,5.0,1.44,1.53,2.5
F1,2025-02-01,18:00:00,Monaco,Auxerre,4,2,1.0,2.0,H,A,1.33,5.5,8.5,1.44,2.75
F1,2025-02-01,20:05:00,Lille,St Etienne,4,1,1.0,1.0,H,D,1.4,4.5,8.0,1.85,2.05
F1,2025-02-02,14:00:00,Toulouse,Nice,1,1,0.0,1.0,D,A,2.5,3.4,2.75,1.95,1.95
F1,2025-02-02,16:15:00,Angers,Le Havre,1,1,0.0,0.0,D,D,1.95,3.4,3.9,2.2,1.67
F1,2025-02-02,16:15:00,Reims,Nantes,1,2,1.0,1.0,A,D,2.15,3.4,3.4,2.0,1.8
F1,2025-02-02,16:15:00,Rennes,Strasbourg,1,0,0.0,0.0,H,D,2.05,3.5,3.6,1.95,1.95
F1,2025-02-02,19:45:00,Marseille,Lyon,3,2,0.0,0.0,H,D,2.0,3.9,3.3,1.57,2.38
F1,2025-02-07,18:00:00,Nantes,Brest,0,2,0.0,1.0,A,A,2.45,3.1,3.1,2.2,1.67
F1,2025-02-07,20:05:00,Paris SG,Monaco,4,1,1.0,1.0,H,D,1.38,5.5,6.5,1.3,3.5
F1,2025-02-08,16:00:00,Nice,Lens,2,0,1.0,0.0,H,H,2.35,3.3,3.1,1.91,1.99
F1,2025-02-08,18:00:00,Lille,Le Havre,1,2,0.0,1.0,A,A,1.36,5.5,8.0,1.86,2.04
F1,2025-02-08,20:05:00,St Etienne,Rennes,0,2,0.0,1.0,A,A,3.3,3.4,2.15,2.07,1.83
F1,2025-02-09,14:00:00,Lyon,Reims,4,0,1.0,0.0,H,H,1.53,4.5,5.75,1.53,2.5
F1,2025-02-09,16:15:00,Auxerre,Toulouse,2,2,0.0,0.0,D,D,3.0,3.4,2.35,2.01,1.89
F1,2025-02-09,16:15:00,Strasbourg,Montpellier,2,0,1.0,0.0,H,H,1.75,4.1,4.1,1.73,2.1
F1,2025-02-09,19:45:00,Angers,Marseille,0,2,0.0,0.0,A,D,5.5,4.0,1.62,1.85,2.05
F1,2025-02-14,19:45:00,Brest,Auxerre,2,2,0.0,1.0,D,A,2.25,3.3,3.3,2.0,1.8
F1,2025-02-15,16:00:00,Marseille,St Etienne,5,1,1.0,0.0,H,H,1.25,6.5,9.5,1.44,2.75
F1,2025-02-15,18:00:00,Monaco,Nantes,7,1,2.0,1.0,H,H,1.55,4.2,6.0,1.67,2.2
F1,2025-02-15,20:05:00,Toulouse,Paris SG,0,1,0.0,0.0,A,D,5.75,4.75,1.5,1.53,2.5
F1,2025-02-16,14:00:00,Montpellier,Lyon,1,4,1.0,1.0,A,D,4.75,4.5,1.58,1.5,2.63
F1,2025-02-16,16:15:00,Le Havre,Nice,1,3,1.0,2.0,A,A,5.0,4.0,1.62,1.8,1.98
F1,2025-02-16,16:15:00,Lens,Strasbourg,0,2,0.0,0.0,A,D,1.72,3.8,4.75,1.73,2.1
F1,2025-02-16,16:15:00,Reims,Angers,0,1,0.0,1.0,A,A,2.0,3.4,3.9,2.04,1.86
F1,2025-02-16,19:45:00,Rennes,Lille,0,2,0.0,0.0,A,D,2.7,3.25,2.7,1.98,1.8
F1,2025-02-21,19:45:00,Rennes,Reims,1,0,1.0,0.0,H,H,2.15,3.4,3.4,2.0,1.9
F1,2025-02-22,16:00:00,Lille,Monaco,2,1,2.0,1.0,H,H,2.15,3.7,3.1,1.62,2.3
F1,2025-02-22,18:00:00,St Etienne,Angers,3,3,1.0,2.0,D,A,2.4,3.3,3.0,2.0,1.8
F1,2025-02-22,20:05:00,Auxerre,Marseille,3,0,1.0,0.0,H,H,5.5,4.33,1.55,1.62,2.3
F1,2025-02-23,14:00:00,Nantes,Lens,3,1,1.0,0.0,H,H,3.7,3.4,2.05,2.08,1.82
F1,2025-02-23,16:15:00,Le Havre,Toulouse,1,4,0.0,1.0,A,A,4.0,3.4,1.95,2.1,1.73
F1,2025-02-23,16:15:00,Nice,Montpellier,2,0,1.0,0.0,H,H,1.38,5.0,7.5,1.5,2.63
F1,2025-02-23,16:15:00,Strasbourg,Brest,0,0,0.0,0.0,D,D,2.0,3.6,3.6,1.8,2.0
F1,2025-02-23,19:45:00,Lyon,Paris SG,2,3,0.0,0.0,A,D,4.2,4.33,1.7,1.4,3.0
F1,2025-02-28,19:45:00,Monaco,Reims,3,0,2.0,0.0,H,H,1.38,5.0,7.5,1.44,2.75
F1,2025-03-01,16:00:00,St Etienne,Nice,1,3,1.0,1.0,A,D,5.0,4.0,1.67,1.62,2.3
F1,2025-03-01,18:00:00,Lens,Le Havre,3,4,2.0,2.0,A,D,1.38,5.0,7.5,1.67,2.2
F1,2025-03-01,20:05:00,Paris SG,Lille,4,1,4.0,0.0,H,H,1.4,4.75,7.5,1.5,2.63
F1,2025-03-02,14:00:00,Lyon,Brest,2,1,1.0,1.0,H,D,1.65,3.9,5.25,1.73,2.1
F1,2025-03-02,16:15:00,Angers,Toulouse,0,4,0.0,0.0,A,D,3.3,3.1,2.35,2.3,1.62
F1,2025-03-02,16:15:00,Auxerre,Strasbourg,0,1,0.0,0.0,A,D,2.8,3.4,2.5,1.87,2.03
F1,2025-03-02,16:15:00,Montpellier,Rennes,0,4,0.0,1.0,A,A,3.5,3.4,2.1,1.85,2.05
F1,2025-03-02,19:45:00,Marseille,Nantes,2,0,0.0,0.0,H,D,1.4,5.0,7.0,1.62,2.3
F1,2025-03-07,19:45:00,Toulouse,Monaco,1,1,0.0,1.0,D,A,3.25,3.5,2.15,1.73,2.1
F1,2025-03-08,16:00:00,Rennes,Paris SG,1,4,0.0,1.0,A,A,4.75,3.9,1.7,1.67,2.2
F1,2025-03-08,18:00:00,Lille,Montpellier,1,0,0.0,0.0,H,D,1.37,4.75,7.5,1.62,2.3
F1,2025-03-08,20:05:00,Marseille,Lens,0,1,0.0,0.0,A,D,1.53,4.33,6.0,1.62,2.3
F1,2025-03-09,14:00:00,Brest,Angers,2,0,1.0,0.0,H,H,1.73,3.6,5.0,1.97,1.81
F1,2025-03-09,16:15:00,Le Havre,St Etienne,1,1,1.0,1.0,D,D,2.3,3.4,3.1,1.85,2.05
F1,2025-03-09,16:15:00,Nantes,Strasbourg,0,1,0.0,0.0,A,D,2.6,3.25,2.75,2.07,1.83
F1,2025-03-09,16:15:00,Reims,Auxerre,0,2,0.0,2.0,A,A,2.4,3.3,3.0,2.04,1.86
F1,2025-03-09,19:45:00,Nice,Lyon,0,2,0.0,0.0,A,D,2.0,3.7,3.5,1.62,2.3
F1,2025-03-14,19:45:00,Nice,Auxerre,1,1,1.0,0.0,D,H,1.57,3.9,6.0,1.73,2.1
F1,2025-03-15,16:00:00,Nantes,Lille,1,0,0.0,0.0,H,D,3.6,3.2,2.15,2.1,1.73
F1,2025-03-15,18:00:00,Angers,Monaco,0,2,0.0,0.0,A,D,6.5,4.75,1.42,1.53,2.5
F1,2025-03-15,20:05:00,Lens,Rennes,1,0,0.0,0.0,H,D,2.05,3.5,3.6,1.98,1.92
F1,2025-03-16,14:00:00,Lyon,Le Havre,4,2,1.0,2.0,H,A,1.36,5.5,7.0,1.53,2.5
F1,2025-03-16,16:15:00,Brest,Reims,0,0,0.0,0.0,D,D,1.67,3.9,5.0,1.9,2.0
F1,2025-03-16,16:15:00,Montpellier,St Etienne,0,2,0.0,1.0,A,A,2.2,3.5,3.2,1.67,2.2
F1,2025-03-16,16:15:00,Strasbourg,Toulouse,2,1,0.0,1.0,H,A,2.25,3.25,3.25,2.05,1.68
F1,2025-03-16,19:45:00,Paris SG,Marseille,3,1,2.0,0.0,H,H,1.45,5.0,6.0,1.37,3.0
F1,2025-03-28,19:45:00,Strasbourg,Lyon,4,2,0.0,0.0,H,D,2.7,3.6,2.45,1.67,2.2
F1,2025-03-29,16:00:00,Reims,Marseille,3,1,1.0,0.0,H,H,5.5,4.2,1.57,1.73,2.1
F1,2025-03-29,18:00:00,St Etienne,Paris SG,1,6,1.0,1.0,A,D,17.0,8.5,1.14,1.22,4.33
F1,2025-03-29,20:05:00,Monaco,Nice,2,1,0.0,1.0,H,A,1.9,3.9,3.75,1.62,2.3
F1,2025-03-30,14:00:00,Toulouse,Brest,2,4,0.0,2.0,A,A,2.0,3.25,4.1,2.1,1.73
F1,2025-03-30,16:15:00,Angers,Rennes,0,3,0.0,1.0,A,A,4.2,3.6,1.82,2.0,1.9
F1,2025-03-30,16:15:00,Auxerre,Montpellier,1,0,0.0,0.0,H,D,1.69,3.8,4.5,1.8,2.0
F1,2025-03-30,16:15:00,Le Havre,Nantes,3,2,2.0,1.0,H,H,3.1,3.2,2.37,2.1,1.73
F1,2025-03-30,19:45:00,Lille,Lens,1,0,1.0,0.0,H,H,2.0,3.4,3.75,2.06,1.84
F1,2025-04-04,19:45:00,Nice,Nantes,1,2,1.0,2.0,A,A,1.5,4.2,6.5,1.73,2.1
F1,2025-04-05,16:00:00,Paris SG,Angers,1,0,0.0,0.0,H,D,1.14,8.0,19.0,1.25,4.0
F1,2025-04-05,18:00:00,Brest,Monaco,2,1,1.0,0.0,H,H,4.0,3.6,1.9,1.67,2.2
F1,2025-04-05,20:05:00,Lyon,Lille,2,1,1.0,1.0,H,D,2.2,3.6,3.1,1.73,2.1
F1,2025-04-06,14:00:00,Lens,St Etienne,1,0,0.0,0.0,H,D,1.55,4.1,6.0,1.62,2.3
F1,2025-04-06,16:15:00,Montpellier,Le Havre,0,2,0.0,2.0,A,A,2.4,3.25,3.0,1.85,1.93
F1,2025-04-06,16:15:00,Reims,Strasbourg,0,1,0.0,1.0,A,A,3.2,3.6,2.15,2.0,1.9
F1,2025-04-06,16:15:00,Rennes,Auxerre,0,1,0.0,0.0,A,D,1.85,3.6,4.33,1.91,1.99
F1,2025-04-06,19:45:00,Marseille,Toulouse,3,2,1.0,1.0,H,D,1.75,3.8,4.5,1.85,2.05
F1,2025-04-11,19:45:00,Lens,Reims,0,2,0.0,1.0,A,A,1.53,4.1,6.25,1.8,2.0
F1,2025-04-12,16:00:00,Monaco,Marseille,3,0,1.0,0.0,H,H,2.0,3.8,3.4,1.53,2.5
F1,2025-04-12,18:00:00,Toulouse,Lille,1,2,1.0,2.0,A,A,2.8,3.3,2.55,2.1,1.73
F1,2025-04-12,20:05:00,Strasbourg,Nice,2,2,0.0,1.0,D,A,2.55,3.3,2.75,1.85,2.05
F1,2025-04-13,14:00:00,St Etienne,Brest,3,3,2.0,3.0,D,A,3.5,3.6,2.05,1.73,2.1
F1,2025-04-13,16:15:00,Angers,Montpellier,2,0,2.0,0.0,H,H,1.9,3.5,4.1,1.91,1.99
F1,2025-04-13,16:15:00,Le Havre,Rennes,1,5,1.0,3.0,A,A,3.5,3.4,2.1,2.01,1.89
F1,2025-04-13,19:45:00,Auxerre,Lyon,1,3,0.0,0.0,A,D,3.6,3.6,2.0,1.62,2.3
F1,2025-04-18,19:45:00,Rennes,Nantes,2,1,1.0,0.0,H,H,1.8,3.5,4.75,2.0,1.9
F1,2025-04-19,16:00:00,Paris SG,Le Havre,2,1,1.0,0.0,H,H,1.13,9.0,17.0,1.25,4.0
F1,2025-04-19,18:00:00,Monaco,Strasbourg,0,0,0.0,0.0,D,D,1.57,4.75,4.75,1.44,2.75
F1,2025-04-19,20:05:00,Marseille,Montpellier,5,1,1.0,0.0,H,H,1.22,7.0,11.0,1.4,3.0
F1,2025-04-20,14:00:00,Lille,Auxerre,3,1,2.0,0.0,H,H,1.5,4.2,7.0,1.9,2.0
F1,2025-04-20,16:15:00,Brest,Lens,1,3,1.0,2.0,A,A,2.35,3.3,3.1,1.92,1.98
F1,2025-04-20,16:15:00,Nice,Angers,2,1,1.0,0.0,H,H,1.38,5.0,8.0,1.73,2.1
F1,2025-04-20,16:15:00,Reims,Toulouse,1,0,1.0,0.0,H,H,3.3,3.25,2.25,2.06,1.84
F1,2025-04-20,19:45:00,St Etienne,Lyon,2,1,1.0,0.0,H,H,5.25,4.2,1.62,1.44,2.75
F1,2025-04-22,19:45:00,Nantes,Paris SG,1,1,0.0,1.0,D,A,6.25,5.5,1.4,1.44,2.75
F1,2025-04-25,19:45:00,Paris SG,Nice,1,3,1.0,1.0,A,D,1.7,4.5,4.1,1.44,2.75
F1,2025-04-26,16:00:00,Strasbourg,St Etienne,3,1,1.0,1.0,H,D,1.62,4.2,5.0,1.53,2.5
F1,2025-04-26,18:00:00,Le Havre,Monaco,1,1,1.0,0.0,D,H,6.5,5.0,1.42,1.44,2.75
F1,2025-04-26,20:05:00,Lyon,Rennes,4,1,3.0,0.0,H,H,1.75,4.2,4.1,1.57,2.38
F1,2025-04-27,14:00:00,Angers,Lille,0,2,0.0,1.0,A,A,6.0,3.9,1.57,2.01,1.89
F1,2025-04-27,16:15:00,Lens,Auxerre,0,4,0.0,3.0,A,A,1.6,4.0,5.5,1.67,2.2
F1,2025-04-27,16:15:00,Montpellier,Reims,0,0,0.0,0.0,D,D,4.5,3.6,1.75,1.8,2.0
F1,2025-04-27,16:15:00,Nantes,Toulouse,0,0,0.0,0.0,D,D,2.88,3.25,2.45,2.05,1.85
F1,2025-04-27,19:45:00,Marseille,Brest,4,1,3.0,1.0,H,H,1.5,4.5,6.0,1.53,2.5
F1,2025-05-02,19:45:00,Nice,Reims,1,0,1.0,0.0,H,H,1.4,4.75,7.5,1.57,2.38
F1,2025-05-03,16:00:00,Strasbourg,Paris SG,2,1,2.0,0.0,H,H,2.45,3.75,2.6,1.41,2.7
F1,2025-05-03,18:00:00,Toulouse,Rennes,2,1,1.0,0.0,H,H,2.15,3.4,3.4,1.98,1.92
F1,2025-05-03,20:05:00,St Etienne,Monaco,1,3,0.0,1.0,A,A,6.5,5.25,1.37,1.3,3.4
F1,2025-05-04,14:00:00,Nantes,Angers,0,1,0.0,0.0,A,D,1.9,3.2,4.75,2.1,1.73
F1,2025-05-04,16:15:00,Auxerre,Le Havre,1,2,0.0,0.0,A,D,2.1,3.6,3.25,1.8,2.0
F1,2025-05-04,16:15:00,Brest,Montpellier,1,0,1.0,0.0,H,H,1.36,5.25,7.5,1.57,2.38
F1,2025-05-04,16:15:00,Lyon,Lens,1,2,0.0,1.0,A,A,1.55,4.33,5.75,1.5,2.63
F1,2025-05-04,19:45:00,Lille,Marseille,1,1,0.0,0.0,D,D,2.35,3.25,3.1,1.9,2.0
F1,2025-05-10,20:00:00,Angers,Strasbourg,2,1,1.0,1.0,H,D,4.2,3.75,1.8,1.8,2.0
F1,2025-05-10,20:00:00,Auxerre,Nantes,1,1,1.0,0.0,D,H,2.8,3.4,2.45,1.92,1.98
F1,2025-05-10,20:00:00,Brest,Lille,2,0,1.0,0.0,H,H,4.5,3.8,1.75,1.8,2.0
F1,2025-05-10,20:00:00,Le Havre,Marseille,1,3,0.0,0.0,A,D,6.0,4.5,1.5,1.57,2.38
F1,2025-05-10,20:00:00,Monaco,Lyon,2,0,0.0,0.0,H,D,1.83,4.2,3.7,1.4,3.0
F1,2025-05-10,20:00:00,Montpellier,Paris SG,1,4,0.0,1.0,A,A,9.0,7.0,1.25,1.3,3.5
F1,2025-05-10,20:00:00,Reims,St Etienne,0,2,0.0,2.0,A,A,2.1,3.7,3.2,1.67,2.2
F1,2025-05-10,20:00:00,Rennes,Nice,2,0,1.0,0.0,H,H,3.6,3.8,1.95,1.73,2.1
F1,2025-05-10,20:00:00,Toulouse,Lens,1,1,0.0,0.0,D,D,2.25,3.5,3.1,1.84,2.06
F1,2025-05-17,20:00:00,Lens,Monaco,4,0,1.0,0.0,H,H,3.9,4.1,1.83,1.5,2.63
F1,2025-05-17,20:00:00,Lille,Reims,2,1,1.0,0.0,H,H,1.38,4.75,8.5,1.67,2.2
F1,2025-05-17,20:00:00,Lyon,Angers,2,0,0.0,0.0,H,D,1.29,6.0,9.0,1.4,3.0
F1,2025-05-17,20:00:00,Marseille,Rennes,4,2,3.0,1.0,H,H,1.75,3.9,4.2,1.5,2.63
F1,2025-05-17,20:00:00,Nantes,Montpellier,3,0,2.0,0.0,H,H,1.53,4.5,5.5,1.73,2.1
F1,2025-05-17,20:00:00,Nice,Brest,6,0,3.0,0.0,H,H,1.48,4.5,6.5,1.5,2.63
F1,2025-05-17,20:00:00,Paris SG,Auxerre,3,1,0.0,1.0,H,A,1.2,7.0,13.0,1.29,3.75
F1,2025-05-17,20:00:00,St Etienne,Toulouse,2,3,1.0,2.0,A,A,1.95,4.2,3.25,1.53,2.5
F1,2025-05-17,20:00:00,Strasbourg,Le Havre,2,3,1.0,1.0,A,D,1.57,4.75,5.0,1.5,2.63
F2,2024-08-16,19:00:00,Ajaccio,Rodez,1,0,0.0,0.0,H,D,2.2,3.1,3.1,2.4,1.53
F2,2024-08-16,19:00:00,Amiens,Red Star,3,0,1.0,0.0,H,H,2.2,3.0,3.2,2.35,1.57
F2,2024-08-16,19:00:00,Clermont,Pau FC,2,2,1.0,2.0,D,A,1.85,3.3,3.9,2.15,1.67
F2,2024-08-16,19:00:00,Dunkerque,Annecy,0,2,0.0,0.0,A,D,2.63,3.1,2.6,2.2,1.65
F2,2024-08-16,19:00:00,Grenoble,Laval,2,1,0.0,0.0,H,D,2.15,3.0,3.4,2.4,1.53
F2,2024-08-16,19:00:00,Guingamp,Troyes,4,0,2.0,0.0,H,H,1.75,3.4,4.33,2.2,1.65
F2,2024-08-17,13:30:00,Caen,Paris FC,0,2,0.0,0.0,A,D,2.4,3.2,2.8,2.2,1.65
F2,2024-08-19,19:45:00,Martigues,Lorient,0,1,0.0,0.0,A,D,3.6,3.3,1.95,2.15,1.67
F2,2024-08-19,19:45:00,Metz,Bastia,1,1,0.0,1.0,D,A,1.85,3.3,3.9,2.15,1.67
F2,2024-08-23,19:00:00,Annecy,Martigues,2,4,1.0,2.0,A,A,1.67,3.5,4.75,2.15,1.67
F2,2024-08-23,19:00:00,Bastia,Amiens,1,0,0.0,0.0,H,D,2.4,2.9,3.0,2.6,1.48
F2,2024-08-23,19:00:00,Laval,Guingamp,0,1,0.0,1.0,A,A,3.2,3.0,2.25,2.6,1.48
F2,2024-08-23,19:00:00,Paris FC,Dunkerque,3,2,0.0,1.0,H,A,1.65,3.5,4.75,1.9,1.95
F2,2024-08-23,19:00:00,Pau FC,Caen,1,0,1.0,0.0,H,H,2.63,3.2,2.55,2.0,1.85
F2,2024-08-23,19:00:00,Rodez,Metz,1,3,0.0,3.0,A,A,2.63,3.1,2.55,2.1,1.7
F2,2024-08-23,19:00:00,Troyes,Clermont,0,1,0.0,1.0,A,A,3.3,3.0,2.2,2.15,1.73
F2,2024-08-24,13:30:00,Lorient,Grenoble,2,0,0.0,0.0,H,D,1.62,3.5,5.25,1.95,1.9
F2,2024-08-26,19:45:00,Red Star,Ajaccio,1,0,1.0,0.0,H,H,2.35,3.0,3.1,2.4,1.53
F2,2024-08-30,19:00:00,Ajaccio,Troyes,2,1,0.0,1.0,H,A,2.0,3.0,3.8,2.7,1.44
F2,2024-08-30,19:00:00,Caen,Annecy,1,1,0.0,0.0,D,D,2.05,3.1,3.5,2.1,1.7
F2,2024-08-30,19:00:00,Clermont,Paris FC,0,1,0.0,1.0,A,A,3.25,3.1,2.15,2.05,1.75
F2,2024-08-30,19:00:00,Dunkerque,Rodez,1,0,1.0,0.0,H,H,2.45,3.2,2.7,2.0,1.85
F2,2024-08-30,19:00:00,Grenoble,Pau FC,1,1,0.0,0.0,D,D,2.35,3.25,2.8,1.93,1.93
F2,2024-08-30,19:00:00,Guingamp,Red Star,3,4,2.0,2.0,A,D,1.85,3.1,4.33,2.25,1.62
F2,2024-08-30,19:00:00,Martigues,Bastia,0,1,0.0,0.0,A,D,3.3,2.9,2.2,2.35,1.57
F2,2024-08-31,13:30:00,Amiens,Lorient,1,0,1.0,0.0,H,H,3.7,3.2,1.95,2.15,1.67
F2,2024-08-31,13:30:00,Metz,Laval,1,1,0.0,1.0,D,A,1.7,3.2,5.0,2.1,1.7
F2,2024-09-13,19:00:00,Annecy,Amiens,3,0,1.0,0.0,H,H,2.15,3.1,3.25,2.3,1.6
F2,2024-09-13,19:00:00,Bastia,Troyes,0,0,0.0,0.0,D,D,1.65,3.6,4.75,2.1,1.7
F2,2024-09-13,19:00:00,Clermont,Dunkerque,0,1,0.0,0.0,A,D,1.95,3.0,3.9,2.08,1.73
F2,2024-09-13,19:00:00,Laval,Ajaccio,1,1,1.0,1.0,D,D,2.45,2.8,3.1,3.1,1.36
F2,2024-09-13,19:00:00,Lorient,Red Star,2,1,1.0,0.0,H,H,1.62,3.8,4.75,1.57,2.35
F2,2024-09-13,19:00:00,Pau FC,Martigues,3,0,1.0,0.0,H,H,2.15,3.0,3.4,2.05,1.75
F2,2024-09-13,19:00:00,Rodez,Guingamp,1,2,0.0,1.0,A,A,2.63,3.2,2.45,2.05,1.75
F2,2024-09-14,13:30:00,Paris FC,Metz,1,2,1.0,2.0,A,A,2.25,3.0,3.1,2.2,1.65
F2,2024-09-16,19:45:00,Grenoble,Caen,3,1,2.0,1.0,H,H,2.63,3.2,2.5,2.03,1.83
F2,2024-09-20,19:00:00,Amiens,Clermont,1,0,1.0,0.0,H,H,2.5,2.9,2.88,2.4,1.53
F2,2024-09-20,19:00:00,Bastia,Paris FC,2,1,2.0,1.0,H,H,3.2,3.0,2.25,2.25,1.62
F2,2024-09-20,19:00:00,Caen,Ajaccio,1,0,0.0,0.0,H,D,1.95,3.4,3.4,2.4,1.53
F2,2024-09-20,19:00:00,Dunkerque,Pau FC,3,2,2.0,1.0,H,H,2.6,3.0,2.63,2.15,1.67
F2,2024-09-20,19:00:00,Guingamp,Annecy,2,2,1.0,1.0,D,D,1.7,3.5,4.5,2.08,1.73
F2,2024-09-20,19:00:00,Martigues,Grenoble,0,4,0.0,0.0,A,D,2.88,3.0,2.45,2.7,1.44
F2,2024-09-20,19:00:00,Red Star,Laval,0,3,0.0,2.0,A,A,2.25,3.2,3.1,2.15,1.67
F2,2024-09-20,19:00:00,Troyes,Rodez,0,3,0.0,1.0,A,A,2.5,3.3,2.5,1.93,1.93
F2,2024-09-21,13:30:00,Metz,Lorient,1,1,1.0,0.0,D,H,2.45,3.25,2.63,1.98,1.88
F2,2024-09-24,19:30:00,Ajaccio,Grenoble,2,0,0.0,0.0,H,D,2.63,3.0,2.8,2.5,1.5
F2,2024-09-24,19:30:00,Annecy,Troyes,1,0,1.0,0.0,H,H,1.7,3.6,4.75,1.9,1.95
F2,2024-09-24,19:30:00,Caen,Amiens,2,1,1.0,1.0,H,D,1.95,3.4,3.75,2.25,1.62
F2,2024-09-24,19:30:00,Clermont,Red Star,1,1,1.0,0.0,D,H,2.1,3.2,3.5,2.25,1.62
F2,2024-09-24,19:30:00,Dunkerque,Bastia,2,1,0.0,1.0,H,A,3.1,3.0,2.4,2.4,1.53
F2,2024-09-24,19:30:00,Metz,Martigues,6,0,3.0,0.0,H,H,1.36,4.5,8.0,2.05,1.75
F2,2024-09-24,19:30:00,Paris FC,Guingamp,2,0,1.0,0.0,H,H,2.5,3.1,2.88,2.2,1.65
F2,2024-09-24,19:30:00,Pau FC,Lorient,1,0,1.0,0.0,H,H,3.6,3.7,1.95,1.67,2.15
F2,2024-09-24,19:30:00,Rodez,Laval,1,3,1.0,0.0,A,H,2.25,3.25,3.2,2.1,1.7
F2,2024-09-27,19:00:00,Amiens,Rodez,2,1,0.0,1.0,H,A,2.3,3.25,2.88,2.05,1.8
F2,2024-09-27,19:00:00,Bastia,Annecy,2,2,1.0,1.0,D,D,2.3,2.88,3.25,2.6,1.48
F2,2024-09-27,19:00:00,Grenoble,Clermont,3,0,1.0,0.0,H,H,2.35,3.25,2.8,2.05,1.8
F2,2024-09-27,19:00:00,Laval,Pau FC,3,1,2.0,0.0,H,H,2.38,3.0,3.0,2.2,1.65
F2,2024-09-27,19:00:00,Lorient,Ajaccio,3,0,0.0,0.0,H,D,1.48,4.1,5.5,2.05,1.75
F2,2024-09-27,19:00:00,Martigues,Dunkerque,1,1,1.0,0.0,D,H,3.25,2.9,2.3,2.25,1.62
F2,2024-09-28,13:00:00,Red Star,Paris FC,1,3,1.0,2.0,A,A,3.6,3.25,2.0,2.05,1.8
F2,2024-09-28,19:00:00,Troyes,Metz,2,1,1.0,0.0,H,H,3.5,3.4,1.95,2.05,1.75
F2,2024-09-30,19:45:00,Guingamp,Caen,3,1,1.0,0.0,H,H,2.0,3.3,3.6,2.05,1.75
F2,2024-10-04,19:00:00,Annecy,Red Star,1,0,0.0,0.0,H,D,2.05,3.4,3.6,1.98,1.88
F2,2024-10-04,19:00:00,Dunkerque,Troyes,2,1,0.0,1.0,H,A,2.15,3.3,3.4,2.08,1.73
F2,2024-10-04,19:00:00,Paris FC,Laval,1,0,0.0,0.0,H,D,1.75,3.7,4.5,2.05,1.75
F2,2024-10-04,19:00:00,Rodez,Grenoble,2,1,0.0,1.0,H,A,2.4,3.4,2.8,1.88,1.98
F2,2024-10-05,13:00:00,Ajaccio,Martigues,1,1,1.0,1.0,D,D,1.9,3.1,4.5,2.7,1.44
F2,2024-10-05,13:00:00,Caen,Lorient,1,2,1.0,1.0,A,D,3.2,3.8,2.05,1.9,1.95
F2,2024-10-05,13:00:00,Clermont,Guingamp,4,1,2.0,0.0,H,H,2.6,3.3,2.63,2.1,1.7
F2,2024-10-05,19:00:00,Metz,Amiens,3,2,3.0,1.0,H,H,1.67,3.7,5.25,2.15,1.67
F2,2024-10-18,19:00:00,Bastia,Clermont,0,0,0.0,0.0,D,D,2.15,3.0,3.1,2.6,1.48
F2,2024-10-18,19:00:00,Grenoble,Metz,2,0,1.0,0.0,H,H,3.2,3.2,2.05,2.2,1.65
F2,2024-10-18,19:00:00,Guingamp,Pau FC,0,1,0.0,0.0,A,D,1.8,3.4,3.75,1.93,1.93
F2,2024-10-18,19:00:00,Laval,Dunkerque,3,2,3.0,0.0,H,H,2.1,3.1,3.3,2.25,1.62
F2,2024-10-18,19:00:00,Martigues,Rodez,0,2,0.0,2.0,A,A,3.2,3.25,2.05,2.03,1.83
F2,2024-10-18,19:00:00,Red Star,Caen,2,2,0.0,1.0,D,A,2.5,3.1,2.6,2.05,1.75
F2,2024-10-19,13:00:00,Amiens,Ajaccio,3,1,2.0,1.0,H,H,2.1,2.9,3.4,2.7,1.44
F2,2024-10-19,19:00:00,Lorient,Annecy,4,2,0.0,1.0,H,A,1.48,4.0,5.5,1.7,2.1
F2,2024-10-21,19:45:00,Troyes,Paris FC,0,3,0.0,2.0,A,A,3.8,3.3,1.83,1.95,1.9
F2,2024-10-22,18:30:00,Pau FC,Bastia,1,1,1.0,0.0,D,H,2.25,3.1,3.2,2.25,1.62
F2,2024-10-25,19:00:00,Annecy,Laval,2,0,1.0,0.0,H,H,2.35,3.0,3.2,2.35,1.57
F2,2024-10-25,19:00:00,Clermont,Martigues,0,1,0.0,1.0,A,A,1.73,3.7,4.5,2.1,1.7
F2,2024-10-25,19:00:00,Dunkerque,Red Star,2,0,1.0,0.0,H,H,2.38,3.4,2.88,2.0,1.85
F2,2024-10-25,19:00:00,Metz,Guingamp,1,0,0.0,0.0,H,D,1.9,3.3,4.1,2.1,1.7
F2,2024-10-25,19:00:00,Pau FC,Amiens,0,2,0.0,2.0,A,A,2.15,3.2,3.4,2.03,1.83
F2,2024-10-25,19:00:00,Rodez,Lorient,3,3,0.0,1.0,D,A,3.75,3.5,1.91,1.7,2.1
F2,2024-10-26,13:00:00,Caen,Troyes,0,1,0.0,1.0,A,A,1.73,3.6,4.75,1.95,1.9
F2,2024-10-26,13:00:00,Paris FC,Grenoble,2,1,2.0,0.0,H,H,1.67,3.7,5.0,1.99,1.74
F2,2024-10-29,19:30:00,Amiens,Paris FC,0,0,0.0,0.0,D,D,3.4,3.0,2.25,2.25,1.62
F2,2024-10-29,19:30:00,Bastia,Rodez,2,2,1.0,2.0,D,A,2.0,3.2,3.8,2.15,1.67
F2,2024-10-29,19:30:00,Grenoble,Annecy,0,0,0.0,0.0,D,D,2.3,3.1,3.1,2.08,1.73
F2,2024-10-29,19:30:00,Guingamp,Ajaccio,1,0,0.0,0.0,H,D,1.7,3.4,5.5,2.25,1.62
F2,2024-10-29,19:30:00,Laval,Clermont,1,2,1.0,0.0,A,H,2.38,3.0,3.1,2.3,1.6
F2,2024-10-29,19:30:00,Lorient,Dunkerque,4,2,1.0,2.0,H,A,1.42,4.5,6.25,1.62,2.25
F2,2024-10-29,19:30:00,Martigues,Caen,0,3,0.0,0.0,A,D,3.5,3.4,2.05,2.05,1.8
F2,2024-10-29,19:30:00,Red Star,Metz,1,0,0.0,0.0,H,D,3.6,3.4,2.0,2.03,1.83
F2,2024-10-29,19:30:00,Troyes,Pau FC,3,0,0.0,0.0,H,D,2.5,3.25,2.8,1.93,1.93
F2,2024-11-01,19:00:00,Annecy,Pau FC,2,0,1.0,0.0,H,H,2.25,3.3,3.1,2.0,1.85
F2,2024-11-01,19:00:00,Clermont,Lorient,2,1,1.0,0.0,H,H,4.0,3.4,1.9,1.93,1.93
F2,2024-11-01,19:00:00,Dunkerque,Amiens,3,1,2.0,0.0,H,H,2.35,3.1,3.0,2.15,1.67
F2,2024-11-01,19:00:00,Martigues,Red Star,0,1,0.0,0.0,A,D,3.3,3.2,2.2,2.1,1.7
F2,2024-11-01,19:00:00,Paris FC,Rodez,3,3,1.0,2.0,D,A,1.65,3.7,5.25,1.8,2.0
F2,2024-11-01,19:00:00,Troyes,Laval,0,0,0.0,0.0,D,D,2.15,3.1,3.5,2.2,1.65
F2,2024-11-02,13:00:00,Caen,Bastia,2,0,1.0,0.0,H,H,2.2,3.2,3.3,2.25,1.62
F2,2024-11-02,19:00:00,Guingamp,Grenoble,3,0,1.0,0.0,H,H,1.8,3.6,4.33,2.05,1.75
F2,2024-11-04,19:45:00,Ajaccio,Metz,0,1,0.0,1.0,A,A,4.33,3.1,1.95,2.5,1.5
F2,2024-11-08,19:00:00,Ajaccio,Clermont,2,0,0.0,0.0,H,D,2.75,2.88,2.88,2.7,1.44
F2,2024-11-08,19:00:00,Amiens,Martigues,1,1,0.0,1.0,D,A,1.5,4.0,6.5,2.03,1.83
F2,2024-11-08,19:00:00,Grenoble,Dunkerque,0,1,0.0,0.0,A,D,2.63,3.2,2.63,1.98,1.88
F2,2024-11-08,19:00:00,Laval,Bastia,2,2,1.0,1.0,D,D,3.7,3.1,2.15,2.4,1.53
F2,2024-11-08,19:00:00,Red Star,Troyes,0,3,0.0,1.0,A,A,2.2,3.5,3.1,1.98,1.88
F2,2024-11-08,19:00:00,Rodez,Annecy,5,1,2.0,1.0,H,H,1.95,3.5,3.7,1.8,2.0
F2,2024-11-09,13:00:00,Lorient,Guingamp,3,1,2.0,0.0,H,H,1.85,3.75,3.9,1.8,2.0
F2,2024-11-09,13:00:00,Pau FC,Paris FC,0,0,0.0,0.0,D,D,3.3,3.5,2.1,1.98,1.88
F2,2024-11-09,19:00:00,Metz,Caen,1,0,1.0,0.0,H,H,1.75,3.6,4.75,1.98,1.88
F2,2024-11-22,19:00:00,Caen,Rodez,3,3,1.0,2.0,D,A,2.2,3.5,3.1,1.7,2.1
F2,2024-11-22,19:00:00,Clermont,Metz,1,1,1.0,1.0,D,D,3.6,3.1,2.2,2.15,1.67
F2,2024-11-22,19:00:00,Guingamp,Amiens,3,0,2.0,0.0,H,H,1.8,3.6,4.5,2.0,1.85
F2,2024-11-22,19:00:00,Martigues,Laval,0,3,0.0,1.0,A,A,3.3,3.2,2.25,2.3,1.6
F2,2024-11-22,19:00:00,Pau FC,Red Star,4,1,1.0,1.0,H,D,1.91,3.4,3.9,1.98,1.88
F2,2024-11-22,19:00:00,Troyes,Grenoble,0,0,0.0,0.0,D,D,2.2,3.2,3.3,2.15,1.67
F2,2024-11-23,13:00:00,Paris FC,Annecy,0,0,0.0,0.0,D,D,1.65,3.9,5.0,1.85,2.0
F2,2024-11-23,19:00:00,Bastia,Lorient,0,0,0.0,0.0,D,D,3.1,3.5,2.15,2.0,1.85
F2,2024-11-25,19:45:00,Dunkerque,Ajaccio,1,0,1.0,0.0,H,H,2.05,3.2,3.9,2.35,1.57
F2,2024-12-03,18:30:00,Ajaccio,Bastia,0,0,0.0,0.0,D,D,2.88,2.9,2.65,2.7,1.44
F2,2024-12-06,19:00:00,Annecy,Clermont,2,0,1.0,0.0,H,H,2.25,3.3,2.7,2.25,1.62
F2,2024-12-06,19:00:00,Laval,Caen,1,0,1.0,0.0,H,H,2.15,3.5,2.75,1.93,1.93
F2,2024-12-06,19:00:00,Lorient,Troyes,2,0,1.0,0.0,H,H,1.42,4.75,5.75,1.73,2.08
F2,2024-12-06,19:00:00,Martigues,Guingamp,0,1,0.0,0.0,A,D,4.75,4.1,1.5,1.65,2.2
F2,2024-12-06,19:00:00,Red Star,Bastia,0,0,0.0,0.0,D,D,2.7,3.2,2.35,2.5,1.5
F2,2024-12-06,19:00:00,Rodez,Pau FC,1,0,0.0,0.0,H,D,2.1,3.4,3.0,1.67,2.15
F2,2024-12-07,13:00:00,Grenoble,Amiens,0,2,0.0,0.0,A,D,2.3,3.3,2.7,2.35,1.57
F2,2024-12-07,19:00:00,Ajaccio,Paris FC,0,2,0.0,0.0,A,D,3.75,3.3,1.85,2.25,1.62
F2,2024-12-09,19:45:00,Metz,Dunkerque,2,0,0.0,0.0,H,D,1.7,3.75,4.0,2.0,1.85
F2,2024-12-13,19:00:00,Amiens,Laval,1,3,0.0,1.0,A,A,2.25,3.1,3.1,2.15,1.67
F2,2024-12-13,19:00:00,Bastia,Guingamp,3,1,0.0,1.0,H,A,2.3,3.0,3.5,2.2,1.65
F2,2024-12-13,19:00:00,Clermont,Rodez,1,1,0.0,1.0,D,A,2.55,3.4,2.63,1.85,2.0
F2,2024-12-13,19:00:00,Pau FC,Ajaccio,1,0,1.0,0.0,H,H,1.62,3.9,5.5,2.08,1.73
F2,2024-12-13,19:00:00,Troyes,Martigues,4,0,1.0,0.0,H,H,1.45,4.1,6.5,2.03,1.83
F2,2024-12-14,13:00:00,Lorient,Paris FC,2,0,1.0,0.0,H,H,1.91,3.5,3.4,1.98,1.88
F2,2024-12-14,13:00:00,Red Star,Grenoble,3,1,3.0,0.0,H,H,2.55,3.2,2.55,2.1,1.7
F2,2024-12-14,19:00:00,Annecy,Metz,0,0,0.0,0.0,D,D,3.4,3.3,2.1,2.03,1.83
F2,2024-12-16,19:45:00,Dunkerque,Caen,3,1,0.0,0.0,H,D,2.05,3.2,3.4,1.95,1.9
F2,2025-01-03,19:00:00,Ajaccio,Annecy,1,2,1.0,1.0,A,D,3.0,2.9,2.45,2.6,1.48
F2,2025-01-03,19:00:00,Amiens,Troyes,0,3,0.0,2.0,A,A,2.63,3.1,2.7,2.25,1.62
F2,2025-01-03,19:00:00,Caen,Clermont,0,1,0.0,0.0,A,D,2.25,3.3,3.0,1.93,1.93
F2,2025-01-03,19:00:00,Grenoble,Bastia,3,2,1.0,1.0,H,D,3.0,2.88,2.4,2.35,1.57
F2,2025-01-03,19:00:00,Paris FC,Martigues,1,2,1.0,0.0,A,H,1.18,6.5,13.0,1.57,2.35
F2,2025-01-03,19:00:00,Rodez,Red Star,0,2,0.0,1.0,A,A,1.65,4.1,4.33,1.6,2.3
F2,2025-01-04,13:00:00,Guingamp,Dunkerque,1,1,0.0,0.0,D,D,2.0,3.5,3.4,2.0,1.85
F2,2025-01-04,13:00:00,Metz,Pau FC,0,0,0.0,0.0,D,D,1.73,3.5,4.75,2.05,1.8
F2,2025-01-04,19:00:00,Laval,Lorient,2,0,0.0,0.0,H,D,4.33,3.4,1.8,2.08,1.73
F2,2025-01-10,19:00:00,Annecy,Guingamp,1,4,0.0,1.0,A,A,2.55,3.1,2.75,2.08,1.73
F2,2025-01-10,19:00:00,Laval,Red Star,1,1,1.0,1.0,D,D,1.95,3.25,3.6,2.08,1.73
F2,2025-01-10,19:00:00,Martigues,Clermont,0,1,0.0,0.0,A,D,4.75,3.4,1.73,2.0,1.8
F2,2025-01-10,19:00:00,Pau FC,Dunkerque,1,1,0.0,1.0,D,A,2.5,3.25,2.7,2.05,1.8
F2,2025-01-10,19:00:00,Rodez,Troyes,2,1,1.0,0.0,H,H,2.35,3.3,2.8,1.85,2.0
F2,2025-01-11,13:00:00,Bastia,Ajaccio,4,0,3.0,0.0,H,H,1.67,3.3,5.75,2.7,1.44
F2,2025-01-11,13:00:00,Caen,Grenoble,0,1,0.0,1.0,A,A,2.1,3.25,3.4,2.03,1.83
F2,2025-01-11,13:00:00,Paris FC,Amiens,1,0,0.0,0.0,H,D,1.62,3.7,5.25,2.03,1.83
F2,2025-01-11,19:00:00,Lorient,Metz,0,0,0.0,0.0,D,D,1.85,3.5,4.0,1.93,1.93
F2,2025-01-17,19:00:00,Ajaccio,Caen,2,1,0.0,0.0,H,D,2.4,3.0,3.1,2.25,1.62
F2,2025-01-17,19:00:00,Amiens,Bastia,1,0,0.0,0.0,H,D,3.2,3.0,2.3,2.35,1.57
F2,2025-01-17,19:00:00,Grenoble,Martigues,1,0,0.0,0.0,H,D,1.36,4.75,8.0,1.75,2.05
F2,2025-01-17,19:00:00,Guingamp,Rodez,3,0,1.0,0.0,H,H,2.25,3.4,3.0,1.88,1.98
F2,2025-01-17,19:00:00,Red Star,Pau FC,1,3,1.0,1.0,A,D,2.8,3.2,2.45,1.98,1.88
F2,2025-01-18,13:00:00,Clermont,Laval,1,1,0.0,0.0,D,D,2.15,3.3,3.3,2.03,1.83
F2,2025-01-18,13:00:00,Metz,Paris FC,3,1,1.0,1.0,H,D,2.4,3.0,3.1,2.25,1.62
F2,2025-01-18,19:00:00,Dunkerque,Lorient,0,1,0.0,1.0,A,A,2.9,2.9,2.55,2.05,1.75
F2,2025-01-20,19:45:00,Troyes,Annecy,0,1,0.0,1.0,A,A,2.0,3.3,3.75,2.05,1.8
F2,2025-01-24,19:00:00,Bastia,Pau FC,1,1,0.0,0.0,D,D,1.9,3.4,4.1,2.08,1.73
F2,2025-01-24,19:00:00,Caen,Guingamp,0,1,0.0,1.0,A,A,3.0,3.3,2.35,1.95,1.9
F2,2025-01-24,19:00:00,Laval,Troyes,1,0,0.0,0.0,H,D,2.6,2.88,2.63,2.35,1.57
F2,2025-01-24,19:00:00,Martigues,Amiens,3,0,3.0,0.0,H,H,3.9,3.5,1.9,2.0,1.85
F2,2025-01-24,19:00:00,Metz,Grenoble,3,0,1.0,0.0,H,H,1.6,3.7,5.75,2.0,1.85
F2,2025-01-24,19:00:00,Rodez,Ajaccio,1,2,0.0,2.0,A,A,1.72,3.6,4.5,2.0,1.85
F2,2025-01-25,13:00:00,Paris FC,Red Star,4,1,1.0,0.0,H,H,1.55,4.0,5.75,1.88,1.98
F2,2025-01-25,19:00:00,Lorient,Clermont,3,2,2.0,1.0,H,H,1.65,3.9,5.0,1.82,1.92
F2,2025-01-27,19:45:00,Annecy,Dunkerque,0,2,0.0,1.0,A,A,2.55,2.9,2.63,2.08,1.73
F2,2025-01-31,19:00:00,Amiens,Annecy,1,0,1.0,0.0,H,H,2.2,3.3,2.88,2.15,1.67
F2,2025-01-31,19:00:00,Bastia,Metz,1,1,1.0,0.0,D,H,2.88,3.0,2.4,2.4,1.53
F2,2025-01-31,19:00:00,Clermont,Ajaccio,0,1,0.0,0.0,A,D,1.75,3.2,5.0,2.25,1.62
F2,2025-01-31,19:00:00,Dunkerque,Martigues,0,1,0.0,0.0,A,D,1.44,4.0,7.0,1.8,2.0
F2,2025-01-31,19:00:00,Grenoble,Rodez,2,1,1.0,1.0,H,D,2.9,3.3,2.25,1.95,1.9
F2,2025-01-31,19:00:00,Pau FC,Laval,1,1,0.0,0.0,D,D,2.15,3.2,3.1,2.03,1.83
F2,2025-02-01,13:00:00,Red Star,Lorient,1,2,0.0,1.0,A,A,4.2,3.75,1.7,1.75,2.05
F2,2025-02-01,13:00:00,Troyes,Caen,3,0,0.0,0.0,H,D,2.0,3.4,3.3,2.0,1.85
F2,2025-02-01,19:00:00,Guingamp,Paris FC,0,1,0.0,1.0,A,A,2.6,3.2,2.5,2.1,1.7
F2,2025-02-07,19:00:00,Grenoble,Red Star,0,0,0.0,0.0,D,D,2.3,3.25,3.0,2.05,1.75
F2,2025-02-07,19:00:00,Laval,Annecy,0,1,0.0,0.0,A,D,1.95,3.4,3.9,2.1,1.7
F2,2025-02-07,19:00:00,Martigues,Troyes,1,2,0.0,2.0,A,A,3.6,3.4,2.05,2.0,1.85
F2,2025-02-07,19:00:00,Paris FC,Pau FC,3,1,1.0,1.0,H,D,1.65,3.9,5.0,1.8,2.0
F2,2025-02-07,19:00:00,Rodez,Bastia,0,2,0.0,1.0,A,A,2.45,3.25,2.88,2.0,1.85
F2,2025-02-08,13:00:00,Ajaccio,Guingamp,0,3,0.0,2.0,A,A,2.88,3.0,2.63,2.5,1.5
F2,2025-02-08,13:00:00,Lorient,Amiens,3,1,1.0,1.0,H,D,1.44,4.2,7.5,1.85,2.0
F2,2025-02-08,19:00:00,Metz,Clermont,3,1,2.0,0.0,H,H,1.8,3.5,4.5,2.08,1.73
F2,2025-02-10,19:45:00,Caen,Dunkerque,0,2,0.0,1.0,A,A,2.9,3.4,2.3,2.1,1.7
F2,2025-02-14,19:00:00,Ajaccio,Laval,3,0,2.0,0.0,H,H,2.45,2.75,3.4,2.88,1.4
F2,2025-02-14,19:00:00,Amiens,Grenoble,1,4,1.0,3.0,A,A,2.3,2.7,3.7,2.4,1.53
F2,2025-02-14,19:00:00,Clermont,Bastia,1,1,0.0,1.0,D,A,3.0,2.9,2.55,2.5,1.5
F2,2025-02-14,19:00:00,Pau FC,Rodez,0,5,0.0,2.0,A,A,2.63,3.0,2.8,1.73,2.08
F2,2025-02-14,19:00:00,Red Star,Martigues,1,0,0.0,0.0,H,D,1.75,3.6,4.33,1.98,1.88
F2,2025-02-14,19:00:00,Troyes,Lorient,0,1,0.0,0.0,A,D,3.9,2.9,2.1,2.25,1.62
F2,2025-02-15,13:00:00,Dunkerque,Paris FC,1,0,0.0,0.0,H,D,2.9,3.2,2.5,2.2,1.65
F2,2025-02-15,19:00:00,Guingamp,Metz,0,3,0.0,1.0,A,A,3.2,3.1,2.4,2.15,1.67
F2,2025-02-17,19:45:00,Annecy,Caen,1,0,1.0,0.0,H,H,2.35,3.25,3.0,2.05,1.75
F2,2025-02-21,19:00:00,Bastia,Red Star,1,0,0.0,0.0,H,D,1.73,3.5,4.5,2.1,1.7
F2,2025-02-21,19:00:00,Dunkerque,Clermont,3,0,2.0,0.0,H,H,1.8,3.2,4.5,2.15,1.67
F2,2025-02-21,19:00:00,Grenoble,Guingamp,1,1,1.0,0.0,D,H,2.9,3.1,2.35,2.1,1.7
F2,2025-02-21,19:00:00,Martigues,Annecy,2,0,1.0,0.0,H,H,3.3,3.3,2.05,2.08,1.73
F2,2025-02-21,19:00:00,Paris FC,Troyes,1,0,0.0,0.0,H,D,1.73,3.5,4.75,2.2,1.65
F2,2025-02-21,19:00:00,Rodez,Amiens,1,1,1.0,0.0,D,H,1.63,3.75,4.75,1.73,2.08
F2,2025-02-22,13:00:00,Caen,Pau FC,2,2,1.0,1.0,D,D,2.2,3.2,3.25,2.0,1.85
F2,2025-02-22,13:00:00,Lorient,Laval,0,1,0.0,0.0,A,D,1.45,4.1,6.5,1.88,1.98
F2,2025-02-22,19:00:00,Metz,Ajaccio,0,1,0.0,0.0,A,D,1.44,4.2,6.5,2.1,1.7
F2,2025-02-28,19:00:00,Annecy,Paris FC,2,3,1.0,1.0,A,D,3.8,3.1,2.1,2.25,1.62
F2,2025-02-28,19:00:00,Clermont,Caen,0,1,0.0,0.0,A,D,2.2,3.0,3.3,2.15,1.67
F2,2025-02-28,19:00:00,Laval,Martigues,0,1,0.0,0.0,A,D,1.73,3.6,4.75,2.05,1.75
F2,2025-02-28,19:00:00,Pau FC,Grenoble,1,0,0.0,0.0,H,D,1.91,3.5,3.7,1.82,1.92
F2,2025-02-28,19:00:00,Troyes,Bastia,2,0,1.0,0.0,H,H,2.7,2.75,2.9,2.5,1.5
F2,2025-03-01,13:00:00,Amiens,Metz,1,2,1.0,0.0,A,H,5.0,3.6,1.7,2.05,1.75
F2,2025-03-01,13:00:00,Red Star,Guingamp,3,1,1.0,1.0,H,D,3.0,3.4,2.25,2.05,1.8
F2,2025-03-01,19:00:00,Lorient,Rodez,3,1,1.0,1.0,H,D,1.65,4.0,4.5,1.7,2.1
F2,2025-03-03,19:45:00,Ajaccio,Dunkerque,1,2,0.0,1.0,A,A,3.4,2.9,2.3,2.7,1.44
F2,2025-03-07,19:00:00,Bastia,Martigues,1,0,1.0,0.0,H,H,1.42,4.0,7.5,2.08,1.73
F2,2025-03-07,19:00:00,Caen,Laval,0,1,0.0,1.0,A,A,2.0,3.3,3.7,2.15,1.67
F2,2025-03-07,19:00:00,Grenoble,Ajaccio,2,2,1.0,1.0,D,D,2.2,3.1,3.4,2.4,1.53
F2,2025-03-07,19:00:00,Guingamp,Clermont,3,1,0.0,1.0,H,A,1.8,3.6,4.0,2.05,1.75
F2,2025-03-07,19:00:00,Pau FC,Troyes,0,2,0.0,0.0,A,D,2.38,3.2,2.9,2.05,1.72
F2,2025-03-07,19:00:00,Red Star,Amiens,2,0,1.0,0.0,H,H,1.85,3.4,4.2,2.0,1.85
F2,2025-03-08,13:00:00,Paris FC,Lorient,3,2,3.0,1.0,H,H,2.6,3.1,2.75,2.25,1.62
F2,2025-03-08,19:00:00,Metz,Annecy,5,1,2.0,0.0,H,H,1.42,4.75,6.5,1.9,1.95
F2,2025-03-10,19:45:00,Rodez,Dunkerque,5,1,0.0,1.0,H,A,2.45,3.4,2.8,2.0,1.85
F2,2025-03-14,19:00:00,Ajaccio,Red Star,2,1,0.0,1.0,H,A,2.6,2.88,2.8,2.6,1.48
F2,2025-03-14,19:00:00,Amiens,Caen,2,1,0.0,0.0,H,D,3.2,3.2,2.15,2.1,1.7
F2,2025-03-14,19:00:00,Annecy,Rodez,1,1,0.0,0.0,D,D,2.88,3.3,2.3,1.95,1.9
F2,2025-03-14,19:00:00,Clermont,Grenoble,0,0,0.0,0.0,D,D,2.35,3.1,3.0,2.25,1.62
F2,2025-03-14,19:00:00,Martigues,Pau FC,2,2,1.0,0.0,D,H,3.4,3.2,2.05,1.98,1.88
F2,2025-03-14,19:00:00,Troyes,Guingamp,0,1,0.0,0.0,A,D,2.5,3.1,2.7,2.25,1.62
F2,2025-03-15,13:00:00,Dunkerque,Metz,2,3,0.0,1.0,A,A,2.8,3.2,2.35,2.1,1.7
F2,2025-03-15,13:00:00,Laval,Paris FC,3,0,1.0,0.0,H,H,3.6,3.2,2.0,2.2,1.65
F2,2025-03-15,19:00:00,Lorient,Bastia,4,0,2.0,0.0,H,H,1.67,3.4,5.0,2.25,1.62
F2,2025-03-28,19:00:00,Bastia,Dunkerque,2,0,1.0,0.0,H,H,2.05,3.1,3.4,2.35,1.57
F2,2025-03-28,19:00:00,Clermont,Amiens,1,1,1.0,0.0,D,H,1.95,3.2,3.5,2.03,1.83
F2,2025-03-28,19:00:00,Martigues,Ajaccio,2,0,2.0,0.0,H,H,3.0,3.0,2.25,2.4,1.53
F2,2025-03-28,19:00:00,Metz,Troyes,2,1,1.0,0.0,H,H,1.62,3.3,5.25,2.1,1.7
F2,2025-03-28,19:00:00,Pau FC,Annecy,1,0,0.0,0.0,H,D,2.1,3.2,3.3,2.1,1.7
F2,2025-03-28,19:00:00,Red Star,Rodez,1,1,1.0,1.0,D,D,2.7,3.1,2.5,1.89,1.84
F2,2025-03-29,13:00:00,Grenoble,Lorient,1,2,1.0,2.0,A,A,4.33,3.3,1.75,2.0,1.85
F2,2025-03-29,19:00:00,Guingamp,Laval,2,0,2.0,0.0,H,H,1.7,3.4,4.5,2.1,1.7
F2,2025-03-31,19:45:00,Paris FC,Caen,4,2,3.0,0.0,H,H,1.53,3.6,6.0,1.9,1.95
F2,2025-04-04,19:00:00,Ajaccio,Amiens,2,1,1.0,1.0,H,D,2.1,3.0,3.9,2.5,1.5
F2,2025-04-04,19:00:00,Annecy,Bastia,1,1,1.0,0.0,D,H,3.5,3.0,2.2,2.6,1.48
F2,2025-04-04,19:00:00,Laval,Grenoble,1,2,1.0,2.0,A,A,2.25,2.9,3.5,2.2,1.65
F2,2025-04-04,19:00:00,Paris FC,Clermont,2,0,1.0,0.0,H,H,1.45,4.1,8.0,1.7,2.1
F2,2025-04-04,19:00:00,Rodez,Martigues,1,0,0.0,0.0,H,D,1.44,4.75,6.25,1.57,2.35
F2,2025-04-05,13:00:00,Caen,Metz,2,2,0.0,1.0,D,A,4.1,3.6,1.8,2.03,1.83
F2,2025-04-05,19:00:00,Lorient,Pau FC,5,0,1.0,0.0,H,H,1.42,4.5,7.0,1.62,2.25
F2,2025-04-05,19:00:00,Troyes,Red Star,2,2,2.0,2.0,D,D,1.95,3.4,4.0,2.2,1.65
F2,2025-04-07,19:45:00,Dunkerque,Guingamp,3,1,0.0,0.0,H,D,2.38,3.25,3.0,2.03,1.83
F2,2025-04-11,19:00:00,Amiens,Dunkerque,1,0,0.0,0.0,H,D,3.75,3.5,1.83,1.95,1.85
F2,2025-04-11,19:00:00,Martigues,Metz,1,4,1.0,3.0,A,A,7.0,5.0,1.4,1.7,2.1
F2,2025-04-11,19:00:00,Pau FC,Clermont,2,2,1.0,1.0,D,D,2.0,3.4,3.6,1.93,1.93
F2,2025-04-11,19:00:00,Red Star,Annecy,0,1,0.0,1.0,A,A,2.1,3.2,3.7,2.1,1.7
F2,2025-04-11,19:00:00,Rodez,Caen,2,2,0.0,0.0,D,D,1.9,3.7,3.7,1.7,2.1
F2,2025-04-11,19:00:00,Troyes,Ajaccio,0,0,0.0,0.0,D,D,1.85,3.3,4.5,2.5,1.5
F2,2025-04-12,13:00:00,Guingamp,Lorient,1,2,0.0,0.0,A,D,3.25,3.5,2.0,1.93,1.93
F2,2025-04-12,19:00:00,Grenoble,Paris FC,1,2,0.0,1.0,A,A,4.33,3.9,1.7,1.9,1.95
F2,2025-04-14,19:45:00,Bastia,Laval,5,2,2.0,1.0,H,H,1.62,3.25,6.0,2.2,1.65
F2,2025-04-18,19:00:00,Ajaccio,Pau FC,1,1,0.0,1.0,D,A,2.5,3.1,2.9,2.3,1.6
F2,2025-04-18,19:00:00,Amiens,Guingamp,3,2,2.0,1.0,H,H,4.1,3.5,1.83,2.05,1.75
F2,2025-04-18,19:00:00,Caen,Martigues,0,3,0.0,2.0,A,A,1.57,3.75,5.75,1.83,2.03
F2,2025-04-18,19:00:00,Clermont,Troyes,0,2,0.0,1.0,A,A,3.2,3.2,2.2,2.15,1.67
F2,2025-04-18,19:00:00,Dunkerque,Grenoble,2,0,0.0,0.0,H,D,1.73,3.6,4.75,1.93,1.93
F2,2025-04-18,19:00:00,Laval,Rodez,2,1,1.0,0.0,H,H,2.9,3.3,2.35,1.93,1.93
F2,2025-04-19,13:00:00,Paris FC,Bastia,1,0,1.0,0.0,H,H,1.83,3.4,4.2,2.15,1.67
F2,2025-04-19,19:00:00,Metz,Red Star,2,2,1.0,1.0,D,D,1.48,4.33,6.5,1.73,2.08
F2,2025-04-21,19:45:00,Annecy,Lorient,0,0,0.0,0.0,D,D,5.25,4.0,1.6,1.98,1.88
F2,2025-04-25,19:00:00,Annecy,Ajaccio,2,0,0.0,0.0,H,D,2.0,3.4,3.75,2.25,1.62
F2,2025-04-25,19:00:00,Bastia,Grenoble,2,3,1.0,1.0,A,D,1.53,4.33,5.75,1.67,2.15
F2,2025-04-25,19:00:00,Guingamp,Martigues,2,1,1.0,0.0,H,H,1.44,4.33,7.5,1.6,2.3
F2,2025-04-25,19:00:00,Laval,Amiens,1,0,0.0,0.0,H,D,1.57,4.0,5.75,2.0,1.85
F2,2025-04-25,19:00:00,Red Star,Clermont,1,1,1.0,0.0,D,H,2.5,3.25,2.8,1.9,1.95
F2,2025-04-25,19:00:00,Troyes,Dunkerque,1,0,1.0,0.0,H,H,2.7,3.0,2.75,2.15,1.67
F2,2025-04-26,13:00:00,Rodez,Paris FC,1,1,0.0,1.0,D,A,3.0,3.25,2.38,1.98,1.88
F2,2025-04-26,19:00:00,Lorient,Caen,4,0,2.0,0.0,H,H,1.25,6.0,13.0,1.57,2.35
F2,2025-04-26,19:00:00,Pau FC,Metz,2,1,0.0,0.0,H,D,4.33,3.8,1.73,1.75,2.05
F2,2025-05-02,19:00:00,Ajaccio,Lorient,2,1,1.0,0.0,H,H,6.0,3.9,1.55,1.95,1.9
F2,2025-05-02,19:00:00,Amiens,Pau FC,4,2,3.0,1.0,H,H,3.1,3.5,2.2,1.63,2.15
F2,2025-05-02,19:00:00,Caen,Red Star,1,1,0.0,1.0,D,A,2.63,3.4,2.55,1.85,2.0
F2,2025-05-02,19:00:00,Clermont,Annecy,3,2,2.0,0.0,H,H,2.25,3.2,3.2,2.05,1.72
F2,2025-05-02,19:00:00,Dunkerque,Laval,0,0,0.0,0.0,D,D,1.8,3.5,4.33,2.03,1.83
F2,2025-05-02,19:00:00,Grenoble,Troyes,3,1,2.0,0.0,H,H,3.2,3.25,2.25,1.98,1.88
F2,2025-05-02,19:00:00,Guingamp,Bastia,2,2,1.0,1.0,D,D,2.1,3.2,3.7,2.08,1.73
F2,2025-05-02,19:00:00,Martigues,Paris FC,1,1,0.0,0.0,D,D,5.0,3.75,1.67,1.85,2.0
F2,2025-05-02,19:00:00,Metz,Rodez,3,3,0.0,0.0,D,D,1.57,4.2,5.0,1.53,2.4
F2,2025-05-10,16:00:00,Annecy,Grenoble,3,1,1.0,1.0,H,D,1.95,3.4,3.8,1.8,2.0
F2,2025-05-10,16:00:00,Bastia,Caen,2,1,1.0,1.0,H,D,1.48,4.33,5.75,1.57,2.35
F2,2025-05-10,16:00:00,Laval,Metz,2,3,0.0,1.0,A,A,2.15,3.8,2.9,1.57,2.35
F2,2025-05-10,16:00:00,Lorient,Martigues,5,1,1.0,0.0,H,H,1.57,4.1,5.5,1.53,2.4
F2,2025-05-10,16:00:00,Paris FC,Ajaccio,2,0,0.0,0.0,H,D,1.48,4.1,6.5,1.98,1.88
F2,2025-05-10,16:00:00,Pau FC,Guingamp,1,3,1.0,1.0,A,D,3.0,3.7,2.1,1.44,2.7
F2,2025-05-10,16:00:00,Red Star,Dunkerque,1,1,1.0,1.0,D,D,4.0,3.2,2.0,1.7,2.1
F2,2025-05-10,16:00:00,Rodez,Clermont,1,1,1.0,1.0,D,D,2.75,3.5,2.4,1.62,2.25
F2,2025-05-10,16:00:00,Troyes,Amiens,1,0,0.0,0.0,H,D,1.55,4.1,5.5,1.75,2.05
