Div,Date,Time,HomeTeam,AwayTeam,FTHG,FTAG,HTHG,HTAG,FTR,HTR,B365H,B365D,B365A,B365>2.5,B365<2.5
E0,2023-08-11,20:00:00,Burnley,Man City,0,3,0.0,2.0,A,A,8.0,5.5,1.33,1.67,2.2
E0,2023-08-12,12:30:00,Arsenal,Nott'm Forest,2,1,2.0,0.0,H,H,1.18,7.0,15.0,1.44,2.75
E0,2023-08-12,15:00:00,Bournemouth,West Ham,1,1,0.0,0.0,D,D,2.7,3.4,2.55,1.9,2.0
E0,2023-08-12,15:00:00,Brighton,Luton,4,1,1.0,0.0,H,H,1.33,5.5,9.0,1.62,2.3
E0,2023-08-12,15:00:00,Everton,Fulham,0,1,0.0,0.0,A,D,2.2,3.4,3.3,2.01,1.89
E0,2023-08-12,15:00:00,Sheffield United,Crystal Palace,0,1,0.0,0.0,A,D,3.0,3.3,2.38,2.2,1.67
E0,2023-08-12,17:30:00,Newcastle,Aston Villa,5,1,2.0,1.0,H,H,1.75,3.75,4.6,1.73,2.1
E0,2023-08-13,14:00:00,Brentford,Tottenham,2,2,2.0,2.0,D,D,2.75,3.4,2.45,1.73,2.1
E0,2023-08-13,16:30:00,Chelsea,Liverpool,1,1,1.0,1.0,D,D,2.9,3.4,2.38,1.67,2.2
E0,2023-08-14,20:00:00,Man United,Wolves,1,0,0.0,0.0,H,D,1.33,5.5,9.0,1.62,2.3
E0,2023-08-18,19:45:00,Nott'm Forest,Sheffield United,2,1,1.0,0.0,H,H,1.95,3.4,4.0,2.2,1.67
E0,2023-08-19,15:00:00,Fulham,Brentford,0,3,0.0,1.0,A,A,2.7,3.3,2.63,1.96,1.94
E0,2023-08-19,15:00:00,Liverpool,Bournemouth,3,1,2.0,1.0,H,H,1.2,7.0,13.0,1.33,3.4
E0,2023-08-19,15:00:00,Wolves,Brighton,1,4,0.0,1.0,A,A,4.0,3.8,1.85,1.73,2.1
E0,2023-08-19,17:30:00,Tottenham,Man United,2,0,0.0,0.0,H,D,2.8,3.6,2.38,1.57,2.38
E0,2023-08-19,20:00:00,Man City,Newcastle,1,0,1.0,0.0,H,H,1.67,4.0,5.0,1.73,2.1
E0,2023-08-20,14:00:00,Aston Villa,Everton,4,0,2.0,0.0,H,H,1.7,4.0,4.5,1.92,1.98
E0,2023-08-20,16:30:00,West Ham,Chelsea,3,1,1.0,1.0,H,D,3.75,3.5,2.0,1.96,1.94
E0,2023-08-21,20:00:00,Crystal Palace,Arsenal,0,1,0.0,0.0,A,D,5.5,4.0,1.6,1.94,1.96
E0,2023-08-25,20:00:00,Chelsea,Luton,3,0,1.0,0.0,H,H,1.29,5.5,11.0,1.67,2.2
E0,2023-08-26,12:30:00,Bournemouth,Tottenham,0,2,0.0,1.0,A,A,3.8,3.75,1.91,1.53,2.5
E0,2023-08-26,15:00:00,Arsenal,Fulham,2,2,0.0,1.0,D,A,1.2,7.0,13.0,1.44,2.75
E0,2023-08-26,15:00:00,Brentford,Crystal Palace,1,1,1.0,0.0,D,H,2.15,3.4,3.5,2.1,1.73
E0,2023-08-26,15:00:00,Everton,Wolves,0,1,0.0,0.0,A,D,2.3,3.3,3.2,2.1,1.73
E0,2023-08-26,15:00:00,Man United,Nott'm Forest,3,2,1.0,2.0,H,A,1.3,6.0,8.0,1.5,2.63
E0,2023-08-26,17:30:00,Brighton,West Ham,1,3,0.0,1.0,A,A,1.53,4.75,5.25,1.5,2.63
E0,2023-08-27,14:00:00,Burnley,Aston Villa,1,3,0.0,2.0,A,A,3.4,3.4,2.15,1.86,2.04
E0,2023-08-27,14:00:00,Sheffield United,Man City,1,2,0.0,0.0,A,D,13.0,8.0,1.17,1.57,2.38
E0,2023-08-27,16:30:00,Newcastle,Liverpool,1,2,1.0,0.0,A,H,2.2,3.75,3.0,1.5,2.63
E0,2023-09-01,20:00:00,Luton,West Ham,1,2,0.0,1.0,A,A,4.75,3.8,1.73,1.87,2.03
E0,2023-09-02,12:30:00,Sheffield United,Everton,2,2,2.0,1.0,D,H,2.9,3.25,2.5,2.2,1.67
E0,2023-09-02,15:00:00,Brentford,Bournemouth,2,2,1.0,1.0,D,D,1.73,3.8,4.75,1.73,2.1
E0,2023-09-02,15:00:00,Burnley,Tottenham,2,5,1.0,2.0,A,A,3.6,4.0,1.85,1.62,2.3
E0,2023-09-02,15:00:00,Chelsea,Nott'm Forest,0,1,0.0,0.0,A,D,1.4,4.5,8.5,1.62,2.3
E0,2023-09-02,15:00:00,Man City,Fulham,5,1,2.0,1.0,H,H,1.17,8.0,15.0,1.4,3.0
E0,2023-09-02,17:30:00,Brighton,Newcastle,3,1,1.0,0.0,H,H,2.5,3.8,2.55,1.5,2.63
E0,2023-09-03,14:00:00,Crystal Palace,Wolves,3,2,0.0,0.0,H,D,1.91,3.3,4.33,2.2,1.67
E0,2023-09-03,14:00:00,Liverpool,Aston Villa,3,0,2.0,0.0,H,H,1.65,4.5,4.5,1.4,3.0
E0,2023-09-03,16:30:00,Arsenal,Man United,3,1,1.0,1.0,H,D,1.75,3.8,4.5,1.57,2.38
E0,2023-09-16,12:30:00,Wolves,Liverpool,1,3,1.0,0.0,A,H,6.0,5.0,1.45,1.44,2.75
E0,2023-09-16,15:00:00,Aston Villa,Crystal Palace,3,1,0.0,0.0,H,D,1.91,3.6,4.0,1.89,2.01
E0,2023-09-16,15:00:00,Fulham,Luton,1,0,0.0,0.0,H,D,1.67,3.75,5.5,1.89,2.01
E0,2023-09-16,15:00:00,Man United,Brighton,1,3,0.0,1.0,A,A,2.15,4.0,2.88,1.44,2.75
E0,2023-09-16,15:00:00,Tottenham,Sheffield United,2,1,0.0,0.0,H,D,1.29,5.5,11.0,1.5,2.63
E0,2023-09-16,15:00:00,West Ham,Man City,1,3,1.0,0.0,A,H,7.0,4.5,1.45,1.62,2.3
E0,2023-09-16,17:30:00,Newcastle,Brentford,1,0,0.0,0.0,H,D,1.53,4.2,6.0,1.67,2.2
E0,2023-09-17,14:00:00,Bournemouth,Chelsea,0,0,0.0,0.0,D,D,4.33,3.75,1.8,1.67,2.2
E0,2023-09-17,16:30:00,Everton,Arsenal,0,1,0.0,0.0,A,D,6.0,4.5,1.5,1.67,2.2
E0,2023-09-18,19:45:00,Nott'm Forest,Burnley,1,1,0.0,1.0,D,A,2.2,3.5,3.25,1.92,1.98
E0,2023-09-23,15:00:00,Crystal Palace,Fulham,0,0,0.0,0.0,D,D,1.91,3.4,4.2,2.0,1.8
E0,2023-09-23,15:00:00,Luton,Wolves,1,1,0.0,0.0,D,D,3.25,3.4,2.2,2.02,1.88
E0,2023-09-23,15:00:00,Man City,Nott'm Forest,2,0,2.0,0.0,H,H,1.14,8.5,15.0,1.4,3.0
E0,2023-09-23,17:30:00,Brentford,Everton,1,3,1.0,1.0,A,D,1.8,3.8,4.2,1.95,1.95
E0,2023-09-23,20:00:00,Burnley,Man United,0,1,0.0,1.0,A,A,4.2,4.2,1.73,1.62,2.3
E0,2023-09-24,14:00:00,Arsenal,Tottenham,2,2,1.0,1.0,D,D,1.67,4.33,4.33,1.5,2.63
E0,2023-09-24,14:00:00,Brighton,Bournemouth,3,1,1.0,1.0,H,D,1.36,5.25,7.5,1.36,3.2
E0,2023-09-24,14:00:00,Chelsea,Aston Villa,0,1,0.0,0.0,A,D,1.91,3.75,3.8,1.73,2.1
E0,2023-09-24,14:00:00,Liverpool,West Ham,3,1,1.0,1.0,H,D,1.4,5.0,7.0,1.4,3.0
E0,2023-09-24,16:30:00,Sheffield United,Newcastle,0,8,0.0,3.0,A,A,7.0,4.75,1.44,1.67,2.2
E0,2023-09-30,12:30:00,Aston Villa,Brighton,6,1,3.0,0.0,H,H,2.55,3.75,2.55,1.44,2.75
E0,2023-09-30,15:00:00,Bournemouth,Arsenal,0,4,0.0,2.0,A,A,5.5,4.5,1.53,1.53,2.5
E0,2023-09-30,15:00:00,Everton,Luton,1,2,1.0,2.0,A,A,1.57,3.8,6.5,2.05,1.85
E0,2023-09-30,15:00:00,Man United,Crystal Palace,0,1,0.0,1.0,A,A,1.55,4.2,5.75,1.8,2.0
E0,2023-09-30,15:00:00,Newcastle,Burnley,2,0,1.0,0.0,H,H,1.3,5.75,9.0,1.53,2.5
E0,2023-09-30,15:00:00,West Ham,Sheffield United,2,0,2.0,0.0,H,H,1.45,4.5,7.0,1.67,2.2
E0,2023-09-30,15:00:00,Wolves,Man City,2,1,1.0,0.0,H,H,8.0,5.75,1.33,1.53,2.5
E0,2023-09-30,17:30:00,Tottenham,Liverpool,2,1,1.0,1.0,H,D,2.9,4.0,2.15,1.36,3.2
E0,2023-10-01,14:00:00,Nott'm Forest,Brentford,1,1,0.0,0.0,D,D,2.75,3.1,2.7,2.1,1.73
E0,2023-10-02,20:00:00,Fulham,Chelsea,0,2,0.0,2.0,A,A,3.6,3.5,2.05,1.98,1.92
E0,2023-10-03,19:30:00,Luton,Burnley,1,2,0.0,1.0,A,A,2.9,3.0,2.63,2.2,1.65
E0,2023-10-07,12:30:00,Luton,Tottenham,0,1,0.0,0.0,A,D,6.0,4.75,1.45,1.53,2.4
E0,2023-10-07,15:00:00,Burnley,Chelsea,1,4,1.0,1.0,A,D,4.5,3.8,1.73,1.85,2.05
E0,2023-10-07,15:00:00,Everton,Bournemouth,3,0,2.0,0.0,H,H,1.91,3.6,3.8,1.85,2.05
E0,2023-10-07,15:00:00,Fulham,Sheffield United,3,1,0.0,0.0,H,D,1.62,3.8,6.0,1.96,1.94
E0,2023-10-07,15:00:00,Man United,Brentford,2,1,0.0,1.0,H,A,1.67,4.2,4.75,1.65,2.2
E0,2023-10-07,17:30:00,Crystal Palace,Nott'm Forest,0,0,0.0,0.0,D,D,2.2,3.1,3.6,2.25,1.62
E0,2023-10-08,14:00:00,Brighton,Liverpool,2,2,1.0,2.0,D,A,3.0,3.8,2.2,1.36,3.1
E0,2023-10-08,14:00:00,West Ham,Newcastle,2,2,1.0,0.0,D,H,3.2,3.75,2.1,1.7,2.1
E0,2023-10-08,14:00:00,Wolves,Aston Villa,1,1,0.0,0.0,D,D,3.5,3.4,2.1,1.75,2.05
E0,2023-10-08,16:30:00,Arsenal,Man City,1,0,0.0,0.0,H,D,2.9,3.3,2.4,1.75,2.05
E0,2023-10-21,12:30:00,Liverpool,Everton,2,0,0.0,0.0,H,D,1.33,5.75,7.5,1.4,2.88
E0,2023-10-21,15:00:00,Bournemouth,Wolves,1,2,1.0,0.0,A,H,2.38,3.4,3.0,1.85,2.05
E0,2023-10-21,15:00:00,Brentford,Burnley,3,0,1.0,0.0,H,H,1.83,3.75,4.2,1.95,1.95
E0,2023-10-21,15:00:00,Man City,Brighton,2,1,2.0,0.0,H,H,1.4,5.25,6.5,1.36,3.1
E0,2023-10-21,15:00:00,Newcastle,Crystal Palace,4,0,3.0,0.0,H,H,1.45,4.5,7.0,1.85,2.05
E0,2023-10-21,15:00:00,Nott'm Forest,Luton,2,2,0.0,0.0,D,D,1.67,3.75,5.5,2.08,1.82
E0,2023-10-21,17:30:00,Chelsea,Arsenal,2,2,1.0,0.0,D,H,3.2,3.4,2.25,1.98,1.92
E0,2023-10-21,20:00:00,Sheffield United,Man United,1,2,1.0,1.0,A,D,6.5,5.25,1.4,1.53,2.4
E0,2023-10-22,16:30:00,Aston Villa,West Ham,4,1,1.0,0.0,H,H,1.85,3.6,4.0,1.57,2.35
E0,2023-10-23,20:00:00,Tottenham,Fulham,2,0,1.0,0.0,H,H,1.5,4.5,6.0,1.5,2.5
E0,2023-10-27,20:00:00,Crystal Palace,Tottenham,1,2,0.0,0.0,A,D,4.5,3.75,1.75,1.94,1.96
E0,2023-10-28,12:30:00,Chelsea,Brentford,0,2,0.0,0.0,A,D,1.65,4.0,5.25,1.8,2.0
E0,2023-10-28,15:00:00,Arsenal,Sheffield United,5,0,1.0,0.0,H,H,1.13,8.5,19.0,1.36,3.1
E0,2023-10-28,15:00:00,Bournemouth,Burnley,2,1,1.0,1.0,H,D,2.15,3.5,3.3,1.75,2.05
E0,2023-10-28,17:30:00,Wolves,Newcastle,2,2,1.0,2.0,D,A,4.2,4.0,1.75,1.75,2.05
E0,2023-10-29,13:00:00,West Ham,Everton,0,1,0.0,0.0,A,D,2.15,3.5,3.3,1.73,2.08
E0,2023-10-29,14:00:00,Aston Villa,Luton,3,1,1.0,0.0,H,H,1.25,6.5,9.5,1.48,2.6
E0,2023-10-29,14:00:00,Brighton,Fulham,1,1,1.0,0.0,D,H,1.55,4.2,5.5,1.5,2.5
E0,2023-10-29,14:00:00,Liverpool,Nott'm Forest,3,0,2.0,0.0,H,H,1.29,5.75,11.0,1.4,2.88
E0,2023-10-29,15:30:00,Man United,Man City,0,3,0.0,1.0,A,A,5.0,3.8,1.67,1.7,2.1
E0,2023-11-04,12:30:00,Fulham,Man United,0,1,0.0,0.0,A,D,3.2,3.6,2.2,1.75,2.05
E0,2023-11-04,15:00:00,Brentford,West Ham,3,2,1.0,2.0,H,A,2.05,3.6,3.5,1.73,2.08
E0,2023-11-04,15:00:00,Burnley,Crystal Palace,0,2,0.0,1.0,A,A,2.75,3.25,2.6,2.2,1.65
E0,2023-11-04,15:00:00,Everton,Brighton,1,1,1.0,0.0,D,H,3.1,3.6,2.2,1.57,2.35
E0,2023-11-04,15:00:00,Man City,Bournemouth,6,1,3.0,0.0,H,H,1.1,11.0,19.0,1.29,3.6
E0,2023-11-04,15:00:00,Sheffield United,Wolves,2,1,0.0,0.0,H,D,3.8,3.5,2.0,1.91,1.99
E0,2023-11-04,17:30:00,Newcastle,Arsenal,1,0,0.0,0.0,H,D,2.8,3.2,2.6,1.95,1.95
E0,2023-11-05,14:00:00,Nott'm Forest,Aston Villa,2,0,1.0,0.0,H,H,4.2,3.75,1.85,1.73,2.08
E0,2023-11-05,16:30:00,Luton,Liverpool,1,1,0.0,0.0,D,D,12.0,6.5,1.22,1.36,3.1
E0,2023-11-06,20:00:00,Tottenham,Chelsea,1,4,1.0,1.0,A,D,2.0,3.75,3.5,1.7,2.1
E0,2023-11-11,12:30:00,Wolves,Tottenham,2,1,0.0,1.0,H,A,3.1,3.75,2.2,1.62,2.25
E0,2023-11-11,15:00:00,Arsenal,Burnley,3,1,1.0,0.0,H,H,1.18,7.0,17.0,1.48,2.6
E0,2023-11-11,15:00:00,Crystal Palace,Everton,2,3,1.0,1.0,A,D,2.45,3.2,3.0,2.25,1.62
E0,2023-11-11,15:00:00,Man United,Luton,1,0,0.0,0.0,H,D,1.33,5.25,9.5,1.53,2.4
E0,2023-11-11,17:30:00,Bournemouth,Newcastle,2,0,0.0,0.0,H,D,4.75,4.0,1.73,1.7,2.1
E0,2023-11-12,14:00:00,Aston Villa,Fulham,3,1,2.0,0.0,H,H,1.57,4.2,5.5,1.7,2.1
E0,2023-11-12,14:00:00,Brighton,Sheffield United,1,1,1.0,0.0,D,H,1.25,5.75,13.0,1.4,2.88
E0,2023-11-12,14:00:00,Liverpool,Brentford,3,0,1.0,0.0,H,H,1.4,5.0,6.5,1.44,2.7
E0,2023-11-12,14:00:00,West Ham,Nott'm Forest,3,2,1.0,1.0,H,D,1.85,3.6,4.0,1.75,2.05
E0,2023-11-12,16:30:00,Chelsea,Man City,4,4,2.0,2.0,D,D,5.0,3.7,1.73,1.88,2.02
E0,2023-11-25,12:30:00,Man City,Liverpool,1,1,1.0,0.0,D,H,1.73,4.2,4.2,1.48,2.6
E0,2023-11-25,15:00:00,Burnley,West Ham,1,2,0.0,0.0,A,D,3.4,3.5,2.05,1.75,2.05
E0,2023-11-25,15:00:00,Luton,Crystal Palace,2,1,0.0,0.0,H,D,3.6,3.3,2.1,2.15,1.67
E0,2023-11-25,15:00:00,Newcastle,Chelsea,4,1,1.0,1.0,H,D,2.55,3.5,2.63,1.86,2.04
E0,2023-11-25,15:00:00,Nott'm Forest,Brighton,2,3,1.0,2.0,A,A,3.2,3.6,2.15,1.73,2.08
E0,2023-11-25,15:00:00,Sheffield United,Bournemouth,1,3,0.0,2.0,A,A,3.2,3.5,2.2,1.85,2.05
E0,2023-11-25,17:30:00,Brentford,Arsenal,0,1,0.0,0.0,A,D,4.5,3.75,1.75,1.9,2.0
E0,2023-11-26,14:00:00,Tottenham,Aston Villa,1,2,1.0,1.0,A,D,2.3,3.8,2.8,1.5,2.5
E0,2023-11-26,16:30:00,Everton,Man United,0,3,0.0,1.0,A,A,2.7,3.4,2.55,1.85,2.05
E0,2023-11-27,20:00:00,Fulham,Wolves,3,2,1.0,1.0,H,D,2.38,3.3,3.0,2.08,1.73
E0,2023-12-02,15:00:00,Arsenal,Wolves,2,1,2.0,0.0,H,H,1.25,5.5,12.0,1.65,2.2
E0,2023-12-02,15:00:00,Brentford,Luton,3,1,0.0,0.0,H,D,1.45,4.5,6.5,1.7,2.1
E0,2023-12-02,15:00:00,Burnley,Sheffield United,5,0,2.0,0.0,H,H,1.8,3.6,4.5,2.06,1.84
E0,2023-12-02,17:30:00,Nott'm Forest,Everton,0,1,0.0,0.0,A,D,2.75,3.25,2.6,2.05,1.75
E0,2023-12-02,20:00:00,Newcastle,Man United,1,0,0.0,0.0,H,D,1.91,3.75,3.8,1.67,2.15
E0,2023-12-03,14:00:00,Bournemouth,Aston Villa,2,2,1.0,1.0,D,D,3.4,4.0,1.95,1.53,2.4
E0,2023-12-03,14:00:00,Chelsea,Brighton,3,2,2.0,1.0,H,H,1.73,4.2,4.2,1.53,2.4
E0,2023-12-03,14:00:00,Liverpool,Fulham,4,3,2.0,2.0,H,D,1.25,6.5,9.0,1.4,2.88
E0,2023-12-03,14:00:00,West Ham,Crystal Palace,1,1,1.0,0.0,D,H,2.0,3.5,3.8,2.04,1.86
E0,2023-12-03,16:30:00,Man City,Tottenham,3,3,2.0,1.0,D,H,1.29,6.0,9.0,1.36,3.1
E0,2023-12-05,19:30:00,Wolves,Burnley,1,0,1.0,0.0,H,H,1.85,3.6,4.2,2.05,1.85
E0,2023-12-05,20:15:00,Luton,Arsenal,3,4,1.0,2.0,A,A,17.0,7.0,1.18,1.65,2.2
E0,2023-12-06,19:30:00,Brighton,Brentford,2,1,1.0,1.0,H,D,1.91,3.8,3.75,1.62,2.25
E0,2023-12-06,19:30:00,Crystal Palace,Bournemouth,0,2,0.0,1.0,A,A,2.25,3.5,3.1,2.01,1.89
E0,2023-12-06,19:30:00,Fulham,Nott'm Forest,5,0,2.0,0.0,H,H,2.0,3.4,3.75,2.06,1.84
E0,2023-12-06,19:30:00,Sheffield United,Liverpool,0,2,0.0,1.0,A,A,12.0,7.5,1.2,1.33,3.4
E0,2023-12-06,20:15:00,Aston Villa,Man City,1,0,0.0,0.0,H,D,4.75,4.2,1.7,1.53,2.4
E0,2023-12-06,20:15:00,Man United,Chelsea,2,1,1.0,1.0,H,D,2.88,3.4,2.45,1.65,2.2
E0,2023-12-07,19:30:00,Everton,Newcastle,3,0,0.0,0.0,H,D,3.25,3.25,2.25,1.96,1.94
E0,2023-12-07,20:15:00,Tottenham,West Ham,1,2,1.0,0.0,A,H,1.75,4.2,4.2,1.5,2.5
E0,2023-12-09,12:30:00,Crystal Palace,Liverpool,1,2,0.0,0.0,A,D,6.0,4.5,1.5,1.65,2.2
E0,2023-12-09,15:00:00,Brighton,Burnley,1,1,0.0,1.0,D,A,1.5,4.75,6.0,1.57,2.35
E0,2023-12-09,15:00:00,Man United,Bournemouth,0,3,0.0,1.0,A,A,1.55,4.33,5.75,1.5,2.5
E0,2023-12-09,15:00:00,Sheffield United,Brentford,1,0,1.0,0.0,H,H,4.2,3.8,1.75,1.95,1.95
E0,2023-12-09,15:00:00,Wolves,Nott'm Forest,1,1,1.0,1.0,D,D,1.85,3.6,4.33,2.06,1.84
E0,2023-12-09,17:30:00,Aston Villa,Arsenal,1,0,1.0,0.0,H,H,3.3,3.6,2.1,1.7,2.1
E0,2023-12-10,14:00:00,Everton,Chelsea,2,0,0.0,0.0,H,D,3.1,3.5,2.25,1.75,2.05
E0,2023-12-10,14:00:00,Fulham,West Ham,5,0,3.0,0.0,H,H,2.38,3.5,2.9,1.9,2.0
E0,2023-12-10,14:00:00,Luton,Man City,1,2,1.0,0.0,A,H,17.0,8.0,1.14,1.36,3.1
E0,2023-12-10,16:30:00,Tottenham,Newcastle,4,1,2.0,0.0,H,H,2.15,3.8,3.1,1.53,2.4
E0,2023-12-15,20:00:00,Nott'm Forest,Tottenham,0,2,0.0,1.0,A,A,4.2,4.2,1.73,1.62,2.25
E0,2023-12-16,15:00:00,Chelsea,Sheffield United,2,0,0.0,0.0,H,D,1.22,6.5,13.0,1.5,2.5
E0,2023-12-16,15:00:00,Man City,Crystal Palace,2,2,1.0,0.0,D,H,1.18,8.0,13.0,1.44,2.7
E0,2023-12-16,15:00:00,Newcastle,Fulham,3,0,0.0,0.0,H,D,1.8,3.8,4.0,1.7,2.1
E0,2023-12-16,17:30:00,Burnley,Everton,0,2,0.0,2.0,A,A,3.6,3.4,2.1,2.05,1.75
E0,2023-12-17,14:00:00,Arsenal,Brighton,2,0,0.0,0.0,H,D,1.44,5.0,6.0,1.53,2.4
E0,2023-12-17,14:00:00,Brentford,Aston Villa,1,2,1.0,0.0,A,H,3.2,3.75,2.1,1.7,2.1
E0,2023-12-17,14:00:00,West Ham,Wolves,3,0,2.0,0.0,H,H,2.15,3.5,3.3,1.95,1.95
E0,2023-12-17,16:30:00,Liverpool,Man United,0,0,0.0,0.0,D,D,1.3,6.0,8.0,1.33,3.4
E0,2023-12-21,20:00:00,Crystal Palace,Brighton,1,1,1.0,0.0,D,H,3.3,3.3,2.15,1.99,1.91
E0,2023-12-22,20:00:00,Aston Villa,Sheffield United,1,1,0.0,0.0,D,D,1.22,6.5,12.0,1.44,2.7
E0,2023-12-23,12:30:00,West Ham,Man United,2,0,0.0,0.0,H,D,2.6,3.6,2.6,1.7,2.1
E0,2023-12-23,15:00:00,Fulham,Burnley,0,2,0.0,0.0,A,D,1.67,3.75,5.25,1.92,1.98
E0,2023-12-23,15:00:00,Luton,Newcastle,1,0,1.0,0.0,H,H,4.75,4.2,1.65,1.75,2.05
E0,2023-12-23,15:00:00,Nott'm Forest,Bournemouth,2,3,0.0,0.0,A,D,2.75,3.4,2.55,1.95,1.95
E0,2023-12-23,15:00:00,Tottenham,Everton,2,1,2.0,0.0,H,H,1.75,4.2,4.0,1.53,2.4
E0,2023-12-23,17:30:00,Liverpool,Arsenal,1,1,1.0,1.0,D,D,2.38,3.6,2.8,1.7,2.1
E0,2023-12-24,13:00:00,Wolves,Chelsea,2,1,0.0,0.0,H,D,3.75,3.75,1.91,1.86,2.04
E0,2023-12-26,12:30:00,Newcastle,Nott'm Forest,1,3,1.0,1.0,A,D,1.5,4.33,5.75,1.8,2.0
E0,2023-12-26,15:00:00,Bournemouth,Fulham,3,0,1.0,0.0,H,H,2.15,3.6,3.2,1.73,2.08
E0,2023-12-26,15:00:00,Sheffield United,Luton,2,3,0.0,1.0,A,A,2.3,3.3,3.1,2.1,1.7
E0,2023-12-26,17:30:00,Burnley,Liverpool,0,2,0.0,1.0,A,A,6.5,5.25,1.4,1.44,2.7
E0,2023-12-26,20:00:00,Man United,Aston Villa,3,2,0.0,2.0,H,A,2.6,3.5,2.6,1.62,2.25
E0,2023-12-27,19:30:00,Brentford,Wolves,1,4,1.0,3.0,A,A,1.95,3.5,4.2,2.03,1.87
E0,2023-12-27,19:30:00,Chelsea,Crystal Palace,2,1,1.0,1.0,H,D,1.67,4.0,5.0,1.91,1.99
E0,2023-12-27,20:15:00,Everton,Man City,1,3,1.0,0.0,A,H,5.75,4.0,1.57,1.73,2.08
E0,2023-12-28,19:30:00,Brighton,Tottenham,4,2,2.0,0.0,H,H,2.5,3.6,2.6,1.44,2.7
E0,2023-12-28,20:15:00,Arsenal,West Ham,0,2,0.0,1.0,A,A,1.33,5.5,7.5,1.57,2.35
E0,2023-12-30,12:30:00,Luton,Chelsea,2,3,0.0,2.0,A,A,6.5,4.2,1.5,1.65,2.2
E0,2023-12-30,15:00:00,Aston Villa,Burnley,3,2,2.0,1.0,H,H,1.36,5.25,7.5,1.57,2.35
E0,2023-12-30,15:00:00,Crystal Palace,Brentford,3,1,2.0,1.0,H,H,2.2,3.3,3.4,2.15,1.67
E0,2023-12-30,15:00:00,Man City,Sheffield United,2,0,1.0,0.0,H,H,1.08,11.0,29.0,1.3,3.5
E0,2023-12-30,15:00:00,Wolves,Everton,3,0,1.0,0.0,H,H,2.63,3.3,2.7,2.05,1.75
E0,2023-12-30,17:30:00,Nott'm Forest,Man United,2,1,0.0,0.0,H,D,3.2,3.6,2.15,1.73,2.08
E0,2023-12-31,14:00:00,Fulham,Arsenal,2,1,1.0,1.0,H,D,5.25,4.5,1.55,1.73,2.08
E0,2023-12-31,14:00:00,Tottenham,Bournemouth,3,1,1.0,0.0,H,H,1.75,4.2,4.0,1.4,2.88
E0,2024-01-01,20:00:00,Liverpool,Newcastle,4,2,0.0,0.0,H,D,1.45,4.5,7.0,1.44,2.7
E0,2024-01-02,19:30:00,West Ham,Brighton,0,0,0.0,0.0,D,D,2.45,3.75,2.75,1.6,2.3
E0,2024-01-12,19:45:00,Burnley,Luton,1,1,1.0,0.0,D,H,2.0,3.6,3.6,1.99,1.91
E0,2024-01-13,12:30:00,Chelsea,Fulham,1,0,1.0,0.0,H,H,1.6,4.2,5.25,1.62,2.25
E0,2024-01-13,17:30:00,Newcastle,Man City,2,3,2.0,1.0,A,H,5.5,4.33,1.55,1.6,2.3
E0,2024-01-14,14:00:00,Everton,Aston Villa,0,0,0.0,0.0,D,D,2.8,3.5,2.45,1.73,2.08
E0,2024-01-14,16:30:00,Man United,Tottenham,2,2,2.0,1.0,D,H,2.2,3.75,3.0,1.48,2.6
E0,2024-01-20,12:30:00,Arsenal,Crystal Palace,5,0,2.0,0.0,H,H,1.3,5.75,9.0,1.73,2.08
E0,2024-01-20,17:30:00,Brentford,Nott'm Forest,3,2,1.0,1.0,H,D,1.91,3.6,4.0,1.86,2.04
E0,2024-01-21,14:00:00,Sheffield United,West Ham,2,2,1.0,1.0,D,D,3.4,3.3,2.2,2.05,1.75
E0,2024-01-21,16:30:00,Bournemouth,Liverpool,0,4,0.0,0.0,A,D,4.2,4.5,1.7,1.44,2.7
E0,2024-01-22,19:45:00,Brighton,Wolves,0,0,0.0,0.0,D,D,1.65,4.33,5.0,1.62,2.25
E0,2024-01-30,19:30:00,Nott'm Forest,Arsenal,1,2,0.0,0.0,A,D,7.5,5.0,1.4,1.62,2.25
E0,2024-01-30,19:45:00,Fulham,Everton,0,0,0.0,0.0,D,D,2.45,3.2,3.0,2.05,1.75
E0,2024-01-30,19:45:00,Luton,Brighton,4,0,3.0,0.0,H,H,4.2,4.2,1.75,1.65,2.2
E0,2024-01-30,20:00:00,Crystal Palace,Sheffield United,3,2,2.0,2.0,H,D,1.62,3.6,6.5,2.08,1.73
E0,2024-01-30,20:15:00,Aston Villa,Newcastle,1,3,0.0,2.0,A,A,1.85,4.0,3.8,1.5,2.5
E0,2024-01-31,19:30:00,Man City,Burnley,3,1,2.0,0.0,H,H,1.08,12.0,21.0,1.33,3.4
E0,2024-01-31,19:30:00,Tottenham,Brentford,3,2,0.0,1.0,H,A,1.67,4.2,4.75,1.5,2.5
E0,2024-01-31,20:15:00,Liverpool,Chelsea,4,1,2.0,0.0,H,H,1.57,4.33,5.25,1.44,2.7
E0,2024-02-01,19:30:00,West Ham,Bournemouth,1,1,0.0,1.0,D,A,2.4,3.75,2.75,1.62,2.25
E0,2024-02-01,20:15:00,Wolves,Man United,3,4,0.0,2.0,A,A,2.63,3.6,2.55,1.75,2.05
E0,2024-02-03,12:30:00,Everton,Tottenham,2,2,1.0,2.0,D,A,3.0,3.6,2.25,1.62,2.25
E0,2024-02-03,15:00:00,Brighton,Crystal Palace,4,1,3.0,0.0,H,H,1.7,4.0,4.75,1.73,2.08
E0,2024-02-03,15:00:00,Burnley,Fulham,2,2,0.0,2.0,D,A,2.9,3.4,2.38,1.99,1.91
E0,2024-02-03,15:00:00,Newcastle,Luton,4,4,2.0,2.0,D,D,1.44,4.75,6.5,1.57,2.35
E0,2024-02-03,17:30:00,Sheffield United,Aston Villa,0,5,0.0,4.0,A,A,5.25,4.2,1.62,1.62,2.25
E0,2024-02-04,14:00:00,Bournemouth,Nott'm Forest,1,1,1.0,1.0,D,D,1.7,4.2,4.5,1.65,2.2
E0,2024-02-04,14:00:00,Chelsea,Wolves,2,4,1.0,2.0,A,A,1.62,4.0,5.5,1.7,2.1
E0,2024-02-04,14:00:00,Man United,West Ham,3,0,1.0,0.0,H,H,1.62,4.2,5.0,1.6,2.3
E0,2024-02-04,16:30:00,Arsenal,Liverpool,3,1,1.0,1.0,H,D,2.2,3.6,3.1,1.67,2.15
E0,2024-02-05,20:00:00,Brentford,Man City,1,3,1.0,1.0,A,D,7.0,4.75,1.4,1.57,2.35
E0,2024-02-10,12:30:00,Man City,Everton,2,0,0.0,0.0,H,D,1.18,8.0,13.0,1.44,2.7
E0,2024-02-10,15:00:00,Fulham,Bournemouth,3,1,2.0,0.0,H,H,2.38,3.5,2.8,1.73,2.08
E0,2024-02-10,15:00:00,Liverpool,Burnley,3,1,1.0,1.0,H,D,1.17,8.0,17.0,1.33,3.4
E0,2024-02-10,15:00:00,Luton,Sheffield United,1,3,0.0,2.0,A,A,1.75,3.75,4.75,1.85,2.05
E0,2024-02-10,15:00:00,Tottenham,Brighton,2,1,0.0,1.0,H,A,1.8,4.2,3.8,1.4,2.88
E0,2024-02-10,15:00:00,Wolves,Brentford,0,2,0.0,1.0,A,A,2.1,3.6,3.4,1.75,2.05
E0,2024-02-10,17:30:00,Nott'm Forest,Newcastle,2,3,2.0,2.0,A,D,3.3,3.75,2.05,1.7,2.1
E0,2024-02-11,14:00:00,West Ham,Arsenal,0,6,0.0,4.0,A,A,6.0,4.33,1.53,1.67,2.15
E0,2024-02-11,16:30:00,Aston Villa,Man United,1,2,0.0,1.0,A,A,2.15,3.75,3.1,1.53,2.4
E0,2024-02-12,20:00:00,Crystal Palace,Chelsea,1,3,1.0,0.0,A,H,4.2,3.8,1.85,1.86,2.04
E0,2024-02-17,12:30:00,Brentford,Liverpool,1,4,0.0,1.0,A,A,5.5,4.33,1.57,1.48,2.6
E0,2024-02-17,15:00:00,Burnley,Arsenal,0,5,0.0,2.0,A,A,10.0,5.75,1.29,1.57,2.35
E0,2024-02-17,15:00:00,Fulham,Aston Villa,1,2,0.0,1.0,A,A,2.9,3.75,2.2,1.6,2.3
E0,2024-02-17,15:00:00,Newcastle,Bournemouth,2,2,0.0,0.0,D,D,1.83,4.2,3.75,1.48,2.6
E0,2024-02-17,15:00:00,Nott'm Forest,West Ham,2,0,1.0,0.0,H,H,2.38,3.5,2.9,1.89,2.01
E0,2024-02-17,15:00:00,Tottenham,Wolves,1,2,0.0,1.0,A,A,1.53,4.75,5.25,1.44,2.7
E0,2024-02-17,17:30:00,Man City,Chelsea,1,1,0.0,1.0,D,A,1.33,5.5,8.0,1.44,2.7
E0,2024-02-18,14:00:00,Sheffield United,Brighton,0,5,0.0,2.0,A,A,5.0,4.2,1.62,1.57,2.35
E0,2024-02-18,16:30:00,Luton,Man United,1,2,1.0,2.0,A,A,4.0,4.0,1.8,1.57,2.35
E0,2024-02-19,20:00:00,Everton,Crystal Palace,1,1,0.0,0.0,D,D,1.7,3.6,5.25,2.1,1.7
E0,2024-02-20,19:30:00,Man City,Brentford,1,0,0.0,0.0,H,D,1.18,8.0,13.0,1.33,3.4
E0,2024-02-21,19:30:00,Liverpool,Luton,4,1,0.0,1.0,H,A,1.2,7.0,13.0,1.3,3.5
E0,2024-02-24,15:00:00,Aston Villa,Nott'm Forest,4,2,3.0,1.0,H,H,1.53,4.5,5.75,1.57,2.35
E0,2024-02-24,15:00:00,Brighton,Everton,1,1,0.0,0.0,D,D,1.83,3.8,4.2,1.65,2.2
E0,2024-02-24,15:00:00,Crystal Palace,Burnley,3,0,0.0,0.0,H,D,1.95,3.5,4.0,2.1,1.7
E0,2024-02-24,15:00:00,Man United,Fulham,1,2,0.0,0.0,A,D,1.57,4.33,5.5,1.57,2.35
E0,2024-02-24,17:30:00,Bournemouth,Man City,0,1,0.0,1.0,A,A,7.0,5.25,1.4,1.48,2.6
E0,2024-02-24,20:00:00,Arsenal,Newcastle,4,1,2.0,0.0,H,H,1.36,5.25,8.0,1.48,2.6
E0,2024-02-25,13:30:00,Wolves,Sheffield United,1,0,1.0,0.0,H,H,1.44,4.75,7.0,1.65,2.2
E0,2024-02-26,20:00:00,West Ham,Brentford,4,2,2.0,1.0,H,H,2.5,3.5,2.75,1.7,2.1
E0,2024-03-02,15:00:00,Brentford,Chelsea,2,2,0.0,1.0,D,A,3.1,3.75,2.15,1.53,2.4
E0,2024-03-02,15:00:00,Everton,West Ham,1,3,0.0,0.0,A,D,2.05,3.6,3.5,1.92,1.98
E0,2024-03-02,15:00:00,Fulham,Brighton,3,0,2.0,0.0,H,H,2.55,3.6,2.63,1.62,2.25
E0,2024-03-02,15:00:00,Newcastle,Wolves,3,0,2.0,0.0,H,H,1.91,4.0,3.6,1.57,2.35
E0,2024-03-02,15:00:00,Nott'm Forest,Liverpool,0,1,0.0,0.0,A,D,6.0,4.33,1.53,1.48,2.6
E0,2024-03-02,15:00:00,Tottenham,Crystal Palace,3,1,0.0,0.0,H,D,1.5,4.33,6.5,1.53,2.4
E0,2024-03-02,17:30:00,Luton,Aston Villa,2,3,0.0,2.0,A,A,4.33,4.2,1.73,1.44,2.7
E0,2024-03-03,13:00:00,Burnley,Bournemouth,0,2,0.0,1.0,A,A,3.75,3.6,1.95,1.7,2.1
E0,2024-03-03,15:30:00,Man City,Man United,3,1,0.0,1.0,H,A,1.25,5.75,11.0,1.36,3.1
E0,2024-03-04,20:00:00,Sheffield United,Arsenal,0,6,0.0,5.0,A,A,17.0,7.0,1.18,1.4,2.88
E0,2024-03-09,12:30:00,Man United,Everton,2,0,2.0,0.0,H,H,1.83,3.6,4.0,1.67,2.15
E0,2024-03-09,15:00:00,Bournemouth,Sheffield United,2,2,0.0,1.0,D,A,1.33,5.25,8.0,1.53,2.4
E0,2024-03-09,15:00:00,Crystal Palace,Luton,1,1,1.0,0.0,D,H,1.75,3.8,4.2,1.75,2.05
E0,2024-03-09,15:00:00,Wolves,Fulham,2,1,0.0,0.0,H,D,2.5,3.4,2.75,1.95,1.95
E0,2024-03-09,17:30:00,Arsenal,Brentford,2,1,1.0,1.0,H,D,1.22,7.0,11.0,1.44,2.7
E0,2024-03-10,13:00:00,Aston Villa,Tottenham,0,4,0.0,0.0,A,D,2.38,4.0,2.6,1.36,3.1
E0,2024-03-10,14:00:00,Brighton,Nott'm Forest,1,0,1.0,0.0,H,H,1.8,4.0,4.0,1.62,2.25
E0,2024-03-10,14:00:00,West Ham,Burnley,2,2,0.0,2.0,D,A,1.67,4.0,4.75,1.7,2.1
E0,2024-03-10,15:45:00,Liverpool,Man City,1,1,0.0,1.0,D,A,3.0,3.75,2.2,1.5,2.5
E0,2024-03-11,20:00:00,Chelsea,Newcastle,3,2,1.0,1.0,H,D,1.91,4.0,3.6,1.44,2.7
E0,2024-03-13,19:30:00,Bournemouth,Luton,4,3,0.0,3.0,H,A,1.5,4.75,5.75,1.44,2.7
E0,2024-03-16,15:00:00,Burnley,Brentford,2,1,1.0,0.0,H,H,3.25,3.6,2.15,1.75,2.05
E0,2024-03-16,15:00:00,Luton,Nott'm Forest,1,1,0.0,1.0,D,A,2.8,3.5,2.45,1.67,2.15
E0,2024-03-16,17:30:00,Fulham,Tottenham,3,0,1.0,0.0,H,H,3.5,3.8,1.95,1.48,2.6
E0,2024-03-17,14:00:00,West Ham,Aston Villa,1,1,1.0,0.0,D,H,2.63,3.75,2.45,1.57,2.35
E0,2024-03-30,12:30:00,Newcastle,West Ham,4,3,1.0,2.0,H,A,1.83,4.2,3.8,1.5,2.5
E0,2024-03-30,15:00:00,Bournemouth,Everton,2,1,0.0,0.0,H,D,2.2,3.6,3.2,1.7,2.1
E0,2024-03-30,15:00:00,Chelsea,Burnley,2,2,1.0,0.0,D,H,1.29,6.0,9.5,1.48,2.6
E0,2024-03-30,15:00:00,Nott'm Forest,Crystal Palace,1,1,0.0,1.0,D,A,2.2,3.3,3.4,2.08,1.73
E0,2024-03-30,15:00:00,Sheffield United,Fulham,3,3,0.0,0.0,D,D,4.5,4.0,1.73,1.65,2.2
E0,2024-03-30,15:00:00,Tottenham,Luton,2,1,0.0,1.0,H,A,1.2,8.0,11.0,1.25,4.0
E0,2024-03-30,17:30:00,Aston Villa,Wolves,2,0,1.0,0.0,H,H,1.6,4.33,5.0,1.57,2.35
E0,2024-03-30,20:00:00,Brentford,Man United,1,1,0.0,0.0,D,D,3.0,3.8,2.2,1.53,2.4
E0,2024-03-31,14:00:00,Liverpool,Brighton,2,1,1.0,1.0,H,D,1.36,5.5,7.5,1.36,3.1
E0,2024-03-31,16:30:00,Man City,Arsenal,0,0,0.0,0.0,D,D,1.91,3.8,3.8,1.7,2.1
E0,2024-04-02,19:30:00,Newcastle,Everton,1,1,1.0,0.0,D,H,2.0,3.75,3.5,1.67,2.2
E0,2024-04-02,19:30:00,Nott'm Forest,Fulham,3,1,3.0,0.0,H,H,2.7,3.4,2.63,1.8,2.0
E0,2024-04-02,19:45:00,Bournemouth,Crystal Palace,1,0,0.0,0.0,H,D,1.95,3.8,3.6,1.73,2.1
E0,2024-04-02,19:45:00,Burnley,Wolves,1,1,1.0,1.0,D,D,2.45,3.6,2.75,1.84,2.06
E0,2024-04-02,20:15:00,West Ham,Tottenham,1,1,1.0,1.0,D,D,3.3,4.2,1.95,1.33,3.4
E0,2024-04-03,19:30:00,Arsenal,Luton,2,0,2.0,0.0,H,H,1.1,10.0,19.0,1.25,4.0
E0,2024-04-03,19:30:00,Brentford,Brighton,0,0,0.0,0.0,D,D,2.38,3.8,2.75,1.57,2.38
E0,2024-04-03,20:15:00,Man City,Aston Villa,4,1,2.0,1.0,H,H,1.3,6.0,8.0,1.4,3.0
E0,2024-04-04,19:30:00,Liverpool,Sheffield United,3,1,1.0,0.0,H,H,1.09,12.0,21.0,1.2,4.5
E0,2024-04-04,20:15:00,Chelsea,Man United,4,3,2.0,2.0,H,D,2.0,4.0,3.4,1.4,3.0
E0,2024-04-06,12:30:00,Crystal Palace,Man City,2,4,1.0,1.0,A,D,9.5,5.25,1.33,1.67,2.2
E0,2024-04-06,15:00:00,Aston Villa,Brentford,3,3,1.0,0.0,D,H,1.7,4.0,4.75,1.53,2.5
E0,2024-04-06,15:00:00,Everton,Burnley,1,0,1.0,0.0,H,H,1.65,4.0,5.25,1.8,2.0
E0,2024-04-06,15:00:00,Fulham,Newcastle,0,1,0.0,0.0,A,D,2.38,3.8,2.8,1.5,2.63
E0,2024-04-06,15:00:00,Luton,Bournemouth,2,1,0.0,0.0,H,D,3.75,3.8,1.91,1.5,2.63
E0,2024-04-06,15:00:00,Wolves,West Ham,1,2,1.0,0.0,A,H,2.5,3.6,2.7,1.8,2.0
E0,2024-04-06,17:30:00,Brighton,Arsenal,0,3,0.0,1.0,A,A,5.0,4.33,1.62,1.62,2.3
E0,2024-04-07,15:30:00,Man United,Liverpool,2,2,0.0,1.0,D,A,4.75,4.5,1.6,1.33,3.4
E0,2024-04-07,17:30:00,Sheffield United,Chelsea,2,2,1.0,1.0,D,D,7.0,5.25,1.4,1.4,3.0
E0,2024-04-07,18:00:00,Tottenham,Nott'm Forest,3,1,1.0,1.0,H,D,1.4,5.5,6.5,1.4,3.0
E0,2024-04-13,12:30:00,Newcastle,Tottenham,4,0,2.0,0.0,H,H,2.7,4.0,2.3,1.36,3.2
E0,2024-04-13,15:00:00,Brentford,Sheffield United,2,0,0.0,0.0,H,D,1.44,5.0,6.5,1.53,2.5
E0,2024-04-13,15:00:00,Burnley,Brighton,1,1,0.0,0.0,D,D,3.5,3.75,2.0,1.67,2.2
E0,2024-04-13,15:00:00,Man City,Luton,5,1,1.0,0.0,H,H,1.1,11.0,19.0,1.29,3.75
E0,2024-04-13,15:00:00,Nott'm Forest,Wolves,2,2,1.0,1.0,D,D,2.1,3.4,3.5,1.86,2.04
E0,2024-04-13,17:30:00,Bournemouth,Man United,2,2,2.0,1.0,D,H,2.4,3.9,2.6,1.44,2.75
E0,2024-04-14,14:00:00,Liverpool,Crystal Palace,0,1,0.0,1.0,A,A,1.22,7.0,12.0,1.4,3.0
E0,2024-04-14,14:00:00,West Ham,Fulham,0,2,0.0,1.0,A,A,2.38,3.6,2.8,1.67,2.2
E0,2024-04-14,16:30:00,Arsenal,Aston Villa,0,2,0.0,0.0,A,D,1.29,5.75,10.0,1.5,2.63
E0,2024-04-15,20:00:00,Chelsea,Everton,6,0,4.0,0.0,H,H,1.7,4.2,4.5,1.53,2.5
E0,2024-04-20,15:00:00,Luton,Brentford,1,5,0.0,2.0,A,A,3.1,3.75,2.15,1.57,2.38
E0,2024-04-20,15:00:00,Sheffield United,Burnley,1,4,0.0,2.0,A,A,2.75,3.6,2.45,1.67,2.2
E0,2024-04-20,19:30:00,Wolves,Arsenal,0,2,0.0,1.0,A,A,8.5,4.5,1.4,1.62,2.3
E0,2024-04-21,13:30:00,Everton,Nott'm Forest,2,0,1.0,0.0,H,H,2.05,3.5,3.6,1.93,1.97
E0,2024-04-21,15:00:00,Aston Villa,Bournemouth,3,1,1.0,1.0,H,D,1.85,4.0,3.6,1.44,2.75
E0,2024-04-21,15:00:00,Crystal Palace,West Ham,5,2,4.0,1.0,H,H,2.1,3.6,3.4,1.8,2.0
E0,2024-04-21,16:30:00,Fulham,Liverpool,1,3,1.0,1.0,A,D,5.25,4.5,1.57,1.44,2.75
E0,2024-04-23,20:00:00,Arsenal,Chelsea,5,0,1.0,0.0,H,H,1.44,5.0,6.0,1.53,2.5
E0,2024-04-24,19:45:00,Wolves,Bournemouth,0,1,0.0,1.0,A,A,2.7,3.6,2.5,1.67,2.2
E0,2024-04-24,20:00:00,Crystal Palace,Newcastle,2,0,0.0,0.0,H,D,2.75,3.6,2.4,1.57,2.38
E0,2024-04-24,20:00:00,Everton,Liverpool,2,0,1.0,0.0,H,H,7.0,5.0,1.4,1.53,2.5
E0,2024-04-24,20:00:00,Man United,Sheffield United,4,2,1.0,1.0,H,D,1.3,6.5,7.5,1.36,3.2
E0,2024-04-25,20:00:00,Brighton,Man City,0,4,0.0,3.0,A,A,6.5,5.0,1.4,1.5,2.63
E0,2024-04-27,12:30:00,West Ham,Liverpool,2,2,1.0,0.0,D,H,5.5,5.0,1.5,1.36,3.2
E0,2024-04-27,15:00:00,Fulham,Crystal Palace,1,1,0.0,0.0,D,D,2.1,3.5,3.5,1.73,2.1
E0,2024-04-27,15:00:00,Man United,Burnley,1,1,0.0,0.0,D,D,1.5,4.75,5.5,1.36,3.2
E0,2024-04-27,15:00:00,Newcastle,Sheffield United,5,1,1.0,1.0,H,D,1.22,7.0,11.0,1.33,3.4
E0,2024-04-27,15:00:00,Wolves,Luton,2,1,1.0,0.0,H,H,1.95,3.8,3.6,1.62,2.3
E0,2024-04-27,17:30:00,Everton,Brentford,1,0,0.0,0.0,H,D,2.3,3.5,3.0,1.87,2.03
E0,2024-04-27,20:00:00,Aston Villa,Chelsea,2,2,2.0,0.0,D,H,2.15,3.8,3.0,1.44,2.75
E0,2024-04-28,14:00:00,Bournemouth,Brighton,3,0,1.0,0.0,H,H,2.25,3.8,2.9,1.44,2.75
E0,2024-04-28,14:00:00,Tottenham,Arsenal,2,3,0.0,3.0,A,A,4.2,4.2,1.75,1.5,2.63
E0,2024-04-28,16:30:00,Nott'm Forest,Man City,0,2,0.0,1.0,A,A,8.0,6.0,1.3,1.53,2.5
E0,2024-05-02,19:30:00,Chelsea,Tottenham,2,0,1.0,0.0,H,H,2.15,3.8,3.0,1.3,3.5
E0,2024-05-03,20:00:00,Luton,Everton,1,1,1.0,1.0,D,D,2.6,3.6,2.55,1.73,2.1
E0,2024-05-04,12:30:00,Arsenal,Bournemouth,3,0,1.0,0.0,H,H,1.22,7.5,11.0,1.33,3.4
E0,2024-05-04,15:00:00,Brentford,Fulham,0,0,0.0,0.0,D,D,2.1,3.8,3.2,1.57,2.38
E0,2024-05-04,15:00:00,Burnley,Newcastle,1,4,0.0,3.0,A,A,3.4,4.0,1.95,1.5,2.63
E0,2024-05-04,15:00:00,Sheffield United,Nott'm Forest,1,3,1.0,1.0,A,D,4.75,4.2,1.65,1.57,2.38
E0,2024-05-04,17:30:00,Man City,Wolves,5,1,3.0,0.0,H,H,1.08,12.0,21.0,1.3,3.5
E0,2024-05-05,14:00:00,Brighton,Aston Villa,1,0,0.0,0.0,H,D,2.75,3.75,2.45,1.5,2.63
E0,2024-05-05,14:00:00,Chelsea,West Ham,5,0,3.0,0.0,H,H,1.65,4.5,4.5,1.4,3.0
E0,2024-05-05,16:30:00,Liverpool,Tottenham,4,2,2.0,0.0,H,H,1.5,5.75,5.0,1.25,4.0
E0,2024-05-06,20:00:00,Crystal Palace,Man United,4,0,2.0,0.0,H,H,2.38,3.75,2.8,1.53,2.5
E0,2024-05-11,12:30:00,Fulham,Man City,0,4,0.0,1.0,A,A,13.0,7.0,1.2,1.36,3.2
E0,2024-05-11,15:00:00,Bournemouth,Brentford,1,2,0.0,0.0,A,D,1.95,4.0,3.5,1.44,2.75
E0,2024-05-11,15:00:00,Everton,Sheffield United,1,0,1.0,0.0,H,H,1.4,4.8,7.5,1.53,2.5
E0,2024-05-11,15:00:00,Newcastle,Brighton,1,1,1.0,1.0,D,D,1.57,4.75,4.75,1.33,3.4
E0,2024-05-11,15:00:00,Tottenham,Burnley,2,1,1.0,1.0,H,D,1.36,5.75,7.0,1.25,4.0
E0,2024-05-11,15:00:00,West Ham,Luton,3,1,0.0,1.0,H,A,1.8,4.2,3.8,1.44,2.75
E0,2024-05-11,15:00:00,Wolves,Crystal Palace,1,3,0.0,2.0,A,A,2.88,3.5,2.38,1.8,2.0
E0,2024-05-11,17:30:00,Nott'm Forest,Chelsea,2,3,1.0,1.0,A,D,3.4,3.8,2.0,1.5,2.63
E0,2024-05-12,16:30:00,Man United,Arsenal,0,1,0.0,1.0,A,A,7.0,5.5,1.36,1.36,3.2
E0,2024-05-13,20:00:00,Aston Villa,Liverpool,3,3,1.0,2.0,D,A,4.2,4.33,1.7,1.33,3.4
E0,2024-05-14,20:00:00,Tottenham,Man City,0,2,0.0,0.0,A,D,6.5,6.0,1.36,1.25,4.0
E0,2024-05-15,19:45:00,Brighton,Chelsea,1,2,0.0,1.0,A,A,3.3,4.0,1.95,1.4,3.0
E0,2024-05-15,20:00:00,Man United,Newcastle,3,2,1.0,0.0,H,H,2.75,4.0,2.3,1.33,3.4
E0,2024-05-19,16:00:00,Arsenal,Everton,2,1,1.0,1.0,H,D,1.18,8.0,12.0,1.36,3.2
E0,2024-05-19,16:00:00,Brentford,Newcastle,2,4,0.0,3.0,A,A,2.9,3.9,2.2,1.36,3.2
E0,2024-05-19,16:00:00,Brighton,Man United,0,2,0.0,0.0,A,D,2.15,4.0,2.9,1.33,3.4
E0,2024-05-19,16:00:00,Burnley,Nott'm Forest,1,2,0.0,2.0,A,A,3.0,3.5,2.3,1.53,2.5
E0,2024-05-19,16:00:00,Chelsea,Bournemouth,2,1,1.0,0.0,H,H,1.45,5.0,6.0,1.29,3.75
E0,2024-05-19,16:00:00,Crystal Palace,Aston Villa,5,0,2.0,0.0,H,H,1.85,4.33,3.6,1.4,3.0
E0,2024-05-19,16:00:00,Liverpool,Wolves,2,0,2.0,0.0,H,H,1.17,8.0,15.0,1.22,4.33
E0,2024-05-19,16:00:00,Luton,Fulham,2,4,1.0,2.0,A,A,2.9,3.9,2.2,1.44,2.75
E0,2024-05-19,16:00:00,Man City,West Ham,3,1,2.0,1.0,H,H,1.08,12.0,21.0,1.2,4.5
E0,2024-05-19,16:00:00,Sheffield United,Tottenham,0,3,0.0,1.0,A,A,7.0,6.0,1.33,1.22,4.33
E1,2023-08-04,20:00:00,Sheffield Weds,Southampton,1,2,0.0,1.0,A,A,3.1,3.4,2.3,2.0,1.85
E1,2023-08-05,15:00:00,Blackburn,West Brom,2,1,2.0,0.0,H,H,2.75,3.3,2.6,2.2,1.67
E1,2023-08-05,15:00:00,Bristol City,Preston,1,1,0.0,0.0,D,D,2.05,3.5,3.6,2.1,1.73
E1,2023-08-05,15:00:00,Middlesbrough,Millwall,0,1,0.0,0.0,A,D,1.91,3.3,4.33,2.0,1.8
E1,2023-08-05,15:00:00,Norwich,Hull,2,1,1.0,1.0,H,D,1.75,3.5,5.0,2.03,1.83
E1,2023-08-05,15:00:00,Plymouth,Huddersfield,3,1,1.0,1.0,H,D,2.2,3.4,3.25,2.05,1.8
E1,2023-08-05,15:00:00,Stoke,Rotherham,4,1,3.0,0.0,H,H,1.62,3.8,5.75,2.0,1.85
E1,2023-08-05,15:00:00,Swansea,Birmingham,1,1,0.0,1.0,D,A,1.85,3.6,4.2,1.93,1.93
E1,2023-08-05,15:00:00,Watford,QPR,4,0,4.0,0.0,H,H,1.85,3.6,4.2,2.0,1.85
E1,2023-08-06,12:00:00,Leicester,Coventry,2,1,0.0,0.0,H,D,1.57,4.2,5.5,1.8,2.0
E1,2023-08-06,14:30:00,Leeds,Cardiff,2,2,0.0,2.0,D,A,1.4,4.5,8.5,1.67,2.2
E1,2023-08-06,17:00:00,Sunderland,Ipswich,1,2,0.0,1.0,A,A,2.38,3.3,3.0,1.95,1.9
E1,2023-08-12,12:30:00,Coventry,Middlesbrough,3,0,1.0,0.0,H,H,2.38,3.3,3.0,1.98,1.88
E1,2023-08-12,15:00:00,Birmingham,Leeds,1,0,0.0,0.0,H,D,3.3,3.5,2.15,1.8,2.0
E1,2023-08-12,15:00:00,Cardiff,QPR,1,2,0.0,1.0,A,A,1.95,3.6,3.75,2.1,1.73
E1,2023-08-12,15:00:00,Huddersfield,Leicester,0,1,0.0,0.0,A,D,4.33,4.0,1.73,1.73,2.1
E1,2023-08-12,15:00:00,Hull,Sheffield Weds,4,2,1.0,1.0,H,D,2.25,3.4,3.2,2.03,1.83
E1,2023-08-12,15:00:00,Ipswich,Stoke,2,0,1.0,0.0,H,H,2.1,3.6,3.4,1.9,1.95
E1,2023-08-12,15:00:00,Millwall,Bristol City,0,1,0.0,0.0,A,D,1.83,3.6,4.33,2.1,1.73
E1,2023-08-12,15:00:00,Preston,Sunderland,2,1,1.0,1.0,H,D,2.63,3.4,2.6,1.95,1.9
E1,2023-08-12,15:00:00,Rotherham,Blackburn,2,2,1.0,0.0,D,H,2.9,3.4,2.4,2.03,1.83
E1,2023-08-12,15:00:00,Southampton,Norwich,4,4,2.0,3.0,D,A,1.83,3.75,4.0,1.88,1.98
E1,2023-08-12,15:00:00,Watford,Plymouth,0,0,0.0,0.0,D,D,1.7,3.75,5.0,1.83,2.03
E1,2023-08-12,15:00:00,West Brom,Swansea,3,2,1.0,0.0,H,H,2.05,3.4,3.6,1.95,1.9
E1,2023-08-18,20:00:00,Leeds,West Brom,1,1,0.0,0.0,D,D,2.1,3.5,3.4,1.95,1.9
E1,2023-08-19,12:30:00,Plymouth,Southampton,1,2,0.0,0.0,A,D,3.8,3.75,1.91,1.73,2.1
E1,2023-08-19,15:00:00,Blackburn,Hull,1,2,0.0,0.0,A,D,1.95,3.5,3.9,1.88,1.98
E1,2023-08-19,15:00:00,Bristol City,Birmingham,0,2,0.0,1.0,A,A,2.2,3.3,3.4,2.3,1.62
E1,2023-08-19,15:00:00,Leicester,Cardiff,2,1,1.0,1.0,H,D,1.5,4.33,6.5,1.83,2.03
E1,2023-08-19,15:00:00,Middlesbrough,Huddersfield,1,1,0.0,0.0,D,D,1.7,3.9,4.75,1.8,2.0
E1,2023-08-19,15:00:00,QPR,Ipswich,0,1,0.0,0.0,A,D,4.0,3.6,1.91,2.03,1.83
E1,2023-08-19,15:00:00,Sheffield Weds,Preston,0,1,0.0,0.0,A,D,2.5,3.25,2.88,2.2,1.67
E1,2023-08-19,15:00:00,Stoke,Watford,1,0,0.0,0.0,H,D,2.25,3.3,3.25,2.03,1.83
E1,2023-08-19,15:00:00,Sunderland,Rotherham,2,1,1.0,1.0,H,D,1.67,3.75,5.25,1.8,2.05
E1,2023-08-19,15:00:00,Swansea,Coventry,1,1,1.0,1.0,D,D,2.4,3.3,3.0,1.93,1.93
E1,2023-08-20,12:00:00,Norwich,Millwall,3,1,1.0,0.0,H,H,2.0,3.6,3.6,2.03,1.83
E1,2023-08-25,19:30:00,Hull,Bristol City,1,1,1.0,0.0,D,H,2.3,3.3,3.1,2.03,1.83
E1,2023-08-26,15:00:00,Birmingham,Plymouth,2,1,1.0,0.0,H,H,1.85,3.5,4.33,2.0,1.8
E1,2023-08-26,15:00:00,Cardiff,Sheffield Weds,2,1,0.0,0.0,H,D,2.15,3.2,3.6,2.1,1.73
E1,2023-08-26,15:00:00,Coventry,Sunderland,0,0,0.0,0.0,D,D,2.1,3.3,3.5,1.88,1.98
E1,2023-08-26,15:00:00,Huddersfield,Norwich,0,4,0.0,2.0,A,A,3.4,3.4,2.15,1.83,2.03
E1,2023-08-26,15:00:00,Ipswich,Leeds,3,4,2.0,3.0,A,A,2.3,3.3,3.1,2.1,1.73
E1,2023-08-26,15:00:00,Millwall,Stoke,1,0,1.0,0.0,H,H,2.3,3.25,3.2,2.2,1.67
E1,2023-08-26,15:00:00,Preston,Swansea,2,1,0.0,1.0,H,A,2.55,3.3,2.75,2.2,1.67
E1,2023-08-26,15:00:00,Rotherham,Leicester,1,2,0.0,1.0,A,A,5.75,4.0,1.57,1.83,2.03
E1,2023-08-26,15:00:00,Southampton,QPR,2,1,1.0,1.0,H,D,1.36,4.75,9.0,1.62,2.3
E1,2023-08-26,15:00:00,West Brom,Middlesbrough,4,2,2.0,1.0,H,H,2.2,3.5,3.2,1.95,1.9
E1,2023-08-27,12:00:00,Watford,Blackburn,0,1,0.0,0.0,A,D,2.0,3.5,3.75,1.9,1.95
E1,2023-09-02,12:30:00,Birmingham,Millwall,1,1,0.0,1.0,D,A,2.3,3.2,3.25,2.38,1.57
E1,2023-09-02,12:30:00,Sunderland,Southampton,5,0,3.0,0.0,H,H,2.8,3.6,2.4,1.8,2.0
E1,2023-09-02,12:30:00,Swansea,Bristol City,1,2,1.0,0.0,A,H,2.1,3.4,3.5,1.98,1.88
E1,2023-09-02,15:00:00,Coventry,Watford,3,3,1.0,1.0,D,D,2.1,3.5,3.4,1.95,1.9
E1,2023-09-02,15:00:00,Ipswich,Cardiff,3,2,0.0,1.0,H,A,1.62,4.2,5.5,1.73,2.1
E1,2023-09-02,15:00:00,Leeds,Sheffield Weds,0,0,0.0,0.0,D,D,1.44,4.5,7.5,1.67,2.2
E1,2023-09-02,15:00:00,Leicester,Hull,0,1,0.0,1.0,A,A,1.57,4.2,5.5,1.62,2.3
E1,2023-09-02,15:00:00,Middlesbrough,QPR,0,2,0.0,1.0,A,A,1.6,4.0,5.5,1.73,2.1
E1,2023-09-02,15:00:00,Plymouth,Blackburn,3,0,1.0,0.0,H,H,2.7,3.6,2.5,1.62,2.3
E1,2023-09-02,15:00:00,Rotherham,Norwich,2,1,2.0,0.0,H,H,4.5,3.8,1.75,1.73,2.1
E1,2023-09-02,15:00:00,Stoke,Preston,0,2,0.0,0.0,A,D,1.95,3.5,4.0,2.1,1.73
E1,2023-09-02,15:00:00,West Brom,Huddersfield,1,2,0.0,1.0,A,A,1.73,3.8,4.75,1.9,1.95
E1,2023-09-15,19:45:00,Hull,Coventry,1,1,0.0,1.0,D,A,2.8,3.3,2.55,1.9,1.95
E1,2023-09-15,20:00:00,Southampton,Leicester,1,4,1.0,3.0,A,A,2.45,3.4,2.8,1.73,2.1
E1,2023-09-16,15:00:00,Blackburn,Middlesbrough,2,1,1.0,0.0,H,H,2.63,3.25,2.75,1.73,2.1
E1,2023-09-16,15:00:00,Bristol City,West Brom,0,0,0.0,0.0,D,D,2.45,3.3,2.88,1.98,1.88
E1,2023-09-16,15:00:00,Huddersfield,Rotherham,2,0,1.0,0.0,H,H,1.85,3.4,4.33,1.98,1.88
E1,2023-09-16,15:00:00,Norwich,Stoke,1,0,1.0,0.0,H,H,1.91,3.5,4.2,1.83,2.03
E1,2023-09-16,15:00:00,Preston,Plymouth,2,1,2.0,0.0,H,H,1.95,3.6,3.75,1.88,1.98
E1,2023-09-16,15:00:00,QPR,Sunderland,1,3,1.0,1.0,A,D,3.1,3.5,2.25,1.85,2.0
E1,2023-09-16,15:00:00,Sheffield Weds,Ipswich,0,1,0.0,1.0,A,A,3.8,3.5,2.0,1.88,1.98
E1,2023-09-16,15:00:00,Watford,Birmingham,2,0,0.0,0.0,H,D,1.95,3.3,4.0,2.1,1.73
E1,2023-09-16,19:45:00,Cardiff,Swansea,2,0,0.0,0.0,H,D,2.55,3.25,2.8,1.95,1.9
E1,2023-09-17,12:00:00,Millwall,Leeds,0,3,0.0,1.0,A,A,3.0,3.4,2.38,2.0,1.8
E1,2023-09-19,19:45:00,Bristol City,Plymouth,4,1,3.0,1.0,H,H,1.75,3.8,4.33,1.62,2.3
E1,2023-09-19,19:45:00,Cardiff,Coventry,3,2,1.0,1.0,H,D,2.7,3.3,2.63,2.03,1.83
E1,2023-09-19,19:45:00,Preston,Birmingham,2,1,0.0,0.0,H,D,2.38,3.1,3.3,2.3,1.62
E1,2023-09-19,19:45:00,QPR,Swansea,1,1,0.0,1.0,D,A,2.7,3.3,2.6,2.05,1.8
E1,2023-09-19,19:45:00,Southampton,Ipswich,0,1,0.0,1.0,A,A,2.25,3.4,3.1,1.67,2.2
E1,2023-09-19,20:00:00,Sheffield Weds,Middlesbrough,1,1,1.0,0.0,D,H,3.3,3.5,2.15,1.9,1.95
E1,2023-09-20,19:45:00,Blackburn,Sunderland,1,3,1.0,2.0,A,A,2.25,3.6,3.0,1.67,2.2
E1,2023-09-20,19:45:00,Huddersfield,Stoke,2,2,1.0,1.0,D,D,2.88,3.3,2.5,2.03,1.83
E1,2023-09-20,19:45:00,Hull,Leeds,0,0,0.0,0.0,D,D,4.2,3.4,1.91,1.73,2.1
E1,2023-09-20,19:45:00,Millwall,Rotherham,3,0,1.0,0.0,H,H,1.73,3.6,5.0,2.03,1.83
E1,2023-09-20,19:45:00,Watford,West Brom,2,2,2.0,2.0,D,D,2.2,3.25,3.4,2.0,1.85
E1,2023-09-20,20:00:00,Norwich,Leicester,0,2,0.0,1.0,A,A,2.75,3.5,2.5,1.73,2.1
E1,2023-09-22,20:00:00,Birmingham,QPR,0,0,0.0,0.0,D,D,1.85,3.5,4.33,2.2,1.67
E1,2023-09-23,15:00:00,Ipswich,Blackburn,4,3,3.0,1.0,H,H,1.7,4.0,4.75,1.62,2.3
E1,2023-09-23,15:00:00,Leeds,Watford,3,0,0.0,0.0,H,D,1.73,3.8,4.75,1.73,2.1
E1,2023-09-23,15:00:00,Leicester,Bristol City,1,0,0.0,0.0,H,D,1.73,4.0,4.5,1.73,2.1
E1,2023-09-23,15:00:00,Middlesbrough,Southampton,2,1,1.0,1.0,H,D,2.5,3.4,2.8,1.73,2.1
E1,2023-09-23,15:00:00,Plymouth,Norwich,6,2,4.0,0.0,H,H,3.4,3.75,2.05,1.62,2.3
E1,2023-09-23,15:00:00,Rotherham,Preston,1,1,1.0,1.0,D,D,3.2,3.4,2.25,2.2,1.67
E1,2023-09-23,15:00:00,Swansea,Sheffield Weds,3,0,1.0,0.0,H,H,1.95,3.5,4.0,2.03,1.83
E1,2023-09-23,15:00:00,West Brom,Millwall,0,0,0.0,0.0,D,D,2.1,3.4,3.6,2.1,1.73
E1,2023-09-24,12:00:00,Stoke,Hull,1,3,0.0,2.0,A,A,1.91,3.75,3.8,1.9,1.95
E1,2023-09-24,15:00:00,Sunderland,Cardiff,0,1,0.0,0.0,A,D,1.85,3.5,4.33,1.83,2.03
E1,2023-09-25,20:00:00,Coventry,Huddersfield,1,1,1.0,0.0,D,H,1.8,3.75,4.33,1.88,1.98
E1,2023-09-29,20:00:00,Sheffield Weds,Sunderland,0,3,0.0,3.0,A,A,3.2,3.4,2.25,1.9,1.95
E1,2023-09-30,12:30:00,Southampton,Leeds,3,1,3.0,0.0,H,H,3.0,3.5,2.3,1.6,2.3
E1,2023-09-30,15:00:00,Bristol City,Stoke,2,3,2.0,1.0,A,H,2.3,3.25,3.2,2.03,1.83
E1,2023-09-30,15:00:00,Cardiff,Rotherham,2,0,0.0,0.0,H,D,1.7,3.75,5.25,1.93,1.93
E1,2023-09-30,15:00:00,Huddersfield,Ipswich,1,1,0.0,0.0,D,D,4.0,3.6,1.91,1.7,2.1
E1,2023-09-30,15:00:00,Hull,Plymouth,1,1,1.0,1.0,D,D,1.83,3.75,4.2,1.62,2.25
E1,2023-09-30,15:00:00,Millwall,Swansea,0,3,0.0,1.0,A,A,2.1,3.3,3.75,2.08,1.73
E1,2023-09-30,15:00:00,Norwich,Birmingham,2,0,0.0,0.0,H,D,1.91,3.5,4.0,1.93,1.93
E1,2023-09-30,15:00:00,Preston,West Brom,0,4,0.0,2.0,A,A,2.38,3.5,2.88,2.15,1.67
E1,2023-09-30,15:00:00,QPR,Coventry,1,3,0.0,0.0,A,D,3.1,3.3,2.38,2.0,1.85
E1,2023-09-30,15:00:00,Watford,Middlesbrough,2,3,1.0,2.0,A,A,2.45,3.4,2.9,1.93,1.93
E1,2023-10-01,12:00:00,Blackburn,Leicester,1,4,1.0,2.0,A,A,3.6,3.6,2.05,1.57,2.35
E1,2023-10-03,19:45:00,Birmingham,Huddersfield,4,1,2.0,0.0,H,H,2.25,3.3,3.3,2.08,1.73
E1,2023-10-03,19:45:00,Ipswich,Hull,3,0,2.0,0.0,H,H,1.7,4.0,4.75,1.65,2.2
E1,2023-10-03,19:45:00,Middlesbrough,Cardiff,2,0,0.0,0.0,H,D,1.91,3.75,4.0,1.8,2.0
E1,2023-10-03,19:45:00,Plymouth,Millwall,0,2,0.0,0.0,A,D,2.4,3.5,2.8,1.73,2.08
E1,2023-10-03,20:00:00,Stoke,Southampton,0,1,0.0,1.0,A,A,2.7,3.4,2.6,1.8,2.0
E1,2023-10-03,20:00:00,West Brom,Sheffield Weds,1,0,1.0,0.0,H,H,1.6,3.8,6.0,2.1,1.7
E1,2023-10-04,19:45:00,Coventry,Blackburn,1,0,0.0,0.0,H,D,2.05,3.6,3.4,1.62,2.25
E1,2023-10-04,19:45:00,Leeds,QPR,1,0,1.0,0.0,H,H,1.36,5.0,9.0,1.6,2.3
E1,2023-10-04,19:45:00,Leicester,Preston,3,0,0.0,0.0,H,D,1.5,4.2,7.5,1.85,2.0
E1,2023-10-04,19:45:00,Sunderland,Watford,2,0,1.0,0.0,H,H,1.95,3.4,4.0,1.8,2.0
E1,2023-10-04,19:45:00,Swansea,Norwich,2,1,1.0,1.0,H,D,2.9,3.3,2.45,1.8,2.0
E1,2023-10-04,20:00:00,Rotherham,Bristol City,1,2,0.0,0.0,A,D,3.6,3.4,2.05,2.03,1.83
E1,2023-10-06,20:00:00,Birmingham,West Brom,3,1,2.0,1.0,H,H,2.75,3.2,2.63,2.25,1.62
E1,2023-10-07,12:30:00,Sunderland,Middlesbrough,0,4,0.0,0.0,A,D,2.3,3.6,2.88,1.75,2.05
E1,2023-10-07,15:00:00,Cardiff,Watford,1,1,1.0,0.0,D,H,2.45,3.3,2.9,2.05,1.75
E1,2023-10-07,15:00:00,Coventry,Norwich,1,1,0.0,1.0,D,A,2.6,3.2,2.8,1.88,1.98
E1,2023-10-07,15:00:00,Ipswich,Preston,4,2,3.0,1.0,H,H,1.6,4.0,5.5,1.83,2.03
E1,2023-10-07,15:00:00,Leeds,Bristol City,2,1,1.0,1.0,H,D,1.57,4.2,5.75,1.7,2.1
E1,2023-10-07,15:00:00,Leicester,Stoke,2,0,1.0,0.0,H,H,1.55,4.33,5.75,1.7,2.1
E1,2023-10-07,15:00:00,Millwall,Hull,2,2,1.0,2.0,D,A,2.3,3.4,3.1,2.03,1.83
E1,2023-10-07,15:00:00,Plymouth,Swansea,1,3,1.0,0.0,A,H,2.4,3.4,2.88,1.7,2.1
E1,2023-10-07,15:00:00,QPR,Blackburn,0,4,0.0,2.0,A,A,3.0,3.5,2.3,1.75,2.05
E1,2023-10-07,15:00:00,Sheffield Weds,Huddersfield,0,0,0.0,0.0,D,D,2.6,3.3,2.75,2.05,1.8
E1,2023-10-07,15:00:00,Southampton,Rotherham,1,1,1.0,0.0,D,H,1.33,5.5,8.5,1.6,2.3
E1,2023-10-21,12:30:00,Preston,Millwall,1,1,1.0,1.0,D,D,2.38,3.2,3.1,2.3,1.6
E1,2023-10-21,15:00:00,Blackburn,Cardiff,1,0,0.0,0.0,H,D,2.0,3.5,3.6,1.7,2.1
E1,2023-10-21,15:00:00,Bristol City,Coventry,1,0,1.0,0.0,H,H,2.38,3.4,2.9,2.0,1.85
E1,2023-10-21,15:00:00,Huddersfield,QPR,2,1,2.0,1.0,H,H,1.91,3.5,4.0,1.98,1.88
E1,2023-10-21,15:00:00,Hull,Southampton,1,2,1.0,1.0,A,D,2.9,3.4,2.38,1.73,2.08
E1,2023-10-21,15:00:00,Middlesbrough,Birmingham,1,0,0.0,0.0,H,D,1.75,3.75,4.5,1.9,1.95
E1,2023-10-21,15:00:00,Norwich,Leeds,2,3,2.0,0.0,A,H,3.0,3.5,2.25,1.7,2.1
E1,2023-10-21,15:00:00,Stoke,Sunderland,2,1,1.0,1.0,H,D,2.5,3.3,2.75,1.75,2.05
E1,2023-10-21,15:00:00,Swansea,Leicester,1,3,1.0,1.0,A,D,4.33,4.0,1.75,1.73,2.08
E1,2023-10-21,15:00:00,Watford,Sheffield Weds,1,0,0.0,0.0,H,D,1.67,3.6,5.25,2.05,1.75
E1,2023-10-21,15:00:00,West Brom,Plymouth,0,0,0.0,0.0,D,D,1.7,3.6,5.0,1.67,2.15
E1,2023-10-24,19:45:00,Huddersfield,Cardiff,0,4,0.0,3.0,A,A,2.38,3.25,3.1,2.1,1.7
E1,2023-10-24,19:45:00,Millwall,Blackburn,1,2,1.0,1.0,A,D,2.45,3.5,2.88,1.88,1.98
E1,2023-10-24,19:45:00,Norwich,Middlesbrough,1,2,0.0,0.0,A,D,2.75,3.6,2.45,1.67,2.15
E1,2023-10-24,19:45:00,Swansea,Watford,0,1,0.0,0.0,A,D,2.3,3.3,3.1,2.05,1.75
E1,2023-10-24,20:00:00,Leicester,Sunderland,1,0,1.0,0.0,H,H,1.5,4.5,6.0,1.6,2.3
E1,2023-10-24,20:00:00,West Brom,QPR,2,0,0.0,0.0,H,D,1.6,4.0,5.25,1.95,1.9
E1,2023-10-25,19:45:00,Birmingham,Hull,0,2,0.0,1.0,A,A,2.3,3.25,3.2,2.05,1.8
E1,2023-10-25,19:45:00,Bristol City,Ipswich,0,1,0.0,1.0,A,A,3.5,3.5,2.1,1.73,2.08
E1,2023-10-25,19:45:00,Plymouth,Sheffield Weds,3,0,2.0,0.0,H,H,2.05,3.4,3.75,1.8,2.0
E1,2023-10-25,19:45:00,Preston,Southampton,2,2,0.0,1.0,D,A,3.5,3.4,2.1,1.75,2.05
E1,2023-10-25,19:45:00,Rotherham,Coventry,2,0,0.0,0.0,H,D,4.2,3.5,1.91,1.98,1.88
E1,2023-10-25,20:00:00,Stoke,Leeds,1,0,0.0,0.0,H,D,3.75,3.6,1.95,1.8,2.0
E1,2023-10-28,12:30:00,Leeds,Huddersfield,4,1,4.0,0.0,H,H,1.36,4.75,9.0,1.62,2.25
E1,2023-10-28,12:30:00,Southampton,Birmingham,3,1,2.0,0.0,H,H,1.6,4.0,5.5,1.8,2.0
E1,2023-10-28,15:00:00,Blackburn,Swansea,0,1,0.0,1.0,A,A,2.0,3.75,3.5,1.6,2.3
E1,2023-10-28,15:00:00,Cardiff,Bristol City,2,0,1.0,0.0,H,H,2.2,3.5,3.25,2.15,1.67
E1,2023-10-28,15:00:00,Hull,Preston,1,0,0.0,0.0,H,D,2.0,3.5,3.8,2.08,1.73
E1,2023-10-28,15:00:00,Ipswich,Plymouth,3,2,1.0,1.0,H,D,1.36,5.5,7.5,1.44,2.7
E1,2023-10-28,15:00:00,Middlesbrough,Stoke,0,2,0.0,2.0,A,A,1.75,4.0,4.33,1.75,2.05
E1,2023-10-28,15:00:00,QPR,Leicester,1,2,1.0,1.0,A,D,8.0,5.0,1.36,1.65,2.2
E1,2023-10-28,15:00:00,Sunderland,Norwich,3,1,2.0,1.0,H,H,2.0,3.75,3.5,1.67,2.15
E1,2023-10-28,15:00:00,Watford,Millwall,2,2,1.0,1.0,D,D,2.0,3.3,4.0,2.2,1.65
E1,2023-10-29,13:00:00,Sheffield Weds,Rotherham,2,0,2.0,0.0,H,H,1.91,3.4,4.33,2.3,1.6
E1,2023-10-30,20:00:00,Coventry,West Brom,0,2,0.0,1.0,A,A,2.3,3.3,3.2,2.05,1.75
E1,2023-11-03,20:00:00,Leicester,Leeds,0,1,0.0,0.0,A,D,2.15,3.6,3.25,1.67,2.15
E1,2023-11-04,15:00:00,Birmingham,Ipswich,2,2,1.0,0.0,D,H,3.8,3.75,1.91,1.75,2.05
E1,2023-11-04,15:00:00,Bristol City,Sheffield Weds,1,0,0.0,0.0,H,D,2.15,3.2,3.6,2.15,1.67
E1,2023-11-04,15:00:00,Huddersfield,Watford,0,0,0.0,0.0,D,D,3.1,3.4,2.3,2.08,1.73
E1,2023-11-04,15:00:00,Millwall,Southampton,0,1,0.0,0.0,A,D,3.6,3.5,2.05,1.85,2.0
E1,2023-11-04,15:00:00,Plymouth,Middlesbrough,3,3,2.0,1.0,D,H,4.0,3.6,1.91,1.6,2.3
E1,2023-11-04,15:00:00,Preston,Coventry,3,2,2.0,1.0,H,H,2.8,3.2,2.63,2.15,1.67
E1,2023-11-04,15:00:00,Rotherham,QPR,1,1,0.0,0.0,D,D,2.7,3.25,2.7,2.1,1.7
E1,2023-11-04,15:00:00,Stoke,Cardiff,0,0,0.0,0.0,D,D,2.15,3.3,3.5,2.1,1.7
E1,2023-11-04,15:00:00,Swansea,Sunderland,0,0,0.0,0.0,D,D,2.7,3.4,2.63,1.75,2.05
E1,2023-11-04,15:00:00,West Brom,Hull,3,1,1.0,1.0,H,D,2.05,3.2,3.8,2.05,1.75
E1,2023-11-05,12:00:00,Norwich,Blackburn,1,3,0.0,2.0,A,A,2.15,3.6,3.2,1.53,2.4
E1,2023-11-07,20:00:00,Rotherham,Ipswich,2,2,1.0,1.0,D,D,5.75,4.5,1.5,1.73,2.08
E1,2023-11-10,20:00:00,Blackburn,Preston,1,2,0.0,1.0,A,A,1.95,3.6,3.75,1.83,2.03
E1,2023-11-11,12:30:00,Sunderland,Birmingham,3,1,1.0,1.0,H,D,1.75,3.75,4.5,1.85,2.0
E1,2023-11-11,15:00:00,Cardiff,Norwich,2,3,2.0,1.0,A,H,2.0,3.5,3.6,1.85,2.0
E1,2023-11-11,15:00:00,Coventry,Stoke,0,0,0.0,0.0,D,D,2.3,3.4,3.1,2.05,1.8
E1,2023-11-11,15:00:00,Hull,Huddersfield,1,0,0.0,0.0,H,D,1.73,3.6,5.0,1.95,1.9
E1,2023-11-11,15:00:00,Ipswich,Swansea,3,2,2.0,1.0,H,H,1.53,4.33,5.5,1.62,2.25
E1,2023-11-11,15:00:00,Leeds,Plymouth,2,1,2.0,0.0,H,H,1.25,6.5,11.0,1.36,3.1
E1,2023-11-11,15:00:00,Middlesbrough,Leicester,1,0,0.0,0.0,H,D,2.9,3.6,2.3,1.7,2.1
E1,2023-11-11,15:00:00,QPR,Bristol City,0,0,0.0,0.0,D,D,2.8,3.2,2.63,2.1,1.7
E1,2023-11-11,15:00:00,Sheffield Weds,Millwall,0,4,0.0,2.0,A,A,2.63,3.0,2.9,2.4,1.53
E1,2023-11-11,15:00:00,Southampton,West Brom,2,1,1.0,0.0,H,H,1.91,3.6,4.0,1.9,1.95
E1,2023-11-11,15:00:00,Watford,Rotherham,5,0,2.0,0.0,H,H,1.45,4.2,7.5,1.98,1.88
E1,2023-11-24,20:00:00,Rotherham,Leeds,1,1,1.0,1.0,D,D,7.5,5.0,1.36,1.67,2.15
E1,2023-11-25,15:00:00,Birmingham,Sheffield Weds,2,1,1.0,1.0,H,D,2.15,3.25,3.5,2.25,1.62
E1,2023-11-25,15:00:00,Bristol City,Middlesbrough,3,2,2.0,0.0,H,H,3.6,3.3,2.1,2.0,1.85
E1,2023-11-25,15:00:00,Huddersfield,Southampton,1,1,0.0,1.0,D,A,4.75,3.8,1.7,1.83,2.03
E1,2023-11-25,15:00:00,Leicester,Watford,2,0,0.0,0.0,H,D,1.57,4.2,5.5,1.93,1.93
E1,2023-11-25,15:00:00,Millwall,Coventry,0,3,0.0,1.0,A,A,2.63,3.25,2.7,2.1,1.7
E1,2023-11-25,15:00:00,Norwich,QPR,1,0,1.0,0.0,H,H,1.73,3.8,4.5,1.75,2.05
E1,2023-11-25,15:00:00,Plymouth,Sunderland,2,0,2.0,0.0,H,H,3.4,3.75,2.0,1.53,2.4
E1,2023-11-25,15:00:00,Preston,Cardiff,1,2,0.0,0.0,A,D,2.4,3.2,3.0,2.35,1.57
E1,2023-11-25,15:00:00,Stoke,Blackburn,0,3,0.0,1.0,A,A,2.2,3.5,3.2,1.75,2.05
E1,2023-11-25,15:00:00,Swansea,Hull,2,2,2.0,0.0,D,H,2.6,3.2,2.8,2.0,1.85
E1,2023-11-25,17:30:00,West Brom,Ipswich,2,0,1.0,0.0,H,H,2.6,3.5,2.55,1.88,1.98
E1,2023-11-28,19:45:00,Cardiff,West Brom,0,1,0.0,0.0,A,D,2.88,3.25,2.5,2.3,1.6
E1,2023-11-28,19:45:00,Coventry,Plymouth,1,0,0.0,0.0,H,D,1.62,4.2,5.0,1.53,2.4
E1,2023-11-28,19:45:00,Hull,Rotherham,4,1,3.0,0.0,H,H,1.44,4.5,7.5,1.85,2.0
E1,2023-11-28,19:45:00,Middlesbrough,Preston,4,0,3.0,0.0,H,H,1.67,3.6,5.5,2.0,1.85
E1,2023-11-28,19:45:00,QPR,Stoke,4,2,1.0,1.0,H,D,3.1,3.4,2.3,2.25,1.62
E1,2023-11-28,20:00:00,Watford,Norwich,3,2,2.0,2.0,H,D,2.15,3.5,3.3,1.88,1.98
E1,2023-11-29,19:45:00,Blackburn,Birmingham,4,2,0.0,0.0,H,D,1.8,3.6,4.33,1.65,2.2
E1,2023-11-29,19:45:00,Leeds,Swansea,3,1,2.0,1.0,H,H,1.36,5.25,8.5,1.53,2.4
E1,2023-11-29,19:45:00,Sheffield Weds,Leicester,1,1,0.0,1.0,D,A,5.25,4.2,1.62,1.8,2.0
E1,2023-11-29,19:45:00,Southampton,Bristol City,1,0,0.0,0.0,H,D,1.57,4.5,5.25,1.73,2.08
E1,2023-11-29,19:45:00,Sunderland,Huddersfield,1,2,1.0,1.0,A,D,1.57,4.33,5.5,1.73,2.08
E1,2023-11-29,20:00:00,Ipswich,Millwall,3,1,3.0,0.0,H,H,1.62,4.0,5.5,1.7,2.1
E1,2023-12-01,20:00:00,Preston,QPR,0,2,0.0,0.0,A,D,2.2,3.25,3.5,2.3,1.6
E1,2023-12-02,12:30:00,West Brom,Leicester,1,2,0.0,0.0,A,D,2.88,3.2,2.55,2.1,1.7
E1,2023-12-02,15:00:00,Birmingham,Rotherham,0,0,0.0,0.0,D,D,1.6,3.8,6.0,1.88,1.98
E1,2023-12-02,15:00:00,Hull,Watford,1,2,1.0,1.0,A,D,2.1,3.6,3.3,2.08,1.73
E1,2023-12-02,15:00:00,Ipswich,Coventry,2,1,2.0,0.0,H,H,1.8,4.0,4.2,1.62,2.25
E1,2023-12-02,15:00:00,Leeds,Middlesbrough,3,2,3.0,2.0,H,H,1.73,4.0,4.5,1.62,2.25
E1,2023-12-02,15:00:00,Millwall,Sunderland,1,1,1.0,0.0,D,H,3.0,3.3,2.38,1.98,1.88
E1,2023-12-02,15:00:00,Plymouth,Stoke,2,1,1.0,1.0,H,D,2.63,3.5,2.6,1.73,2.08
E1,2023-12-02,15:00:00,Sheffield Weds,Blackburn,3,1,1.0,0.0,H,H,2.88,3.4,2.4,1.75,2.05
E1,2023-12-02,15:00:00,Southampton,Cardiff,2,0,2.0,0.0,H,H,1.62,4.0,5.25,1.8,2.0
E1,2023-12-02,15:00:00,Swansea,Huddersfield,1,1,0.0,1.0,D,A,1.95,3.4,4.0,1.88,1.98
E1,2023-12-03,13:30:00,Bristol City,Norwich,1,2,1.0,0.0,A,H,2.25,3.3,3.2,1.83,2.03
E1,2023-12-08,20:00:00,Coventry,Birmingham,2,0,1.0,0.0,H,H,1.7,4.0,4.75,1.75,2.05
E1,2023-12-09,12:30:00,Blackburn,Leeds,0,2,0.0,1.0,A,A,4.0,4.33,1.75,1.48,2.6
E1,2023-12-09,12:30:00,Sunderland,West Brom,2,1,0.0,0.0,H,D,2.25,3.25,3.2,2.05,1.8
E1,2023-12-09,15:00:00,Cardiff,Millwall,1,0,0.0,0.0,H,D,2.1,3.2,3.8,2.25,1.62
E1,2023-12-09,15:00:00,Huddersfield,Bristol City,1,1,1.0,0.0,D,H,3.2,3.1,2.38,2.35,1.57
E1,2023-12-09,15:00:00,Leicester,Plymouth,4,0,1.0,0.0,H,H,1.29,5.5,10.0,1.44,2.7
E1,2023-12-09,15:00:00,Middlesbrough,Ipswich,0,2,0.0,1.0,A,A,2.3,3.7,2.9,1.67,2.15
E1,2023-12-09,15:00:00,Norwich,Preston,0,0,0.0,0.0,D,D,1.91,3.6,4.0,1.9,1.95
E1,2023-12-09,15:00:00,QPR,Hull,2,0,1.0,0.0,H,H,3.2,3.25,2.3,2.1,1.7
E1,2023-12-09,15:00:00,Rotherham,Swansea,1,2,0.0,1.0,A,A,3.3,3.4,2.15,1.98,1.88
E1,2023-12-09,15:00:00,Stoke,Sheffield Weds,0,1,0.0,0.0,A,D,2.0,3.25,4.0,2.25,1.62
E1,2023-12-09,15:00:00,Watford,Southampton,1,1,0.0,0.0,D,D,3.25,3.4,2.2,1.98,1.88
E1,2023-12-12,19:45:00,Blackburn,Bristol City,2,1,1.0,0.0,H,H,1.91,3.75,3.8,1.73,2.08
E1,2023-12-12,19:45:00,Huddersfield,Preston,1,3,0.0,2.0,A,A,2.63,3.1,2.88,2.5,1.5
E1,2023-12-12,19:45:00,Rotherham,West Brom,0,2,0.0,0.0,A,D,5.25,3.8,1.7,2.05,1.75
E1,2023-12-12,19:45:00,Stoke,Swansea,1,1,0.0,0.0,D,D,2.05,3.5,3.6,1.93,1.93
E1,2023-12-12,19:45:00,Watford,Ipswich,1,2,1.0,1.0,A,D,2.9,3.4,2.45,2.0,1.85
E1,2023-12-12,20:00:00,Sunderland,Leeds,1,0,0.0,0.0,H,D,2.8,3.6,2.4,1.7,2.1
E1,2023-12-13,19:45:00,Cardiff,Birmingham,0,1,0.0,1.0,A,A,1.85,3.8,4.0,2.08,1.73
E1,2023-12-13,19:45:00,Coventry,Southampton,1,1,0.0,0.0,D,D,2.75,3.4,2.55,1.83,2.03
E1,2023-12-13,19:45:00,Leicester,Millwall,3,2,0.0,1.0,H,A,1.36,5.0,8.5,1.73,2.08
E1,2023-12-13,19:45:00,Norwich,Sheffield Weds,3,1,1.0,1.0,H,D,1.91,3.6,4.0,1.98,1.88
E1,2023-12-13,19:45:00,QPR,Plymouth,0,0,0.0,0.0,D,D,2.0,3.75,3.6,1.75,2.05
E1,2023-12-13,20:00:00,Middlesbrough,Hull,1,2,1.0,0.0,A,H,1.83,3.8,4.0,1.85,2.0
E1,2023-12-16,12:30:00,Ipswich,Norwich,2,2,1.0,1.0,D,D,1.6,4.0,6.0,1.53,2.4
E1,2023-12-16,15:00:00,Bristol City,Sunderland,1,0,1.0,0.0,H,H,3.1,3.6,2.25,2.03,1.83
E1,2023-12-16,15:00:00,Hull,Cardiff,3,0,1.0,0.0,H,H,1.83,3.5,4.5,2.1,1.7
E1,2023-12-16,15:00:00,Leeds,Coventry,1,1,0.0,0.0,D,D,1.55,4.2,6.0,1.67,2.15
E1,2023-12-16,15:00:00,Millwall,Huddersfield,1,1,0.0,0.0,D,D,1.91,3.6,4.0,2.2,1.65
E1,2023-12-16,15:00:00,Plymouth,Rotherham,3,2,1.0,1.0,H,D,1.67,3.8,5.25,1.7,2.1
E1,2023-12-16,15:00:00,Preston,Watford,1,5,1.0,1.0,A,D,2.8,3.3,2.55,2.25,1.62
E1,2023-12-16,15:00:00,Sheffield Weds,QPR,2,1,0.0,1.0,H,A,2.25,3.25,3.3,2.35,1.57
E1,2023-12-16,15:00:00,Southampton,Blackburn,4,0,1.0,0.0,H,H,1.65,4.0,5.0,1.53,2.4
E1,2023-12-16,15:00:00,Swansea,Middlesbrough,1,2,0.0,1.0,A,A,3.2,3.5,2.2,1.73,2.08
E1,2023-12-17,12:00:00,West Brom,Stoke,1,1,1.0,1.0,D,D,1.75,3.8,4.5,2.1,1.7
E1,2023-12-18,20:00:00,Birmingham,Leicester,2,3,1.0,2.0,A,A,6.0,3.8,1.6,1.75,2.05
E1,2023-12-22,19:45:00,Bristol City,Hull,3,2,1.0,2.0,H,A,2.7,3.3,2.63,2.15,1.67
E1,2023-12-22,19:45:00,Swansea,Preston,2,1,0.0,0.0,H,D,2.05,3.5,3.5,2.05,1.75
E1,2023-12-23,12:30:00,Leeds,Ipswich,4,0,3.0,0.0,H,H,1.8,4.0,4.0,1.6,2.3
E1,2023-12-23,15:00:00,Blackburn,Watford,1,2,1.0,0.0,A,H,2.25,3.4,3.2,1.73,2.08
E1,2023-12-23,15:00:00,Leicester,Rotherham,3,0,0.0,0.0,H,D,1.17,8.0,15.0,1.44,2.7
E1,2023-12-23,15:00:00,Middlesbrough,West Brom,1,0,1.0,0.0,H,H,2.25,3.25,3.3,2.05,1.75
E1,2023-12-23,15:00:00,Norwich,Huddersfield,2,0,0.0,0.0,H,D,1.57,4.0,6.0,1.73,2.08
E1,2023-12-23,15:00:00,Plymouth,Birmingham,3,3,1.0,2.0,D,A,2.15,3.6,3.2,1.67,2.15
E1,2023-12-23,15:00:00,QPR,Southampton,0,1,0.0,1.0,A,A,5.25,3.6,1.73,1.93,1.93
E1,2023-12-23,15:00:00,Sheffield Weds,Cardiff,1,2,1.0,0.0,A,H,2.1,3.4,3.6,2.25,1.62
E1,2023-12-23,15:00:00,Stoke,Millwall,0,0,0.0,0.0,D,D,2.05,3.6,3.4,2.1,1.7
E1,2023-12-23,15:00:00,Sunderland,Coventry,0,3,0.0,1.0,A,A,2.05,3.5,3.6,1.85,2.0
E1,2023-12-26,12:30:00,Preston,Leeds,2,1,0.0,0.0,H,D,5.75,4.2,1.57,1.83,2.03
E1,2023-12-26,13:00:00,Millwall,QPR,2,0,1.0,0.0,H,H,2.15,3.25,3.75,2.35,1.57
E1,2023-12-26,15:00:00,Cardiff,Plymouth,2,2,1.0,1.0,D,D,2.0,3.75,3.6,1.83,2.03
E1,2023-12-26,15:00:00,Coventry,Sheffield Weds,2,0,1.0,0.0,H,H,1.73,3.75,5.0,2.03,1.83
E1,2023-12-26,15:00:00,Huddersfield,Blackburn,3,0,1.0,0.0,H,H,3.2,3.6,2.15,1.7,2.1
E1,2023-12-26,15:00:00,Hull,Sunderland,0,1,0.0,0.0,A,D,2.5,3.3,2.9,1.95,1.9
E1,2023-12-26,15:00:00,Rotherham,Middlesbrough,1,0,0.0,0.0,H,D,5.75,4.0,1.6,1.75,2.05
E1,2023-12-26,15:00:00,Southampton,Swansea,5,0,1.0,0.0,H,H,1.4,5.0,7.5,1.57,2.35
E1,2023-12-26,15:00:00,Watford,Bristol City,1,4,0.0,2.0,A,A,1.95,3.4,4.2,2.1,1.7
E1,2023-12-26,15:00:00,West Brom,Norwich,1,0,0.0,0.0,H,D,1.8,3.8,4.0,1.8,2.0
E1,2023-12-26,17:15:00,Birmingham,Stoke,1,3,0.0,2.0,A,A,2.6,3.3,2.75,2.05,1.75
E1,2023-12-26,19:45:00,Ipswich,Leicester,1,1,0.0,1.0,D,A,3.1,3.5,2.25,1.73,2.08
E1,2023-12-29,18:00:00,Southampton,Plymouth,2,1,0.0,0.0,H,D,1.33,5.75,7.5,1.4,2.88
E1,2023-12-29,19:45:00,Birmingham,Bristol City,0,0,0.0,0.0,D,D,2.75,3.3,2.55,2.05,1.75
E1,2023-12-29,19:45:00,Cardiff,Leicester,0,2,0.0,1.0,A,A,5.75,4.0,1.62,1.98,1.88
E1,2023-12-29,19:45:00,Coventry,Swansea,2,2,1.0,1.0,D,D,1.75,3.8,4.33,1.73,2.08
E1,2023-12-29,19:45:00,Huddersfield,Middlesbrough,1,2,0.0,0.0,A,D,4.33,3.8,1.75,1.95,1.9
E1,2023-12-29,19:45:00,Hull,Blackburn,3,2,2.0,2.0,H,D,1.85,3.8,4.0,1.62,2.25
E1,2023-12-29,19:45:00,Ipswich,QPR,0,0,0.0,0.0,D,D,1.45,4.75,6.0,1.73,2.08
E1,2023-12-29,19:45:00,Millwall,Norwich,1,0,1.0,0.0,H,H,2.45,3.5,2.8,2.05,1.75
E1,2023-12-29,19:45:00,Preston,Sheffield Weds,0,1,0.0,1.0,A,A,2.38,3.0,3.4,2.5,1.5
E1,2023-12-29,19:45:00,Rotherham,Sunderland,1,1,0.0,0.0,D,D,6.5,4.2,1.53,1.93,1.93
E1,2023-12-29,19:45:00,Watford,Stoke,1,1,1.0,1.0,D,D,2.15,3.3,3.5,2.05,1.75
E1,2023-12-29,20:15:00,West Brom,Leeds,1,0,1.0,0.0,H,H,3.2,3.4,2.25,2.1,1.7
E1,2024-01-01,12:30:00,Sunderland,Preston,2,0,2.0,0.0,H,H,1.57,4.0,5.75,1.9,1.95
E1,2024-01-01,15:00:00,Blackburn,Rotherham,2,2,1.0,1.0,D,D,1.5,4.5,6.0,1.57,2.35
E1,2024-01-01,15:00:00,Bristol City,Millwall,0,1,0.0,0.0,A,D,2.05,3.4,3.6,2.2,1.65
E1,2024-01-01,15:00:00,Leeds,Birmingham,3,0,2.0,0.0,H,H,1.25,6.5,9.5,1.5,2.5
E1,2024-01-01,15:00:00,Leicester,Huddersfield,4,1,1.0,0.0,H,H,1.2,7.0,12.0,1.53,2.4
E1,2024-01-01,15:00:00,Middlesbrough,Coventry,1,3,1.0,1.0,A,D,1.95,3.75,3.6,1.75,2.05
E1,2024-01-01,15:00:00,Norwich,Southampton,1,1,0.0,0.0,D,D,3.3,3.5,2.15,1.7,2.1
E1,2024-01-01,15:00:00,Plymouth,Watford,3,3,3.0,2.0,D,H,3.1,3.6,2.2,1.67,2.15
E1,2024-01-01,15:00:00,QPR,Cardiff,1,2,0.0,1.0,A,A,2.3,3.1,3.4,2.4,1.53
E1,2024-01-01,15:00:00,Stoke,Ipswich,0,0,0.0,0.0,D,D,2.9,3.3,2.4,1.93,1.93
E1,2024-01-01,15:00:00,Swansea,West Brom,1,0,0.0,0.0,H,D,3.4,3.25,2.2,2.08,1.73
E1,2024-01-01,17:15:00,Sheffield Weds,Hull,3,1,0.0,0.0,H,D,3.1,3.2,2.38,2.1,1.7
E1,2024-01-12,20:00:00,Hull,Norwich,1,2,0.0,1.0,A,A,2.2,3.6,3.1,1.75,2.05
E1,2024-01-13,12:30:00,Coventry,Leicester,3,1,0.0,1.0,H,A,3.8,3.6,1.95,1.88,1.98
E1,2024-01-13,15:00:00,Birmingham,Swansea,2,2,1.0,1.0,D,D,2.25,3.5,3.1,1.8,2.0
E1,2024-01-13,15:00:00,Cardiff,Leeds,0,3,0.0,2.0,A,A,5.25,4.2,1.62,1.93,1.93
E1,2024-01-13,15:00:00,Huddersfield,Plymouth,1,1,1.0,1.0,D,D,2.5,3.6,2.63,1.67,2.15
E1,2024-01-13,15:00:00,Millwall,Middlesbrough,1,3,1.0,1.0,A,D,2.75,3.4,2.55,2.05,1.75
E1,2024-01-13,15:00:00,Preston,Bristol City,2,0,0.0,0.0,H,D,2.6,3.25,2.8,2.4,1.53
E1,2024-01-13,15:00:00,Rotherham,Stoke,0,1,0.0,1.0,A,A,4.0,3.6,1.91,2.03,1.83
E1,2024-01-13,15:00:00,Southampton,Sheffield Weds,4,0,1.0,0.0,H,H,1.4,4.75,7.0,1.7,2.1
E1,2024-01-13,15:00:00,West Brom,Blackburn,4,1,3.0,0.0,H,H,1.73,4.0,4.75,1.75,2.05
E1,2024-01-13,17:30:00,Ipswich,Sunderland,2,1,1.0,1.0,H,D,2.1,3.4,3.5,2.0,1.85
E1,2024-01-14,12:00:00,QPR,Watford,1,2,0.0,0.0,A,D,3.0,3.25,2.45,2.15,1.67
E1,2024-01-19,20:00:00,Sunderland,Hull,0,1,0.0,0.0,A,D,1.85,3.6,4.33,1.98,1.88
E1,2024-01-20,12:30:00,Swansea,Southampton,1,3,1.0,3.0,A,A,5.0,4.0,1.67,1.65,2.2
E1,2024-01-20,15:00:00,Blackburn,Huddersfield,1,1,1.0,1.0,D,D,1.75,4.0,4.33,1.6,2.3
E1,2024-01-20,15:00:00,Bristol City,Watford,1,1,1.0,1.0,D,D,2.45,3.25,3.0,2.08,1.73
E1,2024-01-20,15:00:00,Middlesbrough,Rotherham,1,1,0.0,0.0,D,D,1.3,5.5,9.5,1.62,2.25
E1,2024-01-20,15:00:00,Norwich,West Brom,2,0,1.0,0.0,H,H,2.75,3.4,2.55,1.98,1.88
E1,2024-01-20,15:00:00,Plymouth,Cardiff,3,1,1.0,1.0,H,D,2.25,3.5,3.1,1.75,2.05
E1,2024-01-20,15:00:00,QPR,Millwall,2,0,1.0,0.0,H,H,2.45,3.3,2.9,2.4,1.53
E1,2024-01-20,15:00:00,Sheffield Weds,Coventry,1,2,0.0,1.0,A,A,3.0,3.5,2.3,2.0,1.85
E1,2024-01-20,15:00:00,Stoke,Birmingham,1,2,0.0,1.0,A,A,1.91,3.6,4.0,2.05,1.8
E1,2024-01-21,12:00:00,Leeds,Preston,2,1,1.0,1.0,H,D,1.3,5.5,10.0,1.67,2.15
E1,2024-01-22,20:00:00,Leicester,Ipswich,1,1,1.0,0.0,D,H,1.91,3.6,4.0,1.8,2.0
E1,2024-01-24,19:45:00,Leeds,Norwich,1,0,1.0,0.0,H,H,1.44,4.2,7.0,1.57,2.35
E1,2024-01-27,15:00:00,Millwall,Preston,1,1,1.0,1.0,D,D,2.2,3.1,3.6,2.4,1.53
E1,2024-01-27,15:00:00,Sunderland,Stoke,3,1,1.0,0.0,H,H,2.0,3.5,3.8,2.05,1.8
E1,2024-01-28,13:30:00,QPR,Huddersfield,1,1,0.0,0.0,D,D,2.05,3.4,3.8,2.3,1.6
E1,2024-01-30,19:45:00,Coventry,Bristol City,2,2,1.0,1.0,D,D,1.73,3.6,5.0,1.98,1.88
E1,2024-01-30,19:45:00,Leicester,Swansea,3,1,1.0,0.0,H,H,1.33,5.5,8.5,1.53,2.4
E1,2024-01-31,19:45:00,Sheffield Weds,Watford,0,0,0.0,0.0,D,D,2.63,3.3,2.63,2.0,1.85
E1,2024-02-02,20:00:00,Bristol City,Leeds,0,1,0.0,0.0,A,D,4.75,3.8,1.73,2.03,1.83
E1,2024-02-03,15:00:00,Blackburn,QPR,1,2,0.0,0.0,A,D,1.95,3.5,4.0,1.85,2.0
E1,2024-02-03,15:00:00,Huddersfield,Sheffield Weds,4,0,0.0,0.0,H,D,2.4,3.4,2.88,2.08,1.73
E1,2024-02-03,15:00:00,Hull,Millwall,1,0,1.0,0.0,H,H,2.0,3.5,3.75,2.1,1.7
E1,2024-02-03,15:00:00,Norwich,Coventry,2,1,0.0,0.0,H,D,2.45,3.4,2.88,1.7,2.1
E1,2024-02-03,15:00:00,Preston,Ipswich,3,2,3.0,0.0,H,H,3.6,3.6,2.0,2.03,1.83
E1,2024-02-03,15:00:00,Rotherham,Southampton,0,2,0.0,2.0,A,A,9.5,5.0,1.33,1.62,2.25
E1,2024-02-03,15:00:00,Stoke,Leicester,0,5,0.0,2.0,A,A,4.2,3.75,1.83,1.9,1.95
E1,2024-02-03,15:00:00,Swansea,Plymouth,0,1,0.0,1.0,A,A,2.0,3.6,3.6,1.6,2.3
E1,2024-02-03,15:00:00,Watford,Cardiff,0,1,0.0,1.0,A,A,1.83,3.6,4.33,2.03,1.83
E1,2024-02-03,15:00:00,West Brom,Birmingham,1,0,0.0,0.0,H,D,1.7,4.0,4.75,1.95,1.9
E1,2024-02-04,12:00:00,Middlesbrough,Sunderland,1,1,0.0,0.0,D,D,2.0,3.5,3.75,1.85,2.0
E1,2024-02-09,20:00:00,Sheffield Weds,Birmingham,2,0,1.0,0.0,H,H,2.25,3.3,3.25,2.03,1.83
E1,2024-02-10,12:30:00,Ipswich,West Brom,2,2,0.0,1.0,D,A,2.1,3.4,3.5,2.05,1.75
E1,2024-02-10,15:00:00,Blackburn,Stoke,3,1,3.0,1.0,H,H,2.4,3.6,2.88,1.67,2.15
E1,2024-02-10,15:00:00,Cardiff,Preston,0,2,0.0,2.0,A,A,2.3,3.2,3.3,2.35,1.57
E1,2024-02-10,15:00:00,Hull,Swansea,0,1,0.0,1.0,A,A,1.73,3.8,4.75,1.8,2.0
E1,2024-02-10,15:00:00,Leeds,Rotherham,3,0,1.0,0.0,H,H,1.17,7.5,15.0,1.5,2.5
E1,2024-02-10,15:00:00,Middlesbrough,Bristol City,1,2,0.0,2.0,A,A,1.7,4.0,4.5,1.95,1.9
E1,2024-02-10,15:00:00,QPR,Norwich,2,2,1.0,0.0,D,H,2.63,3.5,2.6,2.0,1.85
E1,2024-02-10,15:00:00,Southampton,Huddersfield,5,3,0.0,2.0,H,A,1.3,5.5,10.0,1.6,2.3
E1,2024-02-10,15:00:00,Sunderland,Plymouth,3,1,0.0,1.0,H,A,1.55,4.33,5.75,1.62,2.25
E1,2024-02-10,15:00:00,Watford,Leicester,1,2,0.0,1.0,A,A,4.5,4.0,1.7,1.75,2.05
E1,2024-02-11,12:00:00,Coventry,Millwall,2,1,0.0,1.0,H,A,1.75,3.8,4.75,2.03,1.83
E1,2024-02-13,19:45:00,Birmingham,Blackburn,1,0,0.0,0.0,H,D,2.25,3.6,3.0,1.57,2.35
E1,2024-02-13,19:45:00,Leicester,Sheffield Weds,2,0,2.0,0.0,H,H,1.3,5.5,9.5,1.6,2.3
E1,2024-02-13,19:45:00,Norwich,Watford,4,2,2.0,1.0,H,H,2.1,3.4,3.4,1.93,1.93
E1,2024-02-13,19:45:00,Rotherham,Hull,1,2,1.0,0.0,A,H,5.0,3.4,1.8,2.3,1.6
E1,2024-02-13,19:45:00,Swansea,Leeds,0,4,0.0,3.0,A,A,5.25,4.33,1.57,1.67,2.15
E1,2024-02-13,20:00:00,Bristol City,Southampton,3,1,0.0,0.0,H,D,4.2,3.6,1.8,1.93,1.93
E1,2024-02-13,20:00:00,West Brom,Cardiff,2,0,1.0,0.0,H,H,1.65,3.75,5.75,2.25,1.62
E1,2024-02-14,19:45:00,Huddersfield,Sunderland,1,0,1.0,0.0,H,H,3.6,3.3,2.1,2.05,1.75
E1,2024-02-14,19:45:00,Plymouth,Coventry,2,2,0.0,0.0,D,D,3.5,3.8,1.95,1.57,2.35
E1,2024-02-14,19:45:00,Preston,Middlesbrough,2,1,1.0,0.0,H,H,3.25,3.4,2.2,2.05,1.75
E1,2024-02-14,19:45:00,Stoke,QPR,1,0,1.0,0.0,H,H,2.05,3.4,3.5,2.1,1.7
E1,2024-02-14,20:00:00,Millwall,Ipswich,0,4,0.0,3.0,A,A,3.5,3.5,2.05,2.05,1.75
E1,2024-02-16,20:00:00,West Brom,Southampton,0,2,0.0,1.0,A,A,2.88,3.6,2.3,1.75,2.05
E1,2024-02-17,12:30:00,Plymouth,Leeds,0,2,0.0,1.0,A,A,6.5,4.75,1.44,1.48,2.6
E1,2024-02-17,15:00:00,Birmingham,Sunderland,2,1,0.0,1.0,H,A,2.8,3.3,2.55,2.03,1.83
E1,2024-02-17,15:00:00,Bristol City,QPR,0,1,0.0,1.0,A,A,1.95,3.5,4.0,2.25,1.62
E1,2024-02-17,15:00:00,Huddersfield,Hull,1,2,0.0,1.0,A,A,3.2,3.3,2.3,2.05,1.75
E1,2024-02-17,15:00:00,Leicester,Middlesbrough,1,2,0.0,2.0,A,A,1.57,4.5,5.0,1.65,2.2
E1,2024-02-17,15:00:00,Millwall,Sheffield Weds,0,2,0.0,2.0,A,A,2.15,3.3,3.5,2.25,1.62
E1,2024-02-17,15:00:00,Norwich,Cardiff,4,1,2.0,1.0,H,H,1.8,3.6,4.5,1.88,1.98
E1,2024-02-17,15:00:00,Preston,Blackburn,2,2,2.0,2.0,D,D,2.45,3.25,3.0,1.93,1.93
E1,2024-02-17,15:00:00,Rotherham,Watford,0,1,0.0,0.0,A,D,4.33,3.5,1.85,2.05,1.75
E1,2024-02-17,15:00:00,Stoke,Coventry,0,1,0.0,0.0,A,D,2.8,3.4,2.5,1.83,2.03
E1,2024-02-17,15:00:00,Swansea,Ipswich,1,2,1.0,2.0,A,A,4.2,3.5,1.91,1.7,2.1
E1,2024-02-20,19:45:00,Cardiff,Blackburn,0,0,0.0,0.0,D,D,3.0,3.25,2.45,2.05,1.8
E1,2024-02-20,19:45:00,Ipswich,Rotherham,4,3,3.0,1.0,H,H,1.22,5.75,15.0,1.6,2.3
E1,2024-02-20,19:45:00,Plymouth,West Brom,0,3,0.0,0.0,A,D,3.6,3.6,2.0,1.9,1.95
E1,2024-02-20,19:45:00,Southampton,Hull,1,2,0.0,2.0,A,A,1.57,4.33,5.5,1.53,2.4
E1,2024-02-23,19:45:00,Coventry,Preston,0,3,0.0,3.0,A,A,1.73,3.5,4.75,2.0,1.85
E1,2024-02-23,20:00:00,Leeds,Leicester,3,1,0.0,1.0,H,A,2.1,3.4,3.5,1.8,2.0
E1,2024-02-24,12:30:00,Hull,West Brom,1,1,1.0,1.0,D,D,2.5,3.3,2.88,2.1,1.7
E1,2024-02-24,15:00:00,Blackburn,Norwich,1,1,0.0,1.0,D,A,2.55,3.6,2.63,1.62,2.25
E1,2024-02-24,15:00:00,Cardiff,Stoke,2,1,2.0,1.0,H,H,2.75,3.25,2.63,2.3,1.6
E1,2024-02-24,15:00:00,Ipswich,Birmingham,3,1,1.0,1.0,H,D,1.55,4.33,5.5,1.6,2.3
E1,2024-02-24,15:00:00,Middlesbrough,Plymouth,0,2,0.0,2.0,A,A,1.44,4.5,7.0,1.53,2.4
E1,2024-02-24,15:00:00,QPR,Rotherham,2,1,0.0,1.0,H,A,1.65,3.6,6.0,2.15,1.67
E1,2024-02-24,15:00:00,Sheffield Weds,Bristol City,2,1,2.0,1.0,H,H,2.55,3.3,2.8,2.15,1.67
E1,2024-02-24,15:00:00,Southampton,Millwall,1,2,1.0,2.0,A,A,1.36,5.0,8.0,1.62,2.25
E1,2024-02-24,15:00:00,Sunderland,Swansea,1,2,0.0,2.0,A,A,1.83,3.5,4.75,1.85,2.0
E1,2024-02-24,15:00:00,Watford,Huddersfield,1,2,0.0,0.0,A,D,1.95,3.5,4.0,1.98,1.88
E1,2024-03-01,20:00:00,West Brom,Coventry,2,1,2.0,0.0,H,H,2.1,3.4,3.6,2.05,1.75
E1,2024-03-02,12:30:00,Bristol City,Cardiff,0,1,0.0,0.0,A,D,1.95,3.4,4.0,2.25,1.62
E1,2024-03-02,12:30:00,Huddersfield,Leeds,1,1,1.0,0.0,D,H,5.5,4.2,1.57,1.8,2.0
E1,2024-03-02,15:00:00,Birmingham,Southampton,3,4,2.0,1.0,A,H,4.0,3.8,1.85,1.62,2.25
E1,2024-03-02,15:00:00,Leicester,QPR,1,2,0.0,1.0,A,A,1.36,4.75,9.5,1.7,2.1
E1,2024-03-02,15:00:00,Millwall,Watford,1,0,1.0,0.0,H,H,2.38,3.3,3.0,2.1,1.7
E1,2024-03-02,15:00:00,Norwich,Sunderland,1,0,0.0,0.0,H,D,1.95,3.6,4.0,1.83,2.03
E1,2024-03-02,15:00:00,Plymouth,Ipswich,0,2,0.0,0.0,A,D,4.5,4.0,1.7,1.53,2.4
E1,2024-03-02,15:00:00,Preston,Hull,0,0,0.0,0.0,D,D,2.8,3.25,2.55,2.05,1.75
E1,2024-03-02,15:00:00,Rotherham,Sheffield Weds,0,1,0.0,0.0,A,D,3.5,3.25,2.15,2.2,1.65
E1,2024-03-02,15:00:00,Stoke,Middlesbrough,2,0,1.0,0.0,H,H,2.75,3.3,2.6,1.95,1.9
E1,2024-03-02,15:00:00,Swansea,Blackburn,2,1,2.0,0.0,H,H,2.2,3.5,3.2,1.73,2.08
E1,2024-03-05,19:45:00,Blackburn,Millwall,1,1,0.0,0.0,D,D,2.2,3.3,3.4,2.15,1.67
E1,2024-03-05,19:45:00,Coventry,Rotherham,5,0,4.0,0.0,H,H,1.3,5.5,10.0,1.67,2.15
E1,2024-03-05,19:45:00,Hull,Birmingham,1,1,1.0,0.0,D,H,1.73,4.0,4.75,1.67,2.15
E1,2024-03-05,19:45:00,Leeds,Stoke,1,0,1.0,0.0,H,H,1.33,5.5,8.0,1.53,2.4
E1,2024-03-05,19:45:00,Sheffield Weds,Plymouth,1,0,0.0,0.0,H,D,1.95,3.6,3.75,1.98,1.88
E1,2024-03-05,19:45:00,Sunderland,Leicester,0,1,0.0,1.0,A,A,3.8,3.75,1.91,1.85,2.0
E1,2024-03-05,20:00:00,Ipswich,Bristol City,3,2,0.0,0.0,H,D,1.65,3.75,5.5,2.03,1.83
E1,2024-03-06,19:45:00,Cardiff,Huddersfield,1,0,1.0,0.0,H,H,2.45,3.25,3.0,2.25,1.62
E1,2024-03-06,19:45:00,Middlesbrough,Norwich,3,1,2.0,1.0,H,H,2.3,3.5,3.0,1.73,2.08
E1,2024-03-06,19:45:00,Watford,Swansea,1,1,0.0,1.0,D,A,2.2,3.5,3.25,1.93,1.93
E1,2024-03-06,20:00:00,QPR,West Brom,2,2,1.0,2.0,D,A,3.1,3.1,2.45,2.35,1.57
E1,2024-03-08,20:00:00,Sheffield Weds,Leeds,0,2,0.0,1.0,A,A,5.0,4.2,1.62,1.75,2.05
E1,2024-03-09,12:30:00,Cardiff,Ipswich,2,1,0.0,0.0,H,D,4.75,3.6,1.75,1.93,1.93
E1,2024-03-09,15:00:00,Blackburn,Plymouth,1,1,1.0,0.0,D,H,1.75,3.75,4.75,1.7,2.1
E1,2024-03-09,15:00:00,Hull,Leicester,2,2,1.0,1.0,D,D,3.5,3.4,2.1,1.88,1.98
E1,2024-03-09,15:00:00,Millwall,Birmingham,1,0,0.0,0.0,H,D,2.2,3.2,3.4,2.15,1.67
E1,2024-03-09,15:00:00,Norwich,Rotherham,5,0,4.0,0.0,H,H,1.29,5.5,10.0,1.67,2.15
E1,2024-03-09,15:00:00,Preston,Stoke,1,2,0.0,0.0,A,D,2.4,3.3,3.0,2.08,1.73
E1,2024-03-09,15:00:00,QPR,Middlesbrough,0,2,0.0,0.0,A,D,2.3,3.6,2.88,1.98,1.88
E1,2024-03-09,15:00:00,Southampton,Sunderland,4,2,2.0,0.0,H,H,1.44,4.5,7.0,1.57,2.35
E1,2024-03-09,15:00:00,Watford,Coventry,1,2,1.0,1.0,A,D,2.88,3.4,2.4,1.85,2.0
E1,2024-03-10,12:00:00,Huddersfield,West Brom,1,4,1.0,0.0,A,H,2.75,3.4,2.45,2.15,1.67
E1,2024-03-10,12:30:00,Bristol City,Swansea,1,0,0.0,0.0,H,D,2.3,3.3,3.1,2.05,1.75
E1,2024-03-12,19:45:00,Birmingham,Middlesbrough,0,1,0.0,1.0,A,A,2.8,3.6,2.4,1.8,2.0
E1,2024-03-16,12:30:00,Swansea,Cardiff,2,0,1.0,0.0,H,H,2.05,3.3,3.8,2.1,1.7
E1,2024-03-16,15:00:00,Birmingham,Watford,0,1,0.0,1.0,A,A,2.45,3.25,3.0,1.93,1.93
E1,2024-03-16,15:00:00,Ipswich,Sheffield Weds,6,0,3.0,0.0,H,H,1.55,4.2,6.0,1.7,2.1
E1,2024-03-16,15:00:00,Middlesbrough,Blackburn,0,0,0.0,0.0,D,D,1.91,3.5,4.2,1.75,2.05
E1,2024-03-16,15:00:00,Plymouth,Preston,0,1,0.0,1.0,A,A,2.5,3.25,2.88,1.98,1.88
E1,2024-03-16,15:00:00,Rotherham,Huddersfield,0,0,0.0,0.0,D,D,4.33,3.3,1.95,2.1,1.7
E1,2024-03-16,15:00:00,Stoke,Norwich,0,3,0.0,2.0,A,A,2.55,3.25,2.8,2.0,1.85
E1,2024-03-16,15:00:00,Sunderland,QPR,0,0,0.0,0.0,D,D,2.45,3.25,3.0,2.15,1.67
E1,2024-03-16,15:00:00,West Brom,Bristol City,2,0,1.0,0.0,H,H,1.8,3.4,5.0,2.2,1.65
E1,2024-03-17,15:00:00,Leeds,Millwall,2,0,1.0,0.0,H,H,1.36,5.0,8.5,1.7,2.1
E1,2024-03-29,12:30:00,Bristol City,Leicester,1,0,0.0,0.0,H,D,5.0,3.8,1.7,1.93,1.93
E1,2024-03-29,13:00:00,Millwall,West Brom,1,1,1.0,0.0,D,H,3.4,3.1,2.3,2.5,1.5
E1,2024-03-29,15:00:00,Cardiff,Sunderland,0,2,0.0,2.0,A,A,2.55,3.1,2.9,2.25,1.62
E1,2024-03-29,15:00:00,Huddersfield,Coventry,1,3,0.0,2.0,A,A,3.0,3.5,2.3,1.88,1.98
E1,2024-03-29,15:00:00,Hull,Stoke,0,2,0.0,0.0,A,D,1.95,3.75,3.75,1.98,1.88
E1,2024-03-29,15:00:00,Norwich,Plymouth,2,1,0.0,1.0,H,A,1.5,4.5,6.0,1.57,2.35
E1,2024-03-29,15:00:00,Preston,Rotherham,3,0,3.0,0.0,H,H,1.53,4.2,6.0,2.05,1.75
E1,2024-03-29,15:00:00,QPR,Birmingham,2,1,0.0,0.0,H,D,2.0,3.6,3.6,2.05,1.75
E1,2024-03-29,15:00:00,Sheffield Weds,Swansea,1,1,1.0,0.0,D,H,2.45,3.4,2.88,1.83,2.03
E1,2024-03-29,15:00:00,Southampton,Middlesbrough,1,1,1.0,0.0,D,H,1.57,4.5,5.25,1.48,2.6
E1,2024-03-29,17:30:00,Blackburn,Ipswich,0,1,0.0,1.0,A,A,3.75,3.75,1.91,1.67,2.15
E1,2024-03-29,20:00:00,Watford,Leeds,2,2,2.0,1.0,D,H,6.0,4.33,1.55,1.7,2.1
E1,2024-04-01,12:30:00,Leicester,Norwich,3,1,1.0,1.0,H,D,1.65,4.33,4.75,1.62,2.25
E1,2024-04-01,15:00:00,Birmingham,Preston,1,0,0.0,0.0,H,D,2.3,3.4,3.1,2.08,1.73
E1,2024-04-01,15:00:00,Coventry,Cardiff,1,2,1.0,1.0,A,D,1.53,4.2,6.25,1.75,2.05
E1,2024-04-01,15:00:00,Middlesbrough,Sheffield Weds,2,0,1.0,0.0,H,H,1.8,3.75,4.33,1.83,2.03
E1,2024-04-01,15:00:00,Plymouth,Bristol City,0,1,0.0,0.0,A,D,2.6,3.3,2.75,2.0,1.85
E1,2024-04-01,15:00:00,Rotherham,Millwall,2,1,0.0,0.0,H,D,4.33,3.6,1.85,2.15,1.67
E1,2024-04-01,15:00:00,Stoke,Huddersfield,1,1,0.0,1.0,D,A,2.05,3.4,3.75,2.05,1.75
E1,2024-04-01,15:00:00,Sunderland,Blackburn,1,5,0.0,2.0,A,A,2.1,3.4,3.6,1.95,1.9
E1,2024-04-01,15:00:00,Swansea,QPR,0,1,0.0,0.0,A,D,2.5,3.4,2.8,2.08,1.73
E1,2024-04-01,15:00:00,West Brom,Watford,2,2,0.0,0.0,D,D,1.85,3.5,4.33,2.08,1.73
E1,2024-04-01,17:30:00,Ipswich,Southampton,3,2,1.0,2.0,H,A,2.5,3.6,2.7,1.57,2.35
E1,2024-04-01,20:00:00,Leeds,Hull,3,1,1.0,1.0,H,D,1.4,5.0,7.5,1.65,2.2
E1,2024-04-05,20:00:00,Rotherham,Plymouth,0,1,0.0,1.0,A,A,4.2,3.6,1.85,1.95,1.9
E1,2024-04-06,12:30:00,Norwich,Ipswich,1,0,1.0,0.0,H,H,2.63,3.75,2.45,1.62,2.3
E1,2024-04-06,15:00:00,Blackburn,Southampton,0,0,0.0,0.0,D,D,4.0,4.0,1.8,1.5,2.63
E1,2024-04-06,15:00:00,Cardiff,Hull,1,3,0.0,2.0,A,A,3.1,3.3,2.38,2.1,1.73
E1,2024-04-06,15:00:00,Coventry,Leeds,2,1,1.0,0.0,H,H,3.6,3.8,1.95,1.62,2.3
E1,2024-04-06,15:00:00,Huddersfield,Millwall,1,0,0.0,0.0,H,D,2.45,3.0,3.2,2.38,1.57
E1,2024-04-06,15:00:00,Leicester,Birmingham,2,1,1.0,1.0,H,D,1.33,5.5,8.5,1.53,2.5
E1,2024-04-06,15:00:00,Middlesbrough,Swansea,2,0,1.0,0.0,H,H,1.8,3.8,4.2,1.8,2.0
E1,2024-04-06,15:00:00,QPR,Sheffield Weds,0,2,0.0,0.0,A,D,1.95,3.3,4.2,2.2,1.67
E1,2024-04-06,15:00:00,Stoke,West Brom,2,2,0.0,1.0,D,A,2.6,3.2,2.8,2.2,1.67
E1,2024-04-06,15:00:00,Sunderland,Bristol City,0,0,0.0,0.0,D,D,2.4,3.2,3.1,2.3,1.62
E1,2024-04-06,15:00:00,Watford,Preston,0,0,0.0,0.0,D,D,2.05,3.4,3.75,2.1,1.73
E1,2024-04-09,19:45:00,Millwall,Leicester,1,0,0.0,0.0,H,D,5.0,3.75,1.67,2.0,1.85
E1,2024-04-09,19:45:00,Plymouth,QPR,1,1,0.0,0.0,D,D,3.1,3.25,2.38,2.05,1.8
E1,2024-04-09,19:45:00,Preston,Huddersfield,4,1,0.0,1.0,H,A,2.63,3.1,2.88,2.2,1.67
E1,2024-04-09,19:45:00,Sheffield Weds,Norwich,2,2,0.0,2.0,D,A,3.3,3.3,2.25,1.93,1.93
E1,2024-04-09,19:45:00,Southampton,Coventry,2,1,2.0,0.0,H,H,1.75,4.0,4.2,1.44,2.75
E1,2024-04-09,20:00:00,Leeds,Sunderland,0,0,0.0,0.0,D,D,1.36,4.75,9.0,1.57,2.38
E1,2024-04-10,19:45:00,Birmingham,Cardiff,0,1,0.0,0.0,A,D,1.91,3.5,4.2,2.1,1.73
E1,2024-04-10,19:45:00,Bristol City,Blackburn,5,0,2.0,0.0,H,H,2.5,3.2,3.0,2.1,1.73
E1,2024-04-10,19:45:00,Hull,Middlesbrough,2,2,2.0,1.0,D,H,2.4,3.4,2.9,1.8,2.0
E1,2024-04-10,19:45:00,Ipswich,Watford,0,0,0.0,0.0,D,D,1.5,4.33,6.5,1.62,2.3
E1,2024-04-10,20:00:00,Swansea,Stoke,3,0,1.0,0.0,H,H,2.4,3.3,3.0,2.03,1.83
E1,2024-04-10,20:00:00,West Brom,Rotherham,2,0,2.0,0.0,H,H,1.25,5.5,13.0,1.73,2.1
E1,2024-04-12,20:00:00,Plymouth,Leicester,1,0,1.0,0.0,H,H,6.5,4.75,1.44,1.53,2.5
E1,2024-04-13,12:30:00,Leeds,Blackburn,0,1,0.0,0.0,A,D,1.33,5.0,10.0,1.62,2.3
E1,2024-04-13,15:00:00,Birmingham,Coventry,3,0,2.0,0.0,H,H,3.1,3.4,2.25,1.8,2.0
E1,2024-04-13,15:00:00,Bristol City,Huddersfield,1,1,0.0,0.0,D,D,2.3,3.2,3.3,2.2,1.67
E1,2024-04-13,15:00:00,Hull,QPR,3,0,2.0,0.0,H,H,2.05,3.4,3.75,2.1,1.73
E1,2024-04-13,15:00:00,Ipswich,Middlesbrough,1,1,1.0,1.0,D,D,1.75,4.0,4.2,1.62,2.3
E1,2024-04-13,15:00:00,Millwall,Cardiff,3,1,2.0,1.0,H,H,1.83,3.3,4.75,2.5,1.53
E1,2024-04-13,15:00:00,Preston,Norwich,0,1,0.0,0.0,A,D,3.1,3.2,2.45,1.93,1.93
E1,2024-04-13,15:00:00,Sheffield Weds,Stoke,1,1,0.0,0.0,D,D,2.63,3.1,2.88,2.1,1.73
E1,2024-04-13,15:00:00,Southampton,Watford,3,2,2.0,1.0,H,H,1.44,5.0,6.5,1.53,2.5
E1,2024-04-13,15:00:00,Swansea,Rotherham,1,0,0.0,0.0,H,D,1.36,4.75,9.5,1.8,2.0
E1,2024-04-13,15:00:00,West Brom,Sunderland,0,1,0.0,1.0,A,A,1.8,3.8,4.2,2.1,1.73
E1,2024-04-16,20:00:00,Southampton,Preston,3,0,3.0,0.0,H,H,1.33,5.25,9.0,1.57,2.38
E1,2024-04-20,12:30:00,Leicester,West Brom,2,1,1.0,0.0,H,H,1.55,4.2,6.0,1.8,2.0
E1,2024-04-20,15:00:00,Cardiff,Southampton,2,1,0.0,1.0,H,A,8.0,4.5,1.4,1.62,2.3
E1,2024-04-20,15:00:00,Huddersfield,Swansea,0,4,0.0,0.0,A,D,2.1,3.6,3.4,1.93,1.93
E1,2024-04-20,15:00:00,Norwich,Bristol City,1,1,0.0,0.0,D,D,1.67,4.0,5.0,1.9,1.95
E1,2024-04-20,15:00:00,Rotherham,Birmingham,0,0,0.0,0.0,D,D,5.5,4.0,1.62,1.98,1.88
E1,2024-04-20,15:00:00,Stoke,Plymouth,3,0,2.0,0.0,H,H,1.8,3.5,4.75,1.93,1.93
E1,2024-04-20,15:00:00,Sunderland,Millwall,0,1,0.0,0.0,A,D,2.2,3.25,3.5,2.2,1.67
E1,2024-04-20,15:00:00,Watford,Hull,0,0,0.0,0.0,D,D,2.9,3.5,2.38,1.83,2.03
E1,2024-04-20,17:15:00,QPR,Preston,1,0,1.0,0.0,H,H,1.85,3.5,4.5,2.2,1.67
E1,2024-04-21,12:30:00,Blackburn,Sheffield Weds,1,3,1.0,1.0,A,D,2.05,3.6,3.5,1.95,1.9
E1,2024-04-22,20:00:00,Middlesbrough,Leeds,3,4,2.0,3.0,A,A,4.2,3.8,1.8,1.73,2.1
E1,2024-04-23,20:00:00,Leicester,Southampton,5,0,1.0,0.0,H,H,2.05,3.8,3.2,1.5,2.63
E1,2024-04-24,19:45:00,Coventry,Hull,2,3,1.0,2.0,A,A,2.25,3.6,3.0,1.67,2.2
E1,2024-04-26,20:00:00,QPR,Leeds,4,0,2.0,0.0,H,H,5.0,4.5,1.57,1.67,2.2
E1,2024-04-27,15:00:00,Blackburn,Coventry,0,0,0.0,0.0,D,D,2.15,3.6,3.2,1.67,2.2
E1,2024-04-27,15:00:00,Bristol City,Rotherham,2,0,1.0,0.0,H,H,1.36,4.75,9.5,1.83,2.03
E1,2024-04-27,15:00:00,Cardiff,Middlesbrough,1,4,0.0,1.0,A,A,3.6,3.6,2.0,1.93,1.93
E1,2024-04-27,15:00:00,Huddersfield,Birmingham,1,1,0.0,1.0,D,A,2.25,3.4,3.2,2.05,1.8
E1,2024-04-27,15:00:00,Millwall,Plymouth,1,0,0.0,0.0,H,D,2.2,3.4,3.4,2.03,1.83
E1,2024-04-27,15:00:00,Norwich,Swansea,2,2,2.0,1.0,D,H,1.67,4.0,5.0,1.67,2.2
E1,2024-04-27,15:00:00,Sheffield Weds,West Brom,3,0,1.0,0.0,H,H,3.0,3.3,2.45,2.1,1.73
E1,2024-04-27,15:00:00,Southampton,Stoke,0,1,0.0,1.0,A,A,1.75,4.33,4.0,1.53,2.5
E1,2024-04-27,15:00:00,Watford,Sunderland,1,0,0.0,0.0,H,D,2.38,3.2,3.25,2.1,1.73
E1,2024-04-27,20:00:00,Hull,Ipswich,3,3,1.0,2.0,D,A,3.2,3.6,2.15,1.73,2.1
E1,2024-04-29,20:00:00,Preston,Leicester,0,3,0.0,1.0,A,A,6.0,4.5,1.45,1.73,2.1
E1,2024-04-30,20:00:00,Coventry,Ipswich,1,2,0.0,1.0,A,A,4.33,4.2,1.7,1.53,2.5
E1,2024-05-04,12:30:00,Birmingham,Norwich,1,0,0.0,0.0,H,D,2.38,3.75,2.8,1.73,2.1
E1,2024-05-04,12:30:00,Coventry,QPR,1,2,0.0,2.0,A,A,2.2,3.4,3.3,1.73,2.1
E1,2024-05-04,12:30:00,Ipswich,Huddersfield,2,0,1.0,0.0,H,H,1.25,6.0,12.0,1.44,2.75
E1,2024-05-04,12:30:00,Leeds,Southampton,1,2,1.0,2.0,A,A,1.57,4.33,5.5,1.5,2.63
E1,2024-05-04,12:30:00,Leicester,Blackburn,0,2,0.0,0.0,A,D,1.7,3.75,5.25,1.53,2.5
E1,2024-05-04,12:30:00,Middlesbrough,Watford,3,1,1.0,0.0,H,H,1.7,4.0,4.75,1.62,2.3
E1,2024-05-04,12:30:00,Plymouth,Hull,1,0,1.0,0.0,H,H,3.5,3.75,2.0,1.62,2.3
E1,2024-05-04,12:30:00,Rotherham,Cardiff,5,2,2.0,1.0,H,H,3.4,3.4,2.2,2.1,1.73
E1,2024-05-04,12:30:00,Stoke,Bristol City,4,0,3.0,0.0,H,H,2.05,3.4,3.75,1.9,1.95
E1,2024-05-04,12:30:00,Sunderland,Sheffield Weds,0,2,0.0,2.0,A,A,2.7,3.4,2.55,2.0,1.8
E1,2024-05-04,12:30:00,Swansea,Millwall,0,1,0.0,0.0,A,D,2.05,3.5,3.6,1.93,1.93
E1,2024-05-04,12:30:00,West Brom,Preston,3,0,1.0,0.0,H,H,1.45,4.2,8.0,1.95,1.9
E2,2023-08-05,15:00:00,Barnsley,Port Vale,7,0,2.0,0.0,H,H,1.75,3.75,4.75,2.05,1.75
E2,2023-08-05,15:00:00,Blackpool,Burton,2,0,2.0,0.0,H,H,1.55,4.2,5.75,1.67,2.15
E2,2023-08-05,15:00:00,Bolton,Lincoln,3,0,1.0,0.0,H,H,1.75,3.6,5.0,2.2,1.65
E2,2023-08-05,15:00:00,Cambridge,Oxford,2,0,2.0,0.0,H,H,3.0,3.4,2.38,2.1,1.7
E2,2023-08-05,15:00:00,Carlisle,Fleetwood Town,1,1,1.0,1.0,D,D,2.2,3.4,3.25,2.08,1.73
E2,2023-08-05,15:00:00,Charlton,Leyton Orient,1,0,1.0,0.0,H,H,2.2,3.4,3.3,2.0,1.85
E2,2023-08-05,15:00:00,Derby,Wigan,1,2,0.0,1.0,A,A,1.67,3.8,5.5,1.95,1.9
E2,2023-08-05,15:00:00,Northampton,Stevenage,0,1,0.0,0.0,A,D,2.6,3.3,2.7,2.35,1.57
E2,2023-08-05,15:00:00,Portsmouth,Bristol Rvs,1,1,0.0,1.0,D,A,1.91,3.6,4.0,1.93,1.93
E2,2023-08-05,15:00:00,Reading,Peterboro,0,1,0.0,1.0,A,A,3.0,3.6,2.3,1.98,1.88
E2,2023-08-05,15:00:00,Shrewsbury,Cheltenham,1,0,0.0,0.0,H,D,2.3,3.4,3.1,2.15,1.67
E2,2023-08-05,15:00:00,Wycombe,Exeter,0,3,0.0,2.0,A,A,1.91,3.6,4.0,1.88,1.98
E2,2023-08-12,15:00:00,Bristol Rvs,Barnsley,1,1,0.0,1.0,D,A,3.3,3.4,2.2,1.95,1.9
E2,2023-08-12,15:00:00,Burton,Derby,0,3,0.0,1.0,A,A,4.33,3.6,1.85,1.93,1.93
E2,2023-08-12,15:00:00,Cheltenham,Bolton,0,3,0.0,3.0,A,A,4.0,3.4,1.95,2.05,1.75
E2,2023-08-12,15:00:00,Exeter,Blackpool,0,0,0.0,0.0,D,D,2.88,3.3,2.5,1.93,1.93
E2,2023-08-12,15:00:00,Fleetwood Town,Cambridge,0,2,0.0,1.0,A,A,2.2,3.3,3.4,2.08,1.73
E2,2023-08-12,15:00:00,Leyton Orient,Portsmouth,0,4,0.0,2.0,A,A,2.88,3.3,2.5,1.95,1.9
E2,2023-08-12,15:00:00,Lincoln,Wycombe,3,0,0.0,0.0,H,D,2.5,3.3,2.88,2.1,1.7
E2,2023-08-12,15:00:00,Oxford,Carlisle,1,0,0.0,0.0,H,D,1.8,3.6,4.5,1.9,1.95
E2,2023-08-12,15:00:00,Peterboro,Charlton,1,0,1.0,0.0,H,H,1.91,3.8,3.8,1.85,2.0
E2,2023-08-12,15:00:00,Port Vale,Reading,1,0,0.0,0.0,H,D,2.63,3.3,2.7,1.9,1.95
E2,2023-08-12,15:00:00,Stevenage,Shrewsbury,2,0,0.0,0.0,H,D,2.1,3.4,3.5,2.05,1.8
E2,2023-08-12,15:00:00,Wigan,Northampton,2,1,0.0,1.0,H,A,2.0,3.5,3.75,1.75,2.05
E2,2023-08-15,19:45:00,Barnsley,Peterboro,1,3,0.0,0.0,A,D,2.25,3.3,3.25,1.93,1.93
E2,2023-08-15,19:45:00,Blackpool,Port Vale,0,0,0.0,0.0,D,D,1.83,3.5,4.75,1.98,1.88
E2,2023-08-15,19:45:00,Bolton,Fleetwood Town,3,1,3.0,0.0,H,H,1.6,4.0,5.75,1.85,2.0
E2,2023-08-15,19:45:00,Cambridge,Stevenage,1,2,0.0,1.0,A,A,2.63,3.3,2.7,2.05,1.8
E2,2023-08-15,19:45:00,Carlisle,Wigan,1,1,0.0,1.0,D,A,2.75,3.2,2.7,2.08,1.73
E2,2023-08-15,19:45:00,Charlton,Bristol Rvs,1,2,0.0,0.0,A,D,2.25,3.4,3.2,1.75,2.05
E2,2023-08-15,19:45:00,Derby,Oxford,1,2,0.0,1.0,A,A,1.91,3.6,4.0,2.05,1.75
E2,2023-08-15,19:45:00,Northampton,Lincoln,2,2,0.0,1.0,D,A,2.75,3.2,2.6,2.15,1.67
E2,2023-08-15,19:45:00,Shrewsbury,Burton,2,1,2.0,0.0,H,H,2.3,3.25,3.2,1.98,1.88
E2,2023-08-15,19:45:00,Wycombe,Leyton Orient,3,2,1.0,1.0,H,D,2.1,3.4,3.5,2.05,1.8
E2,2023-08-15,20:00:00,Portsmouth,Exeter,1,0,0.0,0.0,H,D,1.91,3.6,4.0,1.9,1.95
E2,2023-08-15,20:00:00,Reading,Cheltenham,1,0,1.0,0.0,H,H,1.75,3.5,5.0,2.0,1.85
E2,2023-08-19,12:30:00,Bolton,Wigan,0,4,0.0,3.0,A,A,1.75,3.8,4.5,1.93,1.93
E2,2023-08-19,15:00:00,Barnsley,Oxford,1,3,0.0,1.0,A,A,2.1,3.4,3.5,1.98,1.88
E2,2023-08-19,15:00:00,Blackpool,Leyton Orient,0,0,0.0,0.0,D,D,1.62,4.2,5.0,1.75,2.05
E2,2023-08-19,15:00:00,Cambridge,Bristol Rvs,2,0,0.0,0.0,H,D,2.8,3.4,2.5,2.0,1.85
E2,2023-08-19,15:00:00,Carlisle,Exeter,0,2,0.0,0.0,A,D,2.63,3.3,2.7,2.08,1.73
E2,2023-08-19,15:00:00,Charlton,Port Vale,2,3,1.0,0.0,A,H,1.95,3.6,3.8,1.93,1.93
E2,2023-08-19,15:00:00,Derby,Fleetwood Town,1,0,1.0,0.0,H,H,1.55,4.33,5.75,1.85,2.0
E2,2023-08-19,15:00:00,Northampton,Peterboro,1,0,0.0,0.0,H,D,3.6,3.3,2.1,1.88,1.98
E2,2023-08-19,15:00:00,Portsmouth,Cheltenham,0,0,0.0,0.0,D,D,1.5,4.0,7.5,1.85,2.0
E2,2023-08-19,15:00:00,Reading,Stevenage,2,0,1.0,0.0,H,H,2.55,3.25,2.8,2.1,1.7
E2,2023-08-19,15:00:00,Shrewsbury,Lincoln,0,1,0.0,0.0,A,D,2.6,3.2,2.8,2.25,1.62
E2,2023-08-19,15:00:00,Wycombe,Burton,0,0,0.0,0.0,D,D,1.91,3.5,4.2,1.88,1.98
E2,2023-08-26,15:00:00,Bristol Rvs,Wycombe,1,2,0.0,1.0,A,A,2.1,3.4,3.5,1.85,2.0
E2,2023-08-26,15:00:00,Burton,Bolton,1,1,0.0,0.0,D,D,4.0,3.5,1.95,1.88,1.98
E2,2023-08-26,15:00:00,Cheltenham,Northampton,0,1,0.0,0.0,A,D,2.5,3.4,2.8,2.05,1.8
E2,2023-08-26,15:00:00,Exeter,Reading,2,1,1.0,1.0,H,D,2.0,3.5,3.8,2.0,1.85
E2,2023-08-26,15:00:00,Fleetwood Town,Shrewsbury,0,1,0.0,1.0,A,A,2.05,3.3,3.8,2.1,1.7
E2,2023-08-26,15:00:00,Leyton Orient,Cambridge,2,0,1.0,0.0,H,H,2.38,3.4,2.9,2.0,1.85
E2,2023-08-26,15:00:00,Lincoln,Blackpool,3,0,2.0,0.0,H,H,2.63,3.3,2.7,2.2,1.65
E2,2023-08-26,15:00:00,Oxford,Charlton,2,1,1.0,0.0,H,H,1.91,3.6,4.0,1.83,2.03
E2,2023-08-26,15:00:00,Peterboro,Derby,2,4,1.0,4.0,A,A,2.5,3.4,2.8,1.93,1.93
E2,2023-08-26,15:00:00,Port Vale,Carlisle,1,0,0.0,0.0,H,D,1.85,3.75,4.2,1.98,1.88
E2,2023-08-26,15:00:00,Stevenage,Portsmouth,0,0,0.0,0.0,D,D,2.7,3.3,2.7,2.08,1.73
E2,2023-08-26,15:00:00,Wigan,Barnsley,0,2,0.0,1.0,A,A,2.3,3.4,3.1,1.83,2.03
E2,2023-09-02,15:00:00,Blackpool,Wigan,2,1,1.0,0.0,H,H,2.15,3.5,3.3,2.0,1.85
E2,2023-09-02,15:00:00,Bolton,Derby,2,1,1.0,1.0,H,D,2.2,3.4,3.3,2.0,1.85
E2,2023-09-02,15:00:00,Bristol Rvs,Lincoln,1,1,0.0,0.0,D,D,2.5,3.25,2.88,1.93,1.93
E2,2023-09-02,15:00:00,Burton,Exeter,0,1,0.0,0.0,A,D,2.8,3.4,2.5,1.95,1.9
E2,2023-09-02,15:00:00,Carlisle,Shrewsbury,2,0,0.0,0.0,H,D,2.38,3.3,3.1,2.1,1.78
E2,2023-09-02,15:00:00,Charlton,Fleetwood Town,2,1,1.0,1.0,H,D,2.15,3.4,3.4,1.83,2.03
E2,2023-09-02,15:00:00,Cheltenham,Barnsley,0,2,0.0,0.0,A,D,4.0,3.75,1.85,1.93,1.93
E2,2023-09-02,15:00:00,Leyton Orient,Stevenage,0,3,0.0,2.0,A,A,2.88,3.25,2.55,2.05,1.75
E2,2023-09-02,15:00:00,Northampton,Wycombe,0,1,0.0,1.0,A,A,2.3,3.4,3.1,1.93,1.93
E2,2023-09-02,15:00:00,Oxford,Port Vale,1,2,0.0,0.0,A,D,1.75,3.75,4.75,1.93,1.93
E2,2023-09-02,15:00:00,Portsmouth,Peterboro,3,1,2.0,1.0,H,H,2.2,3.5,3.2,1.88,1.98
E2,2023-09-04,20:00:00,Cambridge,Reading,1,0,0.0,0.0,H,D,2.4,3.4,2.9,2.1,1.7
E2,2023-09-09,15:00:00,Exeter,Leyton Orient,1,2,0.0,0.0,A,D,1.75,3.8,4.5,1.98,1.88
E2,2023-09-09,15:00:00,Stevenage,Carlisle,2,2,1.0,1.0,D,D,1.8,3.5,4.75,2.05,1.8
E2,2023-09-16,15:00:00,Barnsley,Burton,2,0,1.0,0.0,H,H,1.6,4.0,5.75,1.75,2.05
E2,2023-09-16,15:00:00,Derby,Portsmouth,1,1,0.0,0.0,D,D,2.2,3.4,3.3,1.95,1.9
E2,2023-09-16,15:00:00,Exeter,Cheltenham,1,0,0.0,0.0,H,D,1.67,3.75,5.25,1.93,1.93
E2,2023-09-16,15:00:00,Fleetwood Town,Oxford,0,3,0.0,2.0,A,A,3.25,3.4,2.2,1.9,1.95
E2,2023-09-16,15:00:00,Lincoln,Carlisle,1,1,0.0,1.0,D,A,1.91,3.3,4.33,2.1,1.7
E2,2023-09-16,15:00:00,Peterboro,Leyton Orient,1,1,1.0,1.0,D,D,1.85,3.75,4.0,1.73,2.08
E2,2023-09-16,15:00:00,Port Vale,Northampton,1,0,0.0,0.0,H,D,1.91,3.5,4.0,1.95,1.9
E2,2023-09-16,15:00:00,Reading,Bolton,2,1,0.0,1.0,H,A,3.6,3.5,2.05,1.83,2.03
E2,2023-09-16,15:00:00,Shrewsbury,Bristol Rvs,0,2,0.0,0.0,A,D,2.9,3.3,2.4,2.05,1.75
E2,2023-09-16,15:00:00,Stevenage,Charlton,1,1,1.0,0.0,D,H,1.95,3.6,3.75,1.98,1.88
E2,2023-09-16,15:00:00,Wigan,Cambridge,2,1,0.0,0.0,H,D,2.25,3.25,3.3,1.88,1.98
E2,2023-09-16,15:00:00,Wycombe,Blackpool,2,0,1.0,0.0,H,H,2.6,3.5,2.6,2.0,1.8
E2,2023-09-19,19:45:00,Barnsley,Portsmouth,2,3,0.0,3.0,A,A,2.4,3.4,2.8,1.88,1.98
E2,2023-09-19,19:45:00,Peterboro,Cheltenham,3,0,0.0,0.0,H,D,1.45,4.5,7.0,1.67,2.15
E2,2023-09-19,19:45:00,Port Vale,Burton,2,3,1.0,1.0,A,D,1.91,3.5,4.0,2.08,1.73
E2,2023-09-23,15:00:00,Blackpool,Reading,4,1,3.0,0.0,H,H,1.85,3.6,4.2,1.98,1.88
E2,2023-09-23,15:00:00,Bolton,Peterboro,1,1,1.0,1.0,D,D,2.05,3.5,3.6,1.88,1.98
E2,2023-09-23,15:00:00,Bristol Rvs,Wigan,4,1,2.0,1.0,H,H,2.25,3.4,3.2,1.9,1.95
E2,2023-09-23,15:00:00,Burton,Fleetwood Town,1,1,1.0,1.0,D,D,2.7,3.2,2.75,1.93,1.93
E2,2023-09-23,15:00:00,Cambridge,Port Vale,1,1,0.0,1.0,D,A,2.3,3.4,3.2,2.03,1.83
E2,2023-09-23,15:00:00,Carlisle,Derby,0,2,0.0,1.0,A,A,3.4,3.6,2.1,1.93,1.93
E2,2023-09-23,15:00:00,Charlton,Wycombe,3,1,1.0,0.0,H,H,2.2,3.4,3.25,1.75,2.05
E2,2023-09-23,15:00:00,Cheltenham,Stevenage,0,3,0.0,1.0,A,A,4.0,3.4,1.95,2.1,1.7
E2,2023-09-23,15:00:00,Leyton Orient,Shrewsbury,1,0,1.0,0.0,H,H,1.91,3.5,4.2,2.1,1.7
E2,2023-09-23,15:00:00,Northampton,Barnsley,1,2,0.0,1.0,A,A,3.2,3.5,2.2,1.75,2.05
E2,2023-09-23,15:00:00,Oxford,Exeter,3,0,1.0,0.0,H,H,1.83,3.8,4.0,1.85,2.0
E2,2023-09-23,15:00:00,Portsmouth,Lincoln,2,1,2.0,1.0,H,H,1.7,3.8,5.0,2.0,1.85
E2,2023-09-30,15:00:00,Barnsley,Blackpool,0,1,0.0,1.0,A,A,2.15,3.8,3.1,2.0,1.85
E2,2023-09-30,15:00:00,Derby,Cambridge,0,0,0.0,0.0,D,D,1.57,4.2,5.5,1.88,1.98
E2,2023-09-30,15:00:00,Exeter,Northampton,0,2,0.0,1.0,A,A,2.1,3.75,3.3,2.15,1.67
E2,2023-09-30,15:00:00,Fleetwood Town,Leyton Orient,1,0,0.0,0.0,H,D,2.3,3.6,2.8,2.03,1.83
E2,2023-09-30,15:00:00,Lincoln,Cheltenham,2,0,2.0,0.0,H,H,1.62,4.2,5.0,2.0,1.85
E2,2023-09-30,15:00:00,Peterboro,Bristol Rvs,2,0,1.0,0.0,H,H,1.85,3.75,4.0,1.98,1.88
E2,2023-09-30,15:00:00,Port Vale,Bolton,0,1,0.0,1.0,A,A,3.0,3.6,2.25,1.98,1.88
E2,2023-09-30,15:00:00,Reading,Burton,0,0,0.0,0.0,D,D,1.91,3.8,3.75,2.0,1.85
E2,2023-09-30,15:00:00,Shrewsbury,Charlton,0,0,0.0,0.0,D,D,2.88,3.5,2.38,2.0,1.85
E2,2023-09-30,15:00:00,Stevenage,Oxford,1,3,1.0,1.0,A,D,2.38,3.6,2.88,2.08,1.73
E2,2023-09-30,15:00:00,Wigan,Portsmouth,1,2,1.0,2.0,A,A,3.0,3.7,2.25,1.98,1.88
E2,2023-09-30,15:00:00,Wycombe,Carlisle,2,0,1.0,0.0,H,H,1.85,3.8,4.0,2.08,1.73
E2,2023-10-03,19:45:00,Blackpool,Derby,1,3,0.0,0.0,A,D,2.3,3.25,3.2,2.05,1.8
E2,2023-10-03,19:45:00,Bolton,Stevenage,3,2,1.0,1.0,H,D,2.05,3.4,3.6,2.03,1.83
E2,2023-10-03,19:45:00,Bristol Rvs,Port Vale,3,0,2.0,0.0,H,H,2.0,3.4,3.8,1.93,1.93
E2,2023-10-03,19:45:00,Burton,Wigan,2,1,0.0,1.0,H,A,2.7,3.25,2.7,1.98,1.88
E2,2023-10-03,19:45:00,Cambridge,Barnsley,0,4,0.0,2.0,A,A,2.9,3.5,2.38,2.0,1.85
E2,2023-10-03,19:45:00,Carlisle,Peterboro,1,1,0.0,0.0,D,D,3.6,3.6,1.95,1.85,2.0
E2,2023-10-03,19:45:00,Charlton,Exeter,4,1,1.0,1.0,H,D,2.05,3.6,3.6,1.73,2.08
E2,2023-10-03,19:45:00,Cheltenham,Fleetwood Town,0,2,0.0,1.0,A,A,3.1,3.5,2.25,2.03,1.83
E2,2023-10-03,19:45:00,Northampton,Reading,3,1,2.0,0.0,H,H,2.38,3.6,2.9,2.0,1.85
E2,2023-10-03,19:45:00,Oxford,Shrewsbury,3,0,1.0,0.0,H,H,1.57,3.8,6.5,1.93,1.93
E2,2023-10-03,19:45:00,Portsmouth,Wycombe,2,1,0.0,1.0,H,A,1.7,3.75,5.0,1.85,2.0
E2,2023-10-07,12:30:00,Oxford,Bristol Rvs,2,1,1.0,0.0,H,H,1.83,3.8,4.0,1.75,2.05
E2,2023-10-07,15:00:00,Bolton,Carlisle,1,3,1.0,1.0,A,D,1.5,4.2,7.0,1.85,2.0
E2,2023-10-07,15:00:00,Charlton,Blackpool,2,2,0.0,1.0,D,A,2.38,3.5,2.88,1.9,1.95
E2,2023-10-07,15:00:00,Cheltenham,Derby,1,1,1.0,1.0,D,D,7.0,4.0,1.5,1.88,1.98
E2,2023-10-07,15:00:00,Exeter,Barnsley,0,1,0.0,0.0,A,D,2.55,3.5,2.63,1.93,1.93
E2,2023-10-07,15:00:00,Fleetwood Town,Wycombe,1,4,0.0,3.0,A,A,2.5,3.4,2.75,1.98,1.88
E2,2023-10-07,15:00:00,Leyton Orient,Reading,2,1,1.0,1.0,H,D,2.2,3.6,3.1,2.0,1.85
E2,2023-10-07,15:00:00,Peterboro,Lincoln,2,0,0.0,0.0,H,D,1.7,4.0,4.75,1.88,1.98
E2,2023-10-07,15:00:00,Portsmouth,Port Vale,2,0,0.0,0.0,H,D,1.67,4.0,5.0,1.85,2.0
E2,2023-10-07,15:00:00,Shrewsbury,Northampton,1,0,0.0,0.0,H,D,2.8,3.3,2.5,2.15,1.67
E2,2023-10-07,15:00:00,Stevenage,Wigan,1,0,1.0,0.0,H,H,1.75,3.6,4.75,1.85,2.0
E2,2023-10-09,20:00:00,Burton,Cambridge,2,1,2.0,0.0,H,H,2.38,3.4,3.0,2.08,1.73
E2,2023-10-14,15:00:00,Blackpool,Stevenage,3,0,1.0,0.0,H,H,2.38,3.3,3.0,2.08,1.73
E2,2023-10-14,15:00:00,Cambridge,Shrewsbury,1,1,0.0,0.0,D,D,2.05,3.4,3.75,2.1,1.7
E2,2023-10-14,15:00:00,Carlisle,Leyton Orient,0,1,0.0,1.0,A,A,2.55,3.25,2.8,2.08,1.73
E2,2023-10-14,15:00:00,Lincoln,Burton,0,1,0.0,0.0,A,D,1.95,3.4,4.0,2.1,1.7
E2,2023-10-21,15:00:00,Bolton,Northampton,2,1,2.0,0.0,H,H,1.85,3.75,3.75,1.88,1.98
E2,2023-10-21,15:00:00,Burton,Bristol Rvs,4,1,2.0,1.0,H,H,2.6,3.6,2.5,1.85,2.0
E2,2023-10-21,15:00:00,Charlton,Reading,4,0,0.0,0.0,H,D,1.73,4.0,4.5,1.7,2.1
E2,2023-10-21,15:00:00,Cheltenham,Cambridge,1,0,1.0,0.0,H,H,3.0,3.25,2.38,2.15,1.67
E2,2023-10-21,15:00:00,Exeter,Wigan,0,2,0.0,1.0,A,A,2.1,3.5,3.3,1.88,1.98
E2,2023-10-21,15:00:00,Fleetwood Town,Lincoln,0,1,0.0,1.0,A,A,2.15,3.4,3.25,2.05,1.8
E2,2023-10-21,15:00:00,Leyton Orient,Barnsley,1,1,1.0,0.0,D,H,2.8,3.25,2.5,1.93,1.93
E2,2023-10-21,15:00:00,Oxford,Blackpool,1,1,1.0,0.0,D,H,1.91,3.5,4.2,1.9,1.95
E2,2023-10-21,15:00:00,Peterboro,Wycombe,2,2,2.0,1.0,D,H,1.73,4.0,4.5,1.73,2.08
E2,2023-10-21,15:00:00,Portsmouth,Carlisle,1,0,0.0,0.0,H,D,1.53,4.2,6.0,1.85,2.0
E2,2023-10-21,15:00:00,Shrewsbury,Derby,1,0,0.0,0.0,H,D,4.33,3.4,1.85,2.05,1.8
E2,2023-10-21,15:00:00,Stevenage,Port Vale,0,0,0.0,0.0,D,D,1.83,3.5,4.5,2.05,1.8
E2,2023-10-24,19:45:00,Barnsley,Shrewsbury,3,0,2.0,0.0,H,H,1.62,3.75,5.75,1.95,1.9
E2,2023-10-24,19:45:00,Blackpool,Cheltenham,3,2,3.0,1.0,H,H,1.33,4.75,10.0,1.83,2.03
E2,2023-10-24,19:45:00,Bristol Rvs,Stevenage,1,1,0.0,1.0,D,A,2.45,3.5,2.8,1.93,1.93
E2,2023-10-24,19:45:00,Cambridge,Portsmouth,0,0,0.0,0.0,D,D,4.75,3.75,1.75,2.0,1.85
E2,2023-10-24,19:45:00,Carlisle,Burton,2,1,0.0,1.0,H,A,2.5,3.2,2.9,2.05,1.75
E2,2023-10-24,19:45:00,Derby,Exeter,2,0,1.0,0.0,H,H,1.57,4.0,5.75,1.85,2.0
E2,2023-10-24,19:45:00,Lincoln,Charlton,3,1,1.0,1.0,H,D,2.9,3.5,2.38,2.0,1.85
E2,2023-10-24,19:45:00,Northampton,Leyton Orient,2,2,0.0,1.0,D,A,2.55,3.3,2.75,2.15,1.67
E2,2023-10-24,19:45:00,Port Vale,Peterboro,0,1,0.0,1.0,A,A,3.2,3.6,2.15,1.85,2.0
E2,2023-10-24,19:45:00,Wigan,Oxford,2,0,1.0,0.0,H,H,3.25,3.6,2.15,1.73,2.08
E2,2023-10-24,19:45:00,Wycombe,Bolton,2,4,0.0,2.0,A,A,2.7,3.5,2.55,1.9,1.95
E2,2023-10-24,20:00:00,Reading,Fleetwood Town,1,2,0.0,1.0,A,A,2.2,3.4,3.25,1.93,1.93
E2,2023-10-28,15:00:00,Barnsley,Fleetwood Town,2,2,1.0,2.0,D,A,1.8,4.0,4.2,1.83,2.03
E2,2023-10-28,15:00:00,Blackpool,Peterboro,2,4,0.0,1.0,A,A,2.25,3.4,3.2,1.93,1.93
E2,2023-10-28,15:00:00,Bristol Rvs,Northampton,2,1,2.0,0.0,H,H,2.2,3.4,3.3,1.85,2.0
E2,2023-10-28,15:00:00,Burton,Leyton Orient,0,0,0.0,0.0,D,D,2.7,3.2,2.7,2.05,1.8
E2,2023-10-28,15:00:00,Cambridge,Carlisle,1,0,0.0,0.0,H,D,2.38,3.25,3.1,2.1,1.7
E2,2023-10-28,15:00:00,Charlton,Bolton,0,2,0.0,2.0,A,A,2.45,3.5,2.88,1.65,2.2
E2,2023-10-28,15:00:00,Exeter,Lincoln,1,1,0.0,1.0,D,A,2.3,3.3,3.1,2.1,1.7
E2,2023-10-28,15:00:00,Oxford,Wycombe,2,2,1.0,0.0,D,H,1.91,3.4,4.2,1.85,2.0
E2,2023-10-28,15:00:00,Port Vale,Cheltenham,1,2,1.0,1.0,A,D,1.67,3.75,5.5,1.95,1.9
E2,2023-10-28,15:00:00,Reading,Portsmouth,2,3,2.0,2.0,A,D,3.4,3.5,2.1,1.85,2.0
E2,2023-10-28,15:00:00,Stevenage,Derby,3,1,2.0,1.0,H,H,2.5,3.3,2.8,2.08,1.73
E2,2023-10-28,15:00:00,Wigan,Shrewsbury,2,0,1.0,0.0,H,H,2.05,3.4,3.6,2.03,1.83
E2,2023-10-31,19:45:00,Derby,Northampton,4,0,3.0,0.0,H,H,1.55,3.8,6.5,1.85,2.0
E2,2023-10-31,19:45:00,Lincoln,Oxford,0,2,0.0,1.0,A,A,3.6,3.4,2.1,2.1,1.7
E2,2023-10-31,19:45:00,Wigan,Charlton,2,3,0.0,3.0,A,A,2.25,3.5,3.1,1.7,2.1
E2,2023-10-31,19:45:00,Wycombe,Cambridge,0,0,0.0,0.0,D,D,1.7,3.75,5.25,1.88,1.98
E2,2023-11-01,19:45:00,Fleetwood Town,Blackpool,3,3,2.0,0.0,D,H,3.0,3.3,2.38,1.93,1.93
E2,2023-11-07,19:45:00,Shrewsbury,Bolton,0,2,0.0,0.0,A,D,4.0,3.6,1.91,2.05,1.8
E2,2023-11-07,19:45:00,Wigan,Peterboro,2,1,1.0,0.0,H,H,3.2,3.6,2.15,1.75,2.05
E2,2023-11-07,20:00:00,Reading,Bristol Rvs,1,1,1.0,0.0,D,H,2.63,3.4,2.7,1.73,2.08
E2,2023-11-11,12:00:00,Peterboro,Cambridge,5,0,3.0,0.0,H,H,1.6,4.33,5.0,1.7,2.1
E2,2023-11-11,15:00:00,Bolton,Blackpool,1,0,0.0,0.0,H,D,2.15,3.5,3.3,1.73,2.08
E2,2023-11-11,15:00:00,Carlisle,Bristol Rvs,0,1,0.0,1.0,A,A,3.0,3.5,2.38,1.98,1.88
E2,2023-11-11,15:00:00,Cheltenham,Wigan,1,1,1.0,1.0,D,D,3.25,3.5,2.15,2.0,1.85
E2,2023-11-11,15:00:00,Derby,Barnsley,3,0,1.0,0.0,H,H,1.8,3.6,4.5,1.8,2.05
E2,2023-11-11,15:00:00,Fleetwood Town,Exeter,3,0,3.0,0.0,H,H,2.2,3.5,3.2,1.85,2.0
E2,2023-11-11,15:00:00,Leyton Orient,Oxford,2,3,0.0,2.0,A,A,2.7,3.4,2.55,1.95,1.9
E2,2023-11-11,15:00:00,Lincoln,Port Vale,1,1,0.0,1.0,D,A,2.38,3.25,3.1,2.1,1.7
E2,2023-11-11,15:00:00,Northampton,Burton,2,0,0.0,0.0,H,D,2.15,3.4,3.4,2.08,1.73
E2,2023-11-11,15:00:00,Portsmouth,Charlton,2,2,1.0,0.0,D,H,1.73,4.0,4.5,1.67,2.15
E2,2023-11-11,15:00:00,Shrewsbury,Reading,3,2,1.0,2.0,H,A,2.35,3.4,3.0,2.05,1.75
E2,2023-11-11,15:00:00,Wycombe,Stevenage,0,1,0.0,1.0,A,A,2.55,3.4,2.7,2.03,1.83
E2,2023-11-18,15:00:00,Blackpool,Shrewsbury,4,0,2.0,0.0,H,H,1.57,4.0,6.0,2.0,1.85
E2,2023-11-18,15:00:00,Stevenage,Lincoln,1,0,0.0,0.0,H,D,1.8,3.4,5.0,2.15,1.67
E2,2023-11-21,19:45:00,Leyton Orient,Lincoln,0,1,0.0,0.0,A,D,1.91,3.4,4.2,2.1,1.7
E2,2023-11-25,15:00:00,Bolton,Exeter,7,0,2.0,0.0,H,H,1.44,4.75,6.5,1.65,2.2
E2,2023-11-25,15:00:00,Carlisle,Charlton,1,1,0.0,0.0,D,D,3.1,3.4,2.25,1.88,1.98
E2,2023-11-25,15:00:00,Cheltenham,Oxford,2,0,1.0,0.0,H,H,4.5,3.9,1.73,1.88,1.98
E2,2023-11-25,15:00:00,Derby,Bristol Rvs,2,1,0.0,0.0,H,D,1.6,4.0,5.25,1.75,2.05
E2,2023-11-25,15:00:00,Fleetwood Town,Stevenage,0,3,0.0,1.0,A,A,3.0,3.4,2.3,1.98,1.88
E2,2023-11-25,15:00:00,Leyton Orient,Wigan,1,1,1.0,1.0,D,D,1.85,3.6,4.0,1.9,1.95
E2,2023-11-25,15:00:00,Lincoln,Barnsley,2,2,1.0,0.0,D,H,3.0,3.4,2.3,1.88,1.98
E2,2023-11-25,15:00:00,Northampton,Cambridge,2,1,0.0,0.0,H,D,2.0,3.4,3.8,2.1,1.7
E2,2023-11-25,15:00:00,Peterboro,Burton,4,0,2.0,0.0,H,H,1.5,4.33,6.0,1.75,2.05
E2,2023-11-25,15:00:00,Portsmouth,Blackpool,0,4,0.0,1.0,A,A,2.0,3.6,3.6,1.9,1.95
E2,2023-11-25,15:00:00,Shrewsbury,Port Vale,2,1,1.0,0.0,H,H,2.45,3.3,2.9,2.1,1.7
E2,2023-11-25,15:00:00,Wycombe,Reading,1,2,1.0,2.0,A,A,1.83,3.6,4.2,1.83,2.03
E2,2023-11-28,19:45:00,Barnsley,Wycombe,1,0,0.0,0.0,H,D,1.95,3.6,4.0,1.73,2.08
E2,2023-11-28,19:45:00,Blackpool,Northampton,1,2,0.0,1.0,A,A,1.5,4.2,6.5,1.88,1.98
E2,2023-11-28,19:45:00,Bristol Rvs,Leyton Orient,1,1,1.0,0.0,D,H,2.2,3.4,3.2,1.93,1.93
E2,2023-11-28,19:45:00,Burton,Portsmouth,0,2,0.0,1.0,A,A,4.5,3.6,1.83,1.93,1.93
E2,2023-11-28,19:45:00,Cambridge,Lincoln,0,3,0.0,2.0,A,A,2.55,3.2,2.88,2.4,1.53
E2,2023-11-28,19:45:00,Charlton,Cheltenham,2,1,1.0,1.0,H,D,1.53,4.2,6.0,1.7,2.1
E2,2023-11-28,19:45:00,Exeter,Shrewsbury,0,0,0.0,0.0,D,D,2.1,3.4,3.5,2.15,1.67
E2,2023-11-28,19:45:00,Oxford,Bolton,0,0,0.0,0.0,D,D,2.63,3.5,2.6,1.85,2.0
E2,2023-11-28,19:45:00,Port Vale,Derby,0,1,0.0,0.0,A,D,3.75,3.6,1.95,2.0,1.85
E2,2023-11-28,19:45:00,Stevenage,Peterboro,2,2,2.0,0.0,D,H,2.6,3.4,2.63,1.93,1.93
E2,2023-11-28,19:45:00,Wigan,Fleetwood Town,3,0,2.0,0.0,H,H,2.25,3.6,3.0,1.85,2.0
E2,2023-11-28,20:00:00,Reading,Carlisle,5,1,3.0,1.0,H,H,1.91,3.6,4.0,1.95,1.9
E2,2023-12-02,15:00:00,Northampton,Portsmouth,0,3,0.0,2.0,A,A,3.4,3.6,2.1,2.05,1.75
E2,2023-12-09,15:00:00,Blackpool,Carlisle,3,0,1.0,0.0,H,H,1.5,4.2,7.0,1.88,1.98
E2,2023-12-09,15:00:00,Bristol Rvs,Cheltenham,1,1,0.0,1.0,D,A,1.6,3.8,5.75,1.85,2.0
E2,2023-12-09,15:00:00,Burton,Stevenage,1,2,1.0,1.0,A,D,3.1,3.4,2.25,2.03,1.83
E2,2023-12-09,15:00:00,Charlton,Cambridge,2,2,0.0,0.0,D,D,1.62,3.75,5.5,1.83,2.03
E2,2023-12-09,15:00:00,Exeter,Port Vale,0,1,0.0,1.0,A,A,2.3,3.6,2.9,2.05,1.75
E2,2023-12-09,15:00:00,Leyton Orient,Derby,0,3,0.0,1.0,A,A,3.6,3.5,2.05,2.1,1.7
E2,2023-12-09,15:00:00,Northampton,Fleetwood Town,3,0,2.0,0.0,H,H,2.25,3.4,3.2,2.05,1.75
E2,2023-12-09,15:00:00,Peterboro,Oxford,3,0,2.0,0.0,H,H,1.91,3.6,4.0,1.93,1.93
E2,2023-12-09,15:00:00,Reading,Barnsley,1,3,1.0,1.0,A,D,2.8,3.4,2.5,1.75,2.05
E2,2023-12-09,15:00:00,Wigan,Lincoln,0,0,0.0,0.0,D,D,2.25,3.5,3.2,2.03,1.83
E2,2023-12-09,15:00:00,Wycombe,Shrewsbury,0,1,0.0,1.0,A,A,1.95,3.5,4.0,2.1,1.7
E2,2023-12-11,20:00:00,Portsmouth,Bolton,2,0,1.0,0.0,H,H,2.3,3.5,3.0,2.03,1.83
E2,2023-12-12,20:00:00,Reading,Oxford,1,1,1.0,1.0,D,D,2.88,3.5,2.45,1.93,1.93
E2,2023-12-16,15:00:00,Barnsley,Charlton,1,1,1.0,0.0,D,H,1.91,3.6,4.0,1.67,2.15
E2,2023-12-16,15:00:00,Bolton,Bristol Rvs,1,2,0.0,2.0,A,A,1.67,4.0,5.0,1.8,2.0
E2,2023-12-16,15:00:00,Cambridge,Blackpool,2,1,2.0,1.0,H,H,4.2,3.6,1.85,2.05,1.8
E2,2023-12-16,15:00:00,Carlisle,Northampton,2,2,0.0,1.0,D,A,2.75,3.25,2.63,2.15,1.67
E2,2023-12-16,15:00:00,Cheltenham,Leyton Orient,1,2,0.0,0.0,A,D,2.88,3.2,2.55,2.15,1.67
E2,2023-12-16,15:00:00,Derby,Wycombe,1,1,0.0,0.0,D,D,1.5,4.2,7.0,1.9,1.95
E2,2023-12-16,15:00:00,Fleetwood Town,Peterboro,0,1,0.0,1.0,A,A,4.33,4.0,1.73,1.67,2.15
E2,2023-12-16,15:00:00,Lincoln,Reading,1,1,1.0,0.0,D,H,2.2,3.3,3.4,2.08,1.73
E2,2023-12-16,15:00:00,Oxford,Burton,3,0,1.0,0.0,H,H,1.6,3.8,6.0,1.98,1.88
E2,2023-12-16,15:00:00,Port Vale,Wigan,3,2,2.0,0.0,H,H,2.25,3.3,3.3,2.0,1.85
E2,2023-12-16,15:00:00,Shrewsbury,Portsmouth,0,3,0.0,1.0,A,A,5.0,3.3,1.8,2.08,1.73
E2,2023-12-16,15:00:00,Stevenage,Exeter,1,1,1.0,0.0,D,H,1.6,3.8,6.0,2.0,1.85
E2,2023-12-21,19:45:00,Derby,Lincoln,3,1,1.0,1.0,H,D,1.5,4.33,6.0,2.03,1.83
E2,2023-12-22,19:45:00,Cambridge,Exeter,2,0,1.0,0.0,H,H,2.05,3.2,4.0,2.3,1.6
E2,2023-12-23,15:00:00,Barnsley,Stevenage,2,1,1.0,1.0,H,D,2.2,3.4,3.3,2.05,1.75
E2,2023-12-23,15:00:00,Blackpool,Bristol Rvs,3,1,1.0,1.0,H,D,1.73,4.0,4.5,1.75,2.05
E2,2023-12-23,15:00:00,Bolton,Leyton Orient,3,2,3.0,0.0,H,H,1.62,4.0,5.5,1.9,1.95
E2,2023-12-23,15:00:00,Carlisle,Cheltenham,0,1,0.0,1.0,A,A,2.15,3.2,3.6,2.15,1.67
E2,2023-12-23,15:00:00,Charlton,Burton,1,1,1.0,0.0,D,H,1.57,4.0,6.0,1.73,2.08
E2,2023-12-23,15:00:00,Northampton,Oxford,2,1,0.0,0.0,H,D,3.0,3.6,2.25,2.05,1.75
E2,2023-12-23,15:00:00,Portsmouth,Fleetwood Town,1,1,1.0,0.0,D,H,1.4,4.5,8.5,1.67,2.15
E2,2023-12-23,15:00:00,Reading,Wigan,2,0,1.0,0.0,H,H,2.1,3.4,3.6,1.93,1.93
E2,2023-12-23,15:00:00,Shrewsbury,Peterboro,1,2,0.0,0.0,A,D,5.25,4.2,1.6,1.9,1.95
E2,2023-12-23,15:00:00,Wycombe,Port Vale,1,1,0.0,0.0,D,D,2.3,3.4,3.1,2.05,1.75
E2,2023-12-26,13:00:00,Leyton Orient,Charlton,1,0,0.0,0.0,H,D,2.55,3.5,2.7,1.83,2.03
E2,2023-12-26,15:00:00,Bristol Rvs,Portsmouth,2,1,0.0,0.0,H,D,3.25,3.5,2.15,1.98,1.88
E2,2023-12-26,15:00:00,Burton,Blackpool,1,0,1.0,0.0,H,H,4.0,4.0,1.8,1.93,1.93
E2,2023-12-26,15:00:00,Cheltenham,Shrewsbury,2,0,1.0,0.0,H,H,2.2,3.5,3.25,2.3,1.6
E2,2023-12-26,15:00:00,Exeter,Wycombe,1,0,0.0,0.0,H,D,2.8,3.4,2.55,2.05,1.75
E2,2023-12-26,15:00:00,Fleetwood Town,Carlisle,1,1,1.0,1.0,D,D,2.05,3.5,3.5,2.03,1.83
E2,2023-12-26,15:00:00,Lincoln,Bolton,0,1,0.0,0.0,A,D,3.3,3.4,2.2,2.05,1.75
E2,2023-12-26,15:00:00,Oxford,Cambridge,2,1,0.0,1.0,H,A,1.73,3.8,4.75,2.0,1.85
E2,2023-12-26,15:00:00,Peterboro,Reading,2,2,1.0,0.0,D,H,1.5,4.5,6.5,1.6,2.3
E2,2023-12-26,15:00:00,Port Vale,Barnsley,2,3,0.0,3.0,A,A,2.75,3.5,2.5,1.98,1.88
E2,2023-12-26,15:00:00,Stevenage,Northampton,3,0,2.0,0.0,H,H,1.7,3.6,5.5,2.05,1.75
E2,2023-12-26,15:00:00,Wigan,Derby,0,1,0.0,1.0,A,A,4.75,3.75,1.75,1.93,1.93
E2,2023-12-29,19:00:00,Wigan,Carlisle,2,0,2.0,0.0,H,H,2.0,3.4,4.0,2.08,1.73
E2,2023-12-29,19:45:00,Bristol Rvs,Charlton,2,1,0.0,0.0,H,D,2.05,3.8,3.3,1.7,2.1
E2,2023-12-29,19:45:00,Burton,Shrewsbury,1,0,1.0,0.0,H,H,2.15,3.0,3.8,2.3,1.6
E2,2023-12-29,19:45:00,Cheltenham,Reading,2,2,2.0,2.0,D,D,2.75,3.4,2.55,2.0,1.85
E2,2023-12-29,19:45:00,Exeter,Portsmouth,0,0,0.0,0.0,D,D,4.75,3.75,1.73,1.95,1.9
E2,2023-12-29,19:45:00,Fleetwood Town,Bolton,0,2,0.0,0.0,A,D,4.2,4.0,1.75,1.73,2.08
E2,2023-12-29,19:45:00,Leyton Orient,Wycombe,0,0,0.0,0.0,D,D,2.45,3.25,2.9,2.15,1.67
E2,2023-12-29,19:45:00,Lincoln,Northampton,1,2,0.0,1.0,A,A,2.45,3.2,3.1,2.2,1.65
E2,2023-12-29,19:45:00,Oxford,Derby,2,3,2.0,1.0,A,H,3.25,3.4,2.2,2.05,1.8
E2,2023-12-29,19:45:00,Peterboro,Barnsley,2,2,1.0,2.0,D,A,1.62,4.2,5.0,1.57,2.35
E2,2023-12-29,19:45:00,Port Vale,Blackpool,3,0,1.0,0.0,H,H,3.4,3.4,2.15,2.05,1.75
E2,2024-01-01,15:00:00,Barnsley,Wigan,1,1,1.0,0.0,D,H,1.57,3.8,6.0,1.73,2.08
E2,2024-01-01,15:00:00,Blackpool,Lincoln,2,0,1.0,0.0,H,H,1.65,4.0,5.0,2.03,1.83
E2,2024-01-01,15:00:00,Bolton,Burton,1,0,0.0,0.0,H,D,1.33,4.75,9.5,1.7,2.1
E2,2024-01-01,15:00:00,Cambridge,Leyton Orient,0,2,0.0,0.0,A,D,2.5,3.1,3.0,2.2,1.65
E2,2024-01-01,15:00:00,Carlisle,Port Vale,2,1,0.0,0.0,H,D,3.0,3.2,2.45,2.2,1.65
E2,2024-01-01,15:00:00,Charlton,Oxford,1,2,1.0,1.0,A,D,2.75,3.4,2.55,1.75,2.05
E2,2024-01-01,15:00:00,Derby,Peterboro,2,3,1.0,1.0,A,D,2.05,3.5,3.6,1.8,2.0
E2,2024-01-01,15:00:00,Northampton,Cheltenham,1,0,0.0,0.0,H,D,2.0,3.6,3.6,2.05,1.75
E2,2024-01-01,15:00:00,Portsmouth,Stevenage,2,1,2.0,1.0,H,H,2.1,3.4,3.6,2.05,1.75
E2,2024-01-01,15:00:00,Reading,Exeter,3,2,2.0,1.0,H,H,1.83,3.5,4.5,1.9,1.95
E2,2024-01-01,15:00:00,Shrewsbury,Fleetwood Town,3,1,2.0,0.0,H,H,2.7,3.2,2.7,2.1,1.7
E2,2024-01-01,15:00:00,Wycombe,Bristol Rvs,3,2,1.0,0.0,H,H,2.88,3.4,2.45,1.95,1.9
E2,2024-01-06,12:30:00,Fleetwood Town,Derby,1,3,0.0,2.0,A,A,5.5,4.0,1.6,1.8,2.0
E2,2024-01-06,15:00:00,Burton,Wycombe,1,1,0.0,0.0,D,D,3.0,3.3,2.38,2.1,1.7
E2,2024-01-06,15:00:00,Cheltenham,Portsmouth,2,1,0.0,0.0,H,D,4.2,3.8,1.8,1.83,2.03
E2,2024-01-06,15:00:00,Exeter,Carlisle,2,1,0.0,0.0,H,D,2.1,3.3,3.6,2.15,1.67
E2,2024-01-06,15:00:00,Port Vale,Charlton,3,3,1.0,1.0,D,D,2.25,3.6,3.0,1.8,2.0
E2,2024-01-13,15:00:00,Barnsley,Bristol Rvs,2,1,1.0,0.0,H,H,1.91,3.5,4.2,1.75,2.05
E2,2024-01-13,15:00:00,Blackpool,Exeter,2,0,1.0,0.0,H,H,1.53,4.0,6.5,1.85,2.0
E2,2024-01-13,15:00:00,Cambridge,Fleetwood Town,2,1,0.0,0.0,H,D,1.91,3.4,4.0,2.0,1.85
E2,2024-01-13,15:00:00,Carlisle,Oxford,1,3,0.0,1.0,A,A,3.6,3.4,2.05,2.0,1.85
E2,2024-01-13,15:00:00,Charlton,Peterboro,1,2,0.0,1.0,A,A,3.1,4.0,2.1,1.5,2.5
E2,2024-01-13,15:00:00,Northampton,Wigan,1,1,1.0,0.0,D,H,2.3,3.4,3.1,2.05,1.75
E2,2024-01-13,15:00:00,Portsmouth,Leyton Orient,0,3,0.0,3.0,A,A,1.57,4.0,6.0,1.93,1.93
E2,2024-01-13,15:00:00,Shrewsbury,Stevenage,0,1,0.0,0.0,A,D,4.0,3.4,1.95,2.15,1.67
E2,2024-01-13,15:00:00,Wycombe,Lincoln,1,1,1.0,0.0,D,H,1.83,3.5,4.5,2.15,1.67
E2,2024-01-15,20:00:00,Derby,Burton,3,2,1.0,0.0,H,H,1.3,5.0,10.0,1.75,2.05
E2,2024-01-16,19:45:00,Barnsley,Carlisle,2,1,0.0,1.0,H,A,1.5,4.5,6.5,1.62,2.25
E2,2024-01-20,15:00:00,Bristol Rvs,Blackpool,1,2,1.0,2.0,A,A,2.6,3.5,2.6,1.95,1.9
E2,2024-01-20,15:00:00,Burton,Charlton,2,0,1.0,0.0,H,H,3.2,3.5,2.2,2.0,1.85
E2,2024-01-20,15:00:00,Exeter,Cambridge,0,0,0.0,0.0,D,D,2.3,3.25,3.2,2.2,1.65
E2,2024-01-20,15:00:00,Fleetwood Town,Portsmouth,0,1,0.0,1.0,A,A,4.5,3.9,1.75,1.65,2.2
E2,2024-01-20,15:00:00,Leyton Orient,Bolton,1,0,0.0,0.0,H,D,3.5,3.4,2.15,2.08,1.73
E2,2024-01-20,15:00:00,Lincoln,Derby,0,0,0.0,0.0,D,D,4.75,3.75,1.75,2.08,1.73
E2,2024-01-20,15:00:00,Peterboro,Shrewsbury,2,1,0.0,1.0,H,A,1.33,5.5,8.5,1.6,2.3
E2,2024-01-20,15:00:00,Wigan,Reading,1,0,1.0,0.0,H,H,2.15,3.6,3.2,1.73,2.08
E2,2024-01-23,19:45:00,Bolton,Cheltenham,1,0,1.0,0.0,H,H,1.45,4.5,7.0,1.75,2.05
E2,2024-01-23,19:45:00,Bristol Rvs,Exeter,0,1,0.0,1.0,A,A,1.73,3.8,4.75,1.9,1.95
E2,2024-01-23,19:45:00,Charlton,Northampton,2,3,2.0,2.0,A,D,1.91,3.6,4.0,1.75,2.05
E2,2024-01-23,19:45:00,Oxford,Barnsley,0,1,0.0,1.0,A,A,2.15,3.6,3.2,1.73,2.08
E2,2024-01-23,19:45:00,Wigan,Wycombe,1,0,0.0,0.0,H,D,2.7,3.3,2.7,2.05,1.75
E2,2024-01-23,20:00:00,Reading,Derby,1,0,0.0,0.0,H,D,4.0,3.8,1.85,1.73,2.08
E2,2024-01-27,15:00:00,Barnsley,Exeter,1,2,0.0,2.0,A,A,1.57,4.5,5.0,1.7,2.1
E2,2024-01-27,15:00:00,Blackpool,Charlton,1,1,0.0,0.0,D,D,1.73,4.0,4.5,1.67,2.15
E2,2024-01-27,15:00:00,Bristol Rvs,Oxford,3,1,2.0,0.0,H,H,2.3,3.6,2.9,1.67,2.15
E2,2024-01-27,15:00:00,Cambridge,Burton,0,0,0.0,0.0,D,D,1.91,3.6,4.0,2.2,1.65
E2,2024-01-27,15:00:00,Carlisle,Bolton,1,4,0.0,2.0,A,A,4.2,3.8,1.8,1.98,1.88
E2,2024-01-27,15:00:00,Derby,Cheltenham,2,1,0.0,0.0,H,D,1.4,5.0,7.0,1.7,2.1
E2,2024-01-27,15:00:00,Lincoln,Peterboro,0,0,0.0,0.0,D,D,4.5,3.8,1.75,1.98,1.88
E2,2024-01-27,15:00:00,Northampton,Shrewsbury,0,2,0.0,0.0,A,D,1.8,3.6,4.5,2.2,1.65
E2,2024-01-27,15:00:00,Port Vale,Portsmouth,0,1,0.0,0.0,A,D,3.75,3.5,2.0,1.98,1.88
E2,2024-01-27,15:00:00,Reading,Leyton Orient,1,1,1.0,1.0,D,D,2.55,3.4,2.75,2.05,1.75
E2,2024-01-27,15:00:00,Wigan,Stevenage,2,3,2.0,1.0,A,H,3.1,3.6,2.2,2.08,1.73
E2,2024-01-27,15:00:00,Wycombe,Fleetwood Town,2,2,0.0,2.0,D,A,1.8,3.75,4.33,1.9,1.95
E2,2024-01-30,19:45:00,Oxford,Portsmouth,2,2,1.0,0.0,D,H,3.2,3.4,2.25,2.03,1.83
E2,2024-02-03,12:30:00,Oxford,Reading,1,1,1.0,0.0,D,H,1.85,3.75,4.0,1.75,2.05
E2,2024-02-03,15:00:00,Bolton,Barnsley,1,1,0.0,1.0,D,A,1.85,3.6,4.2,1.83,2.03
E2,2024-02-03,15:00:00,Burton,Lincoln,0,1,0.0,0.0,A,D,2.88,3.25,2.45,2.2,1.65
E2,2024-02-03,15:00:00,Charlton,Derby,0,1,0.0,1.0,A,A,3.75,3.6,1.95,1.7,2.1
E2,2024-02-03,15:00:00,Cheltenham,Wycombe,1,3,0.0,2.0,A,A,2.6,3.4,2.7,2.05,1.75
E2,2024-02-03,15:00:00,Exeter,Bristol Rvs,0,1,0.0,1.0,A,A,2.9,3.4,2.4,1.95,1.9
E2,2024-02-03,15:00:00,Fleetwood Town,Port Vale,3,0,1.0,0.0,H,H,2.8,3.5,2.45,1.88,1.98
E2,2024-02-03,15:00:00,Leyton Orient,Carlisle,3,2,2.0,1.0,H,H,1.7,3.6,5.5,2.08,1.73
E2,2024-02-03,15:00:00,Peterboro,Wigan,2,3,0.0,1.0,A,A,1.53,4.0,6.5,1.62,2.25
E2,2024-02-03,15:00:00,Portsmouth,Northampton,4,1,2.0,0.0,H,H,1.5,4.33,6.5,1.88,1.98
E2,2024-02-03,15:00:00,Shrewsbury,Cambridge,1,2,1.0,1.0,A,D,2.5,3.3,2.88,2.4,1.53
E2,2024-02-03,15:00:00,Stevenage,Blackpool,1,0,0.0,0.0,H,D,2.3,3.4,3.1,2.08,1.73
E2,2024-02-06,19:45:00,Bristol Rvs,Fleetwood Town,0,2,0.0,1.0,A,A,1.67,4.0,5.0,1.67,2.15
E2,2024-02-06,19:45:00,Exeter,Peterboro,2,1,0.0,1.0,H,A,4.2,3.8,1.8,1.75,2.05
E2,2024-02-06,19:45:00,Port Vale,Leyton Orient,0,1,0.0,0.0,A,D,3.1,3.5,2.2,2.1,1.7
E2,2024-02-06,19:45:00,Stevenage,Reading,0,1,0.0,1.0,A,A,1.67,3.8,5.25,1.93,1.93
E2,2024-02-10,15:00:00,Barnsley,Leyton Orient,2,1,0.0,1.0,H,A,2.1,3.4,3.6,1.9,1.95
E2,2024-02-10,15:00:00,Blackpool,Oxford,1,1,1.0,1.0,D,D,1.91,3.6,4.0,1.9,1.95
E2,2024-02-10,15:00:00,Bristol Rvs,Burton,1,2,0.0,1.0,A,A,1.62,3.8,5.75,1.85,2.0
E2,2024-02-10,15:00:00,Cambridge,Cheltenham,0,1,0.0,0.0,A,D,2.2,3.3,3.4,2.1,1.7
E2,2024-02-10,15:00:00,Carlisle,Portsmouth,0,1,0.0,0.0,A,D,5.75,3.75,1.62,1.93,1.93
E2,2024-02-10,15:00:00,Derby,Shrewsbury,1,1,0.0,0.0,D,D,1.4,4.75,8.0,1.85,2.0
E2,2024-02-10,15:00:00,Lincoln,Fleetwood Town,2,1,0.0,1.0,H,A,1.95,3.5,4.0,2.15,1.67
E2,2024-02-10,15:00:00,Northampton,Bolton,1,1,1.0,0.0,D,H,4.33,3.75,1.8,1.98,1.88
E2,2024-02-10,15:00:00,Port Vale,Stevenage,2,2,1.0,0.0,D,H,3.3,3.6,2.15,2.05,1.8
E2,2024-02-10,15:00:00,Reading,Charlton,2,0,0.0,0.0,H,D,2.25,3.5,3.2,1.75,2.05
E2,2024-02-10,15:00:00,Wigan,Exeter,1,2,0.0,1.0,A,A,2.1,3.5,3.5,2.08,1.73
E2,2024-02-10,15:00:00,Wycombe,Peterboro,5,2,2.0,0.0,H,H,3.25,3.5,2.2,1.83,2.03
E2,2024-02-13,19:45:00,Bolton,Wycombe,2,1,1.0,0.0,H,H,1.8,3.75,4.5,1.98,1.88
E2,2024-02-13,19:45:00,Charlton,Lincoln,1,1,0.0,1.0,D,A,2.15,3.4,3.3,2.05,1.75
E2,2024-02-13,19:45:00,Cheltenham,Blackpool,2,0,1.0,0.0,H,H,3.3,3.5,2.15,2.08,1.73
E2,2024-02-13,19:45:00,Exeter,Derby,0,3,0.0,1.0,A,A,3.5,3.6,2.05,1.98,1.88
E2,2024-02-13,19:45:00,Fleetwood Town,Reading,1,1,0.0,0.0,D,D,2.88,3.5,2.45,1.8,2.03
E2,2024-02-13,19:45:00,Leyton Orient,Northampton,4,3,1.0,1.0,H,D,1.62,4.0,5.5,2.05,1.75
E2,2024-02-13,19:45:00,Oxford,Wigan,4,2,1.0,1.0,H,D,1.85,3.6,4.2,1.88,1.98
E2,2024-02-13,19:45:00,Portsmouth,Cambridge,3,1,1.0,1.0,H,D,1.44,4.33,8.0,1.88,1.98
E2,2024-02-13,19:45:00,Shrewsbury,Barnsley,1,1,1.0,0.0,D,H,3.6,3.5,2.0,2.05,1.75
E2,2024-02-13,19:45:00,Stevenage,Bristol Rvs,2,3,2.0,1.0,A,H,1.73,3.8,4.75,2.0,1.85
E2,2024-02-17,15:00:00,Bolton,Charlton,3,3,1.0,2.0,D,A,1.65,4.0,5.25,1.7,2.1
E2,2024-02-17,15:00:00,Carlisle,Cambridge,0,4,0.0,1.0,A,A,2.9,3.1,2.55,2.25,1.62
E2,2024-02-17,15:00:00,Cheltenham,Port Vale,3,2,1.0,1.0,H,D,2.0,3.6,3.75,2.05,1.75
E2,2024-02-17,15:00:00,Derby,Stevenage,1,0,0.0,0.0,H,D,1.95,3.6,3.75,2.05,1.75
E2,2024-02-17,15:00:00,Fleetwood Town,Barnsley,1,2,1.0,1.0,A,D,3.6,3.6,2.0,1.73,2.08
E2,2024-02-17,15:00:00,Leyton Orient,Burton,1,2,1.0,0.0,A,H,1.55,4.2,6.0,2.0,1.85
E2,2024-02-17,15:00:00,Lincoln,Exeter,1,0,0.0,0.0,H,D,2.15,3.25,3.6,2.3,1.6
E2,2024-02-17,15:00:00,Northampton,Bristol Rvs,3,1,2.0,0.0,H,H,2.55,3.6,2.63,1.9,1.95
E2,2024-02-17,15:00:00,Peterboro,Blackpool,1,2,1.0,0.0,A,H,1.95,3.5,4.0,1.65,2.2
E2,2024-02-17,15:00:00,Portsmouth,Reading,4,1,1.0,0.0,H,H,1.57,4.0,6.0,1.67,2.15
E2,2024-02-17,15:00:00,Shrewsbury,Wigan,0,1,0.0,0.0,A,D,2.6,3.3,2.75,2.2,1.65
E2,2024-02-17,15:00:00,Wycombe,Oxford,0,0,0.0,0.0,D,D,2.15,3.4,3.4,1.95,1.9
E2,2024-02-20,19:45:00,Cambridge,Bolton,1,2,1.0,0.0,A,H,3.1,3.3,2.38,2.15,1.67
E2,2024-02-20,19:45:00,Oxford,Northampton,2,2,1.0,1.0,D,D,1.75,3.8,4.33,1.88,1.98
E2,2024-02-20,20:00:00,Reading,Port Vale,2,0,0.0,0.0,H,D,1.8,3.75,4.33,1.85,2.0
E2,2024-02-23,19:45:00,Wigan,Cheltenham,1,1,0.0,1.0,D,A,2.38,3.25,3.1,2.1,1.7
E2,2024-02-24,12:00:00,Cambridge,Peterboro,0,1,0.0,0.0,A,D,3.75,3.8,1.91,1.75,2.05
E2,2024-02-24,15:00:00,Barnsley,Derby,2,1,1.0,1.0,H,D,2.8,3.4,2.5,1.93,1.93
E2,2024-02-24,15:00:00,Blackpool,Bolton,4,1,2.0,1.0,H,H,2.4,3.5,2.88,1.98,1.88
E2,2024-02-24,15:00:00,Bristol Rvs,Carlisle,2,1,1.0,1.0,H,D,1.65,4.0,5.0,1.88,1.98
E2,2024-02-24,15:00:00,Burton,Northampton,0,2,0.0,2.0,A,A,2.63,3.3,2.7,2.08,1.73
E2,2024-02-24,15:00:00,Charlton,Portsmouth,0,0,0.0,0.0,D,D,4.0,3.6,1.91,1.75,2.05
E2,2024-02-24,15:00:00,Exeter,Fleetwood Town,1,1,1.0,0.0,D,H,2.1,3.4,3.6,1.98,1.88
E2,2024-02-24,15:00:00,Oxford,Leyton Orient,1,2,1.0,0.0,A,H,2.3,3.3,3.2,2.0,1.85
E2,2024-02-24,15:00:00,Port Vale,Lincoln,0,2,0.0,1.0,A,A,2.63,3.2,2.75,2.25,1.62
E2,2024-02-24,15:00:00,Reading,Shrewsbury,2,3,2.0,3.0,A,A,1.85,3.6,4.33,2.0,1.85
E2,2024-02-24,15:00:00,Stevenage,Wycombe,1,0,1.0,0.0,H,H,1.91,3.4,4.2,2.1,1.7
E2,2024-02-27,19:45:00,Burton,Carlisle,0,1,0.0,1.0,A,A,2.05,3.5,3.6,2.15,1.67
E2,2024-02-27,19:45:00,Derby,Charlton,1,2,1.0,0.0,A,H,1.6,3.6,6.5,2.03,1.83
E2,2024-02-27,19:45:00,Leyton Orient,Blackpool,1,0,0.0,0.0,H,D,2.4,3.5,2.9,2.05,1.75
E2,2024-02-27,19:45:00,Lincoln,Shrewsbury,3,0,1.0,0.0,H,H,1.95,3.25,4.2,2.4,1.53
E2,2024-02-27,19:45:00,Port Vale,Fleetwood Town,2,2,2.0,0.0,D,H,2.45,3.3,2.9,2.03,1.83
E2,2024-02-27,19:45:00,Stevenage,Cambridge,1,0,1.0,0.0,H,H,1.67,3.8,5.5,2.15,1.67
E2,2024-02-27,19:45:00,Wigan,Bolton,1,0,0.0,0.0,H,D,3.2,3.6,2.2,1.95,1.9
E2,2024-02-27,19:45:00,Wycombe,Cheltenham,2,0,0.0,0.0,H,D,2.15,3.4,3.5,2.1,1.7
E2,2024-03-02,15:00:00,Bolton,Cambridge,2,0,1.0,0.0,H,H,1.55,4.0,6.0,1.93,1.93
E2,2024-03-02,15:00:00,Carlisle,Reading,1,3,0.0,2.0,A,A,3.4,3.5,2.1,2.0,1.85
E2,2024-03-02,15:00:00,Cheltenham,Burton,0,0,0.0,0.0,D,D,1.8,3.6,4.75,2.1,1.7
E2,2024-03-02,15:00:00,Derby,Port Vale,3,0,2.0,0.0,H,H,1.45,4.33,7.5,1.83,2.03
E2,2024-03-02,15:00:00,Fleetwood Town,Wigan,4,2,2.0,2.0,H,D,2.4,3.25,3.1,1.98,1.88
E2,2024-03-02,15:00:00,Leyton Orient,Bristol Rvs,0,1,0.0,1.0,A,A,1.85,3.6,4.33,1.98,1.88
E2,2024-03-02,15:00:00,Lincoln,Stevenage,0,0,0.0,0.0,D,D,2.8,3.25,2.55,2.4,1.53
E2,2024-03-02,15:00:00,Northampton,Charlton,1,1,0.0,1.0,D,A,2.75,3.25,2.63,1.98,1.88
E2,2024-03-02,15:00:00,Peterboro,Exeter,2,1,1.0,1.0,H,D,1.5,4.33,6.5,1.65,2.2
E2,2024-03-02,15:00:00,Portsmouth,Oxford,2,1,1.0,1.0,H,D,1.73,3.75,5.0,1.85,2.0
E2,2024-03-02,15:00:00,Shrewsbury,Blackpool,0,2,0.0,1.0,A,A,4.2,3.5,1.91,2.1,1.7
E2,2024-03-02,15:00:00,Wycombe,Barnsley,2,4,1.0,1.0,A,D,2.55,3.5,2.7,1.85,2.0
E2,2024-03-05,19:45:00,Barnsley,Bolton,2,2,1.0,0.0,D,H,2.38,3.4,3.0,1.9,1.95
E2,2024-03-05,19:45:00,Cheltenham,Charlton,1,3,0.0,1.0,A,A,2.6,3.25,2.8,2.15,1.67
E2,2024-03-05,19:45:00,Peterboro,Northampton,5,1,3.0,1.0,H,H,1.36,5.25,7.0,1.53,2.4
E2,2024-03-09,15:00:00,Barnsley,Lincoln,1,5,0.0,1.0,A,A,1.95,3.4,4.0,2.1,1.7
E2,2024-03-09,15:00:00,Blackpool,Portsmouth,0,0,0.0,0.0,D,D,2.5,3.4,2.75,2.0,1.85
E2,2024-03-09,15:00:00,Bristol Rvs,Derby,0,3,0.0,0.0,A,D,3.6,3.5,2.0,1.95,1.9
E2,2024-03-09,15:00:00,Burton,Peterboro,1,3,0.0,0.0,A,D,4.33,4.0,1.73,1.75,2.05
E2,2024-03-09,15:00:00,Cambridge,Northampton,1,1,1.0,0.0,D,H,2.1,3.4,3.6,2.15,1.67
E2,2024-03-09,15:00:00,Charlton,Carlisle,3,2,1.0,1.0,H,D,1.55,4.2,5.75,1.85,2.0
E2,2024-03-09,15:00:00,Exeter,Bolton,2,2,0.0,1.0,D,A,4.2,4.0,1.8,1.95,1.9
E2,2024-03-09,15:00:00,Oxford,Cheltenham,2,1,1.0,0.0,H,H,1.83,3.6,4.2,2.0,1.85
E2,2024-03-09,15:00:00,Port Vale,Shrewsbury,1,2,0.0,1.0,A,A,2.25,3.4,3.25,2.15,1.67
E2,2024-03-09,15:00:00,Reading,Wycombe,1,2,0.0,1.0,A,A,2.15,3.5,3.2,1.95,1.9
E2,2024-03-09,15:00:00,Stevenage,Fleetwood Town,0,0,0.0,0.0,D,D,1.62,4.0,5.5,1.93,1.93
E2,2024-03-09,15:00:00,Wigan,Leyton Orient,1,0,0.0,0.0,H,D,2.9,3.4,2.4,2.05,1.75
E2,2024-03-12,19:45:00,Carlisle,Barnsley,2,3,1.0,1.0,A,D,5.25,3.8,1.7,1.73,2.08
E2,2024-03-12,19:45:00,Derby,Reading,2,1,0.0,0.0,H,D,1.7,3.6,5.25,1.98,1.88
E2,2024-03-12,19:45:00,Fleetwood Town,Bristol Rvs,0,0,0.0,0.0,D,D,1.95,3.6,3.8,1.98,1.88
E2,2024-03-12,19:45:00,Leyton Orient,Port Vale,0,0,0.0,0.0,D,D,1.57,4.0,6.0,2.05,1.75
E2,2024-03-12,19:45:00,Lincoln,Cambridge,6,0,2.0,0.0,H,H,1.65,3.6,5.75,2.35,1.57
E2,2024-03-12,19:45:00,Northampton,Blackpool,0,1,0.0,0.0,A,D,4.0,3.6,1.91,2.03,1.83
E2,2024-03-12,19:45:00,Portsmouth,Burton,2,1,1.0,0.0,H,H,1.44,4.75,7.5,1.85,2.0
E2,2024-03-12,19:45:00,Shrewsbury,Exeter,0,3,0.0,3.0,A,A,2.5,3.25,2.88,2.15,1.67
E2,2024-03-12,19:45:00,Wycombe,Wigan,1,0,1.0,0.0,H,H,1.95,3.6,4.0,2.05,1.75
E2,2024-03-12,20:00:00,Bolton,Oxford,5,0,2.0,0.0,H,H,1.73,3.8,4.75,1.88,1.98
E2,2024-03-13,20:00:00,Peterboro,Stevenage,3,1,1.0,0.0,H,H,1.8,3.6,4.5,1.88,1.98
E2,2024-03-16,15:00:00,Barnsley,Cheltenham,0,0,0.0,0.0,D,D,1.8,3.75,4.33,1.85,2.0
E2,2024-03-16,15:00:00,Derby,Bolton,1,0,0.0,0.0,H,D,2.1,3.5,3.5,2.0,1.85
E2,2024-03-16,15:00:00,Exeter,Burton,1,0,1.0,0.0,H,H,2.0,3.25,4.0,2.15,1.67
E2,2024-03-16,15:00:00,Fleetwood Town,Charlton,1,1,0.0,1.0,D,A,2.75,3.25,2.63,1.85,2.0
E2,2024-03-16,15:00:00,Lincoln,Bristol Rvs,5,0,3.0,0.0,H,H,1.7,3.5,5.75,2.1,1.7
E2,2024-03-16,15:00:00,Peterboro,Portsmouth,0,1,0.0,0.0,A,D,2.25,3.4,3.25,1.7,2.1
E2,2024-03-16,15:00:00,Port Vale,Oxford,0,2,0.0,1.0,A,A,3.5,3.25,2.2,2.05,1.75
E2,2024-03-16,15:00:00,Reading,Cambridge,4,0,2.0,0.0,H,H,1.8,3.6,4.75,1.93,1.93
E2,2024-03-16,15:00:00,Shrewsbury,Carlisle,1,0,1.0,0.0,H,H,2.0,3.4,3.8,2.2,1.65
E2,2024-03-16,15:00:00,Stevenage,Leyton Orient,0,1,0.0,1.0,A,A,2.0,3.3,3.8,2.35,1.57
E2,2024-03-16,15:00:00,Wigan,Blackpool,1,0,1.0,0.0,H,H,3.2,3.5,2.2,2.1,1.7
E2,2024-03-16,15:00:00,Wycombe,Northampton,2,0,0.0,0.0,H,D,1.75,3.6,5.0,2.0,1.85
E2,2024-03-23,15:00:00,Burton,Port Vale,0,1,0.0,0.0,A,D,2.25,3.2,3.4,2.2,1.65
E2,2024-03-23,15:00:00,Carlisle,Stevenage,2,2,1.0,0.0,D,H,4.75,3.8,1.73,2.2,1.65
E2,2024-03-23,15:00:00,Northampton,Derby,1,0,1.0,0.0,H,H,5.75,3.6,1.65,2.08,1.73
E2,2024-03-29,15:00:00,Barnsley,Cambridge,0,2,0.0,1.0,A,A,1.55,4.33,6.0,1.7,2.1
E2,2024-03-29,15:00:00,Derby,Blackpool,1,0,1.0,0.0,H,H,1.85,3.6,4.0,2.05,1.75
E2,2024-03-29,15:00:00,Exeter,Charlton,1,1,1.0,0.0,D,H,2.7,3.4,2.6,1.88,1.98
E2,2024-03-29,15:00:00,Fleetwood Town,Cheltenham,1,2,0.0,1.0,A,A,2.15,3.25,3.6,2.05,1.75
E2,2024-03-29,15:00:00,Lincoln,Leyton Orient,1,0,0.0,0.0,H,D,1.95,3.4,4.2,2.3,1.6
E2,2024-03-29,15:00:00,Peterboro,Carlisle,1,3,0.0,1.0,A,A,1.3,5.5,9.5,1.44,2.7
E2,2024-03-29,15:00:00,Port Vale,Bristol Rvs,2,0,1.0,0.0,H,H,2.4,3.5,2.8,2.0,1.85
E2,2024-03-29,15:00:00,Reading,Northampton,1,0,0.0,0.0,H,D,1.67,4.0,5.0,1.88,1.98
E2,2024-03-29,15:00:00,Shrewsbury,Oxford,1,1,0.0,0.0,D,D,3.75,3.4,2.05,2.1,1.7
E2,2024-03-29,15:00:00,Stevenage,Bolton,0,0,0.0,0.0,D,D,2.9,3.4,2.4,2.1,1.7
E2,2024-03-29,15:00:00,Wigan,Burton,1,1,1.0,0.0,D,H,2.0,3.5,3.8,2.08,1.73
E2,2024-03-29,15:00:00,Wycombe,Portsmouth,1,3,1.0,2.0,A,A,3.5,3.5,2.05,2.0,1.85
E2,2024-04-01,15:00:00,Blackpool,Wycombe,0,0,0.0,0.0,D,D,1.85,3.5,4.5,2.1,1.7
E2,2024-04-01,15:00:00,Bolton,Reading,5,2,2.0,1.0,H,H,1.53,4.5,5.75,1.67,2.15
E2,2024-04-01,15:00:00,Bristol Rvs,Shrewsbury,0,0,0.0,0.0,D,D,2.1,3.3,3.6,2.08,1.73
E2,2024-04-01,15:00:00,Burton,Barnsley,1,3,1.0,0.0,A,H,4.33,3.75,1.8,1.88,1.98
E2,2024-04-01,15:00:00,Cambridge,Wigan,3,1,1.0,0.0,H,H,2.6,3.3,2.75,2.1,1.7
E2,2024-04-01,15:00:00,Carlisle,Lincoln,1,3,0.0,1.0,A,A,5.5,3.6,1.7,2.05,1.8
E2,2024-04-01,15:00:00,Charlton,Stevenage,0,0,0.0,0.0,D,D,2.75,3.25,2.6,2.15,1.67
E2,2024-04-01,15:00:00,Cheltenham,Exeter,1,2,0.0,0.0,A,D,2.15,3.3,3.5,2.08,1.73
E2,2024-04-01,15:00:00,Leyton Orient,Peterboro,1,2,0.0,2.0,A,A,3.0,3.4,2.38,1.85,2.0
E2,2024-04-01,15:00:00,Northampton,Port Vale,2,0,1.0,0.0,H,H,2.4,3.3,3.0,2.1,1.7
E2,2024-04-01,15:00:00,Oxford,Fleetwood Town,4,0,3.0,0.0,H,H,1.75,3.8,4.5,1.83,2.03
E2,2024-04-02,20:00:00,Portsmouth,Derby,2,2,1.0,2.0,D,A,2.25,3.3,3.3,2.08,1.73
E2,2024-04-06,15:00:00,Blackpool,Cambridge,1,0,1.0,0.0,H,H,1.53,4.2,6.25,2.03,1.83
E2,2024-04-06,15:00:00,Bristol Rvs,Bolton,0,2,0.0,0.0,A,D,5.5,4.0,1.65,1.73,2.08
E2,2024-04-06,15:00:00,Burton,Oxford,0,4,0.0,1.0,A,A,3.5,3.5,2.1,2.03,1.83
E2,2024-04-06,15:00:00,Charlton,Barnsley,2,1,2.0,1.0,H,H,2.8,3.4,2.5,1.67,2.15
E2,2024-04-06,15:00:00,Exeter,Stevenage,1,0,1.0,0.0,H,H,3.5,3.5,2.1,2.15,1.67
E2,2024-04-06,15:00:00,Leyton Orient,Cheltenham,3,1,2.0,0.0,H,H,1.95,3.6,3.8,2.2,1.65
E2,2024-04-06,15:00:00,Northampton,Carlisle,2,0,1.0,0.0,H,H,2.0,3.5,3.75,2.0,1.85
E2,2024-04-06,15:00:00,Portsmouth,Shrewsbury,3,1,2.0,1.0,H,H,1.4,4.75,8.0,1.75,2.05
E2,2024-04-06,15:00:00,Reading,Lincoln,1,1,0.0,0.0,D,D,2.8,3.4,2.5,1.98,1.88
E2,2024-04-06,15:00:00,Wigan,Port Vale,0,0,0.0,0.0,D,D,2.3,3.5,3.0,2.08,1.73
E2,2024-04-09,19:45:00,Blackpool,Fleetwood Town,1,0,1.0,0.0,H,H,1.65,4.2,4.75,1.88,1.98
E2,2024-04-09,19:45:00,Bristol Rvs,Reading,0,2,0.0,2.0,A,A,2.88,3.4,2.45,1.75,2.05
E2,2024-04-09,19:45:00,Charlton,Wigan,2,2,1.0,0.0,D,H,1.91,3.6,4.2,1.88,1.98
E2,2024-04-09,19:45:00,Cheltenham,Carlisle,0,1,0.0,1.0,A,A,1.67,3.75,5.0,1.98,1.88
E2,2024-04-09,19:45:00,Leyton Orient,Exeter,2,2,1.0,0.0,D,H,1.85,3.6,4.0,2.05,1.75
E2,2024-04-09,19:45:00,Stevenage,Barnsley,2,1,1.0,1.0,H,D,2.35,3.4,3.0,2.0,1.85
E2,2024-04-10,19:45:00,Peterboro,Port Vale,3,0,1.0,0.0,H,H,1.44,4.5,7.0,1.62,2.25
E2,2024-04-10,19:45:00,Wycombe,Derby,0,0,0.0,0.0,D,D,4.2,3.75,1.83,1.98,1.88
E2,2024-04-13,15:00:00,Barnsley,Reading,2,2,1.0,1.0,D,D,1.8,3.75,4.2,1.65,2.2
E2,2024-04-13,15:00:00,Bolton,Portsmouth,1,1,1.0,1.0,D,D,2.25,3.4,3.2,1.88,1.98
E2,2024-04-13,15:00:00,Cambridge,Charlton,1,1,0.0,1.0,D,A,2.9,3.4,2.4,1.95,1.9
E2,2024-04-13,15:00:00,Carlisle,Blackpool,0,1,0.0,1.0,A,A,5.0,4.0,1.65,1.95,1.9
E2,2024-04-13,15:00:00,Cheltenham,Bristol Rvs,1,3,0.0,1.0,A,A,2.1,3.4,3.5,2.0,1.85
E2,2024-04-13,15:00:00,Derby,Leyton Orient,3,0,2.0,0.0,H,H,1.53,4.0,6.5,2.0,1.85
E2,2024-04-13,15:00:00,Fleetwood Town,Northampton,2,0,2.0,0.0,H,H,2.05,3.5,3.75,1.93,1.93
E2,2024-04-13,15:00:00,Lincoln,Wigan,1,2,1.0,1.0,A,D,1.67,4.0,5.0,2.05,1.75
E2,2024-04-13,15:00:00,Oxford,Peterboro,5,0,3.0,0.0,H,H,2.75,3.6,2.4,1.6,2.3
E2,2024-04-13,15:00:00,Port Vale,Exeter,2,4,2.0,0.0,A,H,2.15,3.5,3.4,2.08,1.73
E2,2024-04-13,15:00:00,Shrewsbury,Wycombe,0,2,0.0,0.0,A,D,2.88,3.3,2.5,2.15,1.67
E2,2024-04-13,15:00:00,Stevenage,Burton,1,2,0.0,1.0,A,A,1.53,4.2,6.0,2.1,1.7
E2,2024-04-16,19:45:00,Bolton,Shrewsbury,2,2,1.0,2.0,D,A,1.3,5.5,9.5,1.67,2.15
E2,2024-04-16,19:45:00,Bristol Rvs,Cambridge,1,0,0.0,0.0,H,D,2.2,3.5,3.2,1.93,1.93
E2,2024-04-16,19:45:00,Burton,Cheltenham,1,2,1.0,0.0,A,H,2.3,3.2,3.2,2.4,1.53
E2,2024-04-16,19:45:00,Oxford,Lincoln,0,1,0.0,0.0,A,D,1.95,3.6,3.8,1.88,1.98
E2,2024-04-16,19:45:00,Peterboro,Fleetwood Town,4,1,1.0,1.0,H,D,1.5,4.75,5.5,1.48,2.6
E2,2024-04-16,19:45:00,Port Vale,Wycombe,1,2,0.0,1.0,A,A,2.5,3.3,2.88,2.15,1.67
E2,2024-04-16,19:45:00,Portsmouth,Barnsley,3,2,1.0,1.0,H,D,1.8,3.8,4.33,1.62,2.25
E2,2024-04-19,20:00:00,Oxford,Stevenage,1,1,0.0,1.0,D,A,1.91,3.5,4.0,2.03,1.83
E2,2024-04-20,14:00:00,Northampton,Exeter,1,2,0.0,1.0,A,A,2.55,3.4,2.75,2.0,1.85
E2,2024-04-20,15:00:00,Blackpool,Barnsley,3,2,2.0,0.0,H,H,1.95,3.6,3.6,1.9,1.95
E2,2024-04-20,15:00:00,Bolton,Port Vale,2,0,0.0,0.0,H,D,1.4,4.5,8.0,1.85,2.0
E2,2024-04-20,15:00:00,Bristol Rvs,Peterboro,0,2,0.0,1.0,A,A,4.33,4.2,1.7,1.6,2.3
E2,2024-04-20,15:00:00,Burton,Reading,3,2,3.0,1.0,H,H,3.0,3.4,2.3,1.88,1.98
E2,2024-04-20,15:00:00,Cambridge,Derby,0,1,0.0,1.0,A,A,5.5,4.0,1.55,1.9,1.95
E2,2024-04-20,15:00:00,Carlisle,Wycombe,1,3,1.0,1.0,A,D,3.5,3.6,2.0,2.05,1.75
E2,2024-04-20,15:00:00,Charlton,Shrewsbury,1,1,0.0,1.0,D,A,1.8,3.6,4.5,2.03,1.83
E2,2024-04-20,15:00:00,Cheltenham,Lincoln,1,2,1.0,1.0,A,D,3.3,3.4,2.2,2.1,1.7
E2,2024-04-20,15:00:00,Leyton Orient,Fleetwood Town,0,1,0.0,0.0,A,D,2.1,3.6,3.3,1.85,2.0
E2,2024-04-20,15:00:00,Portsmouth,Wigan,1,2,0.0,1.0,A,A,1.67,4.0,4.75,1.75,2.05
E2,2024-04-23,19:45:00,Cambridge,Wycombe,1,1,0.0,0.0,D,D,3.2,3.1,2.4,2.2,1.65
E2,2024-04-23,19:45:00,Cheltenham,Peterboro,2,0,2.0,0.0,H,H,3.1,4.2,2.05,1.57,2.35
E2,2024-04-27,12:30:00,Barnsley,Northampton,1,1,1.0,0.0,D,H,1.45,4.75,7.0,1.5,2.5
E2,2024-04-27,12:30:00,Derby,Carlisle,2,0,1.0,0.0,H,H,1.22,6.5,13.0,1.54,2.35
E2,2024-04-27,12:30:00,Exeter,Oxford,1,2,0.0,2.0,A,A,5.25,4.0,1.65,1.58,2.25
E2,2024-04-27,12:30:00,Fleetwood Town,Burton,3,0,2.0,0.0,H,H,2.9,3.8,2.2,1.63,2.15
E2,2024-04-27,12:30:00,Lincoln,Portsmouth,0,2,0.0,0.0,A,D,2.05,3.6,3.5,1.93,1.93
E2,2024-04-27,12:30:00,Peterboro,Bolton,3,3,0.0,2.0,D,A,2.8,4.0,2.25,1.41,2.7
E2,2024-04-27,12:30:00,Port Vale,Cambridge,0,0,0.0,0.0,D,D,2.45,3.4,2.88,2.3,1.6
E2,2024-04-27,12:30:00,Reading,Blackpool,3,2,1.0,1.0,H,D,3.6,3.8,1.95,1.69,2.07
E2,2024-04-27,12:30:00,Shrewsbury,Leyton Orient,1,3,0.0,2.0,A,A,2.63,3.4,2.7,2.08,1.73
E2,2024-04-27,12:30:00,Stevenage,Cheltenham,2,1,1.0,0.0,H,H,2.63,3.4,2.63,2.05,1.75
E2,2024-04-27,12:30:00,Wigan,Bristol Rvs,2,0,1.0,0.0,H,H,2.05,3.75,3.4,1.85,2.0
E2,2024-04-27,12:30:00,Wycombe,Charlton,1,0,1.0,0.0,H,H,2.25,3.6,3.0,1.75,2.05
E3,2023-08-05,15:00:00,Accrington,Newport County,3,0,1.0,0.0,H,H,2.4,3.4,2.88,2.1,1.7
E3,2023-08-05,15:00:00,Crawley Town,Bradford,1,0,1.0,0.0,H,H,3.75,3.6,1.95,2.05,1.75
E3,2023-08-05,15:00:00,Crewe,Mansfield,2,2,1.0,2.0,D,A,3.75,3.75,1.91,1.93,1.93
E3,2023-08-05,15:00:00,Doncaster,Harrogate,0,1,0.0,0.0,A,D,2.25,3.25,3.3,2.05,1.8
E3,2023-08-05,15:00:00,Forest Green,Salford,0,2,0.0,0.0,A,D,3.5,3.4,2.1,1.9,1.95
E3,2023-08-05,15:00:00,Grimsby,AFC Wimbledon,0,0,0.0,0.0,D,D,2.0,3.5,3.8,2.05,1.75
E3,2023-08-05,15:00:00,Morecambe,Walsall,2,1,1.0,1.0,H,D,2.6,3.2,2.8,2.15,1.67
E3,2023-08-05,15:00:00,Stockport,Gillingham,0,1,0.0,0.0,A,D,1.75,3.6,5.0,2.25,1.62
E3,2023-08-05,15:00:00,Sutton,Notts County,5,1,2.0,0.0,H,H,4.75,4.0,1.67,1.62,2.25
E3,2023-08-05,15:00:00,Tranmere,Barrow,1,2,0.0,1.0,A,A,2.4,3.3,3.0,2.25,1.62
E3,2023-08-05,15:00:00,Wrexham,Milton Keynes Dons,3,5,1.0,2.0,A,A,1.67,3.75,5.25,1.83,2.03
E3,2023-08-12,15:00:00,AFC Wimbledon,Wrexham,1,1,0.0,1.0,D,A,3.75,3.5,2.0,1.88,1.98
E3,2023-08-12,15:00:00,Barrow,Sutton,2,1,0.0,1.0,H,A,2.4,3.1,3.2,2.35,1.57
E3,2023-08-12,15:00:00,Bradford,Colchester,2,1,1.0,1.0,H,D,1.91,3.4,4.2,2.08,1.73
E3,2023-08-12,15:00:00,Gillingham,Accrington,1,0,1.0,0.0,H,H,2.05,3.4,3.8,2.25,1.62
E3,2023-08-12,15:00:00,Harrogate,Forest Green,0,1,0.0,0.0,A,D,2.3,3.4,3.1,2.0,1.85
E3,2023-08-12,15:00:00,Mansfield,Morecambe,3,0,1.0,0.0,H,H,1.55,4.2,6.0,1.73,2.08
E3,2023-08-12,15:00:00,Milton Keynes Dons,Tranmere,1,0,1.0,0.0,H,H,1.83,3.5,4.75,2.05,1.75
E3,2023-08-12,15:00:00,Newport County,Doncaster,4,0,3.0,0.0,H,H,2.2,3.4,3.3,2.08,1.73
E3,2023-08-12,15:00:00,Notts County,Grimsby,3,2,1.0,2.0,H,A,1.73,4.0,4.75,1.7,2.1
E3,2023-08-12,15:00:00,Salford,Crawley Town,1,1,0.0,1.0,D,A,1.5,4.5,6.25,1.7,2.1
E3,2023-08-12,15:00:00,Swindon,Crewe,2,2,1.0,0.0,D,H,1.8,3.75,4.33,1.95,1.9
E3,2023-08-12,15:00:00,Walsall,Stockport,2,1,1.0,0.0,H,H,4.0,3.3,2.0,2.35,1.57
E3,2023-08-15,19:45:00,Accrington,Barrow,1,1,1.0,0.0,D,H,2.55,3.1,2.9,2.15,1.67
E3,2023-08-15,19:45:00,Colchester,AFC Wimbledon,0,2,0.0,0.0,A,D,2.25,3.3,3.2,2.15,1.67
E3,2023-08-15,19:45:00,Crawley Town,Milton Keynes Dons,2,1,1.0,1.0,H,D,3.0,3.3,2.38,2.03,1.83
E3,2023-08-15,19:45:00,Crewe,Newport County,4,2,1.0,1.0,H,D,3.2,3.3,2.3,2.0,1.85
E3,2023-08-15,19:45:00,Doncaster,Mansfield,2,2,1.0,1.0,D,D,4.2,3.6,1.85,1.95,1.9
E3,2023-08-15,19:45:00,Forest Green,Swindon,1,2,1.0,0.0,A,H,2.7,3.4,2.63,1.93,1.93
E3,2023-08-15,19:45:00,Grimsby,Salford,2,0,1.0,0.0,H,H,2.63,3.3,2.7,2.03,1.83
E3,2023-08-15,19:45:00,Morecambe,Notts County,0,0,0.0,0.0,D,D,4.5,3.75,1.8,1.7,2.1
E3,2023-08-15,19:45:00,Stockport,Bradford,1,1,0.0,0.0,D,D,1.85,3.5,4.5,2.15,1.67
E3,2023-08-15,19:45:00,Sutton,Gillingham,0,1,0.0,1.0,A,A,2.63,3.2,2.8,2.4,1.53
E3,2023-08-15,19:45:00,Tranmere,Harrogate,3,0,2.0,0.0,H,H,2.1,3.5,3.4,2.05,1.75
E3,2023-08-15,19:45:00,Wrexham,Walsall,4,2,2.0,1.0,H,H,1.55,4.2,5.5,1.8,2.0
E3,2023-08-19,15:00:00,Accrington,Harrogate,2,1,1.0,0.0,H,H,2.1,3.5,3.5,2.0,1.85
E3,2023-08-19,15:00:00,Colchester,Milton Keynes Dons,2,3,2.0,1.0,A,H,2.75,3.3,2.6,2.05,1.75
E3,2023-08-19,15:00:00,Crawley Town,Gillingham,0,1,0.0,1.0,A,A,3.0,3.2,2.5,2.25,1.62
E3,2023-08-19,15:00:00,Crewe,Walsall,2,2,0.0,2.0,D,A,2.7,3.4,2.6,1.98,1.88
E3,2023-08-19,15:00:00,Doncaster,Notts County,1,3,0.0,1.0,A,A,4.33,3.75,1.83,1.7,2.1
E3,2023-08-19,15:00:00,Forest Green,Newport County,0,3,0.0,2.0,A,A,2.63,3.3,2.75,2.0,1.85
E3,2023-08-19,15:00:00,Grimsby,Mansfield,1,1,1.0,0.0,D,H,3.25,3.4,2.25,1.98,1.88
E3,2023-08-19,15:00:00,Morecambe,Bradford,3,0,1.0,0.0,H,H,3.5,3.2,2.15,1.93,1.93
E3,2023-08-19,15:00:00,Stockport,Barrow,1,0,0.0,0.0,H,D,1.73,3.75,5.0,2.1,1.78
E3,2023-08-19,15:00:00,Sutton,AFC Wimbledon,0,3,0.0,0.0,A,D,2.38,3.2,3.1,2.15,1.67
E3,2023-08-19,15:00:00,Tranmere,Salford,3,4,2.0,1.0,A,H,2.9,3.3,2.5,2.05,1.75
E3,2023-08-19,15:00:00,Wrexham,Swindon,5,5,1.0,4.0,D,A,1.57,4.2,5.5,1.65,2.2
E3,2023-08-26,15:00:00,AFC Wimbledon,Forest Green,1,1,1.0,0.0,D,H,1.83,3.6,4.33,2.0,1.85
E3,2023-08-26,15:00:00,Barrow,Wrexham,1,1,0.0,1.0,D,A,3.2,3.5,2.2,1.88,1.98
E3,2023-08-26,15:00:00,Bradford,Crewe,1,0,1.0,0.0,H,H,1.6,4.0,5.25,1.8,2.05
E3,2023-08-26,15:00:00,Gillingham,Colchester,0,3,0.0,0.0,A,D,1.75,3.6,4.75,2.35,1.57
E3,2023-08-26,15:00:00,Harrogate,Morecambe,2,0,1.0,0.0,H,H,2.38,3.5,2.9,1.98,1.88
E3,2023-08-26,15:00:00,Mansfield,Stockport,3,2,1.0,2.0,H,A,2.3,3.4,3.1,2.05,1.75
E3,2023-08-26,15:00:00,Milton Keynes Dons,Doncaster,2,1,2.0,0.0,H,H,1.67,3.8,5.0,1.9,1.95
E3,2023-08-26,15:00:00,Newport County,Sutton,3,1,0.0,0.0,H,D,1.95,3.4,3.9,2.05,1.75
E3,2023-08-26,15:00:00,Notts County,Tranmere,2,1,1.0,0.0,H,H,1.57,4.33,5.75,1.65,2.2
E3,2023-08-26,15:00:00,Salford,Accrington,1,2,0.0,2.0,A,A,1.83,3.5,4.5,1.88,1.98
E3,2023-08-26,15:00:00,Swindon,Crawley Town,6,0,1.0,0.0,H,H,2.0,3.6,3.75,1.85,2.0
E3,2023-08-26,15:00:00,Walsall,Grimsby,1,1,0.0,0.0,D,D,2.5,3.3,2.88,2.15,1.67
E3,2023-09-02,12:30:00,Tranmere,Wrexham,0,1,0.0,0.0,A,D,3.4,3.6,2.05,1.7,2.1
E3,2023-09-02,15:00:00,Crewe,Milton Keynes Dons,3,1,0.0,1.0,H,A,3.1,3.4,2.3,1.75,2.05
E3,2023-09-02,15:00:00,Doncaster,Swindon,0,0,0.0,0.0,D,D,2.9,3.4,2.4,1.9,1.95
E3,2023-09-02,15:00:00,Grimsby,Gillingham,2,0,2.0,0.0,H,H,2.5,3.25,2.9,2.3,1.6
E3,2023-09-02,15:00:00,Harrogate,Barrow,0,1,0.0,1.0,A,A,2.5,3.3,2.88,2.05,1.75
E3,2023-09-02,15:00:00,Mansfield,Bradford,0,0,0.0,0.0,D,D,1.91,3.5,4.2,1.95,1.9
E3,2023-09-02,15:00:00,Morecambe,Salford,1,0,1.0,0.0,H,H,2.8,3.4,2.5,1.95,1.9
E3,2023-09-02,15:00:00,Newport County,AFC Wimbledon,2,2,1.0,2.0,D,A,2.6,3.25,2.8,2.0,1.8
E3,2023-09-02,15:00:00,Notts County,Accrington,3,1,1.0,1.0,H,D,1.6,4.2,5.25,1.57,2.35
E3,2023-09-02,15:00:00,Stockport,Crawley Town,3,3,2.0,1.0,D,H,1.53,4.0,6.5,1.9,1.95
E3,2023-09-02,15:00:00,Sutton,Forest Green,0,1,0.0,0.0,A,D,2.1,3.4,3.5,2.0,1.85
E3,2023-09-02,15:00:00,Walsall,Colchester,1,0,0.0,0.0,H,D,2.2,3.4,3.3,2.1,1.7
E3,2023-09-09,12:30:00,Bradford,Grimsby,1,1,0.0,1.0,D,A,1.95,3.5,3.8,2.0,1.85
E3,2023-09-09,15:00:00,Accrington,Mansfield,0,3,0.0,2.0,A,A,3.3,3.4,2.15,1.85,2.0
E3,2023-09-09,15:00:00,AFC Wimbledon,Stockport,1,2,1.0,0.0,A,H,2.75,3.3,2.6,2.1,1.7
E3,2023-09-09,15:00:00,Colchester,Tranmere,2,0,1.0,0.0,H,H,2.3,3.2,3.3,1.95,1.85
E3,2023-09-09,15:00:00,Crawley Town,Newport County,4,1,1.0,1.0,H,D,3.2,3.3,2.3,1.88,1.98
E3,2023-09-09,15:00:00,Forest Green,Crewe,1,4,1.0,0.0,A,H,2.2,3.5,3.25,1.85,2.0
E3,2023-09-09,15:00:00,Gillingham,Harrogate,1,0,0.0,0.0,H,D,1.83,3.5,4.5,2.15,1.67
E3,2023-09-09,15:00:00,Milton Keynes Dons,Notts County,1,1,0.0,0.0,D,D,3.0,3.6,2.3,1.6,2.3
E3,2023-09-09,15:00:00,Salford,Walsall,1,2,1.0,0.0,A,H,2.05,3.5,3.5,1.95,1.9
E3,2023-09-09,15:00:00,Swindon,Sutton,5,3,3.0,2.0,H,H,1.75,3.6,4.5,1.8,2.0
E3,2023-09-09,15:00:00,Wrexham,Doncaster,2,1,1.0,0.0,H,H,1.44,4.5,7.5,1.57,2.35
E3,2023-09-15,19:45:00,Salford,Notts County,0,2,0.0,1.0,A,A,3.0,3.8,2.2,1.57,2.35
E3,2023-09-16,15:00:00,Accrington,Sutton,4,1,1.0,0.0,H,H,2.05,3.6,3.4,1.83,2.03
E3,2023-09-16,15:00:00,AFC Wimbledon,Crewe,2,2,2.0,0.0,D,H,1.73,3.8,4.33,1.73,2.08
E3,2023-09-16,15:00:00,Bradford,Harrogate,1,1,0.0,0.0,D,D,1.73,3.75,4.75,2.0,1.85
E3,2023-09-16,15:00:00,Colchester,Mansfield,1,1,1.0,0.0,D,H,3.75,3.6,1.95,1.83,2.03
E3,2023-09-16,15:00:00,Crawley Town,Tranmere,3,2,0.0,1.0,H,A,2.25,3.4,3.2,1.85,2.0
E3,2023-09-16,15:00:00,Forest Green,Doncaster,1,2,0.0,1.0,A,A,2.2,3.4,3.3,1.98,1.88
E3,2023-09-16,15:00:00,Gillingham,Morecambe,2,1,2.0,1.0,H,H,1.8,3.5,5.0,2.1,1.7
E3,2023-09-16,15:00:00,Milton Keynes Dons,Stockport,1,2,1.0,2.0,A,A,2.9,3.75,2.25,1.8,2.0
E3,2023-09-16,15:00:00,Newport County,Barrow,1,1,1.0,0.0,D,H,2.05,3.5,3.6,2.03,1.83
E3,2023-09-16,15:00:00,Swindon,Walsall,2,0,1.0,0.0,H,H,1.95,3.6,3.8,1.78,2.1
E3,2023-09-16,15:00:00,Wrexham,Grimsby,3,0,2.0,0.0,H,H,1.62,4.0,5.25,1.65,2.2
E3,2023-09-23,15:00:00,Crewe,Colchester,2,1,2.0,0.0,H,H,2.45,3.6,2.75,1.83,2.03
E3,2023-09-23,15:00:00,Doncaster,Gillingham,2,1,1.0,1.0,H,D,3.1,3.25,2.38,2.25,1.62
E3,2023-09-23,15:00:00,Grimsby,Crawley Town,2,3,2.0,2.0,A,D,2.0,3.5,3.75,1.93,1.93
E3,2023-09-23,15:00:00,Harrogate,Salford,3,2,2.0,1.0,H,H,3.0,3.3,2.4,1.9,1.95
E3,2023-09-23,15:00:00,Mansfield,Barrow,1,0,0.0,0.0,H,D,1.65,3.75,5.75,1.95,1.9
E3,2023-09-23,15:00:00,Morecambe,Swindon,2,2,1.0,1.0,D,D,3.3,3.6,2.1,1.73,2.08
E3,2023-09-23,15:00:00,Newport County,Bradford,1,4,1.0,3.0,A,A,2.25,3.4,3.2,2.0,1.85
E3,2023-09-23,15:00:00,Notts County,Forest Green,4,3,2.0,0.0,H,H,1.53,4.33,6.0,1.53,2.4
E3,2023-09-23,15:00:00,Stockport,Wrexham,5,0,3.0,0.0,H,H,2.45,3.6,2.75,1.73,2.08
E3,2023-09-23,15:00:00,Sutton,Milton Keynes Dons,1,1,1.0,0.0,D,H,2.7,3.4,2.6,1.83,2.03
E3,2023-09-23,15:00:00,Tranmere,Accrington,2,0,1.0,0.0,H,H,2.75,3.4,2.55,1.85,2.0
E3,2023-09-23,15:00:00,Walsall,AFC Wimbledon,1,3,0.0,1.0,A,A,2.63,3.3,2.7,2.08,1.73
E3,2023-09-30,15:00:00,Accrington,Stockport,1,3,0.0,2.0,A,A,3.5,3.4,2.05,1.8,2.0
E3,2023-09-30,15:00:00,AFC Wimbledon,Tranmere,4,1,2.0,1.0,H,H,1.7,3.75,5.25,1.88,1.98
E3,2023-09-30,15:00:00,Barrow,Doncaster,3,2,1.0,0.0,H,H,1.91,3.5,4.0,2.03,1.83
E3,2023-09-30,15:00:00,Bradford,Walsall,1,3,1.0,2.0,A,A,1.83,3.4,4.5,2.05,1.75
E3,2023-09-30,15:00:00,Colchester,Notts County,5,4,3.0,1.0,H,H,3.6,3.6,2.0,1.67,2.15
E3,2023-09-30,15:00:00,Crawley Town,Sutton,3,0,1.0,0.0,H,H,2.0,3.7,3.5,1.73,2.08
E3,2023-09-30,15:00:00,Forest Green,Morecambe,1,2,0.0,1.0,A,A,2.0,3.5,3.75,1.93,1.93
E3,2023-09-30,15:00:00,Gillingham,Mansfield,1,1,1.0,1.0,D,D,3.0,3.4,2.3,2.15,1.67
E3,2023-09-30,15:00:00,Milton Keynes Dons,Harrogate,0,1,0.0,1.0,A,A,1.8,3.8,4.0,1.85,2.0
E3,2023-09-30,15:00:00,Salford,Newport County,2,1,2.0,1.0,H,H,2.25,3.6,3.0,1.83,2.03
E3,2023-09-30,15:00:00,Swindon,Grimsby,2,1,1.0,0.0,H,H,1.83,3.5,4.5,1.73,2.08
E3,2023-09-30,15:00:00,Wrexham,Crewe,3,3,1.0,2.0,D,A,1.4,4.75,8.0,1.44,2.7
E3,2023-10-03,19:45:00,Crewe,Gillingham,2,0,1.0,0.0,H,H,2.75,3.2,2.63,2.0,1.85
E3,2023-10-03,19:45:00,Doncaster,Crawley Town,2,0,1.0,0.0,H,H,2.63,3.6,2.5,1.73,2.08
E3,2023-10-03,19:45:00,Grimsby,Barrow,2,1,1.0,0.0,H,H,2.1,3.3,3.6,2.15,1.67
E3,2023-10-03,19:45:00,Harrogate,AFC Wimbledon,0,1,0.0,1.0,A,A,3.4,3.5,2.15,2.05,1.8
E3,2023-10-03,19:45:00,Mansfield,Wrexham,0,0,0.0,0.0,D,D,2.25,3.6,2.9,1.62,2.25
E3,2023-10-03,19:45:00,Morecambe,Accrington,1,1,0.0,0.0,D,D,2.55,3.3,2.75,1.88,1.98
E3,2023-10-03,19:45:00,Newport County,Colchester,2,1,1.0,1.0,H,D,2.25,3.6,3.0,1.8,2.0
E3,2023-10-03,19:45:00,Notts County,Swindon,3,1,3.0,0.0,H,H,1.83,4.2,3.75,1.4,2.88
E3,2023-10-03,19:45:00,Stockport,Forest Green,2,0,2.0,0.0,H,H,1.4,4.5,8.5,1.62,2.25
E3,2023-10-03,19:45:00,Sutton,Salford,0,2,0.0,0.0,A,D,2.5,3.75,2.6,1.75,2.05
E3,2023-10-03,19:45:00,Tranmere,Bradford,2,1,1.0,0.0,H,H,3.1,3.4,2.25,1.98,1.88
E3,2023-10-03,19:45:00,Walsall,Milton Keynes Dons,0,0,0.0,0.0,D,D,2.6,3.4,2.6,1.9,1.95
E3,2023-10-07,15:00:00,Accrington,Forest Green,2,1,1.0,0.0,H,H,2.1,3.75,3.3,1.73,2.08
E3,2023-10-07,15:00:00,Barrow,Notts County,1,1,0.0,1.0,D,A,3.6,3.4,2.05,1.7,2.1
E3,2023-10-07,15:00:00,Bradford,Swindon,1,0,0.0,0.0,H,D,2.38,3.4,3.0,1.75,2.05
E3,2023-10-07,15:00:00,Colchester,Morecambe,1,3,0.0,1.0,A,A,1.91,3.75,3.8,1.75,2.05
E3,2023-10-07,15:00:00,Crawley Town,Wrexham,0,1,0.0,1.0,A,A,3.8,3.75,1.95,1.53,2.4
E3,2023-10-07,15:00:00,Gillingham,Milton Keynes Dons,2,1,1.0,0.0,H,H,2.25,3.4,3.2,2.08,1.73
E3,2023-10-07,15:00:00,Mansfield,AFC Wimbledon,0,0,0.0,0.0,D,D,1.95,3.4,4.0,1.93,1.93
E3,2023-10-07,15:00:00,Newport County,Harrogate,1,2,0.0,1.0,A,A,1.95,3.5,4.0,1.93,1.93
E3,2023-10-07,15:00:00,Salford,Crewe,4,2,1.0,1.0,H,D,2.15,3.5,3.4,1.73,2.08
E3,2023-10-07,15:00:00,Stockport,Doncaster,1,0,0.0,0.0,H,D,1.5,4.2,7.0,1.7,2.1
E3,2023-10-07,15:00:00,Sutton,Walsall,4,0,4.0,0.0,H,H,2.6,3.4,2.7,1.98,1.88
E3,2023-10-07,15:00:00,Tranmere,Grimsby,2,2,1.0,2.0,D,A,2.7,3.3,2.6,1.98,1.88
E3,2023-10-14,12:30:00,Notts County,Mansfield,1,4,1.0,1.0,A,D,2.3,3.5,3.0,1.65,2.2
E3,2023-10-14,15:00:00,AFC Wimbledon,Bradford,0,1,0.0,0.0,A,D,2.0,3.5,3.75,2.05,1.75
E3,2023-10-14,15:00:00,Crewe,Tranmere,2,0,1.0,0.0,H,H,1.95,3.75,3.75,1.73,2.08
E3,2023-10-14,15:00:00,Doncaster,Sutton,4,1,1.0,0.0,H,H,1.95,3.6,3.8,1.8,2.0
E3,2023-10-14,15:00:00,Forest Green,Colchester,5,0,1.0,0.0,H,H,2.5,3.5,2.7,1.8,2.05
E3,2023-10-14,15:00:00,Grimsby,Accrington,0,2,0.0,0.0,A,D,2.1,3.4,3.6,1.9,1.95
E3,2023-10-14,15:00:00,Harrogate,Stockport,1,3,0.0,1.0,A,A,5.0,3.6,1.75,1.93,1.93
E3,2023-10-14,15:00:00,Milton Keynes Dons,Barrow,2,2,2.0,0.0,D,H,2.1,3.5,3.5,2.0,1.85
E3,2023-10-14,15:00:00,Swindon,Newport County,2,0,1.0,0.0,H,H,1.75,3.75,4.75,1.62,2.25
E3,2023-10-14,15:00:00,Walsall,Gillingham,4,1,2.0,0.0,H,H,2.75,3.3,2.6,2.1,1.7
E3,2023-10-14,15:00:00,Wrexham,Salford,3,2,1.0,2.0,H,A,1.53,4.33,6.0,1.53,2.4
E3,2023-10-20,19:45:00,Newport County,Walsall,3,3,2.0,1.0,D,H,2.38,3.3,2.9,1.85,1.95
E3,2023-10-20,19:45:00,Tranmere,Doncaster,1,2,0.0,1.0,A,A,2.88,3.3,2.5,1.85,2.0
E3,2023-10-21,15:00:00,Accrington,Milton Keynes Dons,1,0,1.0,0.0,H,H,2.63,3.4,2.55,1.73,2.08
E3,2023-10-21,15:00:00,Barrow,AFC Wimbledon,0,0,0.0,0.0,D,D,2.9,3.1,2.5,2.0,1.8
E3,2023-10-21,15:00:00,Bradford,Wrexham,1,1,0.0,0.0,D,D,2.88,3.5,2.38,1.83,2.03
E3,2023-10-21,15:00:00,Colchester,Harrogate,1,2,0.0,0.0,A,D,1.91,3.6,3.8,1.83,2.03
E3,2023-10-21,15:00:00,Crawley Town,Crewe,2,4,2.0,1.0,A,H,2.1,3.6,3.2,1.57,2.35
E3,2023-10-21,15:00:00,Gillingham,Notts County,1,2,0.0,1.0,A,A,2.55,3.75,2.55,1.67,2.15
E3,2023-10-21,15:00:00,Salford,Swindon,2,2,1.0,1.0,D,D,2.7,3.4,2.5,1.6,2.3
E3,2023-10-21,15:00:00,Stockport,Grimsby,3,2,2.0,1.0,H,H,1.53,4.2,6.0,1.83,2.03
E3,2023-10-21,15:00:00,Sutton,Morecambe,2,3,1.0,2.0,A,A,2.45,3.4,2.8,1.88,1.98
E3,2023-10-24,19:45:00,AFC Wimbledon,Accrington,2,4,0.0,2.0,A,A,1.7,3.75,5.0,1.85,2.0
E3,2023-10-24,19:45:00,Crewe,Stockport,0,2,0.0,0.0,A,D,4.2,3.8,1.8,1.62,2.25
E3,2023-10-24,19:45:00,Doncaster,Salford,0,3,0.0,2.0,A,A,2.2,3.4,3.3,1.7,2.1
E3,2023-10-24,19:45:00,Forest Green,Barrow,0,2,0.0,2.0,A,A,2.5,3.5,2.75,2.05,1.8
E3,2023-10-24,19:45:00,Grimsby,Colchester,2,3,1.0,2.0,A,A,2.1,3.5,3.4,1.8,2.0
E3,2023-10-24,19:45:00,Harrogate,Mansfield,1,4,0.0,3.0,A,A,5.25,4.2,1.62,1.85,2.0
E3,2023-10-24,19:45:00,Milton Keynes Dons,Bradford,4,1,2.0,1.0,H,H,2.4,3.3,3.0,2.05,1.75
E3,2023-10-24,19:45:00,Morecambe,Tranmere,1,0,0.0,0.0,H,D,2.05,3.4,3.6,1.88,1.98
E3,2023-10-24,19:45:00,Notts County,Newport County,3,0,2.0,0.0,H,H,1.55,4.33,5.5,1.44,2.7
E3,2023-10-24,19:45:00,Swindon,Gillingham,0,1,0.0,1.0,A,A,1.83,3.6,4.5,1.73,2.08
E3,2023-10-24,19:45:00,Walsall,Crawley Town,1,1,0.0,0.0,D,D,2.2,3.4,3.25,1.8,2.0
E3,2023-10-24,19:45:00,Wrexham,Sutton,2,1,1.0,0.0,H,H,1.4,5.75,6.5,1.44,2.7
E3,2023-10-28,15:00:00,Accrington,Colchester,0,1,0.0,0.0,A,D,2.0,3.75,3.5,1.65,2.2
E3,2023-10-28,15:00:00,Barrow,Salford,0,0,0.0,0.0,D,D,2.0,3.6,3.6,1.85,2.0
E3,2023-10-28,15:00:00,Doncaster,Grimsby,1,0,0.0,0.0,H,D,2.25,3.6,3.0,1.83,2.03
E3,2023-10-28,15:00:00,Forest Green,Crawley Town,2,1,2.0,1.0,H,H,2.1,3.6,3.4,1.62,2.25
E3,2023-10-28,15:00:00,Gillingham,Newport County,0,2,0.0,2.0,A,A,1.85,3.6,4.2,2.0,1.85
E3,2023-10-28,15:00:00,Harrogate,Crewe,0,1,0.0,1.0,A,A,3.0,3.5,2.3,1.67,2.15
E3,2023-10-28,15:00:00,Mansfield,Walsall,2,1,1.0,0.0,H,H,1.5,4.5,5.75,1.65,2.2
E3,2023-10-28,15:00:00,Milton Keynes Dons,Swindon,3,2,1.0,0.0,H,H,2.45,3.75,2.7,1.6,2.3
E3,2023-10-28,15:00:00,Morecambe,AFC Wimbledon,4,1,0.0,0.0,H,D,3.1,3.3,2.3,1.95,1.9
E3,2023-10-28,15:00:00,Notts County,Wrexham,0,2,0.0,0.0,A,D,2.3,3.75,2.8,1.48,2.6
E3,2023-10-28,15:00:00,Stockport,Tranmere,2,0,1.0,0.0,H,H,1.33,5.0,10.0,1.73,2.08
E3,2023-10-28,15:00:00,Sutton,Bradford,2,1,1.0,0.0,H,H,3.0,3.3,2.38,2.0,1.85
E3,2023-10-31,19:45:00,Barrow,Morecambe,1,0,1.0,0.0,H,H,1.8,3.6,4.5,1.93,1.93
E3,2023-11-07,19:45:00,Colchester,Swindon,3,1,0.0,1.0,H,A,2.63,3.8,2.4,1.57,2.35
E3,2023-11-11,15:00:00,AFC Wimbledon,Doncaster,2,0,1.0,0.0,H,H,1.8,3.75,4.33,1.73,2.08
E3,2023-11-11,15:00:00,Bradford,Barrow,1,2,1.0,1.0,A,D,2.25,3.25,3.3,2.25,1.62
E3,2023-11-11,15:00:00,Colchester,Sutton,1,1,0.0,0.0,D,D,2.0,3.75,3.5,1.7,2.1
E3,2023-11-11,15:00:00,Crawley Town,Accrington,3,1,1.0,1.0,H,D,2.3,3.8,2.75,1.53,2.4
E3,2023-11-11,15:00:00,Crewe,Notts County,1,0,0.0,0.0,H,D,2.88,4.0,2.2,1.48,2.6
E3,2023-11-11,15:00:00,Grimsby,Morecambe,3,2,0.0,1.0,H,A,2.15,3.5,3.25,1.93,1.93
E3,2023-11-11,15:00:00,Newport County,Milton Keynes Dons,0,0,0.0,0.0,D,D,3.0,3.6,2.25,1.73,2.08
E3,2023-11-11,15:00:00,Salford,Mansfield,1,2,1.0,2.0,A,A,4.33,3.8,1.8,1.62,2.25
E3,2023-11-11,15:00:00,Swindon,Stockport,2,4,1.0,0.0,A,H,3.25,4.2,2.0,1.6,2.3
E3,2023-11-11,15:00:00,Tranmere,Forest Green,3,0,1.0,0.0,H,H,2.6,3.75,2.55,1.7,2.1
E3,2023-11-11,15:00:00,Walsall,Harrogate,0,1,0.0,0.0,A,D,1.8,3.6,4.75,1.75,2.05
E3,2023-11-11,15:00:00,Wrexham,Gillingham,2,0,1.0,0.0,H,H,1.62,4.0,5.25,1.67,2.15
E3,2023-11-18,12:30:00,Notts County,Bradford,4,2,4.0,0.0,H,H,1.85,3.6,4.33,1.7,2.1
E3,2023-11-18,15:00:00,Accrington,Wrexham,2,0,0.0,0.0,H,D,3.2,4.0,2.05,1.6,2.3
E3,2023-11-18,15:00:00,Barrow,Crawley Town,1,0,0.0,0.0,H,D,1.91,3.6,4.0,1.9,1.95
E3,2023-11-18,15:00:00,Forest Green,Grimsby,2,2,2.0,0.0,D,H,2.4,3.5,2.88,1.8,2.0
E3,2023-11-18,15:00:00,Gillingham,Salford,3,1,1.0,1.0,H,D,2.0,3.5,3.75,1.9,1.95
E3,2023-11-18,15:00:00,Harrogate,Swindon,1,1,0.0,1.0,D,A,3.4,3.9,2.0,1.65,2.2
E3,2023-11-18,15:00:00,Mansfield,Newport County,2,0,1.0,0.0,H,H,1.4,5.0,7.0,1.62,2.25
E3,2023-11-18,15:00:00,Stockport,Colchester,2,0,1.0,0.0,H,H,1.4,4.75,8.0,1.57,2.35
E3,2023-11-18,15:00:00,Sutton,Tranmere,1,1,0.0,1.0,D,A,2.15,3.5,3.3,1.8,2.0
E3,2023-11-25,15:00:00,AFC Wimbledon,Notts County,4,2,2.0,0.0,H,H,2.5,3.6,2.63,1.67,2.15
E3,2023-11-25,15:00:00,Bradford,Accrington,1,0,0.0,0.0,H,D,2.15,3.5,3.25,1.8,2.0
E3,2023-11-25,15:00:00,Colchester,Barrow,1,4,1.0,0.0,A,H,2.7,3.3,2.55,1.98,1.88
E3,2023-11-25,15:00:00,Crawley Town,Harrogate,2,1,1.0,1.0,H,D,1.83,3.5,4.33,1.7,2.1
E3,2023-11-25,15:00:00,Crewe,Doncaster,3,2,2.0,1.0,H,H,2.2,3.6,3.1,1.7,2.1
E3,2023-11-25,15:00:00,Grimsby,Sutton,1,1,1.0,1.0,D,D,1.95,3.4,4.0,1.75,2.05
E3,2023-11-25,15:00:00,Newport County,Stockport,2,1,1.0,0.0,H,H,5.0,3.75,1.67,1.75,2.05
E3,2023-11-25,15:00:00,Salford,Milton Keynes Dons,2,4,2.0,1.0,A,H,2.7,3.4,2.5,1.62,2.25
E3,2023-11-25,15:00:00,Swindon,Mansfield,2,1,1.0,0.0,H,H,3.25,4.0,2.0,1.6,2.3
E3,2023-11-25,15:00:00,Tranmere,Gillingham,3,1,1.0,0.0,H,H,2.88,3.3,2.4,2.08,1.73
E3,2023-11-25,15:00:00,Walsall,Forest Green,0,0,0.0,0.0,D,D,2.15,3.5,3.25,1.83,2.03
E3,2023-11-25,15:00:00,Wrexham,Morecambe,6,0,3.0,0.0,H,H,1.4,4.75,8.0,1.53,2.4
E3,2023-11-28,19:45:00,Accrington,Swindon,3,4,0.0,2.0,A,A,2.2,3.5,3.25,1.57,2.35
E3,2023-11-28,19:45:00,Barrow,Walsall,2,0,1.0,0.0,H,H,1.95,3.4,4.0,2.2,1.7
E3,2023-11-28,19:45:00,Doncaster,Colchester,3,1,1.0,1.0,H,D,2.05,3.4,3.75,1.85,2.0
E3,2023-11-28,19:45:00,Forest Green,Bradford,0,3,0.0,2.0,A,A,2.75,3.4,2.5,1.98,1.88
E3,2023-11-28,19:45:00,Gillingham,AFC Wimbledon,1,0,0.0,0.0,H,D,2.8,3.5,2.45,2.05,1.75
E3,2023-11-28,19:45:00,Harrogate,Wrexham,2,2,1.0,2.0,D,A,5.75,3.8,1.6,1.67,2.15
E3,2023-11-28,19:45:00,Mansfield,Tranmere,2,2,1.0,1.0,D,D,1.36,5.0,8.0,1.62,2.25
E3,2023-11-28,19:45:00,Milton Keynes Dons,Grimsby,1,1,0.0,1.0,D,A,1.73,3.9,4.75,1.75,2.05
E3,2023-11-28,19:45:00,Morecambe,Newport County,1,2,1.0,1.0,A,D,2.2,3.3,3.4,1.85,1.95
E3,2023-11-28,19:45:00,Notts County,Crawley Town,3,1,1.0,1.0,H,D,1.6,4.2,5.5,1.44,2.7
E3,2023-11-28,19:45:00,Stockport,Salford,0,0,0.0,0.0,D,D,1.44,4.5,7.0,1.57,2.35
E3,2023-11-28,19:45:00,Sutton,Crewe,1,1,1.0,1.0,D,D,2.63,3.5,2.6,1.7,2.1
E3,2023-12-09,15:00:00,Accrington,Doncaster,0,0,0.0,0.0,D,D,2.05,3.6,3.4,1.73,2.08
E3,2023-12-09,15:00:00,AFC Wimbledon,Swindon,4,0,1.0,0.0,H,H,1.91,3.8,3.6,1.65,2.2
E3,2023-12-09,15:00:00,Colchester,Crawley Town,1,2,0.0,1.0,A,A,2.4,3.6,2.88,1.67,2.15
E3,2023-12-09,15:00:00,Grimsby,Crewe,2,1,2.0,0.0,H,H,2.38,3.6,2.9,1.75,2.05
E3,2023-12-09,15:00:00,Morecambe,Stockport,1,1,0.0,0.0,D,D,5.25,3.6,1.73,1.93,1.93
E3,2023-12-09,15:00:00,Notts County,Walsall,1,2,1.0,0.0,A,H,1.6,4.0,5.5,1.6,2.3
E3,2023-12-09,15:00:00,Tranmere,Newport County,2,1,0.0,1.0,H,A,2.3,3.6,2.8,1.73,2.08
E3,2023-12-16,15:00:00,Crawley Town,Mansfield,1,3,1.0,1.0,A,D,4.0,3.8,1.83,1.57,2.35
E3,2023-12-16,15:00:00,Crewe,Accrington,3,3,2.0,1.0,D,H,2.6,3.5,2.63,1.7,2.1
E3,2023-12-16,15:00:00,Doncaster,Morecambe,0,5,0.0,2.0,A,A,2.1,3.5,3.5,1.9,1.95
E3,2023-12-16,15:00:00,Gillingham,Bradford,0,2,0.0,1.0,A,A,2.45,3.3,3.0,2.25,1.62
E3,2023-12-16,15:00:00,Harrogate,Notts County,3,1,2.0,0.0,H,H,4.33,3.75,1.8,1.6,2.3
E3,2023-12-16,15:00:00,Milton Keynes Dons,Forest Green,2,0,2.0,0.0,H,H,1.65,4.0,5.25,1.67,2.15
E3,2023-12-16,15:00:00,Newport County,Grimsby,1,1,0.0,0.0,D,D,2.63,3.4,2.63,1.95,1.9
E3,2023-12-16,15:00:00,Salford,AFC Wimbledon,0,0,0.0,0.0,D,D,3.6,3.5,2.05,1.88,1.98
E3,2023-12-16,15:00:00,Stockport,Sutton,8,0,4.0,0.0,H,H,1.36,5.0,8.0,1.62,2.25
E3,2023-12-16,15:00:00,Swindon,Barrow,0,3,0.0,1.0,A,A,2.6,3.6,2.6,1.83,2.03
E3,2023-12-16,15:00:00,Walsall,Tranmere,1,0,0.0,0.0,H,D,1.95,3.6,3.8,1.98,1.88
E3,2023-12-16,15:00:00,Wrexham,Colchester,2,1,1.0,0.0,H,H,1.4,5.5,6.5,1.53,2.4
E3,2023-12-22,19:00:00,Forest Green,Gillingham,0,0,0.0,0.0,D,D,2.7,3.5,2.55,2.05,1.75
E3,2023-12-22,19:45:00,Colchester,Salford,2,1,1.0,0.0,H,H,2.1,3.5,3.6,1.7,2.1
E3,2023-12-22,19:45:00,Crawley Town,AFC Wimbledon,1,2,0.0,2.0,A,A,4.2,3.5,1.91,1.8,2.0
E3,2023-12-22,19:45:00,Crewe,Barrow,1,3,0.0,1.0,A,A,2.5,3.4,2.75,2.0,1.85
E3,2023-12-22,19:45:00,Doncaster,Bradford,1,3,1.0,2.0,A,A,3.0,3.2,2.5,2.1,1.7
E3,2023-12-22,19:45:00,Stockport,Notts County,2,1,1.0,0.0,H,H,1.7,3.75,5.0,1.73,2.08
E3,2023-12-23,15:00:00,Accrington,Walsall,2,1,1.0,1.0,H,D,2.4,3.5,2.88,1.8,2.0
E3,2023-12-23,15:00:00,Grimsby,Harrogate,1,2,0.0,1.0,A,A,1.83,3.75,4.2,1.98,1.88
E3,2023-12-23,15:00:00,Morecambe,Milton Keynes Dons,1,3,0.0,1.0,A,A,3.0,3.5,2.3,1.83,2.03
E3,2023-12-23,15:00:00,Sutton,Mansfield,0,2,0.0,1.0,A,A,4.75,4.2,1.65,1.73,2.08
E3,2023-12-23,15:00:00,Tranmere,Swindon,2,1,0.0,1.0,H,A,2.25,3.5,3.1,1.67,2.15
E3,2023-12-23,15:00:00,Wrexham,Newport County,2,0,0.0,0.0,H,D,1.45,4.33,7.5,1.57,2.35
E3,2023-12-26,12:30:00,Mansfield,Grimsby,2,0,2.0,0.0,H,H,1.53,4.2,6.25,1.7,2.1
E3,2023-12-26,13:00:00,Gillingham,Crawley Town,0,2,0.0,1.0,A,A,2.0,3.5,3.75,1.88,1.98
E3,2023-12-26,15:00:00,AFC Wimbledon,Sutton,0,1,0.0,0.0,A,D,1.57,4.2,6.0,1.83,2.03
E3,2023-12-26,15:00:00,Barrow,Stockport,2,2,2.0,1.0,D,H,3.3,3.4,2.2,2.15,1.67
E3,2023-12-26,15:00:00,Bradford,Morecambe,2,2,0.0,2.0,D,A,1.75,3.75,4.75,1.98,1.88
E3,2023-12-26,15:00:00,Harrogate,Accrington,2,1,0.0,0.0,H,D,3.0,3.4,2.3,1.85,2.0
E3,2023-12-26,15:00:00,Milton Keynes Dons,Colchester,1,0,0.0,0.0,H,D,1.62,4.0,5.25,1.67,2.15
E3,2023-12-26,15:00:00,Newport County,Forest Green,4,2,0.0,2.0,H,A,2.05,3.6,3.5,1.83,2.03
E3,2023-12-26,15:00:00,Notts County,Doncaster,3,0,2.0,0.0,H,H,1.67,3.75,5.25,1.6,2.3
E3,2023-12-26,15:00:00,Salford,Tranmere,1,5,0.0,2.0,A,A,2.3,3.5,3.0,1.75,2.05
E3,2023-12-26,15:00:00,Swindon,Wrexham,0,1,0.0,1.0,A,A,4.2,3.75,1.83,1.53,2.4
E3,2023-12-26,15:00:00,Walsall,Crewe,2,0,1.0,0.0,H,H,2.2,3.5,3.2,1.73,2.08
E3,2023-12-29,19:45:00,AFC Wimbledon,Colchester,5,3,2.0,2.0,H,D,1.57,4.0,6.0,1.7,2.1
E3,2023-12-29,19:45:00,Barrow,Accrington,1,1,0.0,0.0,D,D,1.75,3.8,4.5,1.88,1.98
E3,2023-12-29,19:45:00,Bradford,Stockport,0,0,0.0,0.0,D,D,3.25,3.3,2.25,2.15,1.67
E3,2023-12-29,19:45:00,Gillingham,Sutton,1,0,0.0,0.0,H,D,1.91,3.6,4.0,2.0,1.85
E3,2023-12-29,19:45:00,Harrogate,Tranmere,0,2,0.0,0.0,A,D,2.7,3.3,2.7,2.03,1.83
E3,2023-12-29,19:45:00,Mansfield,Doncaster,1,1,1.0,0.0,D,H,1.36,5.25,7.5,1.65,2.2
E3,2023-12-29,19:45:00,Milton Keynes Dons,Crawley Town,2,0,1.0,0.0,H,H,1.57,4.5,5.25,1.6,2.3
E3,2023-12-29,19:45:00,Newport County,Crewe,1,1,0.0,0.0,D,D,2.2,3.75,3.0,1.67,2.15
E3,2023-12-29,19:45:00,Notts County,Morecambe,5,0,4.0,0.0,H,H,1.57,4.0,5.75,1.6,2.3
E3,2023-12-29,19:45:00,Salford,Grimsby,0,3,0.0,1.0,A,A,2.55,3.6,2.63,1.73,2.08
E3,2023-12-29,19:45:00,Swindon,Forest Green,2,1,0.0,0.0,H,D,2.05,3.6,3.4,1.6,2.3
E3,2023-12-29,19:45:00,Walsall,Wrexham,3,1,1.0,1.0,H,D,3.4,3.6,2.1,1.88,1.98
E3,2024-01-01,15:00:00,Accrington,Salford,3,0,3.0,0.0,H,H,1.8,3.8,4.2,1.67,2.15
E3,2024-01-01,15:00:00,Colchester,Gillingham,0,1,0.0,0.0,A,D,2.75,3.3,2.55,1.95,1.9
E3,2024-01-01,15:00:00,Crawley Town,Swindon,3,1,2.0,0.0,H,H,2.3,3.6,2.9,1.62,2.25
E3,2024-01-01,15:00:00,Crewe,Bradford,1,0,1.0,0.0,H,H,3.0,3.5,2.3,1.7,2.1
E3,2024-01-01,15:00:00,Doncaster,Milton Keynes Dons,3,0,3.0,0.0,H,H,3.6,3.5,2.05,1.85,2.0
E3,2024-01-01,15:00:00,Forest Green,AFC Wimbledon,1,1,1.0,1.0,D,D,4.0,3.6,1.91,1.83,2.03
E3,2024-01-01,15:00:00,Grimsby,Walsall,1,6,1.0,2.0,A,A,2.38,3.25,3.1,1.98,1.88
E3,2024-01-01,15:00:00,Morecambe,Harrogate,2,2,0.0,1.0,D,A,2.25,3.6,3.0,1.67,2.15
E3,2024-01-01,15:00:00,Stockport,Mansfield,0,2,0.0,0.0,A,D,2.25,3.4,3.2,1.9,1.95
E3,2024-01-01,15:00:00,Sutton,Newport County,1,1,0.0,0.0,D,D,2.38,3.5,2.9,1.93,1.93
E3,2024-01-01,15:00:00,Tranmere,Notts County,4,2,2.0,2.0,H,D,3.2,3.6,2.15,1.62,2.25
E3,2024-01-01,15:00:00,Wrexham,Barrow,4,1,3.0,1.0,H,H,1.85,3.75,4.0,1.93,1.93
E3,2024-01-06,13:00:00,Harrogate,Doncaster,3,1,1.0,1.0,H,D,2.5,3.4,2.8,2.03,1.83
E3,2024-01-06,15:00:00,Barrow,Tranmere,1,0,0.0,0.0,H,D,1.85,3.6,4.2,2.05,1.75
E3,2024-01-06,15:00:00,Bradford,Crawley Town,2,4,0.0,1.0,A,A,1.73,4.0,4.5,1.85,2.0
E3,2024-01-06,15:00:00,Mansfield,Crewe,0,1,0.0,1.0,A,A,1.44,5.0,7.0,1.53,2.4
E3,2024-01-06,15:00:00,Salford,Forest Green,2,2,1.0,1.0,D,D,2.4,3.4,2.88,1.83,2.03
E3,2024-01-06,15:00:00,Swindon,Colchester,2,2,2.0,1.0,D,H,2.05,4.0,3.2,1.5,2.5
E3,2024-01-13,15:00:00,Accrington,Gillingham,1,2,0.0,0.0,A,D,2.3,3.5,3.0,2.0,1.85
E3,2024-01-13,15:00:00,Colchester,Bradford,1,1,0.0,1.0,D,A,3.75,3.75,1.91,1.9,1.95
E3,2024-01-13,15:00:00,Crawley Town,Salford,0,1,0.0,0.0,A,D,1.91,3.75,3.75,1.6,2.3
E3,2024-01-13,15:00:00,Crewe,Swindon,2,1,1.0,1.0,H,D,1.91,4.0,3.5,1.5,2.5
E3,2024-01-13,15:00:00,Doncaster,Newport County,0,1,0.0,0.0,A,D,2.2,3.6,3.1,1.75,2.05
E3,2024-01-13,15:00:00,Forest Green,Harrogate,0,2,0.0,0.0,A,D,2.05,3.6,3.5,1.9,1.95
E3,2024-01-13,15:00:00,Grimsby,Notts County,5,5,2.0,2.0,D,D,2.7,3.75,2.4,1.6,2.3
E3,2024-01-13,15:00:00,Morecambe,Mansfield,1,1,0.0,0.0,D,D,5.5,4.33,1.55,1.7,2.1
E3,2024-01-13,15:00:00,Stockport,Walsall,3,1,1.0,1.0,H,D,1.57,4.33,5.0,1.73,2.08
E3,2024-01-13,15:00:00,Sutton,Barrow,2,2,1.0,1.0,D,D,3.5,3.5,2.05,2.05,1.75
E3,2024-01-13,15:00:00,Tranmere,Milton Keynes Dons,1,2,1.0,1.0,A,D,2.63,3.6,2.45,1.65,2.2
E3,2024-01-13,15:00:00,Wrexham,AFC Wimbledon,2,0,0.0,0.0,H,D,1.91,3.75,3.8,1.67,2.15
E3,2024-01-20,15:00:00,Barrow,Crewe,1,3,1.0,1.0,A,D,1.8,3.8,4.33,1.93,1.93
E3,2024-01-20,15:00:00,Gillingham,Forest Green,1,1,0.0,0.0,D,D,1.8,3.6,4.5,1.98,1.88
E3,2024-01-20,15:00:00,Milton Keynes Dons,Morecambe,1,2,1.0,0.0,A,H,1.5,4.33,6.5,1.6,2.3
E3,2024-01-20,15:00:00,Newport County,Wrexham,1,0,1.0,0.0,H,H,3.9,3.9,1.85,1.73,2.08
E3,2024-01-23,19:45:00,Bradford,Salford,1,1,1.0,1.0,D,D,1.67,3.8,5.25,1.83,2.03
E3,2024-01-23,19:45:00,Mansfield,Sutton,1,1,1.0,1.0,D,D,1.33,5.5,8.0,1.6,2.3
E3,2024-01-23,19:45:00,Milton Keynes Dons,AFC Wimbledon,3,1,3.0,0.0,H,H,2.15,3.4,3.4,1.9,1.95
E3,2024-01-27,15:00:00,AFC Wimbledon,Mansfield,2,1,1.0,0.0,H,H,3.2,3.2,2.38,1.98,1.88
E3,2024-01-27,15:00:00,Crewe,Salford,2,3,2.0,1.0,A,H,1.95,3.75,3.6,1.67,2.15
E3,2024-01-27,15:00:00,Doncaster,Stockport,1,5,0.0,3.0,A,A,4.5,3.6,1.8,2.05,1.75
E3,2024-01-27,15:00:00,Forest Green,Accrington,0,1,0.0,1.0,A,A,2.5,3.5,2.75,1.75,2.05
E3,2024-01-27,15:00:00,Grimsby,Tranmere,1,2,1.0,1.0,A,D,2.15,3.5,3.3,1.85,2.0
E3,2024-01-27,15:00:00,Milton Keynes Dons,Gillingham,2,1,0.0,0.0,H,D,1.95,3.4,4.0,2.05,1.8
E3,2024-01-27,15:00:00,Morecambe,Colchester,0,1,0.0,1.0,A,A,2.2,3.5,3.2,1.75,2.05
E3,2024-01-27,15:00:00,Notts County,Barrow,1,1,1.0,1.0,D,D,2.1,3.6,3.4,1.73,2.08
E3,2024-01-27,15:00:00,Swindon,Bradford,2,0,2.0,0.0,H,H,3.3,3.8,2.05,1.75,2.05
E3,2024-01-27,15:00:00,Walsall,Sutton,1,1,1.0,1.0,D,D,1.83,3.6,4.33,1.93,1.93
E3,2024-01-30,19:45:00,Sutton,Harrogate,1,2,0.0,0.0,A,D,2.55,3.6,2.63,1.83,2.03
E3,2024-02-03,12:45:00,Newport County,Swindon,2,1,0.0,0.0,H,D,2.0,3.75,3.5,1.65,2.2
E3,2024-02-03,15:00:00,Accrington,Grimsby,0,0,0.0,0.0,D,D,2.0,3.8,3.4,1.67,2.15
E3,2024-02-03,15:00:00,Barrow,Milton Keynes Dons,1,0,0.0,0.0,H,D,2.3,3.5,3.0,2.03,1.83
E3,2024-02-03,15:00:00,Bradford,AFC Wimbledon,0,0,0.0,0.0,D,D,2.38,3.5,2.88,2.08,1.73
E3,2024-02-03,15:00:00,Colchester,Forest Green,3,3,0.0,2.0,D,A,2.25,3.5,3.1,1.7,2.1
E3,2024-02-03,15:00:00,Crawley Town,Morecambe,1,2,1.0,1.0,A,D,2.05,3.75,3.3,1.7,2.1
E3,2024-02-03,15:00:00,Gillingham,Walsall,1,1,0.0,0.0,D,D,2.05,3.5,3.6,2.1,1.7
E3,2024-02-03,15:00:00,Mansfield,Notts County,1,0,1.0,0.0,H,H,1.8,4.0,4.0,1.53,2.4
E3,2024-02-03,15:00:00,Salford,Wrexham,3,1,2.0,1.0,H,H,4.2,3.5,1.91,1.62,2.25
E3,2024-02-03,15:00:00,Stockport,Harrogate,1,1,1.0,1.0,D,D,1.33,5.0,9.5,1.7,2.1
E3,2024-02-03,15:00:00,Sutton,Doncaster,1,1,0.0,0.0,D,D,2.4,3.4,2.9,1.85,2.0
E3,2024-02-03,15:00:00,Tranmere,Crewe,0,0,0.0,0.0,D,D,2.2,3.8,3.0,1.62,2.25
E3,2024-02-09,19:45:00,Notts County,Gillingham,1,3,1.0,2.0,A,A,2.2,3.8,3.0,1.65,2.2
E3,2024-02-10,15:00:00,AFC Wimbledon,Barrow,2,0,2.0,0.0,H,H,2.1,3.4,3.5,2.1,1.7
E3,2024-02-10,15:00:00,Crewe,Crawley Town,1,0,0.0,0.0,H,D,2.05,3.8,3.3,1.6,2.3
E3,2024-02-10,15:00:00,Doncaster,Tranmere,2,1,1.0,0.0,H,H,2.3,3.5,3.0,1.95,1.9
E3,2024-02-10,15:00:00,Forest Green,Mansfield,0,4,0.0,1.0,A,A,4.75,3.6,1.73,1.75,2.05
E3,2024-02-10,15:00:00,Grimsby,Stockport,1,3,0.0,3.0,A,A,3.8,3.75,1.91,1.85,2.0
E3,2024-02-10,15:00:00,Harrogate,Colchester,1,0,0.0,0.0,H,D,2.15,3.5,3.3,1.83,2.03
E3,2024-02-10,15:00:00,Milton Keynes Dons,Accrington,2,1,0.0,1.0,H,A,1.8,3.8,4.33,1.73,2.08
E3,2024-02-10,15:00:00,Morecambe,Sutton,1,0,1.0,0.0,H,H,2.2,3.6,3.1,2.0,1.85
E3,2024-02-10,15:00:00,Swindon,Salford,1,1,0.0,0.0,D,D,2.88,3.75,2.3,1.65,2.2
E3,2024-02-10,15:00:00,Walsall,Newport County,0,3,0.0,3.0,A,A,1.91,3.6,3.8,1.88,1.98
E3,2024-02-10,15:00:00,Wrexham,Bradford,0,1,0.0,0.0,A,D,1.8,3.75,4.5,1.98,1.88
E3,2024-02-13,19:45:00,Accrington,AFC Wimbledon,2,0,0.0,0.0,H,D,2.8,3.6,2.45,2.0,1.85
E3,2024-02-13,19:45:00,Barrow,Forest Green,1,2,1.0,1.0,A,D,1.57,4.33,5.5,1.88,1.98
E3,2024-02-13,19:45:00,Bradford,Milton Keynes Dons,4,0,2.0,0.0,H,H,2.25,3.6,3.0,2.0,1.85
E3,2024-02-13,19:45:00,Crawley Town,Walsall,1,1,0.0,1.0,D,A,2.7,3.6,2.5,1.73,2.08
E3,2024-02-13,19:45:00,Gillingham,Swindon,2,2,0.0,1.0,D,A,1.8,3.8,4.2,1.75,2.05
E3,2024-02-13,19:45:00,Mansfield,Harrogate,9,2,5.0,0.0,H,H,1.44,5.0,6.0,1.7,2.1
E3,2024-02-13,19:45:00,Newport County,Notts County,1,3,0.0,2.0,A,A,2.55,3.8,2.45,1.57,2.35
E3,2024-02-13,19:45:00,Salford,Doncaster,2,2,1.0,1.0,D,D,1.85,3.8,4.0,1.83,2.03
E3,2024-02-13,19:45:00,Stockport,Crewe,1,3,1.0,2.0,A,A,1.5,4.75,6.0,1.7,2.1
E3,2024-02-13,19:45:00,Sutton,Wrexham,1,2,0.0,1.0,A,A,3.8,3.6,1.91,1.8,2.0
E3,2024-02-13,19:45:00,Tranmere,Morecambe,2,3,2.0,1.0,A,H,1.95,3.6,3.75,1.83,2.03
E3,2024-02-17,15:00:00,AFC Wimbledon,Morecambe,1,1,0.0,0.0,D,D,1.6,4.5,5.0,1.75,2.05
E3,2024-02-17,15:00:00,Bradford,Sutton,1,0,0.0,0.0,H,D,1.62,4.0,5.5,2.03,1.83
E3,2024-02-17,15:00:00,Colchester,Accrington,1,1,1.0,0.0,D,H,2.38,3.5,2.88,1.7,2.1
E3,2024-02-17,15:00:00,Crawley Town,Forest Green,2,0,1.0,0.0,H,H,2.4,3.5,2.88,1.73,2.08
E3,2024-02-17,15:00:00,Crewe,Harrogate,0,0,0.0,0.0,D,D,1.8,3.8,4.2,1.83,2.03
E3,2024-02-17,15:00:00,Grimsby,Doncaster,1,5,1.0,2.0,A,A,1.95,3.6,3.8,1.85,2.0
E3,2024-02-17,15:00:00,Newport County,Gillingham,1,0,0.0,0.0,H,D,2.7,3.4,2.55,2.08,1.73
E3,2024-02-17,15:00:00,Salford,Barrow,5,3,1.0,1.0,H,D,2.63,3.4,2.63,1.98,1.88
E3,2024-02-17,15:00:00,Swindon,Milton Keynes Dons,1,2,0.0,2.0,A,A,3.1,3.6,2.2,1.65,2.2
E3,2024-02-17,15:00:00,Tranmere,Stockport,4,0,1.0,0.0,H,H,4.5,4.0,1.75,1.9,1.95
E3,2024-02-17,15:00:00,Walsall,Mansfield,2,1,0.0,0.0,H,D,3.5,3.75,2.0,1.85,2.0
E3,2024-02-17,15:00:00,Wrexham,Notts County,1,0,1.0,0.0,H,H,1.95,3.8,3.6,1.57,2.35
E3,2024-02-20,19:45:00,AFC Wimbledon,Crawley Town,0,1,0.0,0.0,A,D,1.65,4.0,5.25,1.7,2.1
E3,2024-02-20,19:45:00,Gillingham,Stockport,0,0,0.0,0.0,D,D,3.0,3.3,2.38,2.1,1.7
E3,2024-02-20,19:45:00,Milton Keynes Dons,Wrexham,1,1,1.0,1.0,D,D,2.3,3.5,3.0,1.8,2.0
E3,2024-02-20,19:45:00,Walsall,Morecambe,3,0,2.0,0.0,H,H,1.95,3.4,4.0,1.95,1.9
E3,2024-02-24,15:00:00,Accrington,Crawley Town,0,1,0.0,0.0,A,D,2.2,3.4,3.3,1.8,2.0
E3,2024-02-24,15:00:00,Doncaster,AFC Wimbledon,1,0,1.0,0.0,H,H,2.7,3.3,2.6,2.05,1.8
E3,2024-02-24,15:00:00,Forest Green,Tranmere,1,0,1.0,0.0,H,H,2.5,3.4,2.8,1.95,1.9
E3,2024-02-24,15:00:00,Gillingham,Wrexham,1,0,0.0,0.0,H,D,2.88,3.3,2.5,2.03,1.83
E3,2024-02-24,15:00:00,Harrogate,Walsall,0,2,0.0,0.0,A,D,3.0,3.3,2.4,2.0,1.85
E3,2024-02-24,15:00:00,Mansfield,Salford,5,1,2.0,1.0,H,H,1.57,4.33,5.5,1.62,2.25
E3,2024-02-24,15:00:00,Milton Keynes Dons,Newport County,3,0,3.0,0.0,H,H,1.67,4.0,5.0,1.7,2.1
E3,2024-02-24,15:00:00,Morecambe,Grimsby,1,1,0.0,1.0,D,A,2.3,3.4,3.1,1.8,2.0
E3,2024-02-24,15:00:00,Notts County,Crewe,1,3,0.0,2.0,A,A,1.91,3.75,4.0,1.57,2.35
E3,2024-02-24,15:00:00,Stockport,Swindon,0,0,0.0,0.0,D,D,1.45,5.0,6.0,1.57,2.35
E3,2024-02-24,15:00:00,Sutton,Colchester,1,1,1.0,1.0,D,D,2.38,3.4,3.0,1.93,1.93
E3,2024-02-27,19:45:00,Forest Green,Wrexham,1,1,1.0,0.0,D,H,3.8,3.5,2.0,1.75,2.05
E3,2024-02-27,19:45:00,Harrogate,Newport County,1,4,0.0,2.0,A,A,2.55,3.3,2.8,1.98,1.88
E3,2024-02-27,19:45:00,Notts County,Sutton,3,4,2.0,2.0,A,D,1.7,4.2,4.5,1.57,2.35
E3,2024-02-27,19:45:00,Salford,Colchester,1,1,1.0,0.0,D,H,1.95,3.8,3.6,1.57,2.35
E3,2024-02-27,19:45:00,Swindon,Tranmere,3,1,2.0,1.0,H,H,2.38,3.5,2.88,1.75,2.05
E3,2024-02-27,19:45:00,Walsall,Accrington,2,1,0.0,0.0,H,D,1.85,3.75,4.2,1.93,1.93
E3,2024-03-02,12:30:00,AFC Wimbledon,Milton Keynes Dons,1,0,0.0,0.0,H,D,2.5,3.4,2.8,1.93,1.93
E3,2024-03-02,15:00:00,Crewe,Morecambe,2,3,1.0,0.0,A,H,1.85,3.75,4.0,1.83,2.03
E3,2024-03-02,15:00:00,Grimsby,Forest Green,1,0,1.0,0.0,H,H,2.0,3.5,3.8,1.83,2.03
E3,2024-03-02,15:00:00,Newport County,Mansfield,0,1,0.0,0.0,A,D,4.75,3.75,1.73,1.73,2.08
E3,2024-03-02,15:00:00,Salford,Gillingham,0,2,0.0,1.0,A,A,2.6,3.5,2.6,1.93,1.93
E3,2024-03-02,15:00:00,Swindon,Harrogate,1,1,0.0,0.0,D,D,1.83,3.9,4.0,1.67,2.15
E3,2024-03-02,15:00:00,Tranmere,Sutton,1,0,0.0,0.0,H,D,2.0,3.5,3.8,1.98,1.88
E3,2024-03-02,15:00:00,Walsall,Doncaster,3,1,1.0,0.0,H,H,1.95,3.5,4.0,1.98,1.88
E3,2024-03-02,15:00:00,Wrexham,Accrington,4,0,4.0,0.0,H,H,1.53,4.5,5.5,1.6,2.3
E3,2024-03-05,19:45:00,AFC Wimbledon,Grimsby,0,0,0.0,0.0,D,D,1.85,3.5,4.33,1.9,1.95
E3,2024-03-05,19:45:00,Barrow,Gillingham,2,0,1.0,0.0,H,H,2.2,3.3,3.4,2.3,1.6
E3,2024-03-05,19:45:00,Bradford,Doncaster,1,1,0.0,1.0,D,A,1.85,3.5,4.2,2.03,1.83
E3,2024-03-05,19:45:00,Mansfield,Milton Keynes Dons,1,2,1.0,1.0,A,D,1.8,3.75,4.33,1.7,2.1
E3,2024-03-05,19:45:00,Morecambe,Crawley Town,1,0,0.0,0.0,H,D,2.25,3.4,3.2,1.8,2.0
E3,2024-03-09,15:00:00,Accrington,Bradford,0,3,0.0,3.0,A,A,3.2,3.5,2.2,2.0,1.85
E3,2024-03-09,15:00:00,Barrow,Colchester,2,0,1.0,0.0,H,H,1.8,4.0,4.0,1.83,2.03
E3,2024-03-09,15:00:00,Doncaster,Crewe,2,0,1.0,0.0,H,H,2.45,3.6,2.63,1.88,1.98
E3,2024-03-09,15:00:00,Forest Green,Walsall,2,0,0.0,0.0,H,D,3.25,3.5,2.2,1.93,1.93
E3,2024-03-09,15:00:00,Gillingham,Tranmere,1,1,0.0,1.0,D,A,2.0,3.5,3.8,2.1,1.7
E3,2024-03-09,15:00:00,Harrogate,Crawley Town,1,2,1.0,0.0,A,H,2.6,3.5,2.6,1.73,2.08
E3,2024-03-09,15:00:00,Mansfield,Swindon,3,2,1.0,0.0,H,H,1.53,4.2,6.0,1.53,2.4
E3,2024-03-09,15:00:00,Milton Keynes Dons,Salford,3,1,3.0,1.0,H,H,1.75,4.0,4.2,1.6,2.3
E3,2024-03-09,15:00:00,Morecambe,Wrexham,1,3,1.0,1.0,A,D,3.6,3.6,2.0,1.73,2.08
E3,2024-03-09,15:00:00,Notts County,AFC Wimbledon,0,2,0.0,0.0,A,D,2.15,3.6,3.2,1.62,2.25
E3,2024-03-09,15:00:00,Stockport,Newport County,1,0,0.0,0.0,H,D,1.5,4.75,5.75,1.7,2.1
E3,2024-03-09,15:00:00,Sutton,Grimsby,1,1,0.0,1.0,D,A,2.3,3.6,3.0,1.85,2.0
E3,2024-03-12,19:45:00,AFC Wimbledon,Gillingham,2,0,1.0,0.0,H,H,2.25,3.3,3.3,2.35,1.57
E3,2024-03-12,19:45:00,Bradford,Forest Green,0,2,0.0,1.0,A,A,1.55,4.0,7.0,2.05,1.75
E3,2024-03-12,19:45:00,Crawley Town,Notts County,2,1,0.0,1.0,H,A,2.63,3.8,2.4,1.44,2.7
E3,2024-03-12,19:45:00,Crewe,Sutton,1,0,0.0,0.0,H,D,1.8,3.75,4.33,1.8,2.0
E3,2024-03-12,19:45:00,Grimsby,Milton Keynes Dons,1,0,1.0,0.0,H,H,2.9,3.75,2.25,1.73,2.08
E3,2024-03-12,19:45:00,Newport County,Morecambe,5,3,2.0,1.0,H,H,2.25,3.5,3.1,1.98,1.88
E3,2024-03-12,19:45:00,Swindon,Accrington,1,2,0.0,0.0,A,D,1.8,4.0,4.0,1.53,2.4
E3,2024-03-12,19:45:00,Tranmere,Mansfield,2,1,1.0,1.0,H,D,4.2,3.6,1.91,1.7,2.1
E3,2024-03-12,19:45:00,Walsall,Barrow,1,1,1.0,0.0,D,H,2.3,3.25,3.25,2.15,1.67
E3,2024-03-12,19:45:00,Wrexham,Harrogate,0,0,0.0,0.0,D,D,1.33,5.25,8.5,1.5,2.5
E3,2024-03-14,20:00:00,Salford,Stockport,2,2,2.0,0.0,D,H,4.2,3.5,1.91,1.73,2.08
E3,2024-03-16,15:00:00,Accrington,Notts County,2,2,1.0,2.0,D,A,2.75,3.8,2.35,1.53,2.4
E3,2024-03-16,15:00:00,AFC Wimbledon,Newport County,0,2,0.0,1.0,A,A,1.73,3.75,5.0,1.93,1.93
E3,2024-03-16,15:00:00,Barrow,Harrogate,0,0,0.0,0.0,D,D,1.55,4.33,5.75,1.88,1.98
E3,2024-03-16,15:00:00,Bradford,Mansfield,1,5,0.0,4.0,A,A,3.1,3.25,2.38,2.0,1.85
E3,2024-03-16,15:00:00,Colchester,Walsall,1,1,0.0,1.0,D,A,2.88,3.4,2.4,1.83,2.03
E3,2024-03-16,15:00:00,Forest Green,Sutton,0,1,0.0,1.0,A,A,2.2,3.4,3.25,1.93,1.93
E3,2024-03-16,15:00:00,Gillingham,Grimsby,1,1,1.0,1.0,D,D,2.0,3.25,4.0,2.1,1.7
E3,2024-03-16,15:00:00,Milton Keynes Dons,Crewe,3,1,3.0,1.0,H,H,1.91,3.6,4.0,1.73,2.08
E3,2024-03-16,15:00:00,Swindon,Doncaster,1,2,0.0,2.0,A,A,2.15,3.75,3.1,1.67,2.15
E3,2024-03-16,15:00:00,Wrexham,Tranmere,0,1,0.0,1.0,A,A,1.53,4.2,6.0,1.65,2.2
E3,2024-03-17,14:00:00,Salford,Morecambe,3,1,1.0,0.0,H,H,1.83,3.6,4.5,1.67,2.15
E3,2024-03-18,19:45:00,Crawley Town,Stockport,1,1,0.0,0.0,D,D,4.0,3.6,1.91,1.85,2.0
E3,2024-03-19,19:45:00,Bradford,Notts County,0,3,0.0,1.0,A,A,1.85,3.75,4.0,1.65,2.2
E3,2024-03-23,12:30:00,Mansfield,Colchester,1,1,0.0,1.0,D,A,1.45,4.75,7.0,1.5,2.5
E3,2024-03-23,13:00:00,Harrogate,Bradford,3,0,1.0,0.0,H,H,4.0,3.5,1.95,1.98,1.88
E3,2024-03-23,15:00:00,Barrow,Newport County,1,0,1.0,0.0,H,H,1.73,3.6,5.0,2.05,1.75
E3,2024-03-23,15:00:00,Crewe,AFC Wimbledon,1,1,1.0,1.0,D,D,2.55,3.25,2.88,2.08,1.73
E3,2024-03-23,15:00:00,Doncaster,Forest Green,2,0,0.0,0.0,H,D,2.0,3.5,3.75,2.05,1.8
E3,2024-03-23,15:00:00,Grimsby,Wrexham,1,3,0.0,3.0,A,A,4.0,3.75,1.91,1.83,2.03
E3,2024-03-23,15:00:00,Morecambe,Gillingham,2,3,1.0,1.0,A,D,3.1,3.25,2.38,2.15,1.67
E3,2024-03-23,15:00:00,Notts County,Salford,1,2,0.0,1.0,A,A,2.0,4.2,3.2,1.44,2.7
E3,2024-03-23,15:00:00,Sutton,Accrington,3,1,1.0,0.0,H,H,2.1,3.5,3.5,1.9,1.95
E3,2024-03-23,15:00:00,Tranmere,Crawley Town,1,3,1.0,2.0,A,A,2.0,3.5,3.75,1.67,2.15
E3,2024-03-23,17:15:00,Stockport,Milton Keynes Dons,5,0,3.0,0.0,H,H,1.75,3.75,4.75,1.85,2.0
E3,2024-03-29,15:00:00,Accrington,Morecambe,1,2,0.0,0.0,A,D,2.1,3.5,3.1,1.7,2.1
E3,2024-03-29,15:00:00,AFC Wimbledon,Harrogate,1,1,0.0,1.0,D,A,1.62,3.8,5.75,2.03,1.83
E3,2024-03-29,15:00:00,Barrow,Grimsby,3,1,2.0,0.0,H,H,1.91,3.6,4.0,2.1,1.7
E3,2024-03-29,15:00:00,Bradford,Tranmere,2,0,0.0,0.0,H,D,2.1,3.6,3.3,1.93,1.93
E3,2024-03-29,15:00:00,Colchester,Newport County,2,1,0.0,1.0,H,A,1.95,3.6,3.75,1.73,2.08
E3,2024-03-29,15:00:00,Crawley Town,Doncaster,0,2,0.0,0.0,A,D,2.3,3.4,3.1,1.75,2.05
E3,2024-03-29,15:00:00,Forest Green,Stockport,0,3,0.0,2.0,A,A,6.0,3.75,1.65,1.95,1.9
E3,2024-03-29,15:00:00,Gillingham,Crewe,0,0,0.0,0.0,D,D,2.05,3.5,3.6,2.1,1.7
E3,2024-03-29,15:00:00,Milton Keynes Dons,Walsall,5,0,1.0,0.0,H,H,1.95,3.6,3.75,1.75,2.05
E3,2024-03-29,15:00:00,Salford,Sutton,1,2,0.0,1.0,A,A,1.91,3.6,3.8,1.7,2.1
E3,2024-03-29,15:00:00,Swindon,Notts County,2,1,1.0,0.0,H,H,2.3,3.5,3.0,1.4,2.88
E3,2024-03-29,15:00:00,Wrexham,Mansfield,2,0,1.0,0.0,H,H,2.45,3.75,2.7,1.65,2.2
E3,2024-04-01,13:00:00,Grimsby,Bradford,1,1,0.0,0.0,D,D,2.6,3.5,2.63,1.95,1.9
E3,2024-04-01,15:00:00,Crewe,Forest Green,0,3,0.0,3.0,A,A,1.75,3.8,4.75,1.88,1.98
E3,2024-04-01,15:00:00,Harrogate,Gillingham,5,1,0.0,1.0,H,A,3.75,3.4,2.05,2.05,1.75
E3,2024-04-01,15:00:00,Morecambe,Barrow,2,1,2.0,0.0,H,H,3.6,3.5,2.05,2.0,1.85
E3,2024-04-01,15:00:00,Newport County,Crawley Town,0,4,0.0,2.0,A,A,2.5,3.5,2.75,1.7,2.1
E3,2024-04-01,15:00:00,Notts County,Milton Keynes Dons,3,3,1.0,1.0,D,D,2.7,3.6,2.5,1.5,2.5
E3,2024-04-01,15:00:00,Stockport,AFC Wimbledon,1,0,0.0,0.0,H,D,1.62,3.8,6.0,1.98,1.88
E3,2024-04-01,15:00:00,Sutton,Swindon,3,1,1.0,0.0,H,H,2.25,3.5,3.1,1.7,2.1
E3,2024-04-01,15:00:00,Tranmere,Colchester,1,1,1.0,1.0,D,D,2.25,3.5,3.1,1.73,2.08
E3,2024-04-01,15:00:00,Walsall,Salford,2,1,1.0,0.0,H,H,2.05,3.6,3.5,1.7,2.1
E3,2024-04-02,19:45:00,Doncaster,Wrexham,1,0,1.0,0.0,H,H,3.75,3.75,1.95,1.83,2.03
E3,2024-04-06,15:00:00,Accrington,Crewe,0,0,0.0,0.0,D,D,2.7,3.6,2.5,1.7,2.1
E3,2024-04-06,15:00:00,AFC Wimbledon,Salford,1,0,0.0,0.0,H,D,1.91,3.6,4.2,1.9,1.95
E3,2024-04-06,15:00:00,Barrow,Swindon,0,2,0.0,2.0,A,A,1.7,4.0,4.75,1.73,2.08
E3,2024-04-06,15:00:00,Bradford,Gillingham,1,0,1.0,0.0,H,H,2.25,3.25,3.3,2.25,1.62
E3,2024-04-06,15:00:00,Colchester,Wrexham,1,2,0.0,0.0,A,D,3.75,3.5,2.0,1.75,2.05
E3,2024-04-06,15:00:00,Forest Green,Milton Keynes Dons,0,2,0.0,1.0,A,A,4.5,3.6,1.8,1.83,2.03
E3,2024-04-06,15:00:00,Grimsby,Newport County,1,0,1.0,0.0,H,H,1.8,3.75,4.33,1.9,1.95
E3,2024-04-06,15:00:00,Mansfield,Crawley Town,1,4,0.0,2.0,A,A,1.45,4.5,6.5,1.5,2.5
E3,2024-04-06,15:00:00,Morecambe,Doncaster,0,3,0.0,2.0,A,A,2.7,3.75,2.4,1.75,2.05
E3,2024-04-06,15:00:00,Notts County,Harrogate,3,0,1.0,0.0,H,H,1.91,4.1,3.5,1.44,2.7
E3,2024-04-06,15:00:00,Sutton,Stockport,1,3,1.0,3.0,A,A,4.75,3.5,1.8,2.08,1.73
E3,2024-04-06,15:00:00,Tranmere,Walsall,1,3,1.0,1.0,A,D,2.63,3.5,2.55,1.83,2.03
E3,2024-04-09,19:45:00,Colchester,Stockport,1,2,1.0,1.0,A,D,4.0,3.6,1.91,1.88,1.98
E3,2024-04-09,19:45:00,Doncaster,Walsall,2,1,1.0,0.0,H,H,2.3,3.5,3.0,1.88,1.98
E3,2024-04-09,19:45:00,Harrogate,Grimsby,1,0,0.0,0.0,H,D,2.8,3.4,2.5,1.85,2.0
E3,2024-04-09,19:45:00,Mansfield,Forest Green,1,0,1.0,0.0,H,H,1.33,5.0,9.5,1.53,2.4
E3,2024-04-09,19:45:00,Morecambe,Crewe,0,1,0.0,0.0,A,D,2.63,3.5,2.55,1.85,2.0
E3,2024-04-09,19:45:00,Newport County,Accrington,1,3,1.0,1.0,A,D,2.63,3.5,2.55,1.73,2.08
E3,2024-04-09,19:45:00,Wrexham,Crawley Town,4,1,2.0,0.0,H,H,1.6,4.33,5.0,1.53,2.4
E3,2024-04-13,15:00:00,Crawley Town,Colchester,2,3,1.0,2.0,A,A,2.2,3.5,3.2,1.7,2.1
E3,2024-04-13,15:00:00,Crewe,Grimsby,0,3,0.0,1.0,A,A,2.2,3.4,3.3,1.95,1.9
E3,2024-04-13,15:00:00,Doncaster,Accrington,4,0,2.0,0.0,H,H,1.75,3.8,4.5,1.73,2.08
E3,2024-04-13,15:00:00,Gillingham,Barrow,3,0,1.0,0.0,H,H,2.6,3.4,2.7,2.05,1.75
E3,2024-04-13,15:00:00,Harrogate,Sutton,2,2,0.0,1.0,D,A,2.63,3.4,2.63,1.93,1.93
E3,2024-04-13,15:00:00,Milton Keynes Dons,Mansfield,1,4,1.0,1.0,A,D,2.5,3.4,2.8,1.67,2.15
E3,2024-04-13,15:00:00,Newport County,Tranmere,1,2,1.0,2.0,A,A,2.88,3.6,2.3,1.7,2.1
E3,2024-04-13,15:00:00,Salford,Bradford,1,2,1.0,1.0,A,D,2.5,3.5,2.75,1.75,2.05
E3,2024-04-13,15:00:00,Stockport,Morecambe,2,0,2.0,0.0,H,H,1.3,5.5,9.5,1.62,2.25
E3,2024-04-13,15:00:00,Swindon,AFC Wimbledon,3,2,0.0,1.0,H,A,2.88,3.6,2.38,1.8,2.0
E3,2024-04-13,15:00:00,Walsall,Notts County,1,3,0.0,2.0,A,A,2.1,3.5,3.4,1.7,2.1
E3,2024-04-13,15:00:00,Wrexham,Forest Green,6,0,4.0,0.0,H,H,1.4,5.0,7.5,1.65,2.2
E3,2024-04-16,19:45:00,Colchester,Grimsby,2,0,1.0,0.0,H,H,2.2,3.4,3.3,1.98,1.88
E3,2024-04-16,19:45:00,Crawley Town,Barrow,1,1,0.0,1.0,D,A,2.3,3.5,2.9,1.83,2.03
E3,2024-04-16,19:45:00,Mansfield,Accrington,2,1,1.0,0.0,H,H,1.36,5.25,8.5,1.48,2.6
E3,2024-04-16,19:45:00,Notts County,Stockport,2,5,0.0,3.0,A,A,3.8,3.8,1.85,1.57,2.35
E3,2024-04-16,19:45:00,Walsall,Swindon,2,1,1.0,0.0,H,H,1.91,3.75,3.75,1.67,2.15
E3,2024-04-20,12:30:00,Crewe,Wrexham,0,3,0.0,2.0,A,A,3.1,3.6,2.2,1.8,2.0
E3,2024-04-20,15:00:00,Doncaster,Barrow,4,2,0.0,2.0,H,A,2.1,3.5,3.5,1.93,1.93
E3,2024-04-20,15:00:00,Grimsby,Swindon,2,0,0.0,0.0,H,D,1.95,3.6,3.8,1.65,2.2
E3,2024-04-20,15:00:00,Harrogate,Milton Keynes Dons,3,5,2.0,2.0,A,D,3.25,3.6,2.1,1.67,2.15
E3,2024-04-20,15:00:00,Mansfield,Gillingham,2,1,0.0,1.0,H,A,1.95,3.6,3.8,1.8,2.05
E3,2024-04-20,15:00:00,Morecambe,Forest Green,1,2,1.0,2.0,A,A,2.1,3.6,3.4,1.88,1.98
E3,2024-04-20,15:00:00,Newport County,Salford,0,1,0.0,0.0,A,D,3.5,3.75,2.0,1.7,2.1
E3,2024-04-20,15:00:00,Notts County,Colchester,1,0,0.0,0.0,H,D,2.3,3.8,2.75,1.48,2.6
E3,2024-04-20,15:00:00,Stockport,Accrington,4,2,2.0,1.0,H,H,1.33,5.5,8.5,1.57,2.35
E3,2024-04-20,15:00:00,Sutton,Crawley Town,2,2,0.0,1.0,D,A,2.3,3.6,3.0,1.62,2.25
E3,2024-04-20,15:00:00,Tranmere,AFC Wimbledon,3,2,2.0,0.0,H,H,3.0,3.4,2.38,2.03,1.83
E3,2024-04-20,15:00:00,Walsall,Bradford,2,3,2.0,2.0,A,D,2.25,3.6,3.0,1.85,2.0
E3,2024-04-23,19:45:00,Barrow,Bradford,1,2,0.0,1.0,A,A,2.38,3.3,3.0,2.05,1.75
E3,2024-04-23,19:45:00,Colchester,Doncaster,1,4,1.0,2.0,A,A,3.25,3.6,2.05,1.75,2.05
E3,2024-04-27,15:00:00,Accrington,Tranmere,4,1,1.0,1.0,H,D,2.5,3.6,2.7,1.57,2.35
E3,2024-04-27,15:00:00,AFC Wimbledon,Walsall,5,1,2.0,1.0,H,H,2.3,3.6,2.9,1.7,2.1
E3,2024-04-27,15:00:00,Barrow,Mansfield,1,1,0.0,1.0,D,A,2.5,3.5,2.75,1.73,2.08
E3,2024-04-27,15:00:00,Bradford,Newport County,4,1,2.0,0.0,H,H,1.3,5.0,10.0,1.6,2.3
E3,2024-04-27,15:00:00,Colchester,Crewe,1,1,1.0,0.0,D,H,2.75,2.55,3.3,2.2,1.65
E3,2024-04-27,15:00:00,Crawley Town,Grimsby,2,0,2.0,0.0,H,H,1.7,3.8,5.0,1.62,2.25
E3,2024-04-27,15:00:00,Forest Green,Notts County,1,0,0.0,0.0,H,D,3.2,3.8,2.1,1.48,2.6
E3,2024-04-27,15:00:00,Gillingham,Doncaster,2,2,0.0,2.0,D,A,3.75,3.6,1.95,1.8,2.0
E3,2024-04-27,15:00:00,Milton Keynes Dons,Sutton,4,4,2.0,0.0,D,H,2.15,3.8,3.1,1.5,2.5
E3,2024-04-27,15:00:00,Salford,Harrogate,2,2,2.0,2.0,D,D,1.73,3.8,4.75,1.6,2.3
E3,2024-04-27,15:00:00,Swindon,Morecambe,3,3,2.0,2.0,D,D,1.8,4.2,3.8,1.5,2.5
E3,2024-04-27,15:00:00,Wrexham,Stockport,2,1,0.0,1.0,H,A,2.4,3.75,2.7,1.67,2.15
D1,2023-08-18,19:30:00,Werder Bremen,Bayern Munich,0,4,0.0,1.0,A,A,7.5,6.5,1.3,1.33,3.4
D1,2023-08-19,14:30:00,Augsburg,M'gladbach,4,4,3.0,3.0,D,D,2.7,3.6,2.45,1.62,2.3
D1,2023-08-19,14:30:00,Hoffenheim,Freiburg,1,2,0.0,2.0,A,A,2.3,3.6,2.9,1.67,2.2
D1,2023-08-19,14:30:00,Leverkusen,RB Leipzig,3,2,2.0,1.0,H,H,2.45,3.6,2.75,1.67,2.2
D1,2023-08-19,14:30:00,Stuttgart,Bochum,5,0,2.0,0.0,H,H,1.65,4.33,4.5,1.62,2.3
D1,2023-08-19,14:30:00,Wolfsburg,Heidenheim,2,0,2.0,0.0,H,H,1.6,4.2,5.25,1.62,2.3
D1,2023-08-19,17:30:00,Dortmund,FC Koln,1,0,0.0,0.0,H,D,1.4,5.0,7.0,1.44,2.75
D1,2023-08-20,14:30:00,Union Berlin,Mainz,4,1,2.0,0.0,H,H,1.95,3.5,3.9,2.1,1.73
D1,2023-08-20,16:30:00,Ein Frankfurt,Darmstadt,1,0,1.0,0.0,H,H,1.36,5.25,7.5,1.67,2.2
D1,2023-08-25,19:30:00,RB Leipzig,Stuttgart,5,1,0.0,1.0,H,A,1.5,4.75,5.75,1.53,2.5
D1,2023-08-26,14:30:00,Bochum,Dortmund,1,1,1.0,0.0,D,H,7.0,5.0,1.4,1.36,3.2
D1,2023-08-26,14:30:00,Darmstadt,Union Berlin,1,4,1.0,3.0,A,A,4.0,3.3,1.95,2.1,1.73
D1,2023-08-26,14:30:00,FC Koln,Wolfsburg,1,2,0.0,0.0,A,D,2.3,3.4,3.0,1.73,2.1
D1,2023-08-26,14:30:00,Freiburg,Werder Bremen,1,0,0.0,0.0,H,D,1.7,3.75,4.75,1.67,2.2
D1,2023-08-26,14:30:00,Heidenheim,Hoffenheim,2,3,1.0,0.0,A,H,3.0,3.6,2.25,1.67,2.2
D1,2023-08-26,17:30:00,M'gladbach,Leverkusen,0,3,0.0,2.0,A,A,3.8,3.8,1.85,1.5,2.63
D1,2023-08-27,14:30:00,Mainz,Ein Frankfurt,1,1,1.0,0.0,D,H,2.38,3.5,2.88,1.73,2.1
D1,2023-08-27,16:30:00,Bayern Munich,Augsburg,3,1,2.0,0.0,H,H,1.08,12.0,19.0,1.2,4.5
D1,2023-09-01,19:30:00,Dortmund,Heidenheim,2,2,2.0,0.0,D,H,1.25,7.0,9.5,1.33,3.4
D1,2023-09-02,14:30:00,Augsburg,Bochum,2,2,1.0,1.0,D,D,2.0,3.75,3.75,1.73,2.1
D1,2023-09-02,14:30:00,Hoffenheim,Wolfsburg,3,1,1.0,1.0,H,D,2.5,3.6,2.63,1.53,2.5
D1,2023-09-02,14:30:00,Leverkusen,Darmstadt,5,1,1.0,1.0,H,D,1.2,7.0,12.0,1.4,3.0
D1,2023-09-02,14:30:00,Stuttgart,Freiburg,5,0,3.0,0.0,H,H,2.2,3.5,3.2,1.73,2.1
D1,2023-09-02,14:30:00,Werder Bremen,Mainz,4,0,1.0,0.0,H,H,2.63,3.5,2.55,1.73,2.1
D1,2023-09-02,17:30:00,M'gladbach,Bayern Munich,1,2,1.0,0.0,A,H,8.5,5.75,1.3,1.25,4.0
D1,2023-09-03,14:30:00,Ein Frankfurt,FC Koln,1,1,0.0,1.0,D,A,2.1,3.4,3.5,1.97,1.93
D1,2023-09-03,16:30:00,Union Berlin,RB Leipzig,0,3,0.0,0.0,A,D,3.4,3.25,2.2,1.97,1.93
D1,2023-09-15,19:30:00,Bayern Munich,Leverkusen,2,2,1.0,1.0,D,D,1.65,4.5,4.5,1.36,3.2
D1,2023-09-16,14:30:00,FC Koln,Hoffenheim,1,3,0.0,2.0,A,A,2.25,3.6,3.1,1.62,2.3
D1,2023-09-16,14:30:00,Freiburg,Dortmund,2,4,2.0,1.0,A,H,3.1,3.8,2.1,1.5,2.63
D1,2023-09-16,14:30:00,Mainz,Stuttgart,1,3,0.0,0.0,A,D,2.63,3.4,2.7,1.67,2.2
D1,2023-09-16,14:30:00,RB Leipzig,Augsburg,3,0,3.0,0.0,H,H,1.25,7.0,10.0,1.36,3.2
D1,2023-09-16,14:30:00,Wolfsburg,Union Berlin,2,1,2.0,1.0,H,H,2.25,3.4,3.2,1.96,1.94
D1,2023-09-16,17:30:00,Bochum,Ein Frankfurt,1,1,0.0,0.0,D,D,2.88,3.6,2.38,1.73,2.1
D1,2023-09-17,14:30:00,Heidenheim,Werder Bremen,4,2,2.0,0.0,H,H,2.3,4.0,2.7,1.62,2.3
D1,2023-09-17,16:30:00,Darmstadt,M'gladbach,3,3,3.0,0.0,D,H,2.9,3.5,2.38,1.73,2.1
D1,2023-09-22,19:30:00,Stuttgart,Darmstadt,3,1,2.0,1.0,H,H,1.36,4.5,8.0,1.57,2.38
D1,2023-09-23,14:30:00,Augsburg,Mainz,2,1,2.0,1.0,H,H,2.55,3.5,2.63,1.67,2.2
D1,2023-09-23,14:30:00,Bayern Munich,Bochum,7,0,4.0,0.0,H,H,1.11,10.0,19.0,1.22,4.33
D1,2023-09-23,14:30:00,Dortmund,Wolfsburg,1,0,0.0,0.0,H,D,1.65,4.0,4.75,1.44,2.75
D1,2023-09-23,14:30:00,M'gladbach,RB Leipzig,0,1,0.0,0.0,A,D,4.75,4.75,1.57,1.4,3.0
D1,2023-09-23,14:30:00,Union Berlin,Hoffenheim,0,2,0.0,2.0,A,A,2.05,3.6,3.4,1.8,2.0
D1,2023-09-23,17:30:00,Werder Bremen,FC Koln,2,1,1.0,1.0,H,D,2.5,3.6,2.6,1.73,2.1
D1,2023-09-24,14:30:00,Leverkusen,Heidenheim,4,1,1.0,0.0,H,H,1.22,6.5,12.0,1.33,3.4
D1,2023-09-24,16:30:00,Ein Frankfurt,Freiburg,0,0,0.0,0.0,D,D,2.05,3.6,3.4,1.87,2.03
D1,2023-09-29,19:30:00,Hoffenheim,Dortmund,1,3,1.0,2.0,A,A,3.1,4.0,2.05,1.4,3.0
D1,2023-09-30,14:30:00,Bochum,M'gladbach,1,3,0.0,3.0,A,A,2.3,3.75,2.9,1.57,2.38
D1,2023-09-30,14:30:00,FC Koln,Stuttgart,0,2,0.0,0.0,A,D,2.88,3.5,2.38,1.67,2.2
D1,2023-09-30,14:30:00,Heidenheim,Union Berlin,1,0,0.0,0.0,H,D,3.0,3.6,2.25,1.73,2.1
D1,2023-09-30,14:30:00,Mainz,Leverkusen,0,3,0.0,1.0,A,A,5.75,4.5,1.53,1.53,2.5
D1,2023-09-30,14:30:00,Wolfsburg,Ein Frankfurt,2,0,1.0,0.0,H,H,2.05,3.5,3.5,1.97,1.93
D1,2023-09-30,17:30:00,RB Leipzig,Bayern Munich,2,2,2.0,0.0,D,H,3.4,4.2,1.91,1.4,3.0
D1,2023-10-01,14:30:00,Darmstadt,Werder Bremen,4,2,2.0,0.0,H,H,2.8,3.8,2.3,1.67,2.2
D1,2023-10-01,16:30:00,Freiburg,Augsburg,2,0,1.0,0.0,H,H,1.73,4.0,4.75,1.67,2.2
D1,2023-10-06,19:30:00,M'gladbach,Mainz,2,2,1.0,1.0,D,D,2.05,3.75,3.4,1.57,2.38
D1,2023-10-07,14:30:00,Augsburg,Darmstadt,1,2,0.0,0.0,A,D,1.85,3.75,4.0,1.67,2.2
D1,2023-10-07,14:30:00,Dortmund,Union Berlin,4,2,1.0,2.0,H,A,1.57,4.33,5.25,1.62,2.3
D1,2023-10-07,14:30:00,RB Leipzig,Bochum,0,0,0.0,0.0,D,D,1.25,6.0,11.0,1.36,3.2
D1,2023-10-07,14:30:00,Stuttgart,Wolfsburg,3,1,0.0,1.0,H,A,2.0,3.5,3.75,1.67,2.2
D1,2023-10-07,17:30:00,Werder Bremen,Hoffenheim,2,3,1.0,2.0,A,A,2.75,3.75,2.4,1.44,2.75
D1,2023-10-08,14:30:00,Leverkusen,FC Koln,3,0,2.0,0.0,H,H,1.33,5.5,8.0,1.5,2.63
D1,2023-10-08,16:30:00,Bayern Munich,Freiburg,3,0,2.0,0.0,H,H,1.14,8.5,17.0,1.29,3.75
D1,2023-10-08,18:30:00,Ein Frankfurt,Heidenheim,2,0,1.0,0.0,H,H,1.7,4.0,4.75,1.73,2.1
D1,2023-10-20,19:30:00,Dortmund,Werder Bremen,1,0,0.0,0.0,H,D,1.29,6.5,8.0,1.29,3.75
D1,2023-10-21,14:30:00,Darmstadt,RB Leipzig,1,3,1.0,2.0,A,A,6.5,4.75,1.44,1.53,2.5
D1,2023-10-21,14:30:00,Freiburg,Bochum,2,1,2.0,1.0,H,H,1.7,3.75,5.0,1.73,2.1
D1,2023-10-21,14:30:00,Hoffenheim,Ein Frankfurt,1,3,1.0,3.0,A,A,2.1,3.5,3.4,1.67,2.2
D1,2023-10-21,14:30:00,Union Berlin,Stuttgart,0,3,0.0,1.0,A,A,2.5,3.5,2.7,1.8,2.0
D1,2023-10-21,14:30:00,Wolfsburg,Leverkusen,1,2,1.0,1.0,A,D,4.33,4.0,1.75,1.57,2.38
D1,2023-10-21,17:30:00,Mainz,Bayern Munich,1,3,1.0,2.0,A,A,9.0,6.0,1.29,1.3,3.5
D1,2023-10-22,14:30:00,FC Koln,M'gladbach,3,1,1.0,0.0,H,H,2.4,3.6,2.88,1.57,2.38
D1,2023-10-22,16:30:00,Heidenheim,Augsburg,2,5,2.0,3.0,A,A,2.45,3.5,2.8,1.73,2.1
D1,2023-10-27,19:30:00,Bochum,Mainz,2,2,1.0,0.0,D,H,2.7,3.3,2.55,1.73,2.1
D1,2023-10-28,14:30:00,Augsburg,Wolfsburg,3,2,1.0,2.0,H,A,2.9,3.5,2.38,1.73,2.1
D1,2023-10-28,14:30:00,Bayern Munich,Darmstadt,8,0,0.0,0.0,H,D,1.06,12.0,26.0,1.17,5.0
D1,2023-10-28,14:30:00,M'gladbach,Heidenheim,2,1,1.0,1.0,H,D,1.8,4.0,4.0,1.5,2.63
D1,2023-10-28,14:30:00,Stuttgart,Hoffenheim,2,3,0.0,2.0,A,A,1.85,4.0,3.8,1.5,2.63
D1,2023-10-28,14:30:00,Werder Bremen,Union Berlin,2,0,1.0,0.0,H,H,2.7,3.3,2.6,1.8,2.0
D1,2023-10-28,17:30:00,RB Leipzig,FC Koln,6,0,4.0,0.0,H,H,1.44,4.75,7.0,1.57,2.38
D1,2023-10-29,14:30:00,Ein Frankfurt,Dortmund,3,3,2.0,1.0,D,H,3.4,3.4,2.15,1.67,2.2
D1,2023-10-29,16:30:00,Leverkusen,Freiburg,2,1,1.0,0.0,H,H,1.29,5.5,11.0,1.5,2.63
D1,2023-11-03,19:30:00,Darmstadt,Bochum,1,2,1.0,1.0,A,D,2.3,3.75,2.88,1.67,2.2
D1,2023-11-04,14:30:00,FC Koln,Augsburg,1,1,1.0,1.0,D,D,2.3,3.6,2.9,1.62,2.3
D1,2023-11-04,14:30:00,Freiburg,M'gladbach,3,3,1.0,3.0,D,A,2.1,3.8,3.2,1.57,2.38
D1,2023-11-04,14:30:00,Hoffenheim,Leverkusen,2,3,0.0,2.0,A,A,5.0,4.5,1.57,1.33,3.4
D1,2023-11-04,14:30:00,Mainz,RB Leipzig,2,0,0.0,0.0,H,D,5.75,4.2,1.6,1.62,2.3
D1,2023-11-04,14:30:00,Union Berlin,Ein Frankfurt,0,3,0.0,2.0,A,A,2.55,3.1,2.9,2.0,1.8
D1,2023-11-04,17:30:00,Dortmund,Bayern Munich,0,4,0.0,2.0,A,A,4.0,4.33,1.75,1.33,3.4
D1,2023-11-05,14:30:00,Wolfsburg,Werder Bremen,2,2,1.0,1.0,D,D,1.7,4.33,4.33,1.44,2.75
D1,2023-11-05,16:30:00,Heidenheim,Stuttgart,2,0,0.0,0.0,H,D,4.5,4.33,1.65,1.5,2.63
D1,2023-11-10,19:30:00,M'gladbach,Wolfsburg,4,0,2.0,0.0,H,H,2.3,3.8,2.7,1.53,2.5
D1,2023-11-11,14:30:00,Augsburg,Hoffenheim,1,1,0.0,1.0,D,A,2.63,3.6,2.55,1.5,2.63
D1,2023-11-11,14:30:00,Bayern Munich,Heidenheim,4,2,2.0,0.0,H,H,1.06,17.0,21.0,1.17,5.0
D1,2023-11-11,14:30:00,Darmstadt,Mainz,0,0,0.0,0.0,D,D,3.1,3.5,2.25,1.67,2.2
D1,2023-11-11,14:30:00,Stuttgart,Dortmund,2,1,1.0,1.0,H,D,2.55,3.75,2.55,1.44,2.75
D1,2023-11-11,17:30:00,Bochum,FC Koln,1,1,1.0,0.0,D,H,2.45,3.4,2.88,1.67,2.2
D1,2023-11-12,14:30:00,Leverkusen,Union Berlin,4,0,1.0,0.0,H,H,1.29,6.0,9.0,1.57,2.38
D1,2023-11-12,16:30:00,Werder Bremen,Ein Frankfurt,2,2,1.0,0.0,D,H,3.1,3.4,2.3,1.73,2.1
D1,2023-11-12,18:30:00,RB Leipzig,Freiburg,3,1,1.0,1.0,H,D,1.44,5.0,6.5,1.57,2.38
D1,2023-11-24,19:30:00,FC Koln,Bayern Munich,0,1,0.0,1.0,A,A,9.0,7.0,1.25,1.33,3.4
D1,2023-11-25,14:30:00,Dortmund,M'gladbach,4,2,3.0,2.0,H,H,1.45,5.5,5.25,1.33,3.4
D1,2023-11-25,14:30:00,Freiburg,Darmstadt,1,1,1.0,1.0,D,D,1.55,4.33,5.75,1.67,2.2
D1,2023-11-25,14:30:00,Union Berlin,Augsburg,1,1,0.0,1.0,D,A,1.95,3.6,3.8,1.96,1.94
D1,2023-11-25,14:30:00,Werder Bremen,Leverkusen,0,3,0.0,2.0,A,A,6.5,5.0,1.45,1.36,3.2
D1,2023-11-25,14:30:00,Wolfsburg,RB Leipzig,2,1,1.0,0.0,H,H,3.6,4.0,1.91,1.62,2.3
D1,2023-11-25,17:30:00,Ein Frankfurt,Stuttgart,1,2,1.0,2.0,A,A,2.6,3.6,2.6,1.73,2.1
D1,2023-11-26,14:30:00,Heidenheim,Bochum,0,0,0.0,0.0,D,D,2.2,3.6,3.1,1.62,2.3
D1,2023-11-26,16:30:00,Hoffenheim,Mainz,1,1,0.0,1.0,D,A,1.85,3.8,3.8,1.57,2.38
D1,2023-12-01,19:30:00,Darmstadt,FC Koln,0,1,0.0,0.0,A,D,2.63,3.4,2.6,1.8,2.0
D1,2023-12-02,14:30:00,Bochum,Wolfsburg,3,1,2.0,1.0,H,H,2.63,3.6,2.55,1.67,2.2
D1,2023-12-02,14:30:00,M'gladbach,Hoffenheim,2,1,0.0,0.0,H,D,2.2,4.0,2.88,1.36,3.2
D1,2023-12-02,14:30:00,RB Leipzig,Heidenheim,2,1,2.0,1.0,H,H,1.25,7.0,9.0,1.36,3.2
D1,2023-12-02,17:30:00,Stuttgart,Werder Bremen,2,0,1.0,0.0,H,H,1.4,5.25,6.5,1.5,2.63
D1,2023-12-03,14:30:00,Mainz,Freiburg,0,1,0.0,0.0,A,D,2.3,3.4,3.1,1.96,1.94
D1,2023-12-03,16:30:00,Leverkusen,Dortmund,1,1,0.0,1.0,D,A,1.62,4.5,4.75,1.36,3.2
D1,2023-12-03,18:30:00,Augsburg,Ein Frankfurt,2,1,1.0,0.0,H,H,2.63,3.6,2.55,1.8,2.0
D1,2023-12-08,19:30:00,Hoffenheim,Bochum,3,1,2.0,0.0,H,H,1.67,4.2,4.75,1.5,2.63
D1,2023-12-09,14:30:00,Ein Frankfurt,Bayern Munich,5,1,3.0,1.0,H,H,9.0,5.5,1.3,1.44,2.75
D1,2023-12-09,14:30:00,Heidenheim,Darmstadt,3,2,1.0,0.0,H,H,2.05,3.5,3.5,1.8,2.0
D1,2023-12-09,14:30:00,Union Berlin,M'gladbach,3,1,1.0,0.0,H,H,2.1,3.5,3.4,1.73,2.1
D1,2023-12-09,14:30:00,Werder Bremen,Augsburg,2,0,1.0,0.0,H,H,2.38,3.6,2.8,1.62,2.3
D1,2023-12-09,14:30:00,Wolfsburg,Freiburg,0,1,0.0,0.0,A,D,2.25,3.5,3.1,1.73,2.1
D1,2023-12-09,17:30:00,Dortmund,RB Leipzig,2,3,1.0,1.0,A,D,2.6,3.6,2.55,1.44,2.75
D1,2023-12-10,14:30:00,Stuttgart,Leverkusen,1,1,1.0,0.0,D,H,2.9,3.6,2.3,1.53,2.5
D1,2023-12-10,16:30:00,FC Koln,Mainz,0,0,0.0,0.0,D,D,2.3,3.5,3.0,1.95,1.95
D1,2023-12-15,19:30:00,M'gladbach,Werder Bremen,2,2,1.0,1.0,D,D,2.0,4.0,3.3,1.53,2.5
D1,2023-12-16,14:30:00,Augsburg,Dortmund,1,1,1.0,1.0,D,D,3.5,4.2,1.91,1.44,2.75
D1,2023-12-16,14:30:00,Bochum,Union Berlin,3,0,1.0,0.0,H,H,2.7,3.4,2.6,1.97,1.93
D1,2023-12-16,14:30:00,Darmstadt,Wolfsburg,0,1,0.0,0.0,A,D,3.1,3.6,2.2,1.8,2.0
D1,2023-12-16,14:30:00,Mainz,Heidenheim,0,1,0.0,1.0,A,A,1.67,4.2,4.75,1.67,2.2
D1,2023-12-16,17:30:00,RB Leipzig,Hoffenheim,3,1,1.0,1.0,H,D,1.45,5.0,6.0,1.36,3.2
D1,2023-12-17,14:30:00,Freiburg,FC Koln,2,0,0.0,0.0,H,D,1.8,3.8,4.2,1.91,1.99
D1,2023-12-17,16:30:00,Leverkusen,Ein Frankfurt,3,0,1.0,0.0,H,H,1.36,5.0,8.5,1.5,2.63
D1,2023-12-17,18:30:00,Bayern Munich,Stuttgart,3,0,1.0,0.0,H,H,1.45,5.25,5.5,1.36,3.2
D1,2023-12-19,17:30:00,Werder Bremen,RB Leipzig,1,1,0.0,0.0,D,D,5.0,4.5,1.57,1.44,2.75
D1,2023-12-19,19:30:00,Dortmund,Mainz,1,1,1.0,1.0,D,D,1.55,4.75,5.25,1.44,2.75
D1,2023-12-19,19:30:00,Hoffenheim,Darmstadt,3,3,2.0,1.0,D,H,1.44,5.0,6.5,1.5,2.63
D1,2023-12-20,17:30:00,Union Berlin,FC Koln,2,0,0.0,0.0,H,D,1.95,3.6,3.8,2.05,1.85
D1,2023-12-20,19:30:00,Ein Frankfurt,M'gladbach,2,1,0.0,1.0,H,A,1.83,4.0,3.8,1.62,2.3
D1,2023-12-20,19:30:00,Heidenheim,Freiburg,3,2,0.0,1.0,H,A,2.8,3.6,2.38,1.73,2.1
D1,2023-12-20,19:30:00,Leverkusen,Bochum,4,0,3.0,0.0,H,H,1.17,8.0,15.0,1.36,3.2
D1,2023-12-20,19:30:00,Stuttgart,Augsburg,3,0,2.0,0.0,H,H,1.36,5.25,7.5,1.44,2.75
D1,2023-12-20,19:30:00,Wolfsburg,Bayern Munich,1,2,1.0,2.0,A,A,6.5,5.75,1.36,1.4,3.0
D1,2024-01-12,19:30:00,Bayern Munich,Hoffenheim,3,0,1.0,0.0,H,H,1.14,9.0,12.0,1.22,4.33
D1,2024-01-13,14:30:00,Augsburg,Leverkusen,0,1,0.0,0.0,A,D,5.25,4.75,1.5,1.53,2.5
D1,2024-01-13,14:30:00,FC Koln,Heidenheim,1,1,1.0,0.0,D,H,2.05,3.6,3.4,1.73,2.1
D1,2024-01-13,14:30:00,Freiburg,Union Berlin,0,0,0.0,0.0,D,D,2.05,3.6,3.5,2.02,1.88
D1,2024-01-13,14:30:00,Mainz,Wolfsburg,1,1,0.0,1.0,D,A,2.2,3.4,3.25,1.98,1.92
D1,2024-01-13,14:30:00,RB Leipzig,Ein Frankfurt,0,1,0.0,1.0,A,A,1.45,4.5,7.5,1.5,2.63
D1,2024-01-13,17:30:00,Darmstadt,Dortmund,0,3,0.0,1.0,A,A,5.25,4.5,1.53,1.44,2.75
D1,2024-01-14,14:30:00,Bochum,Werder Bremen,1,1,0.0,0.0,D,D,2.15,3.6,3.1,1.67,2.2
D1,2024-01-14,16:30:00,M'gladbach,Stuttgart,3,1,2.0,0.0,H,H,3.5,4.0,1.91,1.53,2.5
D1,2024-01-20,14:30:00,Bochum,Stuttgart,1,0,0.0,0.0,H,D,3.6,3.8,1.95,1.67,2.2
D1,2024-01-20,14:30:00,Darmstadt,Ein Frankfurt,2,2,0.0,1.0,D,A,3.8,3.75,1.91,1.89,2.01
D1,2024-01-20,14:30:00,FC Koln,Dortmund,0,4,0.0,1.0,A,A,4.5,4.0,1.73,1.53,2.5
D1,2024-01-20,14:30:00,Freiburg,Hoffenheim,3,2,1.0,0.0,H,H,2.0,3.8,3.4,1.62,2.3
D1,2024-01-20,14:30:00,Heidenheim,Wolfsburg,1,1,1.0,1.0,D,D,2.7,3.5,2.55,1.8,2.0
D1,2024-01-20,17:30:00,RB Leipzig,Leverkusen,2,3,1.0,0.0,A,H,2.4,3.8,2.7,1.62,2.3
D1,2024-01-21,14:30:00,Bayern Munich,Werder Bremen,0,1,0.0,0.0,A,D,1.09,11.0,21.0,1.22,4.33
D1,2024-01-21,16:30:00,M'gladbach,Augsburg,1,2,1.0,0.0,A,H,1.91,3.8,3.8,1.57,2.38
D1,2024-01-24,19:30:00,Bayern Munich,Union Berlin,1,0,0.0,0.0,H,D,1.18,7.0,17.0,1.4,3.0
D1,2024-01-26,19:30:00,Ein Frankfurt,Mainz,1,0,0.0,0.0,H,D,2.15,3.4,3.5,2.05,1.75
D1,2024-01-27,14:30:00,Augsburg,Bayern Munich,2,3,0.0,2.0,A,A,8.5,5.75,1.3,1.4,3.0
D1,2024-01-27,14:30:00,Hoffenheim,Heidenheim,1,1,1.0,1.0,D,D,1.67,4.5,4.33,1.5,2.5
D1,2024-01-27,14:30:00,Stuttgart,RB Leipzig,5,2,2.0,1.0,H,H,2.63,3.8,2.4,1.57,2.38
D1,2024-01-27,14:30:00,Werder Bremen,Freiburg,3,1,1.0,1.0,H,D,2.4,3.5,2.88,1.8,2.0
D1,2024-01-27,14:30:00,Wolfsburg,FC Koln,1,1,1.0,1.0,D,D,1.83,3.75,4.2,1.88,2.02
D1,2024-01-27,17:30:00,Leverkusen,M'gladbach,0,0,0.0,0.0,D,D,1.29,5.5,10.0,1.4,3.0
D1,2024-01-28,14:30:00,Union Berlin,Darmstadt,1,0,0.0,0.0,H,D,1.62,3.8,5.75,1.95,1.95
D1,2024-01-28,16:30:00,Dortmund,Bochum,3,1,1.0,1.0,H,D,1.36,5.5,7.5,1.4,3.0
D1,2024-02-02,19:30:00,Heidenheim,Dortmund,0,0,0.0,0.0,D,D,3.75,4.5,1.8,1.44,2.75
D1,2024-02-03,14:30:00,Bayern Munich,M'gladbach,3,1,1.0,1.0,H,D,1.14,9.5,13.0,1.22,4.33
D1,2024-02-03,14:30:00,Bochum,Augsburg,1,1,1.0,0.0,D,H,2.15,3.4,3.4,1.8,2.0
D1,2024-02-03,14:30:00,Darmstadt,Leverkusen,0,2,0.0,1.0,A,A,9.5,6.5,1.25,1.44,2.75
D1,2024-02-03,14:30:00,Freiburg,Stuttgart,1,3,1.0,2.0,A,A,3.1,3.6,2.2,1.73,2.1
D1,2024-02-03,14:30:00,Mainz,Werder Bremen,0,1,0.0,1.0,A,A,2.1,3.5,3.5,2.0,1.9
D1,2024-02-03,17:30:00,FC Koln,Ein Frankfurt,2,0,0.0,0.0,H,D,3.25,3.4,2.2,2.01,1.89
D1,2024-02-04,14:30:00,Wolfsburg,Hoffenheim,2,2,0.0,1.0,D,A,2.1,3.75,3.2,1.62,2.3
D1,2024-02-04,16:30:00,RB Leipzig,Union Berlin,2,0,1.0,0.0,H,H,1.4,5.0,7.5,1.62,2.3
D1,2024-02-07,17:30:00,Mainz,Union Berlin,1,1,1.0,1.0,D,D,2.15,3.3,3.5,2.2,1.67
D1,2024-02-09,19:30:00,Dortmund,Freiburg,3,0,2.0,0.0,H,H,1.45,4.75,6.5,1.44,2.75
D1,2024-02-10,14:30:00,Augsburg,RB Leipzig,2,2,1.0,1.0,D,D,4.0,4.2,1.75,1.53,2.5
D1,2024-02-10,14:30:00,Ein Frankfurt,Bochum,1,1,1.0,1.0,D,D,1.73,3.8,4.75,1.89,2.01
D1,2024-02-10,14:30:00,M'gladbach,Darmstadt,0,0,0.0,0.0,D,D,1.6,4.5,5.0,1.67,2.2
D1,2024-02-10,14:30:00,Union Berlin,Wolfsburg,1,0,1.0,0.0,H,H,2.25,3.4,3.2,2.1,1.73
D1,2024-02-10,14:30:00,Werder Bremen,Heidenheim,1,2,1.0,2.0,A,A,1.8,3.8,4.33,1.73,2.1
D1,2024-02-10,17:30:00,Leverkusen,Bayern Munich,3,0,1.0,0.0,H,H,2.63,3.8,2.4,1.5,2.63
D1,2024-02-11,14:30:00,Stuttgart,Mainz,3,1,2.0,0.0,H,H,1.44,4.5,7.5,1.73,2.1
D1,2024-02-11,16:30:00,Hoffenheim,FC Koln,1,1,0.0,0.0,D,D,1.8,3.8,4.33,1.62,2.3
D1,2024-02-16,19:30:00,FC Koln,Werder Bremen,0,1,0.0,0.0,A,D,2.4,3.4,2.88,2.04,1.86
D1,2024-02-17,14:30:00,Darmstadt,Stuttgart,1,2,0.0,1.0,A,A,6.5,4.75,1.44,1.67,2.2
D1,2024-02-17,14:30:00,Heidenheim,Leverkusen,1,2,0.0,1.0,A,A,8.0,5.75,1.33,1.5,2.63
D1,2024-02-17,14:30:00,Hoffenheim,Union Berlin,0,1,0.0,0.0,A,D,2.0,3.6,3.6,1.73,2.1
D1,2024-02-17,14:30:00,Mainz,Augsburg,1,0,1.0,0.0,H,H,2.0,3.5,3.8,1.98,1.92
D1,2024-02-17,14:30:00,Wolfsburg,Dortmund,1,1,0.0,1.0,D,A,3.2,3.8,2.1,1.57,2.38
D1,2024-02-17,17:30:00,RB Leipzig,M'gladbach,2,0,1.0,0.0,H,H,1.36,5.5,7.0,1.36,3.2
D1,2024-02-18,14:30:00,Freiburg,Ein Frankfurt,3,3,2.0,2.0,D,D,2.3,3.4,3.1,2.06,1.84
D1,2024-02-18,16:30:00,Bochum,Bayern Munich,3,2,2.0,1.0,H,H,8.0,5.75,1.33,1.4,3.0
D1,2024-02-23,19:30:00,Leverkusen,Mainz,2,1,1.0,1.0,H,D,1.22,6.5,13.0,1.57,2.38
D1,2024-02-24,14:30:00,M'gladbach,Bochum,5,2,2.0,0.0,H,H,2.0,3.8,3.5,1.62,2.3
D1,2024-02-24,14:30:00,Stuttgart,FC Koln,1,1,0.0,0.0,D,D,1.3,5.25,10.0,1.53,2.5
D1,2024-02-24,14:30:00,Union Berlin,Heidenheim,2,2,2.0,1.0,D,H,2.0,3.5,3.75,2.0,1.8
D1,2024-02-24,14:30:00,Werder Bremen,Darmstadt,1,1,1.0,1.0,D,D,1.65,4.2,5.0,1.84,2.06
D1,2024-02-24,17:30:00,Bayern Munich,RB Leipzig,2,1,0.0,0.0,H,D,1.67,4.33,4.5,1.44,2.75
D1,2024-02-25,14:30:00,Ein Frankfurt,Wolfsburg,2,2,1.0,2.0,D,A,2.25,3.4,3.2,1.97,1.93
D1,2024-02-25,16:30:00,Dortmund,Hoffenheim,2,3,2.0,1.0,A,H,1.5,5.0,5.5,1.33,3.4
D1,2024-02-25,18:30:00,Augsburg,Freiburg,2,1,0.0,1.0,H,A,2.2,3.6,3.1,1.8,2.0
D1,2024-03-01,19:30:00,Freiburg,Bayern Munich,2,2,1.0,1.0,D,D,5.75,4.75,1.5,1.53,2.5
D1,2024-03-02,14:30:00,Bochum,RB Leipzig,1,4,1.0,1.0,A,D,5.0,4.2,1.62,1.53,2.5
D1,2024-03-02,14:30:00,Darmstadt,Augsburg,0,6,0.0,5.0,A,A,2.9,3.3,2.4,1.86,2.04
D1,2024-03-02,14:30:00,Heidenheim,Ein Frankfurt,1,2,0.0,1.0,A,A,2.8,3.3,2.5,1.97,1.93
D1,2024-03-02,14:30:00,Mainz,M'gladbach,1,1,1.0,0.0,D,H,1.91,3.75,3.75,1.8,2.0
D1,2024-03-02,14:30:00,Union Berlin,Dortmund,0,2,0.0,1.0,A,A,3.4,3.6,2.05,1.73,2.1
D1,2024-03-02,17:30:00,Wolfsburg,Stuttgart,2,3,0.0,1.0,A,A,3.3,3.5,2.15,1.73,2.1
D1,2024-03-03,14:30:00,FC Koln,Leverkusen,0,2,0.0,1.0,A,A,9.0,4.75,1.36,1.67,2.2
D1,2024-03-03,16:30:00,Hoffenheim,Werder Bremen,2,1,2.0,0.0,H,H,1.91,4.0,3.6,1.57,2.38
D1,2024-03-08,19:30:00,Stuttgart,Union Berlin,2,0,1.0,0.0,H,H,1.45,4.5,7.0,1.73,2.1
D1,2024-03-09,14:30:00,Augsburg,Heidenheim,1,0,1.0,0.0,H,H,1.85,4.2,3.5,1.62,2.3
D1,2024-03-09,14:30:00,Bayern Munich,Mainz,8,1,3.0,1.0,H,H,1.25,7.0,10.0,1.4,3.0
D1,2024-03-09,14:30:00,M'gladbach,FC Koln,3,3,1.0,1.0,D,D,1.83,4.0,4.0,1.73,2.1
D1,2024-03-09,14:30:00,RB Leipzig,Darmstadt,2,0,1.0,0.0,H,H,1.14,8.5,15.0,1.33,3.4
D1,2024-03-09,17:30:00,Werder Bremen,Dortmund,1,2,0.0,2.0,A,A,3.5,4.33,1.85,1.44,2.75
D1,2024-03-10,14:30:00,Bochum,Freiburg,1,2,0.0,1.0,A,A,2.2,3.75,3.0,1.8,2.0
D1,2024-03-10,16:30:00,Ein Frankfurt,Hoffenheim,3,1,1.0,1.0,H,D,2.0,4.0,3.3,1.57,2.38
D1,2024-03-10,18:30:00,Leverkusen,Wolfsburg,2,0,1.0,0.0,H,H,1.33,5.75,8.5,1.53,2.5
D1,2024-03-15,19:30:00,FC Koln,RB Leipzig,1,5,1.0,1.0,A,D,6.5,4.75,1.45,1.62,2.3
D1,2024-03-16,14:30:00,Darmstadt,Bayern Munich,2,5,1.0,2.0,A,A,17.0,8.0,1.14,1.29,3.75
D1,2024-03-16,14:30:00,Heidenheim,M'gladbach,1,1,0.0,1.0,D,A,2.45,3.6,2.7,1.67,2.2
D1,2024-03-16,14:30:00,Mainz,Bochum,2,0,1.0,0.0,H,H,1.8,3.8,4.33,1.8,2.0
D1,2024-03-16,14:30:00,Union Berlin,Werder Bremen,2,1,0.0,0.0,H,D,2.05,3.4,3.8,2.0,1.9
D1,2024-03-16,14:30:00,Wolfsburg,Augsburg,1,3,1.0,1.0,A,D,2.05,3.5,3.5,1.8,2.0
D1,2024-03-16,17:30:00,Hoffenheim,Stuttgart,0,3,0.0,2.0,A,A,3.8,4.0,1.83,1.44,2.75
D1,2024-03-17,14:30:00,Freiburg,Leverkusen,2,3,1.0,2.0,A,A,6.0,4.33,1.53,1.73,2.1
D1,2024-03-17,16:30:00,Dortmund,Ein Frankfurt,3,1,1.0,1.0,H,D,1.62,4.2,5.0,1.5,2.63
D1,2024-03-30,14:30:00,Ein Frankfurt,Union Berlin,0,0,0.0,0.0,D,D,2.0,3.5,3.8,2.1,1.73
D1,2024-03-30,14:30:00,Leverkusen,Hoffenheim,2,1,0.0,1.0,H,A,1.2,7.5,12.0,1.3,3.5
D1,2024-03-30,14:30:00,M'gladbach,Freiburg,0,3,0.0,1.0,A,A,2.2,3.6,3.2,1.67,2.2
D1,2024-03-30,14:30:00,RB Leipzig,Mainz,0,0,0.0,0.0,D,D,1.4,5.25,7.5,1.53,2.5
D1,2024-03-30,14:30:00,Werder Bremen,Wolfsburg,0,2,0.0,1.0,A,A,2.88,3.5,2.4,1.8,2.0
D1,2024-03-30,17:30:00,Bayern Munich,Dortmund,0,2,0.0,1.0,A,A,1.4,5.75,6.0,1.25,4.0
D1,2024-03-31,14:30:00,Augsburg,FC Koln,1,1,1.0,1.0,D,D,1.75,4.0,4.5,1.73,2.1
D1,2024-03-31,16:30:00,Stuttgart,Heidenheim,3,3,1.0,0.0,D,H,1.25,6.0,10.0,1.4,3.0
D1,2024-03-31,18:30:00,Bochum,Darmstadt,2,2,1.0,0.0,D,H,1.62,4.0,5.25,1.67,2.2
D1,2024-04-05,19:30:00,Ein Frankfurt,Werder Bremen,1,1,0.0,0.0,D,D,1.75,3.8,4.5,1.73,2.1
D1,2024-04-06,14:30:00,FC Koln,Bochum,2,1,0.0,0.0,H,D,2.25,3.5,3.1,1.8,2.0
D1,2024-04-06,14:30:00,Freiburg,RB Leipzig,1,4,0.0,3.0,A,A,4.75,4.33,1.65,1.53,2.5
D1,2024-04-06,14:30:00,Heidenheim,Bayern Munich,3,2,0.0,2.0,H,A,6.5,6.0,1.36,1.33,3.4
D1,2024-04-06,14:30:00,Mainz,Darmstadt,4,0,1.0,0.0,H,H,1.4,5.0,7.5,1.67,2.2
D1,2024-04-06,14:30:00,Union Berlin,Leverkusen,0,1,0.0,1.0,A,A,5.75,4.33,1.55,1.84,2.06
D1,2024-04-06,17:30:00,Dortmund,Stuttgart,0,1,0.0,0.0,A,D,2.25,4.0,2.8,1.4,3.0
D1,2024-04-07,14:30:00,Hoffenheim,Augsburg,3,1,2.0,0.0,H,H,2.2,4.0,2.9,1.44,2.75
D1,2024-04-07,16:30:00,Wolfsburg,M'gladbach,1,3,1.0,0.0,A,H,1.85,4.0,3.8,1.62,2.3
D1,2024-04-12,19:30:00,Augsburg,Union Berlin,2,0,0.0,0.0,H,D,2.1,3.4,3.4,2.0,1.93
D1,2024-04-13,14:30:00,Bayern Munich,FC Koln,2,0,0.0,0.0,H,D,1.22,7.5,11.0,1.33,3.4
D1,2024-04-13,14:30:00,Bochum,Heidenheim,1,1,0.0,0.0,D,D,2.05,3.75,3.3,1.67,2.2
D1,2024-04-13,14:30:00,Mainz,Hoffenheim,4,1,0.0,1.0,H,A,1.95,4.0,3.4,1.57,2.38
D1,2024-04-13,14:30:00,M'gladbach,Dortmund,1,2,1.0,2.0,A,A,3.25,4.0,2.0,1.4,3.0
D1,2024-04-13,14:30:00,RB Leipzig,Wolfsburg,3,0,1.0,0.0,H,H,1.36,5.0,8.0,1.44,2.75
D1,2024-04-13,17:30:00,Stuttgart,Ein Frankfurt,3,0,3.0,0.0,H,H,1.53,4.5,5.5,1.57,2.38
D1,2024-04-14,14:30:00,Darmstadt,Freiburg,0,1,0.0,1.0,A,A,4.0,3.8,1.83,1.62,2.3
D1,2024-04-14,16:30:00,Leverkusen,Werder Bremen,5,0,1.0,0.0,H,H,1.2,7.0,13.0,1.44,2.75
D1,2024-04-19,19:30:00,Ein Frankfurt,Augsburg,3,1,0.0,1.0,H,A,2.0,3.75,3.5,1.67,2.2
D1,2024-04-20,14:30:00,FC Koln,Darmstadt,0,2,0.0,0.0,A,D,1.5,4.75,5.75,1.62,2.3
D1,2024-04-20,14:30:00,Heidenheim,RB Leipzig,1,2,0.0,1.0,A,A,5.75,5.25,1.45,1.44,2.75
D1,2024-04-20,14:30:00,Hoffenheim,M'gladbach,4,3,1.0,1.0,H,D,2.1,4.0,3.1,1.44,2.75
D1,2024-04-20,14:30:00,Wolfsburg,Bochum,1,0,1.0,0.0,H,H,1.75,4.0,4.33,1.67,2.2
D1,2024-04-20,17:30:00,Union Berlin,Bayern Munich,1,5,0.0,2.0,A,A,4.75,4.5,1.62,1.62,2.3
D1,2024-04-21,14:30:00,Werder Bremen,Stuttgart,2,1,1.0,0.0,H,H,4.75,4.75,1.57,1.5,2.63
D1,2024-04-21,16:30:00,Dortmund,Leverkusen,1,1,0.0,0.0,D,D,2.55,3.8,2.55,1.5,2.63
D1,2024-04-21,18:30:00,Freiburg,Mainz,1,1,1.0,1.0,D,D,2.6,3.5,2.6,1.73,2.1
D1,2024-04-26,19:30:00,Bochum,Hoffenheim,3,2,2.0,0.0,H,H,2.15,4.0,2.9,1.44,2.75
D1,2024-04-27,14:30:00,Augsburg,Werder Bremen,0,3,0.0,0.0,A,D,1.8,4.0,4.0,1.57,2.38
D1,2024-04-27,14:30:00,Bayern Munich,Ein Frankfurt,2,1,1.0,1.0,H,D,1.4,5.25,7.0,1.36,3.2
D1,2024-04-27,14:30:00,Freiburg,Wolfsburg,1,2,1.0,0.0,A,H,2.3,3.6,2.88,1.84,2.06
D1,2024-04-27,14:30:00,RB Leipzig,Dortmund,4,1,2.0,1.0,H,H,1.67,4.33,4.5,1.4,3.0
D1,2024-04-27,17:30:00,Leverkusen,Stuttgart,2,2,0.0,0.0,D,D,1.75,4.2,4.33,1.57,2.38
D1,2024-04-28,14:30:00,M'gladbach,Union Berlin,0,0,0.0,0.0,D,D,2.3,3.5,3.0,1.97,1.93
D1,2024-04-28,16:30:00,Mainz,FC Koln,1,1,1.0,0.0,D,H,1.55,4.33,6.0,1.73,2.1
D1,2024-04-28,18:30:00,Darmstadt,Heidenheim,0,1,0.0,0.0,A,D,3.3,3.75,2.1,1.67,2.2
D1,2024-05-03,19:30:00,Hoffenheim,RB Leipzig,1,1,0.0,1.0,D,A,5.25,5.0,1.5,1.25,4.0
D1,2024-05-04,14:30:00,Dortmund,Augsburg,5,1,4.0,1.0,H,H,1.85,4.33,3.6,1.33,3.4
D1,2024-05-04,14:30:00,Stuttgart,Bayern Munich,3,1,1.0,1.0,H,D,2.1,4.0,3.1,1.44,2.75
D1,2024-05-04,14:30:00,Werder Bremen,M'gladbach,2,2,1.0,1.0,D,D,2.25,3.75,3.0,1.57,2.38
D1,2024-05-04,14:30:00,Wolfsburg,Darmstadt,3,0,2.0,0.0,H,H,1.4,5.0,8.0,1.57,2.38
D1,2024-05-04,17:30:00,FC Koln,Freiburg,0,0,0.0,0.0,D,D,2.3,3.75,2.88,1.73,2.1
D1,2024-05-05,14:30:00,Union Berlin,Bochum,3,4,0.0,3.0,A,A,1.95,3.5,4.0,2.0,1.8
D1,2024-05-05,16:30:00,Ein Frankfurt,Leverkusen,1,5,1.0,2.0,A,A,3.2,3.5,2.2,1.73,2.1
D1,2024-05-05,18:30:00,Heidenheim,Mainz,1,1,0.0,1.0,D,A,3.0,3.5,2.3,1.73,2.1
D1,2024-05-10,19:30:00,Augsburg,Stuttgart,0,1,0.0,0.0,A,D,4.0,4.2,1.75,1.36,3.2
D1,2024-05-11,14:30:00,FC Koln,Union Berlin,3,2,1.0,2.0,H,A,2.8,3.3,2.55,2.05,1.85
D1,2024-05-11,14:30:00,Freiburg,Heidenheim,1,1,1.0,1.0,D,D,1.7,4.0,4.5,1.62,2.3
D1,2024-05-11,14:30:00,M'gladbach,Ein Frankfurt,1,1,1.0,1.0,D,D,2.45,3.75,2.63,1.57,2.38
D1,2024-05-11,14:30:00,RB Leipzig,Werder Bremen,1,1,0.0,1.0,D,A,1.29,6.5,8.0,1.29,3.75
D1,2024-05-11,17:30:00,Mainz,Dortmund,3,0,3.0,0.0,H,H,2.2,3.6,3.1,1.5,2.63
D1,2024-05-12,14:30:00,Darmstadt,Hoffenheim,0,6,0.0,5.0,A,A,4.75,4.5,1.62,1.36,3.2
D1,2024-05-12,16:30:00,Bayern Munich,Wolfsburg,2,0,2.0,0.0,H,H,1.33,6.0,7.5,1.36,3.2
D1,2024-05-12,18:30:00,Bochum,Leverkusen,0,5,0.0,2.0,A,A,4.2,4.33,1.7,1.44,2.75
D1,2024-05-18,14:30:00,Dortmund,Darmstadt,4,0,2.0,0.0,H,H,1.17,8.5,13.0,1.2,4.5
D1,2024-05-18,14:30:00,Ein Frankfurt,RB Leipzig,2,2,0.0,1.0,D,A,2.8,3.8,2.3,1.5,2.63
D1,2024-05-18,14:30:00,Heidenheim,FC Koln,4,1,3.0,0.0,H,H,2.3,4.0,2.7,1.5,2.63
D1,2024-05-18,14:30:00,Hoffenheim,Bayern Munich,4,2,1.0,2.0,H,A,2.88,4.5,2.0,1.25,4.0
D1,2024-05-18,14:30:00,Leverkusen,Augsburg,2,1,2.0,0.0,H,H,1.3,6.0,9.0,1.25,4.0
D1,2024-05-18,14:30:00,Stuttgart,M'gladbach,4,0,2.0,0.0,H,H,1.29,6.25,8.5,1.22,4.33
D1,2024-05-18,14:30:00,Union Berlin,Freiburg,2,1,0.0,0.0,H,D,2.1,3.4,3.5,1.95,1.95
D1,2024-05-18,14:30:00,Werder Bremen,Bochum,4,1,1.0,0.0,H,H,2.38,3.6,2.8,1.57,2.38
D1,2024-05-18,14:30:00,Wolfsburg,Mainz,1,3,1.0,1.0,A,D,3.2,3.5,2.2,1.73,2.1
SP1,2023-08-11,18:30:00,Almeria,Vallecano,0,2,0.0,2.0,A,A,2.45,3.3,2.9,2.1,1.73
SP1,2023-08-11,21:00:00,Sevilla,Valencia,1,2,0.0,0.0,A,D,1.91,3.5,4.2,2.2,1.67
SP1,2023-08-12,16:00:00,Sociedad,Girona,1,1,1.0,0.0,D,H,1.62,4.0,5.25,1.95,1.95
SP1,2023-08-12,18:30:00,Las Palmas,Mallorca,1,1,1.0,0.0,D,H,2.4,3.0,3.3,2.75,1.44
SP1,2023-08-12,20:30:00,Ath Bilbao,Real Madrid,0,2,0.0,2.0,A,A,3.3,3.5,2.15,1.87,2.03
SP1,2023-08-13,16:00:00,Celta,Osasuna,0,2,0.0,1.0,A,A,2.05,3.2,3.9,2.3,1.62
SP1,2023-08-13,18:30:00,Villarreal,Betis,1,2,0.0,1.0,A,A,1.75,4.0,4.2,1.73,2.1
SP1,2023-08-13,20:30:00,Getafe,Barcelona,0,0,0.0,0.0,D,D,6.5,3.8,1.57,2.1,1.73
SP1,2023-08-14,18:30:00,Cadiz,Alaves,1,0,1.0,0.0,H,H,2.2,3.0,3.75,2.75,1.44
SP1,2023-08-14,20:30:00,Ath Madrid,Granada,3,1,1.0,0.0,H,H,1.3,5.5,9.5,1.67,2.2
SP1,2023-08-18,18:30:00,Mallorca,Villarreal,0,1,0.0,0.0,A,D,2.8,3.2,2.6,2.3,1.62
SP1,2023-08-18,20:30:00,Valencia,Las Palmas,1,0,0.0,0.0,H,D,1.57,3.9,6.0,2.1,1.73
SP1,2023-08-19,16:00:00,Sociedad,Celta,1,1,1.0,0.0,D,H,1.73,3.4,5.5,2.38,1.57
SP1,2023-08-19,18:30:00,Almeria,Real Madrid,1,3,1.0,1.0,A,D,8.0,4.75,1.4,1.62,2.3
SP1,2023-08-19,20:30:00,Osasuna,Ath Bilbao,0,2,0.0,2.0,A,A,2.9,3.0,2.63,2.38,1.57
SP1,2023-08-20,18:00:00,Girona,Getafe,3,0,1.0,0.0,H,H,2.05,3.1,4.0,2.63,1.5
SP1,2023-08-20,18:30:00,Barcelona,Cadiz,2,0,0.0,0.0,H,D,1.2,7.0,13.0,1.57,2.38
SP1,2023-08-20,20:30:00,Betis,Ath Madrid,0,0,0.0,0.0,D,D,3.8,3.4,2.0,2.1,1.73
SP1,2023-08-21,18:00:00,Alaves,Sevilla,4,3,2.0,2.0,H,D,3.3,3.1,2.35,2.63,1.5
SP1,2023-08-21,20:30:00,Granada,Vallecano,0,2,0.0,0.0,A,D,2.75,3.0,2.8,2.38,1.57
SP1,2023-08-25,18:30:00,Las Palmas,Sociedad,0,0,0.0,0.0,D,D,4.33,3.1,2.0,2.38,1.57
SP1,2023-08-25,20:30:00,Celta,Real Madrid,0,1,0.0,0.0,A,D,4.75,3.9,1.7,1.73,2.1
SP1,2023-08-26,18:00:00,Cadiz,Almeria,1,1,0.0,0.0,D,D,2.25,3.2,3.3,2.1,1.73
SP1,2023-08-26,18:30:00,Granada,Mallorca,3,2,1.0,1.0,H,D,2.6,3.0,3.0,2.75,1.44
SP1,2023-08-26,20:30:00,Sevilla,Girona,1,2,1.0,1.0,A,D,2.05,3.4,3.6,1.97,1.93
SP1,2023-08-27,16:30:00,Villarreal,Barcelona,3,4,2.0,2.0,A,D,3.6,3.5,2.0,1.67,2.2
SP1,2023-08-27,18:30:00,Valencia,Osasuna,1,2,0.0,1.0,A,A,1.91,3.4,4.0,2.2,1.67
SP1,2023-08-27,20:30:00,Ath Bilbao,Betis,4,2,3.0,2.0,H,H,1.85,3.5,4.2,2.02,1.88
SP1,2023-08-28,18:30:00,Getafe,Alaves,1,0,0.0,0.0,H,D,2.2,2.88,3.8,3.2,1.36
SP1,2023-08-28,20:30:00,Vallecano,Ath Madrid,0,7,0.0,3.0,A,A,4.2,3.3,1.95,2.1,1.73
SP1,2023-09-01,18:30:00,Cadiz,Villarreal,3,1,2.0,1.0,H,H,3.4,3.4,2.15,1.89,2.01
SP1,2023-09-01,21:00:00,Almeria,Celta,2,3,0.0,2.0,A,A,2.8,3.4,2.5,2.0,1.8
SP1,2023-09-02,13:00:00,Sociedad,Granada,5,3,2.0,1.0,H,H,1.44,4.5,7.0,1.85,2.05
SP1,2023-09-02,15:15:00,Real Madrid,Getafe,2,1,0.0,1.0,H,A,1.33,5.25,9.5,1.94,1.96
SP1,2023-09-02,17:30:00,Alaves,Valencia,1,0,1.0,0.0,H,H,2.9,2.88,2.75,2.75,1.44
SP1,2023-09-02,20:00:00,Betis,Vallecano,1,0,0.0,0.0,H,D,1.95,3.4,4.0,2.1,1.73
SP1,2023-09-03,13:00:00,Girona,Las Palmas,1,0,0.0,0.0,H,D,1.67,3.8,5.25,2.1,1.73
SP1,2023-09-03,15:15:00,Mallorca,Ath Bilbao,0,0,0.0,0.0,D,D,3.3,3.0,2.38,2.63,1.5
SP1,2023-09-03,20:00:00,Osasuna,Barcelona,1,2,0.0,1.0,A,A,5.25,4.0,1.65,1.8,2.0
SP1,2023-09-15,20:00:00,Vallecano,Alaves,2,0,1.0,0.0,H,H,2.0,3.25,4.0,2.63,1.5
SP1,2023-09-16,13:00:00,Ath Bilbao,Cadiz,3,0,0.0,0.0,H,D,1.53,4.0,7.0,2.0,1.8
SP1,2023-09-16,15:15:00,Valencia,Ath Madrid,3,0,2.0,0.0,H,H,3.8,3.3,2.05,2.2,1.67
SP1,2023-09-16,17:30:00,Celta,Mallorca,0,1,0.0,0.0,A,D,2.0,3.1,4.33,2.63,1.5
SP1,2023-09-16,20:00:00,Barcelona,Betis,5,0,2.0,0.0,H,H,1.36,5.25,7.5,1.57,2.38
SP1,2023-09-17,13:00:00,Getafe,Osasuna,3,2,1.0,1.0,H,D,2.63,3.0,3.0,3.0,1.4
SP1,2023-09-17,15:15:00,Villarreal,Almeria,2,1,1.0,1.0,H,D,1.44,4.5,7.0,1.57,2.38
SP1,2023-09-17,17:30:00,Sevilla,Las Palmas,1,0,0.0,0.0,H,D,1.62,4.0,5.5,2.03,1.87
SP1,2023-09-17,20:00:00,Real Madrid,Sociedad,2,1,0.0,1.0,H,A,1.65,4.0,5.0,1.9,2.0
SP1,2023-09-18,20:00:00,Granada,Girona,2,4,0.0,3.0,A,A,2.63,3.5,2.6,2.05,1.85
SP1,2023-09-22,20:00:00,Alaves,Ath Bilbao,0,2,0.0,1.0,A,A,4.2,3.0,2.05,2.63,1.5
SP1,2023-09-23,13:00:00,Girona,Mallorca,5,3,4.0,1.0,H,H,1.85,3.5,4.2,2.38,1.57
SP1,2023-09-23,15:15:00,Osasuna,Sevilla,0,0,0.0,0.0,D,D,2.6,3.1,2.88,2.2,1.67
SP1,2023-09-23,17:30:00,Barcelona,Celta,3,2,0.0,1.0,H,A,1.29,6.0,9.0,1.5,2.63
SP1,2023-09-23,20:00:00,Almeria,Valencia,2,2,0.0,1.0,D,A,3.0,3.6,2.3,1.94,1.96
SP1,2023-09-24,13:00:00,Sociedad,Getafe,4,3,1.0,2.0,H,A,1.53,3.8,7.0,2.5,1.53
SP1,2023-09-24,15:15:00,Vallecano,Villarreal,1,1,1.0,1.0,D,D,2.5,3.5,2.63,1.73,2.1
SP1,2023-09-24,17:30:00,Betis,Cadiz,1,1,0.0,1.0,D,A,1.8,3.5,4.5,2.1,1.73
SP1,2023-09-24,17:30:00,Las Palmas,Granada,1,0,0.0,0.0,H,D,1.95,3.5,3.6,2.08,1.82
SP1,2023-09-24,20:00:00,Ath Madrid,Real Madrid,3,1,2.0,1.0,H,H,2.7,3.4,2.55,2.06,1.84
SP1,2023-09-26,18:00:00,Sevilla,Almeria,5,1,3.0,0.0,H,H,1.67,3.8,5.0,1.73,2.1
SP1,2023-09-26,20:30:00,Mallorca,Barcelona,2,2,2.0,1.0,D,H,7.5,4.2,1.5,1.9,2.0
SP1,2023-09-27,18:00:00,Ath Bilbao,Getafe,2,2,1.0,0.0,D,H,1.62,3.6,6.5,2.38,1.57
SP1,2023-09-27,18:00:00,Real Madrid,Las Palmas,2,0,1.0,0.0,H,H,1.2,7.0,11.0,1.44,2.75
SP1,2023-09-27,18:00:00,Villarreal,Girona,1,2,0.0,0.0,A,D,2.25,3.5,3.1,1.57,2.38
SP1,2023-09-27,20:30:00,Cadiz,Vallecano,0,0,0.0,0.0,D,D,2.5,3.2,2.88,2.38,1.57
SP1,2023-09-27,20:30:00,Valencia,Sociedad,0,1,0.0,1.0,A,A,2.63,3.1,2.8,2.5,1.53
SP1,2023-09-28,18:00:00,Celta,Alaves,1,1,1.0,0.0,D,H,1.7,3.6,5.25,2.3,1.62
SP1,2023-09-28,18:00:00,Granada,Betis,1,1,0.0,0.0,D,D,3.0,3.3,2.38,1.97,1.93
SP1,2023-09-28,20:30:00,Osasuna,Ath Madrid,0,2,0.0,1.0,A,A,3.4,3.4,2.15,2.1,1.73
SP1,2023-09-29,20:00:00,Barcelona,Sevilla,1,0,0.0,0.0,H,D,1.36,5.25,8.0,1.48,2.6
SP1,2023-09-30,13:00:00,Getafe,Villarreal,0,0,0.0,0.0,D,D,2.9,3.1,2.6,2.08,1.73
SP1,2023-09-30,15:15:00,Vallecano,Mallorca,2,2,1.0,1.0,D,D,2.1,3.1,4.0,2.4,1.53
SP1,2023-09-30,17:30:00,Girona,Real Madrid,0,3,0.0,2.0,A,A,3.5,4.0,1.95,1.6,2.3
SP1,2023-09-30,20:00:00,Sociedad,Ath Bilbao,3,0,1.0,0.0,H,H,2.2,3.2,3.5,2.35,1.57
SP1,2023-10-01,13:00:00,Almeria,Granada,3,3,3.0,0.0,D,H,1.95,3.6,3.75,1.73,2.08
SP1,2023-10-01,15:15:00,Alaves,Osasuna,0,2,0.0,1.0,A,A,2.75,3.0,2.8,2.5,1.5
SP1,2023-10-01,20:00:00,Ath Madrid,Cadiz,3,2,1.0,2.0,H,A,1.33,5.0,10.0,1.73,2.08
SP1,2023-10-01,20:00:00,Betis,Valencia,3,0,1.0,0.0,H,H,2.3,3.25,3.3,2.1,1.7
SP1,2023-10-02,20:00:00,Las Palmas,Celta,2,1,0.0,0.0,H,D,2.5,3.2,3.0,2.25,1.62
SP1,2023-10-06,20:00:00,Ath Bilbao,Almeria,3,0,1.0,0.0,H,H,1.36,5.0,8.0,1.53,2.4
SP1,2023-10-07,13:00:00,Cadiz,Girona,0,1,0.0,0.0,A,D,3.25,3.4,2.25,1.98,1.92
SP1,2023-10-07,15:15:00,Real Madrid,Osasuna,4,0,1.0,0.0,H,H,1.29,6.0,9.5,1.57,2.35
SP1,2023-10-07,17:30:00,Mallorca,Valencia,1,1,1.0,1.0,D,D,2.5,3.0,3.2,2.5,1.5
SP1,2023-10-07,20:00:00,Sevilla,Vallecano,2,2,0.0,2.0,D,A,1.85,3.6,4.2,2.05,1.75
SP1,2023-10-08,13:00:00,Villarreal,Las Palmas,1,2,0.0,1.0,A,A,1.6,4.0,5.75,1.73,2.08
SP1,2023-10-08,15:15:00,Ath Madrid,Sociedad,2,1,1.0,0.0,H,H,1.83,3.4,4.5,2.1,1.7
SP1,2023-10-08,17:30:00,Alaves,Betis,1,1,1.0,1.0,D,D,2.8,3.25,2.6,2.35,1.57
SP1,2023-10-08,17:30:00,Celta,Getafe,2,2,2.0,2.0,D,D,2.05,3.1,4.2,2.5,1.5
SP1,2023-10-08,20:00:00,Granada,Barcelona,2,2,2.0,1.0,D,H,6.5,5.25,1.4,1.44,2.7
SP1,2023-10-20,20:00:00,Osasuna,Granada,2,0,1.0,0.0,H,H,1.73,3.8,4.75,1.89,2.01
SP1,2023-10-21,13:00:00,Sociedad,Mallorca,1,0,0.0,0.0,H,D,1.55,3.8,7.0,2.35,1.57
SP1,2023-10-21,15:15:00,Getafe,Betis,1,1,1.0,1.0,D,D,2.5,3.0,3.1,2.4,1.53
SP1,2023-10-21,17:30:00,Sevilla,Real Madrid,1,1,0.0,0.0,D,D,4.2,3.6,1.85,1.67,2.15
SP1,2023-10-21,20:00:00,Celta,Ath Madrid,0,3,0.0,1.0,A,A,3.5,3.5,2.1,2.03,1.87
SP1,2023-10-22,13:00:00,Las Palmas,Vallecano,0,1,0.0,0.0,A,D,2.63,3.1,2.8,2.25,1.62
SP1,2023-10-22,15:15:00,Girona,Almeria,5,2,3.0,2.0,H,H,1.45,4.5,7.0,1.53,2.4
SP1,2023-10-22,17:30:00,Villarreal,Alaves,1,1,0.0,0.0,D,D,1.7,3.75,5.0,1.97,1.93
SP1,2023-10-22,20:00:00,Barcelona,Ath Bilbao,1,0,0.0,0.0,H,D,1.62,4.0,5.5,1.73,2.08
SP1,2023-10-23,20:00:00,Valencia,Cadiz,2,0,2.0,0.0,H,H,1.75,3.6,5.0,2.2,1.65
SP1,2023-10-27,20:00:00,Girona,Celta,1,0,0.0,0.0,H,D,1.7,4.2,4.5,1.62,2.25
SP1,2023-10-28,13:00:00,Almeria,Las Palmas,1,2,0.0,1.0,A,A,2.25,3.5,3.1,1.97,1.93
SP1,2023-10-28,15:15:00,Barcelona,Real Madrid,1,2,1.0,0.0,A,H,2.55,3.6,2.6,1.57,2.35
SP1,2023-10-28,17:30:00,Mallorca,Getafe,0,0,0.0,0.0,D,D,2.25,3.0,3.5,2.88,1.4
SP1,2023-10-28,20:00:00,Cadiz,Sevilla,2,2,2.0,1.0,D,H,3.3,3.25,2.25,2.05,1.75
SP1,2023-10-29,13:00:00,Betis,Osasuna,2,1,1.0,0.0,H,H,2.05,3.5,3.6,2.1,1.7
SP1,2023-10-29,15:15:00,Vallecano,Sociedad,2,2,1.0,1.0,D,D,3.1,3.2,2.38,2.35,1.57
SP1,2023-10-29,17:30:00,Ath Bilbao,Valencia,2,2,1.0,0.0,D,H,1.62,3.8,5.75,2.08,1.73
SP1,2023-10-29,20:00:00,Ath Madrid,Alaves,2,1,2.0,0.0,H,H,1.4,4.75,8.5,1.89,2.01
SP1,2023-10-30,20:00:00,Granada,Villarreal,2,3,2.0,3.0,A,A,3.1,3.5,2.25,1.7,2.1
SP1,2023-11-03,20:00:00,Las Palmas,Ath Madrid,2,1,0.0,0.0,H,D,5.75,3.6,1.65,2.1,1.7
SP1,2023-11-04,13:00:00,Osasuna,Girona,2,4,1.0,1.0,A,D,2.9,3.4,2.4,1.98,1.92
SP1,2023-11-04,15:15:00,Betis,Mallorca,2,0,1.0,0.0,H,H,1.91,3.3,4.5,2.3,1.6
SP1,2023-11-04,17:30:00,Celta,Sevilla,1,1,1.0,0.0,D,H,2.6,3.4,2.7,1.95,1.95
SP1,2023-11-04,20:00:00,Sociedad,Barcelona,0,1,0.0,0.0,A,D,3.1,3.5,2.25,1.93,1.97
SP1,2023-11-05,13:00:00,Alaves,Almeria,1,0,0.0,0.0,H,D,1.75,3.75,4.75,2.01,1.89
SP1,2023-11-05,15:15:00,Valencia,Granada,1,0,1.0,0.0,H,H,1.65,4.0,5.0,1.91,1.99
SP1,2023-11-05,17:30:00,Villarreal,Ath Bilbao,2,3,0.0,3.0,A,A,2.8,3.6,2.4,1.84,2.06
SP1,2023-11-05,20:00:00,Real Madrid,Vallecano,0,0,0.0,0.0,D,D,1.29,5.5,12.0,1.53,2.4
SP1,2023-11-06,20:00:00,Getafe,Cadiz,1,0,0.0,0.0,H,D,1.91,3.1,4.75,2.7,1.44
SP1,2023-11-10,20:00:00,Ath Bilbao,Celta,4,3,2.0,2.0,H,D,1.67,3.8,5.0,1.73,2.08
SP1,2023-11-11,13:00:00,Vallecano,Girona,1,2,1.0,1.0,A,D,2.88,3.5,2.4,1.85,2.05
SP1,2023-11-11,15:15:00,Almeria,Sociedad,1,3,0.0,0.0,A,D,4.75,3.8,1.73,1.85,2.05
SP1,2023-11-11,17:30:00,Granada,Getafe,1,1,1.0,1.0,D,D,2.5,3.1,3.0,2.3,1.6
SP1,2023-11-11,17:30:00,Osasuna,Las Palmas,1,1,0.0,0.0,D,D,1.95,3.4,4.0,2.3,1.6
SP1,2023-11-11,20:00:00,Real Madrid,Valencia,5,1,2.0,0.0,H,H,1.33,5.5,8.5,1.6,2.3
SP1,2023-11-12,15:15:00,Barcelona,Alaves,2,1,0.0,1.0,H,A,1.25,6.0,11.0,1.57,2.35
SP1,2023-11-12,17:30:00,Sevilla,Betis,1,1,0.0,0.0,D,D,2.05,3.5,3.6,1.95,1.95
SP1,2023-11-12,20:00:00,Ath Madrid,Villarreal,3,1,1.0,1.0,H,D,1.36,5.5,7.5,1.5,2.5
SP1,2023-11-24,20:00:00,Alaves,Granada,3,1,2.0,0.0,H,H,1.7,3.6,5.0,2.1,1.7
SP1,2023-11-25,13:00:00,Vallecano,Barcelona,1,1,1.0,0.0,D,H,5.25,4.0,1.65,1.73,2.08
SP1,2023-11-25,15:15:00,Valencia,Celta,0,0,0.0,0.0,D,D,2.2,3.25,3.5,2.08,1.73
SP1,2023-11-25,17:30:00,Getafe,Almeria,2,1,2.0,1.0,H,H,1.65,3.75,5.5,2.07,1.83
SP1,2023-11-25,20:00:00,Ath Madrid,Mallorca,1,0,0.0,0.0,H,D,1.33,5.0,9.5,1.97,1.93
SP1,2023-11-26,13:00:00,Villarreal,Osasuna,3,1,0.0,0.0,H,D,2.15,3.5,3.3,1.88,2.02
SP1,2023-11-26,15:15:00,Sociedad,Sevilla,2,1,2.0,0.0,H,H,1.75,3.6,4.75,2.07,1.83
SP1,2023-11-26,17:30:00,Cadiz,Real Madrid,0,3,0.0,1.0,A,A,6.0,4.5,1.5,1.73,2.08
SP1,2023-11-26,20:00:00,Betis,Las Palmas,1,0,1.0,0.0,H,H,1.7,3.75,5.25,2.1,1.7
SP1,2023-11-27,20:00:00,Girona,Ath Bilbao,1,1,0.0,0.0,D,D,2.25,3.5,3.1,1.65,2.2
SP1,2023-11-29,20:00:00,Mallorca,Cadiz,1,1,1.0,1.0,D,D,1.95,3.2,4.33,2.5,1.5
SP1,2023-12-01,20:00:00,Las Palmas,Getafe,2,0,1.0,0.0,H,H,2.38,2.9,3.4,2.88,1.4
SP1,2023-12-02,13:00:00,Girona,Valencia,2,1,0.0,0.0,H,D,1.7,4.0,4.75,1.86,2.04
SP1,2023-12-02,15:15:00,Ath Bilbao,Vallecano,4,0,1.0,0.0,H,H,1.57,4.2,5.75,1.82,2.08
SP1,2023-12-02,17:30:00,Real Madrid,Granada,2,0,1.0,0.0,H,H,1.17,8.0,15.0,1.33,3.4
SP1,2023-12-02,20:00:00,Osasuna,Sociedad,1,1,1.0,1.0,D,D,3.4,3.25,2.2,2.35,1.57
SP1,2023-12-03,13:00:00,Mallorca,Alaves,0,0,0.0,0.0,D,D,2.45,3.0,3.25,2.7,1.44
SP1,2023-12-03,15:15:00,Almeria,Betis,0,0,0.0,0.0,D,D,3.2,3.6,2.2,1.7,2.1
SP1,2023-12-03,17:30:00,Sevilla,Villarreal,1,1,0.0,0.0,D,D,2.0,3.6,3.6,1.67,2.15
SP1,2023-12-03,20:00:00,Barcelona,Ath Madrid,1,0,1.0,0.0,H,H,2.0,3.75,3.5,1.73,2.08
SP1,2023-12-04,20:00:00,Celta,Cadiz,1,1,0.0,1.0,D,A,1.57,3.8,6.5,2.05,1.85
SP1,2023-12-08,20:00:00,Getafe,Valencia,1,0,0.0,0.0,H,D,2.6,2.9,3.1,2.88,1.4
SP1,2023-12-09,13:00:00,Alaves,Las Palmas,0,1,0.0,1.0,A,A,2.1,3.0,4.2,2.6,1.48
SP1,2023-12-09,15:15:00,Betis,Real Madrid,1,1,0.0,0.0,D,D,4.2,3.8,1.8,1.73,2.08
SP1,2023-12-09,17:30:00,Villarreal,Sociedad,0,3,0.0,3.0,A,A,3.4,3.4,2.1,2.0,1.9
SP1,2023-12-09,20:00:00,Mallorca,Sevilla,1,0,1.0,0.0,H,H,2.75,3.1,2.75,2.35,1.57
SP1,2023-12-10,13:00:00,Ath Madrid,Almeria,2,1,2.0,0.0,H,H,1.22,6.5,12.0,1.4,2.88
SP1,2023-12-10,17:30:00,Cadiz,Osasuna,1,1,1.0,0.0,D,H,2.9,3.1,2.55,2.4,1.53
SP1,2023-12-10,20:00:00,Barcelona,Girona,2,4,1.0,2.0,A,A,1.53,5.0,5.5,1.48,2.6
SP1,2023-12-11,20:00:00,Granada,Ath Bilbao,1,1,0.0,1.0,D,A,5.0,4.0,1.67,1.7,2.1
SP1,2023-12-11,20:00:00,Vallecano,Celta,0,0,0.0,0.0,D,D,2.45,3.1,3.1,2.08,1.73
SP1,2023-12-15,20:00:00,Osasuna,Vallecano,1,0,0.0,0.0,H,D,2.2,3.2,3.5,2.4,1.53
SP1,2023-12-16,13:00:00,Celta,Granada,1,0,1.0,0.0,H,H,1.67,4.0,5.0,1.75,2.05
SP1,2023-12-16,15:15:00,Ath Bilbao,Ath Madrid,2,0,0.0,0.0,H,D,2.45,3.3,2.9,1.95,1.95
SP1,2023-12-16,17:30:00,Sevilla,Getafe,0,3,0.0,2.0,A,A,1.95,3.4,4.2,2.25,1.62
SP1,2023-12-16,20:00:00,Valencia,Barcelona,1,1,0.0,0.0,D,D,5.0,3.8,1.67,1.86,2.04
SP1,2023-12-17,13:00:00,Almeria,Mallorca,0,0,0.0,0.0,D,D,2.7,3.2,2.7,2.1,1.7
SP1,2023-12-17,15:15:00,Sociedad,Betis,0,0,0.0,0.0,D,D,1.7,4.0,5.0,2.05,1.75
SP1,2023-12-17,17:30:00,Las Palmas,Cadiz,1,1,1.0,0.0,D,H,1.91,3.3,4.33,2.4,1.53
SP1,2023-12-17,20:00:00,Real Madrid,Villarreal,4,1,2.0,0.0,H,H,1.29,6.0,9.0,1.4,2.88
SP1,2023-12-18,20:00:00,Girona,Alaves,3,0,2.0,0.0,H,H,1.53,4.0,6.5,1.73,2.08
SP1,2023-12-19,18:00:00,Vallecano,Valencia,0,1,0.0,0.0,A,D,2.2,3.2,3.5,2.35,1.57
SP1,2023-12-19,20:30:00,Ath Madrid,Getafe,3,3,1.0,0.0,D,H,1.45,4.33,7.5,2.04,1.86
SP1,2023-12-19,20:30:00,Granada,Sevilla,0,3,0.0,2.0,A,A,2.8,3.4,2.5,2.05,1.75
SP1,2023-12-20,18:00:00,Barcelona,Almeria,3,2,1.0,1.0,H,D,1.14,8.5,15.0,1.25,4.0
SP1,2023-12-20,20:30:00,Ath Bilbao,Las Palmas,1,0,0.0,0.0,H,D,1.36,5.0,7.0,1.75,2.05
SP1,2023-12-20,20:30:00,Villarreal,Celta,3,2,2.0,0.0,H,H,2.4,3.6,2.88,1.9,2.0
SP1,2023-12-21,18:00:00,Betis,Girona,1,1,0.0,1.0,D,A,2.8,3.5,2.38,1.73,2.08
SP1,2023-12-21,18:00:00,Cadiz,Sociedad,0,0,0.0,0.0,D,D,4.75,3.1,1.75,2.3,1.6
SP1,2023-12-21,20:30:00,Alaves,Real Madrid,0,1,0.0,0.0,A,D,5.75,4.0,1.53,1.75,2.05
SP1,2023-12-21,20:30:00,Mallorca,Osasuna,3,2,1.0,1.0,H,D,2.3,2.9,3.3,2.7,1.44
SP1,2023-12-23,15:15:00,Ath Madrid,Sevilla,1,0,0.0,0.0,H,D,1.53,4.33,5.75,1.7,2.1
SP1,2024-01-02,16:00:00,Getafe,Vallecano,0,2,0.0,1.0,A,A,2.38,3.0,3.3,2.6,1.48
SP1,2024-01-02,18:15:00,Sociedad,Alaves,1,1,0.0,0.0,D,D,1.6,3.75,6.5,2.3,1.6
SP1,2024-01-02,20:30:00,Valencia,Villarreal,3,1,2.0,0.0,H,H,2.05,3.5,3.6,2.04,1.86
SP1,2024-01-03,16:00:00,Granada,Cadiz,2,0,1.0,0.0,H,H,2.25,3.1,3.5,2.35,1.57
SP1,2024-01-03,18:15:00,Celta,Betis,2,1,1.0,1.0,H,D,2.4,3.3,3.0,2.07,1.83
SP1,2024-01-03,18:15:00,Real Madrid,Mallorca,1,0,0.0,0.0,H,D,1.2,6.5,15.0,1.65,2.2
SP1,2024-01-03,20:30:00,Girona,Ath Madrid,4,3,3.0,2.0,H,H,2.55,3.6,2.63,1.67,2.15
SP1,2024-01-04,16:00:00,Osasuna,Almeria,1,0,1.0,0.0,H,H,1.7,4.0,4.75,1.92,1.98
SP1,2024-01-04,18:15:00,Sevilla,Ath Bilbao,0,2,0.0,1.0,A,A,3.0,3.3,2.38,2.05,1.75
SP1,2024-01-04,20:30:00,Las Palmas,Barcelona,1,2,1.0,0.0,A,H,5.5,4.33,1.57,1.7,2.1
SP1,2024-01-12,20:00:00,Sevilla,Alaves,2,3,0.0,2.0,A,A,1.91,3.4,4.2,2.35,1.57
SP1,2024-01-13,13:00:00,Las Palmas,Villarreal,3,0,1.0,0.0,H,H,2.5,3.3,2.8,2.01,1.89
SP1,2024-01-13,15:15:00,Mallorca,Celta,1,1,1.0,1.0,D,D,2.5,3.1,3.0,2.6,1.48
SP1,2024-01-13,17:30:00,Ath Bilbao,Sociedad,2,1,2.0,0.0,H,H,2.0,3.4,3.8,2.15,1.67
SP1,2024-01-13,20:00:00,Betis,Granada,1,0,0.0,0.0,H,D,1.62,4.2,4.75,1.9,2.0
SP1,2024-01-14,13:00:00,Almeria,Girona,0,0,0.0,0.0,D,D,4.5,4.0,1.7,1.5,2.5
SP1,2024-01-14,15:15:00,Cadiz,Valencia,1,4,1.0,1.0,A,D,2.88,3.0,2.7,2.5,1.5
SP1,2024-01-19,20:00:00,Alaves,Cadiz,1,0,0.0,0.0,H,D,1.7,3.5,5.75,2.6,1.48
SP1,2024-01-20,13:00:00,Vallecano,Las Palmas,0,2,0.0,1.0,A,A,1.85,3.3,4.5,2.3,1.6
SP1,2024-01-20,15:15:00,Villarreal,Mallorca,1,1,1.0,0.0,D,H,2.05,3.5,3.6,2.05,1.75
SP1,2024-01-20,17:30:00,Valencia,Ath Bilbao,1,0,0.0,0.0,H,D,3.3,3.3,2.25,2.15,1.67
SP1,2024-01-20,20:00:00,Celta,Sociedad,0,1,0.0,1.0,A,A,3.25,3.0,2.4,2.5,1.5
SP1,2024-01-21,13:00:00,Osasuna,Getafe,3,2,2.0,0.0,H,H,2.15,3.0,4.0,2.6,1.48
SP1,2024-01-21,15:15:00,Real Madrid,Almeria,3,2,0.0,2.0,H,A,1.13,10.0,17.0,1.29,3.6
SP1,2024-01-21,17:30:00,Betis,Barcelona,2,4,0.0,1.0,A,A,4.33,3.8,1.8,1.67,2.15
SP1,2024-01-21,20:00:00,Girona,Sevilla,5,1,3.0,1.0,H,H,1.73,4.0,4.5,1.67,2.15
SP1,2024-01-22,20:00:00,Granada,Ath Madrid,0,1,0.0,0.0,A,D,4.75,3.8,1.7,1.8,2.0
SP1,2024-01-26,20:00:00,Almeria,Alaves,0,3,0.0,1.0,A,A,2.6,3.2,2.8,2.2,1.65
SP1,2024-01-27,13:00:00,Sociedad,Vallecano,0,0,0.0,0.0,D,D,1.67,3.75,5.5,2.2,1.65
SP1,2024-01-27,15:15:00,Las Palmas,Real Madrid,1,2,0.0,0.0,A,D,6.5,4.75,1.45,1.65,2.2
SP1,2024-01-27,17:30:00,Barcelona,Villarreal,3,5,0.0,1.0,A,A,1.36,5.5,8.0,1.33,3.4
SP1,2024-01-27,20:00:00,Mallorca,Betis,0,1,0.0,1.0,A,A,2.3,3.2,3.2,2.4,1.53
SP1,2024-01-28,13:00:00,Celta,Girona,0,1,0.0,1.0,A,A,2.8,3.4,2.5,1.75,2.05
SP1,2024-01-28,15:15:00,Cadiz,Ath Bilbao,0,0,0.0,0.0,D,D,5.5,3.4,1.73,2.2,1.65
SP1,2024-01-28,17:30:00,Sevilla,Osasuna,1,1,1.0,0.0,D,H,2.0,3.4,3.75,2.2,1.65
SP1,2024-01-28,20:00:00,Ath Madrid,Valencia,2,0,1.0,0.0,H,H,1.45,4.33,7.0,1.85,2.05
SP1,2024-01-29,20:00:00,Getafe,Granada,2,0,2.0,0.0,H,H,1.8,3.4,4.75,2.3,1.6
SP1,2024-01-31,18:00:00,Barcelona,Osasuna,1,0,0.0,0.0,H,D,1.33,5.0,10.0,1.6,2.3
SP1,2024-01-31,20:00:00,Ath Madrid,Vallecano,2,1,1.0,1.0,H,D,1.5,4.2,6.5,1.75,2.05
SP1,2024-02-01,20:00:00,Getafe,Real Madrid,0,2,0.0,1.0,A,A,6.0,4.2,1.55,1.98,1.92
SP1,2024-02-02,20:00:00,Ath Bilbao,Mallorca,4,0,2.0,0.0,H,H,1.53,3.9,7.0,2.2,1.65
SP1,2024-02-03,13:00:00,Valencia,Almeria,2,1,2.0,0.0,H,H,1.65,3.75,5.5,2.0,1.9
SP1,2024-02-03,15:15:00,Granada,Las Palmas,1,1,1.0,0.0,D,H,2.3,3.2,3.3,2.2,1.65
SP1,2024-02-03,17:30:00,Alaves,Barcelona,1,3,0.0,1.0,A,A,4.33,3.6,1.85,1.89,2.01
SP1,2024-02-03,20:00:00,Girona,Sociedad,0,0,0.0,0.0,D,D,2.1,3.4,3.5,2.03,1.87
SP1,2024-02-04,13:00:00,Villarreal,Cadiz,0,0,0.0,0.0,D,D,1.62,4.0,5.5,1.89,2.01
SP1,2024-02-04,15:15:00,Osasuna,Celta,0,3,0.0,2.0,A,A,2.38,3.1,3.3,2.4,1.53
SP1,2024-02-04,17:30:00,Betis,Getafe,1,1,1.0,1.0,D,D,1.91,3.4,4.2,2.25,1.62
SP1,2024-02-04,20:00:00,Real Madrid,Ath Madrid,1,1,1.0,0.0,D,H,1.73,4.0,4.5,1.65,2.2
SP1,2024-02-05,20:00:00,Vallecano,Sevilla,1,2,1.0,2.0,A,A,2.15,3.3,3.5,2.15,1.67
SP1,2024-02-09,20:00:00,Cadiz,Betis,0,2,0.0,1.0,A,A,3.0,3.0,2.6,2.7,1.44
SP1,2024-02-10,13:00:00,Alaves,Villarreal,1,1,1.0,1.0,D,D,2.2,3.4,3.3,2.06,1.84
SP1,2024-02-10,15:15:00,Sociedad,Osasuna,0,1,0.0,0.0,A,D,1.85,3.2,5.0,2.7,1.44
SP1,2024-02-10,17:30:00,Real Madrid,Girona,4,0,2.0,0.0,H,H,1.45,5.0,6.0,1.44,2.7
SP1,2024-02-10,20:00:00,Las Palmas,Valencia,2,0,0.0,0.0,H,D,2.75,3.0,2.9,2.6,1.48
SP1,2024-02-11,13:00:00,Getafe,Celta,3,2,2.0,0.0,H,H,2.2,3.1,3.6,2.5,1.5
SP1,2024-02-11,15:15:00,Mallorca,Vallecano,2,1,0.0,0.0,H,D,2.3,3.0,3.4,2.7,1.44
SP1,2024-02-11,17:30:00,Sevilla,Ath Madrid,1,0,1.0,0.0,H,H,3.5,3.5,2.05,1.89,2.01
SP1,2024-02-11,20:00:00,Barcelona,Granada,3,3,1.0,1.0,D,D,1.22,7.5,10.0,1.4,2.88
SP1,2024-02-12,20:00:00,Almeria,Ath Bilbao,0,0,0.0,0.0,D,D,4.33,4.0,1.73,1.84,2.06
SP1,2024-02-16,20:00:00,Villarreal,Getafe,1,1,0.0,1.0,D,A,1.95,3.5,3.8,1.99,1.91
SP1,2024-02-17,13:00:00,Ath Madrid,Las Palmas,5,0,2.0,0.0,H,H,1.5,4.75,6.5,1.85,2.05
SP1,2024-02-17,15:15:00,Osasuna,Cadiz,2,0,0.0,0.0,H,D,1.75,3.3,5.5,2.5,1.5
SP1,2024-02-17,17:30:00,Celta,Barcelona,1,2,0.0,1.0,A,A,3.8,3.8,1.85,1.67,2.15
SP1,2024-02-17,20:00:00,Valencia,Sevilla,0,0,0.0,0.0,D,D,2.25,3.3,3.3,2.2,1.65
SP1,2024-02-18,13:00:00,Vallecano,Real Madrid,1,1,1.0,1.0,D,D,6.0,3.75,1.62,1.88,2.02
SP1,2024-02-18,15:15:00,Granada,Almeria,1,1,0.0,1.0,D,A,2.1,3.5,3.4,1.99,1.91
SP1,2024-02-18,17:30:00,Mallorca,Sociedad,1,2,1.0,1.0,A,D,3.4,2.8,2.5,3.4,1.33
SP1,2024-02-18,20:00:00,Betis,Alaves,0,0,0.0,0.0,D,D,2.1,3.3,3.75,2.2,1.65
SP1,2024-02-19,20:00:00,Ath Bilbao,Girona,3,2,1.0,0.0,H,H,1.91,3.6,4.0,1.7,2.1
SP1,2024-02-23,20:00:00,Sociedad,Villarreal,1,3,0.0,1.0,A,A,1.73,3.6,5.0,2.02,1.88
SP1,2024-02-24,15:15:00,Barcelona,Getafe,4,0,1.0,0.0,H,H,1.4,5.0,7.0,1.62,2.25
SP1,2024-02-24,17:30:00,Alaves,Mallorca,1,1,0.0,0.0,D,D,1.91,3.0,5.0,3.1,1.36
SP1,2024-02-24,20:00:00,Almeria,Ath Madrid,2,2,1.0,1.0,D,D,4.75,4.0,1.7,1.73,2.08
SP1,2024-02-25,13:00:00,Cadiz,Celta,2,2,0.0,1.0,D,A,3.1,3.0,2.5,2.6,1.48
SP1,2024-02-25,15:15:00,Betis,Ath Bilbao,3,1,2.0,1.0,H,H,3.6,3.1,2.2,2.2,1.65
SP1,2024-02-25,17:30:00,Las Palmas,Osasuna,1,1,0.0,0.0,D,D,2.38,2.9,3.5,2.5,1.5
SP1,2024-02-25,20:00:00,Real Madrid,Sevilla,1,0,0.0,0.0,H,D,1.29,6.0,9.0,1.5,2.5
SP1,2024-02-26,20:00:00,Girona,Vallecano,3,0,0.0,0.0,H,D,1.65,4.2,4.75,1.7,2.1
SP1,2024-03-01,20:00:00,Celta,Almeria,1,0,0.0,0.0,H,D,1.85,3.6,4.2,1.98,1.92
SP1,2024-03-02,13:00:00,Sevilla,Sociedad,3,2,2.0,1.0,H,H,2.6,3.0,3.0,2.6,1.48
SP1,2024-03-02,15:15:00,Vallecano,Cadiz,1,1,0.0,0.0,D,D,1.8,3.3,5.25,2.6,1.48
SP1,2024-03-02,17:30:00,Getafe,Las Palmas,3,3,3.0,1.0,D,H,2.0,3.1,4.33,2.5,1.5
SP1,2024-03-02,20:00:00,Valencia,Real Madrid,2,2,2.0,1.0,D,H,5.25,3.8,1.67,2.02,1.88
SP1,2024-03-03,13:00:00,Villarreal,Granada,5,1,3.0,0.0,H,H,1.65,4.0,5.0,1.62,2.25
SP1,2024-03-03,15:15:00,Ath Madrid,Betis,2,1,2.0,0.0,H,H,1.57,4.2,5.75,1.73,2.08
SP1,2024-03-03,17:30:00,Mallorca,Girona,1,0,1.0,0.0,H,H,3.25,3.2,2.3,2.15,1.67
SP1,2024-03-03,20:00:00,Ath Bilbao,Barcelona,0,0,0.0,0.0,D,D,2.88,3.5,2.4,1.73,2.08
SP1,2024-03-04,20:00:00,Osasuna,Alaves,1,0,0.0,0.0,H,D,2.38,3.1,3.25,2.6,1.48
SP1,2024-03-08,20:00:00,Barcelona,Mallorca,1,0,0.0,0.0,H,D,1.44,4.75,6.5,1.75,2.05
SP1,2024-03-09,13:00:00,Valencia,Getafe,1,0,1.0,0.0,H,H,2.0,3.2,4.2,2.6,1.48
SP1,2024-03-09,15:15:00,Cadiz,Ath Madrid,2,0,1.0,0.0,H,H,4.75,3.6,1.73,2.1,1.7
SP1,2024-03-09,17:30:00,Granada,Sociedad,2,3,2.0,1.0,A,H,4.5,3.3,1.85,2.2,1.65
SP1,2024-03-09,20:00:00,Girona,Osasuna,2,0,1.0,0.0,H,H,1.62,4.2,5.25,1.7,2.1
SP1,2024-03-10,13:00:00,Alaves,Vallecano,1,0,1.0,0.0,H,H,2.15,3.1,3.75,2.5,1.5
SP1,2024-03-10,15:15:00,Las Palmas,Ath Bilbao,0,2,0.0,1.0,A,A,4.0,3.3,2.0,2.15,1.67
SP1,2024-03-10,17:30:00,Real Madrid,Celta,4,0,1.0,0.0,H,H,1.3,6.0,8.0,1.5,2.5
SP1,2024-03-10,20:00:00,Betis,Villarreal,2,3,2.0,1.0,A,H,2.05,3.5,3.4,1.75,2.05
SP1,2024-03-11,20:00:00,Almeria,Sevilla,2,2,1.0,0.0,D,H,3.1,3.3,2.38,1.98,1.92
SP1,2024-03-15,20:00:00,Sociedad,Cadiz,2,0,1.0,0.0,H,H,1.5,4.0,8.5,2.35,1.57
SP1,2024-03-16,13:00:00,Mallorca,Granada,1,0,0.0,0.0,H,D,1.83,3.3,5.0,2.35,1.57
SP1,2024-03-16,15:15:00,Osasuna,Real Madrid,2,4,1.0,2.0,A,A,5.75,4.2,1.55,1.85,2.05
SP1,2024-03-16,17:30:00,Getafe,Girona,1,0,1.0,0.0,H,H,3.1,3.5,2.25,1.88,2.02
SP1,2024-03-16,20:00:00,Ath Bilbao,Alaves,2,0,2.0,0.0,H,H,1.55,3.75,7.0,2.15,1.67
SP1,2024-03-17,13:00:00,Sevilla,Celta,1,2,1.0,0.0,A,H,2.0,3.4,3.75,2.05,1.75
SP1,2024-03-17,15:15:00,Las Palmas,Almeria,0,1,0.0,1.0,A,A,1.95,3.5,4.0,2.0,1.9
SP1,2024-03-17,15:15:00,Villarreal,Valencia,1,0,0.0,0.0,H,D,2.05,3.5,3.6,2.03,1.87
SP1,2024-03-17,17:30:00,Vallecano,Betis,2,0,1.0,0.0,H,H,2.5,3.25,3.0,2.25,1.62
SP1,2024-03-17,20:00:00,Ath Madrid,Barcelona,0,3,0.0,1.0,A,A,2.38,3.6,2.8,1.65,2.2
SP1,2024-03-29,20:00:00,Cadiz,Granada,1,0,0.0,0.0,H,D,2.0,3.3,4.2,2.3,1.6
SP1,2024-03-30,13:00:00,Getafe,Sevilla,0,1,0.0,1.0,A,A,2.55,3.1,3.0,2.2,1.65
SP1,2024-03-30,15:15:00,Almeria,Osasuna,0,3,0.0,2.0,A,A,2.63,3.2,2.8,2.08,1.73
SP1,2024-03-30,17:30:00,Valencia,Mallorca,0,0,0.0,0.0,D,D,2.05,3.0,4.2,3.1,1.36
SP1,2024-03-30,20:00:00,Barcelona,Las Palmas,1,0,0.0,0.0,H,D,1.25,6.5,10.0,1.44,2.7
SP1,2024-03-31,13:00:00,Celta,Vallecano,0,0,0.0,0.0,D,D,1.95,3.3,4.0,2.15,1.67
SP1,2024-03-31,15:15:00,Girona,Betis,3,2,1.0,1.0,H,D,1.75,3.8,4.75,1.7,2.1
SP1,2024-03-31,17:30:00,Alaves,Sociedad,0,1,0.0,0.0,A,D,3.5,2.9,2.38,2.88,1.4
SP1,2024-03-31,20:00:00,Real Madrid,Ath Bilbao,2,0,1.0,0.0,H,H,1.53,4.33,6.0,1.75,2.05
SP1,2024-04-01,20:00:00,Villarreal,Ath Madrid,1,2,0.0,1.0,A,A,2.9,3.75,2.25,1.57,2.35
SP1,2024-04-04,19:00:00,Granada,Valencia,0,1,0.0,0.0,A,D,3.4,3.1,2.3,2.3,1.6
SP1,2024-04-12,20:00:00,Betis,Celta,2,1,0.0,0.0,H,D,2.1,3.4,3.5,2.09,1.84
SP1,2024-04-13,13:00:00,Ath Madrid,Girona,3,1,2.0,1.0,H,H,1.91,3.6,3.8,1.62,2.25
SP1,2024-04-13,15:15:00,Vallecano,Getafe,0,0,0.0,0.0,D,D,2.2,3.0,3.7,2.6,1.48
SP1,2024-04-13,17:30:00,Mallorca,Real Madrid,0,1,0.0,0.0,A,D,5.0,3.6,1.75,2.05,1.75
SP1,2024-04-13,20:00:00,Cadiz,Barcelona,0,1,0.0,1.0,A,A,4.33,3.6,1.83,2.01,1.89
SP1,2024-04-14,13:00:00,Las Palmas,Sevilla,0,2,0.0,1.0,A,A,2.7,3.2,2.7,2.15,1.67
SP1,2024-04-14,15:15:00,Granada,Alaves,2,0,2.0,0.0,H,H,3.0,3.0,2.55,2.35,1.57
SP1,2024-04-14,17:30:00,Ath Bilbao,Villarreal,1,1,0.0,0.0,D,D,1.75,4.0,4.33,1.7,2.1
SP1,2024-04-14,20:00:00,Sociedad,Almeria,2,2,1.0,1.0,D,D,1.33,5.0,10.0,1.75,2.05
SP1,2024-04-15,20:00:00,Osasuna,Valencia,0,1,0.0,1.0,A,A,2.2,3.1,3.75,2.6,1.48
SP1,2024-04-19,20:00:00,Ath Bilbao,Granada,1,1,1.0,1.0,D,D,1.25,6.0,11.0,1.73,2.1
SP1,2024-04-20,13:00:00,Celta,Las Palmas,4,1,2.0,1.0,H,H,1.73,3.75,5.0,2.08,1.82
SP1,2024-04-20,15:15:00,Vallecano,Osasuna,2,1,0.0,1.0,H,A,2.2,3.1,3.6,2.63,1.5
SP1,2024-04-20,17:30:00,Valencia,Betis,1,2,0.0,1.0,A,A,2.2,3.2,3.5,2.2,1.67
SP1,2024-04-20,20:00:00,Girona,Cadiz,4,1,2.0,0.0,H,H,1.4,4.75,8.0,1.73,2.1
SP1,2024-04-21,13:00:00,Getafe,Sociedad,1,1,1.0,1.0,D,D,3.8,3.1,2.15,2.63,1.5
SP1,2024-04-21,15:15:00,Almeria,Villarreal,1,2,1.0,1.0,A,D,3.4,3.8,2.05,1.62,2.3
SP1,2024-04-21,17:30:00,Alaves,Ath Madrid,2,0,1.0,0.0,H,H,4.0,3.5,1.95,2.2,1.67
SP1,2024-04-21,20:00:00,Real Madrid,Barcelona,3,2,1.0,1.0,H,D,1.85,3.8,4.0,1.53,2.5
SP1,2024-04-22,20:00:00,Sevilla,Mallorca,2,1,0.0,0.0,H,D,1.95,3.1,4.5,2.63,1.5
SP1,2024-04-26,20:00:00,Sociedad,Real Madrid,0,1,0.0,1.0,A,A,2.45,3.25,2.9,2.2,1.67
SP1,2024-04-27,13:00:00,Las Palmas,Girona,0,2,0.0,1.0,A,A,4.5,3.8,1.75,1.73,2.1
SP1,2024-04-27,15:15:00,Almeria,Getafe,1,3,1.0,1.0,A,D,2.7,3.4,2.63,2.1,1.73
SP1,2024-04-27,17:30:00,Alaves,Celta,3,0,0.0,0.0,H,D,2.75,3.1,2.7,2.38,1.57
SP1,2024-04-27,20:00:00,Ath Madrid,Ath Bilbao,3,1,1.0,1.0,H,D,1.95,3.5,4.0,2.01,1.89
SP1,2024-04-28,13:00:00,Cadiz,Mallorca,1,1,0.0,1.0,D,A,2.5,2.9,3.2,3.0,1.4
SP1,2024-04-28,15:15:00,Granada,Osasuna,3,0,1.0,0.0,H,H,2.55,3.1,3.0,2.3,1.62
SP1,2024-04-28,17:30:00,Villarreal,Vallecano,3,0,1.0,0.0,H,H,1.65,4.0,5.0,1.8,2.0
SP1,2024-04-28,20:00:00,Betis,Sevilla,1,1,1.0,0.0,D,H,2.05,3.4,3.6,2.0,1.8
SP1,2024-04-29,20:00:00,Barcelona,Valencia,4,2,1.0,2.0,H,A,1.36,5.0,7.5,1.62,2.3
SP1,2024-05-03,20:00:00,Getafe,Ath Bilbao,0,2,0.0,1.0,A,A,4.0,3.2,2.05,2.5,1.53
SP1,2024-05-04,13:00:00,Sociedad,Las Palmas,2,0,2.0,0.0,H,H,1.33,5.0,10.0,1.92,1.98
SP1,2024-05-04,15:15:00,Real Madrid,Cadiz,3,0,0.0,0.0,H,D,1.33,5.25,8.5,1.67,2.2
SP1,2024-05-04,17:30:00,Girona,Barcelona,4,2,1.0,2.0,H,A,2.7,3.75,2.4,1.44,2.75
SP1,2024-05-04,20:00:00,Mallorca,Ath Madrid,0,1,0.0,1.0,A,A,3.75,3.2,2.15,2.38,1.57
SP1,2024-05-05,13:00:00,Osasuna,Betis,0,2,0.0,2.0,A,A,3.2,3.25,2.38,2.2,1.67
SP1,2024-05-05,15:15:00,Celta,Villarreal,3,2,2.0,1.0,H,H,2.3,3.6,2.88,1.67,2.2
SP1,2024-05-05,17:30:00,Valencia,Alaves,0,1,0.0,0.0,A,D,2.1,3.0,4.0,2.75,1.44
SP1,2024-05-05,20:00:00,Sevilla,Granada,3,0,1.0,0.0,H,H,1.65,4.0,5.25,1.86,2.04
SP1,2024-05-05,20:00:00,Vallecano,Almeria,0,1,0.0,1.0,A,A,1.57,4.0,5.75,1.85,2.05
SP1,2024-05-10,20:00:00,Alaves,Girona,2,2,1.0,2.0,D,A,3.5,3.6,2.05,1.8,2.0
SP1,2024-05-11,13:00:00,Mallorca,Las Palmas,1,0,1.0,0.0,H,H,1.65,3.5,6.5,2.63,1.5
SP1,2024-05-11,15:15:00,Villarreal,Sevilla,3,2,1.0,2.0,H,A,1.83,4.0,3.8,1.57,2.38
SP1,2024-05-11,17:30:00,Granada,Real Madrid,0,4,0.0,2.0,A,A,5.5,4.6,1.53,1.67,2.2
SP1,2024-05-11,20:00:00,Ath Bilbao,Osasuna,2,2,0.0,1.0,D,A,1.44,4.33,7.5,1.99,1.91
SP1,2024-05-12,13:00:00,Cadiz,Getafe,1,0,1.0,0.0,H,H,2.1,3.2,3.8,2.5,1.53
SP1,2024-05-12,15:15:00,Ath Madrid,Celta,1,0,0.0,0.0,H,D,1.42,4.75,7.0,1.62,2.3
SP1,2024-05-12,17:30:00,Valencia,Vallecano,0,0,0.0,0.0,D,D,2.25,3.1,3.5,2.5,1.53
SP1,2024-05-12,20:00:00,Betis,Almeria,3,2,2.0,1.0,H,H,1.33,5.5,8.5,1.53,2.5
SP1,2024-05-13,20:00:00,Barcelona,Sociedad,2,0,1.0,0.0,H,H,1.8,3.6,4.5,1.95,1.95
SP1,2024-05-14,18:30:00,Osasuna,Mallorca,1,1,1.0,0.0,D,H,2.8,2.9,2.88,3.0,1.4
SP1,2024-05-14,20:30:00,Real Madrid,Alaves,5,0,3.0,0.0,H,H,1.22,7.5,11.0,1.5,2.63
SP1,2024-05-14,21:00:00,Girona,Villarreal,0,1,0.0,0.0,A,D,1.7,4.5,4.2,1.33,3.4
SP1,2024-05-15,18:30:00,Sevilla,Cadiz,0,1,0.0,0.0,A,D,1.9,3.6,4.0,2.0,1.8
SP1,2024-05-15,18:30:00,Vallecano,Granada,2,1,1.0,0.0,H,H,1.65,3.8,5.5,2.2,1.67
SP1,2024-05-15,21:00:00,Celta,Ath Bilbao,2,1,0.0,1.0,H,A,2.63,3.3,2.7,1.99,1.91
SP1,2024-05-15,21:00:00,Getafe,Ath Madrid,0,3,0.0,2.0,A,A,4.75,3.4,1.83,2.2,1.67
SP1,2024-05-16,18:30:00,Las Palmas,Betis,2,2,1.0,1.0,D,D,4.0,3.5,1.91,2.02,1.88
SP1,2024-05-16,20:30:00,Almeria,Barcelona,0,2,0.0,1.0,A,A,6.5,5.0,1.44,1.36,3.2
SP1,2024-05-16,21:00:00,Sociedad,Valencia,1,0,1.0,0.0,H,H,1.6,3.9,5.75,2.2,1.67
SP1,2024-05-18,20:00:00,Alaves,Getafe,1,0,1.0,0.0,H,H,2.0,3.2,4.1,2.5,1.53
SP1,2024-05-19,18:00:00,Ath Bilbao,Sevilla,2,0,2.0,0.0,H,H,1.7,3.9,4.75,1.9,2.0
SP1,2024-05-19,18:00:00,Ath Madrid,Osasuna,1,4,0.0,1.0,A,A,1.4,4.5,8.0,1.73,2.1
SP1,2024-05-19,18:00:00,Barcelona,Vallecano,3,0,1.0,0.0,H,H,1.25,6.0,12.0,1.5,2.63
SP1,2024-05-19,18:00:00,Betis,Sociedad,0,2,0.0,2.0,A,A,2.55,3.2,2.88,2.3,1.62
SP1,2024-05-19,18:00:00,Cadiz,Las Palmas,0,0,0.0,0.0,D,D,1.8,3.5,4.75,2.38,1.57
SP1,2024-05-19,18:00:00,Granada,Celta,1,2,0.0,0.0,A,D,3.7,3.6,2.0,1.8,2.0
SP1,2024-05-19,18:00:00,Mallorca,Almeria,2,2,1.0,1.0,D,D,1.5,4.1,7.0,2.0,1.8
SP1,2024-05-19,18:00:00,Valencia,Girona,1,3,0.0,1.0,A,A,3.0,3.5,2.3,1.73,2.1
SP1,2024-05-19,18:00:00,Villarreal,Real Madrid,4,4,1.0,4.0,D,A,3.2,3.75,2.05,1.44,2.75
SP1,2024-05-24,20:00:00,Girona,Granada,7,0,3.0,0.0,H,H,1.22,6.5,12.0,1.29,3.75
SP1,2024-05-25,13:00:00,Osasuna,Villarreal,1,1,1.0,0.0,D,H,2.9,3.6,2.3,1.57,2.38
SP1,2024-05-25,15:15:00,Sociedad,Ath Madrid,0,2,0.0,1.0,A,A,2.4,3.3,3.0,1.95,1.95
SP1,2024-05-25,17:30:00,Almeria,Cadiz,6,1,0.0,1.0,H,A,2.05,3.6,3.5,1.86,2.04
SP1,2024-05-25,17:30:00,Vallecano,Ath Bilbao,0,1,0.0,0.0,A,D,2.88,3.5,2.38,1.73,2.1
SP1,2024-05-25,20:00:00,Real Madrid,Betis,0,0,0.0,0.0,D,D,1.33,6.0,7.5,1.36,3.2
SP1,2024-05-26,13:00:00,Getafe,Mallorca,1,2,0.0,0.0,A,D,2.3,3.25,3.2,2.2,1.67
SP1,2024-05-26,15:15:00,Celta,Valencia,2,2,0.0,1.0,D,A,1.95,3.5,3.8,1.95,1.95
SP1,2024-05-26,15:15:00,Las Palmas,Alaves,1,1,0.0,0.0,D,D,2.4,3.3,3.0,2.1,1.73
SP1,2024-05-26,20:00:00,Sevilla,Barcelona,1,2,1.0,1.0,A,D,4.0,4.0,1.8,1.5,2.63
I1,2023-08-19,17:30:00,Empoli,Verona,0,1,0.0,0.0,A,D,2.25,3.2,3.3,2.1,1.73
I1,2023-08-19,17:30:00,Frosinone,Napoli,1,3,1.0,2.0,A,A,8.5,5.0,1.36,1.67,2.2
I1,2023-08-19,19:45:00,Genoa,Fiorentina,1,4,0.0,3.0,A,A,3.4,3.25,2.2,2.1,1.73
I1,2023-08-19,19:45:00,Inter,Monza,2,0,1.0,0.0,H,H,1.4,5.0,7.0,1.57,2.38
I1,2023-08-20,17:30:00,Roma,Salernitana,2,2,1.0,1.0,D,D,1.53,4.0,6.5,2.1,1.73
I1,2023-08-20,17:30:00,Sassuolo,Atalanta,0,2,0.0,0.0,A,D,3.5,3.4,2.1,1.62,2.3
I1,2023-08-20,19:45:00,Lecce,Lazio,2,1,0.0,1.0,H,A,3.6,3.3,2.1,2.2,1.67
I1,2023-08-20,19:45:00,Udinese,Juventus,0,3,0.0,3.0,A,A,4.33,3.6,1.83,2.1,1.73
I1,2023-08-21,17:30:00,Torino,Cagliari,0,0,0.0,0.0,D,D,1.67,3.75,5.25,2.1,1.73
I1,2023-08-21,19:45:00,Bologna,Milan,0,2,0.0,2.0,A,A,4.0,3.4,1.95,2.0,1.8
I1,2023-08-26,17:30:00,Frosinone,Atalanta,2,1,2.0,0.0,H,H,5.0,4.0,1.67,1.67,2.2
I1,2023-08-26,17:30:00,Monza,Empoli,2,0,1.0,0.0,H,H,1.91,3.5,4.2,2.07,1.83
I1,2023-08-26,19:45:00,Milan,Torino,4,1,3.0,1.0,H,H,1.65,3.8,5.0,2.2,1.67
I1,2023-08-26,19:45:00,Verona,Roma,2,1,2.0,0.0,H,H,4.33,3.5,1.83,2.3,1.62
I1,2023-08-27,17:30:00,Fiorentina,Lecce,2,2,2.0,0.0,D,H,1.57,4.2,5.75,2.1,1.73
I1,2023-08-27,17:30:00,Juventus,Bologna,1,1,0.0,1.0,D,A,1.5,4.5,6.0,1.93,1.97
I1,2023-08-27,19:45:00,Lazio,Genoa,0,1,0.0,1.0,A,A,1.55,4.0,6.0,2.06,1.84
I1,2023-08-27,19:45:00,Napoli,Sassuolo,2,0,1.0,0.0,H,H,1.33,5.5,8.5,1.44,2.75
I1,2023-08-28,17:30:00,Salernitana,Udinese,1,1,0.0,0.0,D,D,2.7,3.2,2.63,2.03,1.87
I1,2023-08-28,19:45:00,Cagliari,Inter,0,2,0.0,2.0,A,A,7.5,4.5,1.44,1.73,2.1
I1,2023-09-01,17:30:00,Sassuolo,Verona,3,1,1.0,0.0,H,H,2.0,3.6,3.75,1.85,2.05
I1,2023-09-01,19:45:00,Roma,Milan,1,2,0.0,1.0,A,A,2.8,3.1,2.63,2.3,1.62
I1,2023-09-02,17:30:00,Bologna,Cagliari,2,1,0.0,1.0,H,A,1.7,3.75,5.0,2.0,1.9
I1,2023-09-02,17:30:00,Udinese,Frosinone,0,0,0.0,0.0,D,D,1.8,3.6,4.5,1.99,1.91
I1,2023-09-02,19:45:00,Atalanta,Monza,3,0,2.0,0.0,H,H,1.62,4.0,5.25,1.73,2.1
I1,2023-09-02,19:45:00,Napoli,Lazio,1,2,1.0,1.0,A,D,1.62,4.0,5.5,1.86,2.04
I1,2023-09-03,17:30:00,Inter,Fiorentina,4,0,1.0,0.0,H,H,1.65,3.8,5.25,1.8,2.0
I1,2023-09-03,17:30:00,Torino,Genoa,1,0,0.0,0.0,H,D,2.0,3.3,4.0,2.38,1.57
I1,2023-09-03,19:45:00,Empoli,Juventus,0,2,0.0,1.0,A,A,5.25,3.8,1.67,1.94,1.96
I1,2023-09-03,19:45:00,Lecce,Salernitana,2,0,1.0,0.0,H,H,2.0,3.3,4.0,2.2,1.67
I1,2023-09-16,14:00:00,Juventus,Lazio,3,1,2.0,0.0,H,H,1.91,3.4,4.33,2.1,1.73
I1,2023-09-16,17:00:00,Inter,Milan,5,1,2.0,0.0,H,H,2.15,3.5,3.4,1.9,2.0
I1,2023-09-16,19:45:00,Genoa,Napoli,2,2,1.0,0.0,D,H,5.5,3.8,1.67,1.8,2.0
I1,2023-09-17,11:30:00,Cagliari,Udinese,0,0,0.0,0.0,D,D,2.88,3.3,2.5,2.1,1.73
I1,2023-09-17,14:00:00,Frosinone,Sassuolo,4,2,1.0,2.0,H,A,2.8,3.4,2.5,1.86,2.04
I1,2023-09-17,14:00:00,Monza,Lecce,1,1,1.0,1.0,D,D,2.1,3.4,3.5,2.1,1.73
I1,2023-09-17,17:00:00,Fiorentina,Atalanta,3,2,2.0,1.0,H,H,2.38,3.5,2.88,1.8,2.0
I1,2023-09-17,19:45:00,Roma,Empoli,7,0,3.0,0.0,H,H,1.44,4.5,7.5,1.95,1.95
I1,2023-09-18,17:30:00,Salernitana,Torino,0,3,0.0,2.0,A,A,3.6,3.25,2.2,2.2,1.67
I1,2023-09-18,19:45:00,Verona,Bologna,0,0,0.0,0.0,D,D,3.1,3.3,2.38,2.1,1.73
I1,2023-09-22,17:30:00,Salernitana,Frosinone,1,1,0.0,1.0,D,A,2.5,3.2,2.9,2.1,1.73
I1,2023-09-22,19:45:00,Lecce,Genoa,1,0,0.0,0.0,H,D,2.45,3.2,3.1,2.3,1.62
I1,2023-09-23,14:00:00,Milan,Verona,1,0,1.0,0.0,H,H,1.36,4.75,9.0,1.73,2.1
I1,2023-09-23,17:00:00,Sassuolo,Juventus,4,2,2.0,1.0,H,H,4.0,4.0,1.8,1.73,2.1
I1,2023-09-23,19:45:00,Lazio,Monza,1,1,1.0,1.0,D,D,1.8,3.8,4.2,1.9,2.0
I1,2023-09-24,11:30:00,Empoli,Inter,0,1,0.0,0.0,A,D,9.0,5.25,1.33,1.57,2.38
I1,2023-09-24,14:00:00,Atalanta,Cagliari,2,0,1.0,0.0,H,H,1.4,5.0,8.0,1.67,2.2
I1,2023-09-24,14:00:00,Udinese,Fiorentina,0,2,0.0,1.0,A,A,3.2,3.5,2.25,1.99,1.91
I1,2023-09-24,17:00:00,Bologna,Napoli,0,0,0.0,0.0,D,D,3.75,3.6,1.91,1.85,2.05
I1,2023-09-24,19:45:00,Torino,Roma,1,1,0.0,0.0,D,D,3.1,2.9,2.6,2.63,1.5
I1,2023-09-26,19:45:00,Juventus,Lecce,1,0,0.0,0.0,H,D,1.5,4.2,7.0,1.96,1.94
I1,2023-09-27,17:30:00,Cagliari,Milan,1,3,1.0,2.0,A,A,5.25,3.8,1.67,1.99,1.91
I1,2023-09-27,17:30:00,Empoli,Salernitana,1,0,1.0,0.0,H,H,2.3,3.3,3.2,2.0,1.8
I1,2023-09-27,17:30:00,Verona,Atalanta,0,1,0.0,1.0,A,A,4.2,3.75,1.83,1.96,1.94
I1,2023-09-27,19:45:00,Inter,Sassuolo,1,2,1.0,0.0,A,H,1.33,5.5,8.0,1.4,3.0
I1,2023-09-27,19:45:00,Lazio,Torino,2,0,0.0,0.0,H,D,2.15,3.25,3.5,2.2,1.67
I1,2023-09-27,19:45:00,Napoli,Udinese,4,1,2.0,0.0,H,H,1.36,5.0,8.5,1.67,2.2
I1,2023-09-28,17:30:00,Frosinone,Fiorentina,1,1,0.0,1.0,D,A,3.75,3.6,1.95,1.87,2.03
I1,2023-09-28,17:30:00,Monza,Bologna,0,0,0.0,0.0,D,D,2.38,3.3,3.0,2.04,1.86
I1,2023-09-28,19:45:00,Genoa,Roma,4,1,2.0,1.0,H,H,3.8,3.25,2.05,2.3,1.62
I1,2023-09-30,14:00:00,Lecce,Napoli,0,4,0.0,1.0,A,A,4.75,3.8,1.75,2.01,1.89
I1,2023-09-30,17:00:00,Milan,Lazio,2,0,0.0,0.0,H,D,1.73,3.6,5.0,2.06,1.84
I1,2023-09-30,19:45:00,Salernitana,Inter,0,4,0.0,0.0,A,D,8.0,4.75,1.4,1.67,2.15
I1,2023-10-01,11:30:00,Bologna,Empoli,3,0,1.0,0.0,H,H,1.62,4.0,5.5,1.9,2.0
I1,2023-10-01,14:00:00,Udinese,Genoa,2,2,1.0,2.0,D,A,2.38,3.1,3.2,2.3,1.6
I1,2023-10-01,17:00:00,Atalanta,Juventus,0,0,0.0,0.0,D,D,2.5,3.4,2.8,1.93,1.97
I1,2023-10-01,19:45:00,Roma,Frosinone,2,0,1.0,0.0,H,H,1.44,4.2,8.0,1.94,1.96
I1,2023-10-02,17:30:00,Sassuolo,Monza,0,1,0.0,0.0,A,D,2.25,3.75,2.88,1.57,2.35
I1,2023-10-02,17:30:00,Torino,Verona,0,0,0.0,0.0,D,D,1.85,3.5,4.33,2.3,1.6
I1,2023-10-02,19:45:00,Fiorentina,Cagliari,3,0,2.0,0.0,H,H,1.5,4.2,7.0,1.88,2.02
I1,2023-10-06,17:30:00,Empoli,Udinese,0,0,0.0,0.0,D,D,3.1,3.25,2.38,2.0,1.9
I1,2023-10-06,19:45:00,Lecce,Sassuolo,1,1,0.0,1.0,D,A,2.55,3.4,2.7,1.8,2.0
I1,2023-10-07,14:00:00,Inter,Bologna,2,2,2.0,1.0,D,H,1.36,5.5,7.5,1.6,2.3
I1,2023-10-07,17:00:00,Juventus,Torino,2,0,0.0,0.0,H,D,1.91,3.3,4.33,2.35,1.57
I1,2023-10-07,19:45:00,Genoa,Milan,0,1,0.0,0.0,A,D,4.2,3.5,1.91,2.05,1.75
I1,2023-10-08,11:30:00,Monza,Salernitana,3,0,2.0,0.0,H,H,1.7,3.8,5.0,1.88,2.02
I1,2023-10-08,14:00:00,Frosinone,Verona,2,1,1.0,0.0,H,H,2.35,3.3,3.1,2.1,1.7
I1,2023-10-08,14:00:00,Lazio,Atalanta,3,2,2.0,1.0,H,H,2.7,3.3,2.63,2.03,1.87
I1,2023-10-08,17:00:00,Cagliari,Roma,1,4,0.0,2.0,A,A,4.75,3.3,1.83,2.25,1.62
I1,2023-10-08,19:45:00,Napoli,Fiorentina,1,3,1.0,1.0,A,D,1.6,4.2,5.5,1.62,2.25
I1,2023-10-21,14:00:00,Verona,Napoli,1,3,0.0,2.0,A,A,5.5,3.75,1.65,1.91,1.99
I1,2023-10-21,17:00:00,Torino,Inter,0,3,0.0,0.0,A,D,5.5,3.6,1.7,2.06,1.84
I1,2023-10-21,19:45:00,Sassuolo,Lazio,0,2,0.0,2.0,A,A,2.7,3.5,2.5,1.62,2.25
I1,2023-10-22,11:30:00,Roma,Monza,1,0,0.0,0.0,H,D,1.7,3.6,5.25,1.95,1.95
I1,2023-10-22,14:00:00,Bologna,Frosinone,2,1,2.0,0.0,H,H,1.73,3.75,5.0,1.95,1.95
I1,2023-10-22,14:00:00,Salernitana,Cagliari,2,2,0.0,0.0,D,D,2.2,3.2,3.5,2.15,1.67
I1,2023-10-22,17:00:00,Atalanta,Genoa,2,0,0.0,0.0,H,D,1.55,3.8,6.5,2.03,1.87
I1,2023-10-22,19:45:00,Milan,Juventus,0,1,0.0,0.0,A,D,2.25,3.4,3.2,2.1,1.7
I1,2023-10-23,17:30:00,Udinese,Lecce,1,1,0.0,0.0,D,D,2.2,3.3,3.4,2.2,1.65
I1,2023-10-23,19:45:00,Fiorentina,Empoli,0,2,0.0,1.0,A,A,1.44,4.33,8.0,1.62,2.25
I1,2023-10-27,19:45:00,Genoa,Salernitana,1,0,1.0,0.0,H,H,1.73,3.6,5.25,2.15,1.67
I1,2023-10-28,14:00:00,Sassuolo,Bologna,1,1,1.0,1.0,D,D,2.6,3.4,2.63,1.7,2.1
I1,2023-10-28,17:00:00,Lecce,Torino,0,1,0.0,1.0,A,A,2.75,3.0,2.8,2.5,1.5
I1,2023-10-28,19:45:00,Juventus,Verona,1,0,0.0,0.0,H,D,1.36,5.0,8.0,1.85,2.05
I1,2023-10-29,11:30:00,Cagliari,Frosinone,4,3,0.0,2.0,H,A,2.3,3.3,3.2,1.99,1.91
I1,2023-10-29,14:00:00,Monza,Udinese,1,1,1.0,0.0,D,H,2.0,3.6,3.6,1.92,1.98
I1,2023-10-29,17:00:00,Inter,Roma,1,0,0.0,0.0,H,D,1.62,4.0,5.5,2.03,1.87
I1,2023-10-29,19:45:00,Napoli,Milan,2,2,0.0,2.0,D,A,2.2,3.4,3.3,2.04,1.86
I1,2023-10-30,17:30:00,Empoli,Atalanta,0,3,0.0,2.0,A,A,5.25,3.75,1.67,1.75,2.05
I1,2023-10-30,19:45:00,Lazio,Fiorentina,1,0,0.0,0.0,H,D,2.25,3.25,3.25,1.99,1.91
I1,2023-11-03,19:45:00,Bologna,Lazio,1,0,0.0,0.0,H,D,2.63,3.2,2.75,2.2,1.65
I1,2023-11-04,14:00:00,Salernitana,Napoli,0,2,0.0,1.0,A,A,7.0,4.75,1.44,1.53,2.4
I1,2023-11-04,17:00:00,Atalanta,Inter,1,2,0.0,1.0,A,A,3.3,3.5,2.15,1.83,2.07
I1,2023-11-04,19:45:00,Milan,Udinese,0,1,0.0,0.0,A,D,1.45,4.5,7.0,1.75,2.05
I1,2023-11-05,11:30:00,Verona,Monza,1,3,0.0,1.0,A,A,3.2,3.25,2.3,2.05,1.75
I1,2023-11-05,14:00:00,Cagliari,Genoa,2,1,0.0,0.0,H,D,2.7,3.2,2.7,2.15,1.67
I1,2023-11-05,17:00:00,Roma,Lecce,2,1,0.0,0.0,H,D,1.57,3.8,6.5,2.1,1.7
I1,2023-11-05,19:45:00,Fiorentina,Juventus,0,1,0.0,1.0,A,A,2.9,3.2,2.55,2.06,1.84
I1,2023-11-06,17:30:00,Frosinone,Empoli,2,1,0.0,0.0,H,D,2.0,3.6,3.6,1.88,2.02
I1,2023-11-06,19:45:00,Torino,Sassuolo,2,1,1.0,1.0,H,D,2.15,3.4,3.4,2.0,1.9
I1,2023-11-10,17:30:00,Sassuolo,Salernitana,2,2,1.0,2.0,D,A,1.65,4.2,4.75,1.62,2.25
I1,2023-11-10,19:45:00,Genoa,Verona,1,0,1.0,0.0,H,H,1.91,3.3,4.33,2.4,1.53
I1,2023-11-11,14:00:00,Lecce,Milan,2,2,0.0,2.0,D,A,5.0,3.6,1.75,2.08,1.73
I1,2023-11-11,17:00:00,Juventus,Cagliari,2,1,0.0,0.0,H,D,1.36,5.0,8.0,1.75,2.05
I1,2023-11-11,19:45:00,Monza,Torino,1,1,0.0,0.0,D,D,2.5,3.1,3.0,2.25,1.62
I1,2023-11-12,11:30:00,Napoli,Empoli,0,1,0.0,0.0,A,D,1.22,7.0,11.0,1.4,2.88
I1,2023-11-12,14:00:00,Fiorentina,Bologna,2,1,1.0,1.0,H,D,2.0,3.4,3.8,2.05,1.85
I1,2023-11-12,14:00:00,Udinese,Atalanta,1,1,1.0,0.0,D,H,3.75,3.5,2.0,1.99,1.91
I1,2023-11-12,17:00:00,Lazio,Roma,0,0,0.0,0.0,D,D,3.0,3.0,2.63,2.35,1.57
I1,2023-11-12,19:45:00,Inter,Frosinone,2,0,1.0,0.0,H,H,1.18,8.0,13.0,1.36,3.1
I1,2023-11-25,14:00:00,Salernitana,Lazio,2,1,0.0,1.0,H,A,4.75,3.75,1.75,2.04,1.86
I1,2023-11-25,17:00:00,Atalanta,Napoli,1,2,0.0,1.0,A,A,2.7,3.4,2.63,1.88,2.02
I1,2023-11-25,19:45:00,Milan,Fiorentina,1,0,1.0,0.0,H,H,2.1,3.3,3.5,2.06,1.84
I1,2023-11-26,11:30:00,Cagliari,Monza,1,1,1.0,0.0,D,H,2.88,3.25,2.5,2.0,1.9
I1,2023-11-26,14:00:00,Empoli,Sassuolo,3,4,2.0,2.0,A,D,2.75,3.6,2.4,1.65,2.2
I1,2023-11-26,14:00:00,Frosinone,Genoa,2,1,1.0,1.0,H,D,2.5,3.25,2.88,2.1,1.7
I1,2023-11-26,17:00:00,Roma,Udinese,3,1,1.0,0.0,H,H,1.62,3.8,5.75,2.05,1.75
I1,2023-11-26,19:45:00,Juventus,Inter,1,1,1.0,1.0,D,D,3.3,3.25,2.25,2.1,1.7
I1,2023-11-27,17:30:00,Verona,Lecce,2,2,1.0,1.0,D,D,2.75,3.0,2.88,2.5,1.5
I1,2023-11-27,19:45:00,Bologna,Torino,2,0,0.0,0.0,H,D,2.3,3.25,3.2,2.3,1.6
I1,2023-12-01,19:45:00,Monza,Juventus,1,2,0.0,1.0,A,A,4.2,3.3,1.95,2.15,1.67
I1,2023-12-02,14:00:00,Genoa,Empoli,1,1,1.0,0.0,D,H,1.91,3.6,3.8,2.1,1.7
I1,2023-12-02,17:00:00,Lazio,Cagliari,1,0,1.0,0.0,H,H,1.62,4.0,5.25,1.98,1.92
I1,2023-12-02,19:45:00,Milan,Frosinone,3,1,1.0,0.0,H,H,1.44,4.5,7.5,1.7,2.1
I1,2023-12-03,11:30:00,Lecce,Bologna,1,1,0.0,0.0,D,D,3.0,3.2,2.45,2.2,1.65
I1,2023-12-03,14:00:00,Fiorentina,Salernitana,3,0,2.0,0.0,H,H,1.45,4.75,7.0,1.67,2.15
I1,2023-12-03,14:00:00,Udinese,Verona,3,3,2.0,1.0,D,H,1.7,3.6,5.25,2.1,1.7
I1,2023-12-03,17:00:00,Sassuolo,Roma,1,2,1.0,0.0,A,H,3.8,3.75,1.91,1.75,2.05
I1,2023-12-03,19:45:00,Napoli,Inter,0,3,0.0,1.0,A,A,2.8,3.5,2.4,1.75,2.05
I1,2023-12-04,19:45:00,Torino,Atalanta,3,0,1.0,0.0,H,H,2.9,3.2,2.45,2.2,1.65
I1,2023-12-08,19:45:00,Juventus,Napoli,1,0,0.0,0.0,H,D,2.25,3.25,3.25,2.1,1.7
I1,2023-12-09,14:00:00,Verona,Lazio,1,1,0.0,1.0,D,A,4.2,3.4,1.95,2.15,1.67
I1,2023-12-09,17:00:00,Atalanta,Milan,3,2,1.0,1.0,H,D,2.5,3.2,3.0,2.05,1.75
I1,2023-12-09,19:45:00,Inter,Udinese,4,0,3.0,0.0,H,H,1.29,6.5,9.0,1.57,2.35
I1,2023-12-10,11:30:00,Frosinone,Torino,0,0,0.0,0.0,D,D,3.4,3.2,2.25,2.15,1.67
I1,2023-12-10,14:00:00,Monza,Genoa,1,0,0.0,0.0,H,D,2.15,3.1,3.75,2.3,1.6
I1,2023-12-10,17:00:00,Salernitana,Bologna,1,2,0.0,2.0,A,A,3.75,3.3,2.05,2.1,1.7
I1,2023-12-10,19:45:00,Roma,Fiorentina,1,1,1.0,0.0,D,H,2.1,3.3,3.5,2.15,1.67
I1,2023-12-11,17:30:00,Empoli,Lecce,1,1,0.0,0.0,D,D,2.55,3.2,3.0,2.08,1.73
I1,2023-12-11,19:45:00,Cagliari,Sassuolo,2,1,0.0,1.0,H,A,2.3,3.5,3.0,1.7,2.1
I1,2023-12-15,19:45:00,Genoa,Juventus,1,1,0.0,1.0,D,A,4.75,3.2,1.91,2.7,1.44
I1,2023-12-16,14:00:00,Lecce,Frosinone,2,1,1.0,1.0,H,D,2.15,3.3,3.5,2.08,1.82
I1,2023-12-16,17:00:00,Napoli,Cagliari,2,1,0.0,0.0,H,D,1.33,5.0,9.5,1.57,2.35
I1,2023-12-16,19:45:00,Torino,Empoli,1,0,1.0,0.0,H,H,1.6,3.8,6.0,2.05,1.85
I1,2023-12-17,11:30:00,Milan,Monza,3,0,2.0,0.0,H,H,1.62,4.33,5.0,1.8,2.0
I1,2023-12-17,14:00:00,Fiorentina,Verona,1,0,0.0,0.0,H,D,1.4,5.0,7.0,1.75,2.05
I1,2023-12-17,14:00:00,Udinese,Sassuolo,2,2,1.0,0.0,D,H,2.25,3.5,3.1,1.7,2.1
I1,2023-12-17,17:00:00,Bologna,Roma,2,0,1.0,0.0,H,H,2.38,3.0,3.25,2.5,1.5
I1,2023-12-17,19:45:00,Lazio,Inter,0,2,0.0,1.0,A,A,4.75,3.8,1.73,2.05,1.85
I1,2023-12-18,19:45:00,Atalanta,Salernitana,4,1,0.0,1.0,H,A,1.3,5.5,10.0,1.57,2.35
I1,2023-12-22,17:30:00,Empoli,Lazio,0,2,0.0,1.0,A,A,4.2,3.4,1.91,2.15,1.67
I1,2023-12-22,17:30:00,Sassuolo,Genoa,1,2,1.0,0.0,A,H,2.25,3.3,3.25,2.02,1.88
I1,2023-12-22,19:45:00,Monza,Fiorentina,0,1,0.0,1.0,A,A,2.88,3.2,2.55,2.1,1.7
I1,2023-12-22,19:45:00,Salernitana,Milan,2,2,1.0,1.0,D,D,8.0,4.5,1.44,1.65,2.2
I1,2023-12-23,11:30:00,Frosinone,Juventus,1,2,0.0,1.0,A,A,6.0,3.75,1.62,2.08,1.82
I1,2023-12-23,14:00:00,Bologna,Atalanta,1,0,0.0,0.0,H,D,2.7,3.2,2.75,2.1,1.7
I1,2023-12-23,14:00:00,Torino,Udinese,1,1,0.0,0.0,D,D,1.75,3.5,5.0,2.25,1.62
I1,2023-12-23,17:00:00,Inter,Lecce,2,0,1.0,0.0,H,H,1.22,7.0,11.0,1.65,2.2
I1,2023-12-23,17:00:00,Verona,Cagliari,2,0,0.0,0.0,H,D,2.38,3.25,3.1,2.08,1.73
I1,2023-12-23,19:45:00,Roma,Napoli,2,0,0.0,0.0,H,D,3.0,3.1,2.5,2.15,1.67
I1,2023-12-29,17:30:00,Fiorentina,Torino,1,0,0.0,0.0,H,D,2.1,3.2,3.6,2.35,1.57
I1,2023-12-29,17:30:00,Napoli,Monza,0,0,0.0,0.0,D,D,1.62,4.0,5.5,1.73,2.08
I1,2023-12-29,19:45:00,Genoa,Inter,1,1,1.0,1.0,D,D,5.5,3.8,1.65,2.3,1.6
I1,2023-12-29,19:45:00,Lazio,Frosinone,3,1,0.0,0.0,H,D,1.67,3.8,5.25,2.05,1.85
I1,2023-12-30,11:30:00,Atalanta,Lecce,1,0,0.0,0.0,H,D,1.4,4.6,8.0,1.92,1.98
I1,2023-12-30,14:00:00,Cagliari,Empoli,0,0,0.0,0.0,D,D,2.05,3.4,3.6,2.05,1.85
I1,2023-12-30,14:00:00,Udinese,Bologna,3,0,1.0,0.0,H,H,3.5,3.1,2.25,2.4,1.53
I1,2023-12-30,17:00:00,Milan,Sassuolo,1,0,0.0,0.0,H,D,1.45,4.75,6.5,1.5,2.5
I1,2023-12-30,17:00:00,Verona,Salernitana,0,1,0.0,0.0,A,D,1.91,3.4,4.2,2.08,1.73
I1,2023-12-30,19:45:00,Juventus,Roma,1,0,0.0,0.0,H,D,2.05,3.0,4.2,2.7,1.44
I1,2024-01-05,19:45:00,Bologna,Genoa,1,1,0.0,1.0,D,A,2.05,3.0,4.33,2.7,1.44
I1,2024-01-06,11:30:00,Inter,Verona,2,1,1.0,0.0,H,H,1.17,8.0,13.0,1.5,2.5
I1,2024-01-06,14:00:00,Frosinone,Monza,2,3,0.0,2.0,A,A,2.63,3.3,2.7,1.93,1.97
I1,2024-01-06,17:00:00,Lecce,Cagliari,1,1,1.0,0.0,D,H,2.2,3.25,3.4,2.2,1.65
I1,2024-01-06,19:45:00,Sassuolo,Fiorentina,1,0,1.0,0.0,H,H,3.25,3.5,2.15,1.73,2.08
I1,2024-01-07,11:30:00,Empoli,Milan,0,3,0.0,2.0,A,A,5.25,3.8,1.67,1.75,2.05
I1,2024-01-07,14:00:00,Torino,Napoli,3,0,1.0,0.0,H,H,2.9,3.2,2.5,2.2,1.65
I1,2024-01-07,14:00:00,Udinese,Lazio,1,2,0.0,1.0,A,A,3.5,3.2,2.2,2.2,1.65
I1,2024-01-07,17:00:00,Salernitana,Juventus,1,2,1.0,0.0,A,H,7.5,4.5,1.4,1.95,1.95
I1,2024-01-07,19:45:00,Roma,Atalanta,1,1,1.0,1.0,D,D,2.4,3.2,3.1,2.15,1.67
I1,2024-01-13,14:00:00,Genoa,Torino,0,0,0.0,0.0,D,D,2.9,3.0,2.63,2.7,1.44
I1,2024-01-13,14:00:00,Napoli,Salernitana,2,1,1.0,1.0,H,D,1.33,5.0,8.5,1.57,2.35
I1,2024-01-13,17:00:00,Verona,Empoli,2,1,1.0,0.0,H,H,2.15,3.25,3.5,2.1,1.7
I1,2024-01-13,19:45:00,Monza,Inter,1,5,0.0,2.0,A,A,7.0,4.0,1.5,1.88,2.02
I1,2024-01-14,11:30:00,Lazio,Lecce,1,0,0.0,0.0,H,D,1.65,3.6,5.75,2.1,1.7
I1,2024-01-14,14:00:00,Cagliari,Bologna,2,1,1.0,1.0,H,D,3.0,3.1,2.5,2.4,1.53
I1,2024-01-14,17:00:00,Fiorentina,Udinese,2,2,0.0,1.0,D,A,1.67,3.75,5.5,2.06,1.84
I1,2024-01-14,19:45:00,Milan,Roma,3,1,1.0,0.0,H,H,2.2,3.2,3.5,2.15,1.67
I1,2024-01-15,19:45:00,Atalanta,Frosinone,5,0,3.0,0.0,H,H,1.44,4.5,7.5,1.62,2.25
I1,2024-01-16,19:45:00,Juventus,Sassuolo,3,0,2.0,0.0,H,H,1.4,4.2,8.5,1.73,2.08
I1,2024-01-20,17:00:00,Roma,Verona,2,1,2.0,0.0,H,H,1.44,4.2,8.5,2.08,1.73
I1,2024-01-20,19:45:00,Udinese,Milan,2,3,1.0,1.0,A,D,4.0,3.8,1.85,1.91,1.99
I1,2024-01-21,11:30:00,Frosinone,Cagliari,3,1,0.0,1.0,H,A,2.4,3.4,2.9,2.01,1.89
I1,2024-01-21,14:00:00,Empoli,Monza,3,0,2.0,0.0,H,H,2.8,3.3,2.55,2.08,1.82
I1,2024-01-21,17:00:00,Salernitana,Genoa,1,2,1.0,1.0,A,D,3.6,3.2,2.15,2.4,1.53
I1,2024-01-21,19:45:00,Lecce,Juventus,0,3,0.0,0.0,A,D,6.0,3.5,1.65,2.35,1.57
I1,2024-01-26,19:45:00,Cagliari,Torino,1,2,0.0,2.0,A,A,3.5,3.2,2.2,2.4,1.53
I1,2024-01-27,14:00:00,Atalanta,Udinese,2,0,2.0,0.0,H,H,1.5,4.5,6.0,1.73,2.08
I1,2024-01-27,17:00:00,Juventus,Empoli,1,1,0.0,0.0,D,D,1.29,5.5,10.0,1.87,2.03
I1,2024-01-27,19:45:00,Milan,Bologna,2,2,1.0,1.0,D,D,1.67,3.75,5.25,2.08,1.73
I1,2024-01-28,11:30:00,Genoa,Lecce,2,1,0.0,1.0,H,A,2.1,3.1,4.0,2.6,1.48
I1,2024-01-28,14:00:00,Monza,Sassuolo,1,0,1.0,0.0,H,H,2.25,3.4,3.2,1.75,2.05
I1,2024-01-28,14:00:00,Verona,Frosinone,1,1,1.0,0.0,D,H,2.45,3.3,2.9,2.03,1.87
I1,2024-01-28,17:00:00,Lazio,Napoli,0,0,0.0,0.0,D,D,2.25,3.3,3.3,2.25,1.62
I1,2024-01-28,19:45:00,Fiorentina,Inter,0,1,0.0,1.0,A,A,4.2,3.6,1.85,1.97,1.93
I1,2024-01-29,19:45:00,Salernitana,Roma,1,2,0.0,0.0,A,D,5.25,3.8,1.67,2.08,1.73
I1,2024-02-02,19:45:00,Lecce,Fiorentina,3,2,1.0,0.0,H,H,3.75,3.2,2.1,2.15,1.67
I1,2024-02-03,14:00:00,Empoli,Genoa,0,0,0.0,0.0,D,D,3.0,3.0,2.6,2.5,1.5
I1,2024-02-03,14:00:00,Udinese,Monza,0,0,0.0,0.0,D,D,2.25,3.3,3.3,2.04,1.86
I1,2024-02-03,17:00:00,Frosinone,Milan,2,3,1.0,1.0,A,D,5.0,4.2,1.62,1.6,2.3
I1,2024-02-03,19:45:00,Bologna,Sassuolo,4,2,1.0,2.0,H,A,1.7,3.75,5.0,2.05,1.85
I1,2024-02-04,11:30:00,Torino,Salernitana,0,0,0.0,0.0,D,D,1.5,4.0,7.5,2.15,1.67
I1,2024-02-04,14:00:00,Napoli,Verona,2,1,0.0,0.0,H,D,1.4,4.5,8.5,1.87,2.03
I1,2024-02-04,17:00:00,Atalanta,Lazio,3,1,2.0,0.0,H,H,2.05,3.4,3.75,2.15,1.67
I1,2024-02-04,19:45:00,Inter,Juventus,1,0,1.0,0.0,H,H,1.8,3.5,4.75,2.2,1.65
I1,2024-02-05,19:45:00,Roma,Cagliari,4,0,2.0,0.0,H,H,1.44,4.33,7.5,1.87,2.03
I1,2024-02-09,19:45:00,Salernitana,Empoli,1,3,0.0,1.0,A,A,2.38,3.2,3.2,2.35,1.57
I1,2024-02-10,14:00:00,Cagliari,Lazio,1,3,0.0,1.0,A,A,3.5,3.3,2.15,2.3,1.6
I1,2024-02-10,17:00:00,Roma,Inter,2,4,2.0,1.0,A,H,4.2,3.5,1.91,2.15,1.67
I1,2024-02-10,19:45:00,Sassuolo,Torino,1,1,1.0,1.0,D,D,3.4,3.3,2.2,2.05,1.75
I1,2024-02-11,11:30:00,Fiorentina,Frosinone,5,1,3.0,0.0,H,H,1.5,4.33,6.5,1.75,2.05
I1,2024-02-11,14:00:00,Bologna,Lecce,4,0,2.0,0.0,H,H,1.73,3.6,5.25,2.2,1.65
I1,2024-02-11,14:00:00,Monza,Verona,0,0,0.0,0.0,D,D,2.05,3.4,3.75,2.2,1.65
I1,2024-02-11,17:00:00,Genoa,Atalanta,1,4,0.0,1.0,A,A,3.75,3.3,2.05,2.2,1.65
I1,2024-02-11,19:45:00,Milan,Napoli,1,0,1.0,0.0,H,H,1.95,3.6,3.8,1.8,2.0
I1,2024-02-12,19:45:00,Juventus,Udinese,0,1,0.0,1.0,A,A,1.44,4.5,8.0,2.04,1.86
I1,2024-02-14,18:00:00,Bologna,Fiorentina,2,0,1.0,0.0,H,H,2.3,3.2,3.2,2.2,1.65
I1,2024-02-16,18:00:00,Torino,Lecce,2,0,0.0,0.0,H,D,1.8,3.4,4.75,2.25,1.62
I1,2024-02-16,20:00:00,Inter,Salernitana,4,0,3.0,0.0,H,H,1.14,8.5,15.0,1.44,2.7
I1,2024-02-17,14:00:00,Napoli,Genoa,1,1,0.0,0.0,D,D,1.6,3.75,6.0,2.1,1.7
I1,2024-02-17,17:00:00,Verona,Juventus,2,2,1.0,1.0,D,D,5.75,3.5,1.67,2.3,1.6
I1,2024-02-17,19:45:00,Atalanta,Sassuolo,3,0,1.0,0.0,H,H,1.36,5.5,8.0,1.48,2.6
I1,2024-02-18,11:30:00,Lazio,Bologna,1,2,1.0,1.0,A,D,2.3,3.1,3.4,2.5,1.5
I1,2024-02-18,14:00:00,Empoli,Fiorentina,1,1,0.0,1.0,D,A,3.75,3.3,2.05,2.1,1.7
I1,2024-02-18,14:00:00,Udinese,Cagliari,1,1,1.0,1.0,D,D,1.91,3.6,4.0,2.05,1.75
I1,2024-02-18,17:00:00,Frosinone,Roma,0,3,0.0,1.0,A,A,3.8,3.75,1.91,1.73,2.08
I1,2024-02-18,19:45:00,Monza,Milan,4,2,2.0,0.0,H,H,4.75,3.5,1.8,1.97,1.93
I1,2024-02-22,19:45:00,Torino,Lazio,0,2,0.0,0.0,A,D,2.4,2.9,3.25,2.7,1.44
I1,2024-02-23,19:45:00,Bologna,Verona,2,0,1.0,0.0,H,H,1.55,3.8,7.0,2.1,1.7
I1,2024-02-24,14:00:00,Sassuolo,Empoli,2,3,0.0,1.0,A,A,2.2,3.4,3.3,2.03,1.87
I1,2024-02-24,17:00:00,Salernitana,Monza,0,2,0.0,0.0,A,D,3.0,3.1,2.5,2.1,1.7
I1,2024-02-24,19:45:00,Genoa,Udinese,2,0,2.0,0.0,H,H,2.25,3.0,3.6,2.6,1.48
I1,2024-02-25,11:30:00,Juventus,Frosinone,3,2,2.0,2.0,H,D,1.3,5.5,10.0,1.67,2.15
I1,2024-02-25,14:00:00,Cagliari,Napoli,1,1,0.0,0.0,D,D,4.2,3.75,1.83,1.88,2.02
I1,2024-02-25,17:00:00,Lecce,Inter,0,4,0.0,1.0,A,A,7.0,4.5,1.44,1.73,2.08
I1,2024-02-25,19:45:00,Milan,Atalanta,1,1,1.0,1.0,D,D,2.38,3.4,3.0,1.75,2.05
I1,2024-02-26,17:30:00,Roma,Torino,3,2,1.0,1.0,H,D,1.91,3.25,4.5,2.4,1.53
I1,2024-02-26,19:45:00,Fiorentina,Lazio,2,1,0.0,1.0,H,A,2.25,3.1,3.5,2.2,1.65
I1,2024-02-28,17:00:00,Sassuolo,Napoli,1,6,1.0,3.0,A,A,4.0,3.8,1.8,1.7,2.1
I1,2024-02-28,19:45:00,Inter,Atalanta,4,0,2.0,0.0,H,H,1.62,4.0,5.5,1.75,2.05
I1,2024-03-01,19:45:00,Lazio,Milan,0,1,0.0,0.0,A,D,3.5,3.2,2.2,2.1,1.7
I1,2024-03-02,14:00:00,Udinese,Salernitana,1,1,1.0,1.0,D,D,1.65,3.8,5.75,2.05,1.85
I1,2024-03-02,17:00:00,Monza,Roma,1,4,0.0,2.0,A,A,3.75,3.4,2.05,2.03,1.87
I1,2024-03-02,19:45:00,Torino,Fiorentina,0,0,0.0,0.0,D,D,2.63,3.0,2.9,2.4,1.53
I1,2024-03-03,11:30:00,Verona,Sassuolo,1,0,0.0,0.0,H,D,2.2,3.4,3.25,2.03,1.87
I1,2024-03-03,14:00:00,Empoli,Cagliari,0,1,0.0,0.0,A,D,2.15,3.25,3.6,2.1,1.7
I1,2024-03-03,14:00:00,Frosinone,Lecce,1,1,1.0,0.0,D,H,2.25,3.3,3.3,1.99,1.91
I1,2024-03-03,17:00:00,Atalanta,Bologna,1,2,1.0,0.0,A,H,1.91,3.4,4.2,2.08,1.73
I1,2024-03-03,19:45:00,Napoli,Juventus,2,1,1.0,0.0,H,H,2.38,3.1,3.3,2.35,1.57
I1,2024-03-04,19:45:00,Inter,Genoa,2,1,2.0,0.0,H,H,1.3,5.75,9.5,1.75,2.05
I1,2024-03-08,19:45:00,Napoli,Torino,1,1,0.0,0.0,D,D,1.75,3.6,5.0,2.2,1.65
I1,2024-03-09,14:00:00,Cagliari,Salernitana,4,2,2.0,0.0,H,H,1.83,3.6,4.33,2.02,1.88
I1,2024-03-09,14:00:00,Sassuolo,Frosinone,1,0,0.0,0.0,H,D,2.2,3.6,3.1,1.65,2.2
I1,2024-03-09,17:00:00,Bologna,Inter,0,1,0.0,1.0,A,A,3.5,3.3,2.15,2.1,1.7
I1,2024-03-09,19:45:00,Genoa,Monza,2,3,0.0,2.0,A,A,2.15,3.2,3.5,2.4,1.53
I1,2024-03-10,11:30:00,Lecce,Verona,0,1,0.0,1.0,A,A,2.2,3.25,3.4,2.3,1.6
I1,2024-03-10,14:00:00,Milan,Empoli,1,0,1.0,0.0,H,H,1.44,5.0,6.5,1.7,2.1
I1,2024-03-10,17:00:00,Juventus,Atalanta,2,2,0.0,1.0,D,A,2.2,3.3,3.3,2.1,1.7
I1,2024-03-10,19:45:00,Fiorentina,Roma,2,2,1.0,0.0,D,H,2.55,3.3,2.75,2.07,1.83
I1,2024-03-11,19:45:00,Lazio,Udinese,1,2,0.0,0.0,A,D,1.91,3.5,4.0,2.15,1.67
I1,2024-03-15,19:45:00,Empoli,Bologna,0,1,0.0,0.0,A,D,4.0,3.2,2.0,2.35,1.57
I1,2024-03-16,14:00:00,Monza,Cagliari,1,0,1.0,0.0,H,H,2.05,3.5,3.6,2.0,1.9
I1,2024-03-16,14:00:00,Udinese,Torino,0,2,0.0,1.0,A,A,2.8,2.9,2.8,2.6,1.48
I1,2024-03-16,17:00:00,Salernitana,Lecce,0,1,0.0,1.0,A,A,2.9,3.2,2.5,2.1,1.7
I1,2024-03-16,19:45:00,Frosinone,Lazio,2,3,1.0,1.0,A,D,3.5,3.4,2.15,1.87,2.03
I1,2024-03-17,11:30:00,Juventus,Genoa,0,0,0.0,0.0,D,D,1.5,4.0,7.0,2.2,1.65
I1,2024-03-17,14:00:00,Verona,Milan,1,3,0.0,1.0,A,A,5.25,3.75,1.7,2.05,1.85
I1,2024-03-17,17:00:00,Roma,Sassuolo,1,0,0.0,0.0,H,D,1.36,4.75,8.0,1.6,2.3
I1,2024-03-17,19:45:00,Inter,Napoli,1,1,1.0,0.0,D,H,1.57,4.0,6.0,1.73,2.08
I1,2024-03-30,11:30:00,Napoli,Atalanta,0,3,0.0,2.0,A,A,2.1,3.6,3.4,1.8,2.0
I1,2024-03-30,14:00:00,Genoa,Frosinone,1,1,1.0,1.0,D,D,1.95,3.6,3.8,2.05,1.85
I1,2024-03-30,14:00:00,Torino,Monza,1,0,0.0,0.0,H,D,1.83,3.4,4.75,2.3,1.6
I1,2024-03-30,17:00:00,Lazio,Juventus,1,0,0.0,0.0,H,D,3.1,3.1,2.45,2.35,1.57
I1,2024-03-30,19:45:00,Fiorentina,Milan,1,2,0.0,0.0,A,D,2.88,3.3,2.5,2.01,1.89
I1,2024-04-01,11:30:00,Bologna,Salernitana,3,0,2.0,0.0,H,H,1.3,5.5,10.0,1.8,2.0
I1,2024-04-01,14:00:00,Cagliari,Verona,1,1,0.0,1.0,D,A,2.15,3.2,3.6,2.1,1.7
I1,2024-04-01,14:00:00,Sassuolo,Udinese,1,1,1.0,1.0,D,D,2.75,3.25,2.6,2.07,1.83
I1,2024-04-01,17:00:00,Lecce,Roma,0,0,0.0,0.0,D,D,4.5,3.5,1.83,2.07,1.83
I1,2024-04-01,19:45:00,Inter,Empoli,2,0,1.0,0.0,H,H,1.22,7.0,12.0,1.5,2.5
I1,2024-04-05,19:45:00,Salernitana,Sassuolo,2,2,0.0,2.0,D,A,3.25,3.5,2.2,1.9,2.0
I1,2024-04-06,14:00:00,Milan,Lecce,3,0,2.0,0.0,H,H,1.36,4.75,8.5,1.7,2.1
I1,2024-04-06,17:00:00,Roma,Lazio,1,0,1.0,0.0,H,H,2.2,3.1,3.6,2.15,1.67
I1,2024-04-06,19:45:00,Empoli,Torino,3,2,1.0,0.0,H,H,3.5,3.2,2.25,2.5,1.5
I1,2024-04-07,11:30:00,Frosinone,Bologna,0,0,0.0,0.0,D,D,4.2,3.5,1.91,1.95,1.95
I1,2024-04-07,14:00:00,Monza,Napoli,2,4,1.0,0.0,A,H,4.0,3.8,1.85,1.8,2.0
I1,2024-04-07,17:00:00,Cagliari,Atalanta,2,1,1.0,1.0,H,D,4.75,3.8,1.73,1.75,2.05
I1,2024-04-07,17:00:00,Verona,Genoa,1,2,1.0,1.0,A,D,2.75,3.0,2.8,2.5,1.5
I1,2024-04-07,19:45:00,Juventus,Fiorentina,1,0,1.0,0.0,H,H,1.83,3.4,4.75,2.15,1.67
I1,2024-04-08,19:45:00,Udinese,Inter,1,2,1.0,0.0,A,H,6.5,4.5,1.5,1.75,2.05
I1,2024-04-12,19:45:00,Lazio,Salernitana,4,1,3.0,1.0,H,H,1.33,5.0,9.5,1.8,2.0
I1,2024-04-13,14:00:00,Lecce,Empoli,1,0,0.0,0.0,H,D,2.25,3.1,3.6,2.3,1.62
I1,2024-04-13,17:00:00,Torino,Juventus,0,0,0.0,0.0,D,D,3.75,3.0,2.2,2.63,1.5
I1,2024-04-13,19:45:00,Bologna,Monza,0,0,0.0,0.0,D,D,1.55,4.0,6.5,2.04,1.86
I1,2024-04-14,11:30:00,Napoli,Frosinone,2,2,1.0,0.0,D,H,1.33,5.5,8.0,1.53,2.5
I1,2024-04-14,14:00:00,Sassuolo,Milan,3,3,2.0,1.0,D,H,4.5,3.8,1.75,1.67,2.2
I1,2024-04-14,19:45:00,Inter,Cagliari,2,2,1.0,0.0,D,H,1.18,8.0,12.0,1.44,2.75
I1,2024-04-15,17:30:00,Fiorentina,Genoa,1,1,0.0,1.0,D,A,1.85,3.5,4.33,2.1,1.73
I1,2024-04-15,19:45:00,Atalanta,Verona,2,2,2.0,0.0,D,H,1.45,4.5,7.0,1.73,2.1
I1,2024-04-19,17:30:00,Genoa,Lazio,0,1,0.0,0.0,A,D,3.1,3.1,2.45,2.38,1.57
I1,2024-04-19,19:45:00,Cagliari,Juventus,2,2,2.0,0.0,D,H,5.0,3.5,1.75,2.2,1.67
I1,2024-04-20,17:00:00,Empoli,Napoli,1,0,1.0,0.0,H,H,4.75,4.0,1.7,1.73,2.1
I1,2024-04-20,19:45:00,Verona,Udinese,1,0,0.0,0.0,H,D,2.55,3.1,3.0,2.2,1.67
I1,2024-04-21,11:30:00,Sassuolo,Lecce,0,3,0.0,2.0,A,A,2.3,3.3,3.2,2.0,1.9
I1,2024-04-21,14:00:00,Torino,Frosinone,0,0,0.0,0.0,D,D,1.67,3.8,5.25,2.0,1.9
I1,2024-04-21,17:00:00,Salernitana,Fiorentina,0,2,0.0,0.0,A,D,5.0,4.0,1.67,1.8,2.0
I1,2024-04-21,19:45:00,Monza,Atalanta,1,2,0.0,1.0,A,A,4.0,3.8,1.85,1.89,2.01
I1,2024-04-22,17:30:00,Roma,Bologna,1,3,0.0,2.0,A,A,2.4,3.1,3.2,2.38,1.57
I1,2024-04-22,19:45:00,Milan,Inter,1,2,0.0,1.0,A,A,3.75,3.6,2.0,1.73,2.1
I1,2024-04-25,19:00:00,Udinese,Roma,1,2,1.0,0.0,A,H,3.3,3.4,2.15,2.1,1.73
I1,2024-04-26,19:45:00,Frosinone,Salernitana,3,0,2.0,0.0,H,H,1.4,4.75,7.5,1.57,2.38
I1,2024-04-27,14:00:00,Lecce,Monza,1,1,0.0,0.0,D,D,2.0,3.25,4.0,2.2,1.67
I1,2024-04-27,17:00:00,Juventus,Milan,0,0,0.0,0.0,D,D,2.1,3.3,3.6,2.04,1.86
I1,2024-04-27,19:45:00,Lazio,Verona,1,0,0.0,0.0,H,D,1.62,3.8,6.0,2.1,1.73
I1,2024-04-28,11:30:00,Inter,Torino,2,0,0.0,0.0,H,D,1.53,3.8,7.0,2.0,1.8
I1,2024-04-28,14:00:00,Bologna,Udinese,1,1,0.0,1.0,D,A,1.6,3.8,6.0,2.1,1.73
I1,2024-04-28,17:00:00,Atalanta,Empoli,2,0,1.0,0.0,H,H,1.44,4.5,7.5,1.73,2.1
I1,2024-04-28,17:00:00,Napoli,Roma,2,2,0.0,0.0,D,D,1.95,3.6,4.0,1.92,1.98
I1,2024-04-28,19:45:00,Fiorentina,Sassuolo,5,1,1.0,0.0,H,H,1.7,3.8,5.0,1.73,2.1
I1,2024-04-29,19:45:00,Genoa,Cagliari,3,0,2.0,0.0,H,H,2.25,3.1,3.5,2.3,1.62
I1,2024-05-03,19:45:00,Torino,Bologna,0,0,0.0,0.0,D,D,2.88,2.8,2.88,2.75,1.44
I1,2024-05-04,17:00:00,Monza,Lazio,2,2,0.0,1.0,D,A,4.33,3.75,1.83,2.04,1.86
I1,2024-05-04,19:45:00,Sassuolo,Inter,1,0,1.0,0.0,H,H,6.0,4.5,1.5,1.53,2.5
I1,2024-05-05,11:30:00,Cagliari,Lecce,1,1,1.0,0.0,D,H,2.15,3.2,3.75,2.2,1.67
I1,2024-05-05,14:00:00,Empoli,Frosinone,0,0,0.0,0.0,D,D,2.38,3.3,3.1,1.95,1.95
I1,2024-05-05,14:00:00,Verona,Fiorentina,2,1,1.0,1.0,H,D,3.1,3.3,2.3,2.1,1.73
I1,2024-05-05,17:00:00,Milan,Genoa,3,3,1.0,1.0,D,D,1.45,4.5,6.5,1.73,2.1
I1,2024-05-05,19:45:00,Roma,Juventus,1,1,1.0,1.0,D,D,2.88,3.1,2.7,2.38,1.57
I1,2024-05-06,17:00:00,Salernitana,Atalanta,1,2,1.0,0.0,A,H,7.5,5.5,1.36,1.53,2.5
I1,2024-05-06,19:45:00,Udinese,Napoli,1,1,0.0,0.0,D,D,3.75,3.6,1.95,1.88,2.02
I1,2024-05-10,19:45:00,Frosinone,Inter,0,5,0.0,1.0,A,A,4.5,4.0,1.73,1.73,2.1
I1,2024-05-11,17:00:00,Napoli,Bologna,0,2,0.0,2.0,A,A,2.1,3.4,3.5,1.99,1.91
I1,2024-05-11,19:45:00,Milan,Cagliari,5,1,1.0,0.0,H,H,1.4,5.25,6.5,1.57,2.38
I1,2024-05-12,11:30:00,Lazio,Empoli,2,0,1.0,0.0,H,H,1.57,4.0,5.75,2.01,1.89
I1,2024-05-12,14:00:00,Genoa,Sassuolo,2,1,0.0,1.0,H,A,2.2,3.5,3.2,1.93,1.97
I1,2024-05-12,14:00:00,Verona,Torino,1,2,0.0,0.0,A,D,3.0,3.0,2.55,2.5,1.53
I1,2024-05-12,17:00:00,Juventus,Salernitana,1,1,0.0,1.0,D,A,1.14,8.5,17.0,1.5,2.63
I1,2024-05-12,19:45:00,Atalanta,Roma,2,1,2.0,0.0,H,H,2.0,3.6,3.6,1.88,2.02
I1,2024-05-13,17:30:00,Lecce,Udinese,0,2,0.0,1.0,A,A,2.63,3.1,2.8,2.3,1.62
I1,2024-05-13,19:45:00,Fiorentina,Monza,2,1,1.0,1.0,H,D,1.55,4.2,5.75,1.73,2.1
I1,2024-05-17,19:45:00,Fiorentina,Napoli,2,2,2.0,1.0,D,H,2.25,3.4,3.1,1.73,2.1
I1,2024-05-18,17:00:00,Lecce,Atalanta,0,2,0.0,0.0,A,D,4.5,3.8,1.75,1.91,1.99
I1,2024-05-18,19:45:00,Torino,Milan,3,1,2.0,0.0,H,H,2.8,3.2,2.6,2.1,1.73
I1,2024-05-19,11:30:00,Sassuolo,Cagliari,0,2,0.0,0.0,A,D,2.35,3.3,3.1,1.84,2.06
I1,2024-05-19,14:00:00,Monza,Frosinone,0,1,0.0,1.0,A,A,3.0,3.4,2.3,1.73,2.1
I1,2024-05-19,14:00:00,Udinese,Empoli,1,1,0.0,0.0,D,D,2.0,3.4,3.8,2.2,1.67
I1,2024-05-19,17:00:00,Inter,Lazio,1,1,0.0,1.0,D,A,1.62,4.0,5.0,1.73,2.1
I1,2024-05-19,19:45:00,Roma,Genoa,1,0,0.0,0.0,H,D,1.48,4.2,7.0,1.8,2.0
I1,2024-05-20,17:30:00,Salernitana,Verona,1,2,0.0,2.0,A,A,5.0,3.8,1.7,1.91,1.99
I1,2024-05-20,19:45:00,Bologna,Juventus,3,3,2.0,0.0,D,H,2.45,3.1,3.1,2.3,1.62
I1,2024-05-23,19:45:00,Cagliari,Fiorentina,2,3,0.0,1.0,A,A,4.2,3.75,1.8,1.73,2.1
I1,2024-05-24,19:45:00,Genoa,Bologna,2,0,1.0,0.0,H,H,3.4,3.4,2.15,2.2,1.67
I1,2024-05-25,17:00:00,Juventus,Monza,2,0,2.0,0.0,H,H,1.33,5.5,8.5,1.62,2.3
I1,2024-05-25,19:45:00,Milan,Salernitana,3,3,2.0,0.0,D,H,1.18,8.0,12.0,1.25,4.0
I1,2024-05-26,17:00:00,Atalanta,Torino,3,0,2.0,0.0,H,H,3.3,3.5,2.1,1.95,1.95
I1,2024-05-26,17:00:00,Napoli,Lecce,0,0,0.0,0.0,D,D,1.42,5.0,6.25,1.57,2.38
I1,2024-05-26,19:45:00,Empoli,Roma,2,1,1.0,1.0,H,D,1.95,3.6,3.6,1.88,2.02
I1,2024-05-26,19:45:00,Frosinone,Udinese,0,1,0.0,0.0,A,D,2.38,3.25,3.0,1.99,1.91
I1,2024-05-26,19:45:00,Lazio,Sassuolo,1,1,0.0,0.0,D,D,1.36,5.25,7.5,1.5,2.63
I1,2024-05-26,19:45:00,Verona,Inter,2,2,2.0,2.0,D,D,5.5,4.0,1.53,1.62,2.3
I1,2024-06-02,17:00:00,Atalanta,Fiorentina,2,3,2.0,3.0,A,A,1.48,4.75,6.0,1.53,2.5
I2,2023-08-18,19:30:00,Bari,Palermo,0,0,0.0,0.0,D,D,2.75,3.1,2.7,2.15,1.67
I2,2023-08-19,19:30:00,Cosenza,Ascoli,3,0,1.0,0.0,H,H,2.7,3.1,2.8,2.35,1.57
I2,2023-08-19,19:30:00,Cremonese,Catanzaro,0,0,0.0,0.0,D,D,1.95,3.4,4.0,1.98,1.88
I2,2023-08-19,19:30:00,Ternana,Sampdoria,1,2,0.0,1.0,A,A,3.4,3.3,2.2,2.03,1.83
I2,2023-08-20,17:00:00,Sudtirol,Spezia,3,3,1.0,2.0,D,A,3.4,3.2,2.25,2.4,1.53
I2,2023-08-20,19:30:00,Cittadella,Reggiana,1,0,1.0,0.0,H,H,2.1,3.4,3.5,2.25,1.62
I2,2023-08-20,19:30:00,Parma,FeralpiSalo,2,0,1.0,0.0,H,H,1.55,3.6,7.5,2.1,1.7
I2,2023-08-20,19:30:00,Venezia,Como,3,0,2.0,0.0,H,H,2.1,3.4,3.5,2.05,1.75
I2,2023-08-25,19:30:00,Sampdoria,Pisa,0,2,0.0,1.0,A,A,1.91,3.4,4.33,2.3,1.6
I2,2023-08-26,17:00:00,Venezia,Cosenza,1,1,0.0,1.0,D,A,1.75,3.5,4.75,2.1,1.7
I2,2023-08-26,19:30:00,Como,Reggiana,2,2,1.0,0.0,D,H,2.15,3.1,3.75,2.1,1.7
I2,2023-08-26,19:30:00,Cremonese,Bari,0,1,0.0,1.0,A,A,2.05,3.3,3.75,2.15,1.67
I2,2023-08-26,19:30:00,FeralpiSalo,Sudtirol,0,2,0.0,1.0,A,A,2.63,3.2,2.8,2.25,1.62
I2,2023-08-26,19:30:00,Modena,Ascoli,1,0,0.0,0.0,H,D,1.91,3.3,4.33,2.2,1.65
I2,2023-08-26,19:30:00,Parma,Cittadella,2,0,1.0,0.0,H,H,1.85,3.4,4.5,2.2,1.65
I2,2023-08-27,19:30:00,Catanzaro,Ternana,2,1,1.0,1.0,H,D,2.25,3.3,3.1,2.1,1.7
I2,2023-08-29,19:30:00,Ascoli,FeralpiSalo,3,0,2.0,0.0,H,H,1.91,3.3,4.33,2.2,1.65
I2,2023-08-29,19:30:00,Cosenza,Modena,1,2,1.0,1.0,A,D,2.5,3.1,3.0,2.15,1.67
I2,2023-08-29,19:30:00,Pisa,Parma,1,2,0.0,1.0,A,A,2.5,3.1,3.0,2.3,1.6
I2,2023-08-29,19:30:00,Reggiana,Palermo,1,3,0.0,1.0,A,A,3.2,3.2,2.3,2.25,1.62
I2,2023-08-30,19:30:00,Bari,Cittadella,1,1,1.0,0.0,D,H,2.25,3.2,3.4,2.4,1.53
I2,2023-08-30,19:30:00,Catanzaro,Spezia,3,0,0.0,0.0,H,D,3.1,3.25,2.38,2.15,1.67
I2,2023-08-30,19:30:00,Sampdoria,Venezia,1,2,0.0,0.0,A,D,2.2,3.3,3.4,2.03,1.83
I2,2023-08-30,19:30:00,Ternana,Cremonese,0,1,0.0,0.0,A,D,3.25,3.2,2.3,2.15,1.67
I2,2023-09-02,17:30:00,Modena,Pisa,2,0,1.0,0.0,H,H,2.4,3.1,3.2,2.25,1.62
I2,2023-09-02,17:30:00,Palermo,FeralpiSalo,3,0,1.0,0.0,H,H,1.62,3.75,6.0,2.08,1.73
I2,2023-09-02,17:30:00,Parma,Reggiana,0,0,0.0,0.0,D,D,1.65,3.6,6.0,2.08,1.73
I2,2023-09-02,17:30:00,Sudtirol,Ascoli,3,1,0.0,1.0,H,A,2.2,2.88,3.6,2.6,1.48
I2,2023-09-03,15:15:00,Brescia,Cosenza,1,0,0.0,0.0,H,D,,,,,
I2,2023-09-03,17:30:00,Cremonese,Sampdoria,1,1,1.0,0.0,D,H,2.0,3.3,4.0,2.05,1.75
I2,2023-09-03,17:30:00,Lecco,Catanzaro,3,4,0.0,1.0,A,A,,,,,
I2,2023-09-03,17:30:00,Spezia,Como,0,1,0.0,1.0,A,A,1.73,3.6,5.25,2.0,1.85
I2,2023-09-03,17:30:00,Ternana,Bari,0,0,0.0,0.0,D,D,2.75,3.1,2.75,2.2,1.65
I2,2023-09-03,19:45:00,Cittadella,Venezia,0,0,0.0,0.0,D,D,2.55,3.2,2.9,2.25,1.62
I2,2023-09-15,19:30:00,Venezia,Spezia,1,0,0.0,0.0,H,D,2.2,3.5,3.2,1.93,1.93
I2,2023-09-16,13:00:00,Ascoli,Palermo,0,1,0.0,0.0,A,D,3.4,3.25,2.25,2.15,1.67
I2,2023-09-16,13:00:00,Cosenza,Sudtirol,2,2,1.0,0.0,D,H,2.38,3.1,3.25,2.7,1.44
I2,2023-09-16,13:00:00,FeralpiSalo,Modena,1,1,1.0,1.0,D,D,3.4,3.25,2.25,2.15,1.67
I2,2023-09-16,13:00:00,Lecco,Brescia,0,2,0.0,1.0,A,A,2.8,3.2,2.63,2.15,1.67
I2,2023-09-16,13:00:00,Pisa,Bari,1,1,1.0,0.0,D,H,2.1,3.2,3.8,2.2,1.65
I2,2023-09-16,15:15:00,Reggiana,Cremonese,2,2,2.0,0.0,D,H,3.1,3.25,2.38,2.2,1.65
I2,2023-09-17,15:15:00,Catanzaro,Parma,0,5,0.0,3.0,A,A,2.25,3.25,3.3,2.1,1.7
I2,2023-09-17,15:15:00,Como,Ternana,2,1,0.0,0.0,H,D,2.05,3.3,3.8,2.03,1.83
I2,2023-09-18,19:30:00,Sampdoria,Cittadella,1,2,1.0,0.0,A,H,2.38,3.2,3.25,2.15,1.67
I2,2023-09-22,19:30:00,Palermo,Cosenza,0,1,0.0,0.0,A,D,1.75,3.5,4.75,2.05,1.75
I2,2023-09-23,13:00:00,Brescia,Venezia,0,0,0.0,0.0,D,D,3.1,3.2,2.4,2.35,1.57
I2,2023-09-23,13:00:00,Cremonese,Ascoli,2,2,1.0,1.0,D,D,1.7,3.75,5.0,2.08,1.73
I2,2023-09-23,13:00:00,FeralpiSalo,Pisa,0,1,0.0,0.0,A,D,3.1,3.1,2.45,2.25,1.62
I2,2023-09-23,13:00:00,Modena,Lecco,0,0,0.0,0.0,D,D,1.57,3.75,6.5,2.05,1.75
I2,2023-09-23,13:00:00,Ternana,Sudtirol,1,1,1.0,0.0,D,H,2.15,3.3,3.5,2.3,1.6
I2,2023-09-23,15:15:00,Spezia,Reggiana,1,2,0.0,0.0,A,D,1.91,3.5,4.0,2.03,1.83
I2,2023-09-24,15:15:00,Bari,Catanzaro,2,2,1.0,2.0,D,A,2.4,3.1,3.2,2.35,1.57
I2,2023-09-24,15:15:00,Cittadella,Como,0,3,0.0,2.0,A,A,2.1,3.3,3.75,2.1,1.7
I2,2023-09-24,15:15:00,Parma,Sampdoria,1,1,0.0,1.0,D,A,2.2,3.3,3.3,2.05,1.75
I2,2023-09-26,17:15:00,Cosenza,Cremonese,1,2,0.0,0.0,A,D,3.25,3.2,2.3,2.05,1.75
I2,2023-09-26,17:15:00,Lecco,FeralpiSalo,1,2,0.0,0.0,A,D,2.45,3.1,3.1,2.35,1.57
I2,2023-09-26,19:30:00,Ascoli,Ternana,2,0,1.0,0.0,H,H,2.3,3.1,3.4,2.3,1.6
I2,2023-09-26,19:30:00,Reggiana,Pisa,0,0,0.0,0.0,D,D,2.5,3.1,2.9,2.2,1.65
I2,2023-09-26,19:30:00,Spezia,Brescia,0,0,0.0,0.0,D,D,1.83,3.4,4.75,2.05,1.8
I2,2023-09-26,19:30:00,Sudtirol,Modena,0,0,0.0,0.0,D,D,3.0,2.9,2.7,2.6,1.48
I2,2023-09-26,19:30:00,Venezia,Palermo,1,3,1.0,1.0,A,D,2.38,3.25,3.1,2.03,1.83
I2,2023-09-27,19:30:00,Catanzaro,Cittadella,1,1,1.0,1.0,D,D,2.25,3.2,3.3,2.1,1.7
I2,2023-09-27,19:30:00,Como,Sampdoria,1,0,0.0,0.0,H,D,2.4,3.3,3.0,2.03,1.83
I2,2023-09-27,19:30:00,Parma,Bari,2,1,1.0,0.0,H,H,1.91,3.25,4.5,2.1,1.7
I2,2023-09-30,13:00:00,Brescia,Ascoli,1,1,0.0,1.0,D,A,2.2,3.2,3.5,2.3,1.6
I2,2023-09-30,13:00:00,FeralpiSalo,Spezia,1,2,0.0,2.0,A,A,3.4,3.1,2.3,2.25,1.62
I2,2023-09-30,13:00:00,Modena,Venezia,1,3,0.0,0.0,A,D,2.45,3.25,2.9,2.03,1.83
I2,2023-09-30,13:00:00,Pisa,Cosenza,1,2,0.0,1.0,A,A,1.85,3.3,4.75,2.1,1.7
I2,2023-09-30,15:15:00,Ternana,Reggiana,3,0,2.0,0.0,H,H,2.15,3.3,3.6,2.15,1.67
I2,2023-10-01,15:15:00,Bari,Como,1,1,0.0,0.0,D,D,2.38,3.0,3.4,2.25,1.62
I2,2023-10-01,15:15:00,Cittadella,Lecco,2,1,0.0,1.0,H,A,1.65,3.75,5.75,2.05,1.75
I2,2023-10-01,15:15:00,Palermo,Sudtirol,2,1,0.0,1.0,H,A,1.65,3.6,6.0,2.15,1.67
I2,2023-10-01,15:15:00,Sampdoria,Catanzaro,1,2,1.0,2.0,A,A,2.1,3.3,3.6,2.03,1.83
I2,2023-10-01,17:30:00,Cremonese,Parma,1,2,0.0,0.0,A,D,2.15,3.4,3.4,2.0,1.85
I2,2023-10-06,19:30:00,Brescia,FeralpiSalo,1,1,0.0,1.0,D,A,1.91,3.25,4.75,2.35,1.57
I2,2023-10-07,13:00:00,Cosenza,Lecco,3,0,2.0,0.0,H,H,1.73,3.6,5.0,2.08,1.73
I2,2023-10-07,13:00:00,Modena,Palermo,0,2,0.0,0.0,A,D,2.55,3.1,3.0,2.1,1.7
I2,2023-10-07,13:00:00,Reggiana,Bari,1,1,1.0,1.0,D,D,2.6,3.2,2.7,2.2,1.65
I2,2023-10-07,13:00:00,Sudtirol,Catanzaro,0,1,0.0,1.0,A,A,2.5,3.1,3.0,2.3,1.6
I2,2023-10-07,15:15:00,Ascoli,Sampdoria,1,1,1.0,0.0,D,H,2.6,3.2,2.8,2.1,1.7
I2,2023-10-07,15:15:00,Cittadella,Ternana,2,2,2.0,1.0,D,H,2.2,3.2,3.5,2.2,1.65
I2,2023-10-07,15:15:00,Venezia,Parma,3,2,0.0,0.0,H,D,2.5,3.2,2.9,2.03,1.83
I2,2023-10-08,15:15:00,Como,Cremonese,1,3,0.0,2.0,A,A,2.7,3.2,2.75,2.05,1.75
I2,2023-10-08,15:15:00,Spezia,Pisa,0,0,0.0,0.0,D,D,1.85,3.3,4.75,2.1,1.7
I2,2023-10-20,19:30:00,Parma,Como,2,1,1.0,0.0,H,H,1.91,3.4,4.2,2.05,1.8
I2,2023-10-21,13:00:00,Bari,Modena,1,1,0.0,0.0,D,D,2.2,3.1,3.5,2.35,1.57
I2,2023-10-21,13:00:00,Cremonese,Sudtirol,0,1,0.0,0.0,A,D,1.67,3.6,5.5,2.08,1.73
I2,2023-10-21,13:00:00,Lecco,Ascoli,0,2,0.0,1.0,A,A,2.63,3.2,2.75,2.15,1.67
I2,2023-10-21,13:00:00,Pisa,Cittadella,2,1,1.0,0.0,H,H,2.3,3.1,3.4,2.25,1.62
I2,2023-10-21,13:00:00,Ternana,Brescia,0,1,0.0,0.0,A,D,2.45,3.1,3.1,2.15,1.67
I2,2023-10-21,15:15:00,Catanzaro,FeralpiSalo,3,0,0.0,0.0,H,D,1.62,3.75,5.75,2.0,1.85
I2,2023-10-22,15:15:00,Sampdoria,Cosenza,2,0,0.0,0.0,H,D,1.91,3.6,3.6,2.03,1.83
I2,2023-10-22,17:30:00,Reggiana,Venezia,1,0,0.0,0.0,H,D,2.75,3.3,2.55,2.05,1.75
I2,2023-10-23,19:30:00,Palermo,Spezia,2,2,0.0,1.0,D,A,2.05,3.3,3.8,2.0,1.85
I2,2023-10-24,17:30:00,Brescia,Modena,0,1,0.0,0.0,A,D,2.7,3.1,2.8,2.35,1.57
I2,2023-10-24,17:30:00,Pisa,Lecco,1,2,0.0,1.0,A,A,1.7,3.5,5.75,2.05,1.75
I2,2023-10-27,19:30:00,Cittadella,Cremonese,1,2,0.0,0.0,A,D,3.2,3.3,2.25,2.08,1.73
I2,2023-10-28,13:00:00,Como,Catanzaro,1,0,1.0,0.0,H,H,2.2,3.2,3.5,2.05,1.75
I2,2023-10-28,13:00:00,FeralpiSalo,Reggiana,0,3,0.0,2.0,A,A,2.5,3.1,3.1,2.3,1.6
I2,2023-10-28,13:00:00,Spezia,Cosenza,0,0,0.0,0.0,D,D,1.95,3.3,4.33,2.05,1.75
I2,2023-10-28,13:00:00,Sudtirol,Sampdoria,3,1,0.0,0.0,H,D,2.7,3.2,2.7,2.05,1.75
I2,2023-10-28,15:15:00,Ascoli,Parma,1,3,1.0,2.0,A,A,3.5,3.2,2.2,2.1,1.7
I2,2023-10-29,15:15:00,Brescia,Bari,1,2,1.0,0.0,A,H,2.88,3.1,2.6,2.5,1.5
I2,2023-10-29,15:15:00,Modena,Ternana,2,1,1.0,0.0,H,H,2.05,3.4,3.75,2.08,1.73
I2,2023-10-29,15:15:00,Palermo,Lecco,1,2,0.0,2.0,A,A,1.45,4.33,7.0,1.73,2.08
I2,2023-10-29,15:15:00,Venezia,Pisa,2,1,1.0,1.0,H,D,2.1,3.3,3.5,2.1,1.7
I2,2023-11-04,13:00:00,Bari,Ascoli,1,0,0.0,0.0,H,D,2.0,3.2,4.2,2.4,1.53
I2,2023-11-04,13:00:00,Catanzaro,Modena,1,2,1.0,1.0,A,D,2.25,3.3,3.25,2.05,1.75
I2,2023-11-04,13:00:00,Cittadella,Brescia,3,2,2.0,1.0,H,H,2.6,3.0,3.0,2.4,1.53
I2,2023-11-04,13:00:00,Cosenza,FeralpiSalo,1,1,1.0,0.0,D,H,1.8,3.5,4.75,2.15,1.67
I2,2023-11-04,13:00:00,Pisa,Como,1,1,0.0,1.0,D,A,2.15,3.3,3.5,2.15,1.67
I2,2023-11-04,13:00:00,Ternana,Venezia,0,1,0.0,0.0,A,D,2.75,3.2,2.63,2.05,1.75
I2,2023-11-04,15:15:00,Sampdoria,Palermo,1,0,1.0,0.0,H,H,2.88,3.3,2.5,2.05,1.8
I2,2023-11-05,15:15:00,Cremonese,Spezia,3,0,2.0,0.0,H,H,2.0,3.4,3.8,2.03,1.83
I2,2023-11-05,15:15:00,Parma,Sudtirol,2,0,1.0,0.0,H,H,1.62,4.0,5.5,2.15,1.67
I2,2023-11-05,15:15:00,Reggiana,Lecco,1,1,1.0,0.0,D,H,1.73,3.6,5.0,2.03,1.83
I2,2023-11-08,17:30:00,Lecco,Spezia,0,0,0.0,0.0,D,D,3.3,3.4,1.95,1.98,1.88
I2,2023-11-08,17:30:00,Palermo,Brescia,1,0,1.0,0.0,H,H,1.62,3.8,5.5,1.95,1.9
I2,2023-11-10,19:30:00,Venezia,Catanzaro,2,1,2.0,1.0,H,H,2.0,3.4,3.8,1.98,1.88
I2,2023-11-11,13:00:00,Ascoli,Como,0,1,0.0,1.0,A,A,2.88,3.1,2.6,2.3,1.6
I2,2023-11-11,13:00:00,Cosenza,Reggiana,2,0,1.0,0.0,H,H,2.1,3.4,3.6,2.1,1.7
I2,2023-11-11,13:00:00,FeralpiSalo,Bari,3,3,0.0,1.0,D,A,3.4,3.1,2.3,2.5,1.5
I2,2023-11-11,13:00:00,Sudtirol,Pisa,1,2,0.0,1.0,A,A,2.6,3.0,3.0,2.5,1.5
I2,2023-11-11,15:15:00,Modena,Sampdoria,0,2,0.0,1.0,A,A,2.15,3.1,3.8,2.2,1.65
I2,2023-11-12,15:15:00,Brescia,Cremonese,0,3,0.0,2.0,A,A,3.8,3.3,2.05,2.05,1.75
I2,2023-11-12,15:15:00,Lecco,Parma,3,2,2.0,1.0,H,H,4.5,3.75,1.8,1.9,1.95
I2,2023-11-12,15:15:00,Palermo,Cittadella,0,1,0.0,0.0,A,D,1.67,3.75,5.5,2.03,1.83
I2,2023-11-12,15:15:00,Spezia,Ternana,2,2,1.0,1.0,D,D,1.83,3.5,4.5,1.95,1.9
I2,2023-11-24,19:30:00,Sampdoria,Spezia,2,1,1.0,1.0,H,D,2.2,3.1,3.4,2.05,1.75
I2,2023-11-25,13:00:00,Bari,Venezia,0,3,0.0,1.0,A,A,2.55,3.2,2.8,2.15,1.67
I2,2023-11-25,13:00:00,Cittadella,Sudtirol,2,1,1.0,0.0,H,H,2.0,3.1,4.2,2.6,1.48
I2,2023-11-25,13:00:00,Como,FeralpiSalo,2,1,1.0,0.0,H,H,1.62,3.8,5.5,2.0,1.85
I2,2023-11-25,13:00:00,Cremonese,Lecco,1,0,1.0,0.0,H,H,1.44,4.2,7.5,1.67,2.15
I2,2023-11-25,13:00:00,Parma,Modena,1,1,0.0,0.0,D,D,2.0,3.1,4.2,2.25,1.62
I2,2023-11-25,13:00:00,Reggiana,Ascoli,1,1,0.0,1.0,D,A,2.38,3.1,3.25,2.25,1.62
I2,2023-11-25,15:15:00,Pisa,Brescia,1,1,1.0,1.0,D,D,2.05,3.2,3.8,2.35,1.57
I2,2023-11-26,15:15:00,Catanzaro,Cosenza,2,0,1.0,0.0,H,H,1.91,3.4,4.2,2.0,1.85
I2,2023-11-26,15:15:00,Ternana,Palermo,1,1,0.0,1.0,D,A,3.2,3.2,2.3,2.08,1.73
I2,2023-11-28,17:30:00,Como,Lecco,0,0,0.0,0.0,D,D,1.65,3.8,5.25,1.85,2.0
I2,2023-11-28,17:30:00,Sudtirol,Brescia,1,1,1.0,0.0,D,H,2.45,2.9,3.25,2.7,1.44
I2,2023-12-01,19:30:00,Palermo,Catanzaro,1,2,0.0,1.0,A,A,1.95,3.5,4.0,1.93,1.93
I2,2023-12-02,13:00:00,Cosenza,Ternana,1,3,0.0,0.0,A,D,2.1,3.3,3.5,2.08,1.73
I2,2023-12-02,13:00:00,FeralpiSalo,Cittadella,0,1,0.0,1.0,A,A,3.2,3.1,2.4,2.4,1.53
I2,2023-12-02,13:00:00,Modena,Reggiana,2,1,1.0,0.0,H,H,1.91,3.5,4.2,1.98,1.88
I2,2023-12-02,13:00:00,Pisa,Cremonese,0,0,0.0,0.0,D,D,3.3,3.4,2.2,2.0,1.85
I2,2023-12-02,13:00:00,Venezia,Ascoli,3,1,2.0,0.0,H,H,1.8,3.4,4.75,2.2,1.65
I2,2023-12-02,15:15:00,Spezia,Parma,0,1,0.0,0.0,A,D,2.5,3.25,2.88,2.03,1.83
I2,2023-12-03,15:15:00,Brescia,Sampdoria,3,1,3.0,0.0,H,H,2.75,3.2,2.7,2.25,1.62
I2,2023-12-03,15:15:00,Lecco,Bari,1,0,0.0,0.0,H,D,3.1,3.2,2.4,2.1,1.7
I2,2023-12-03,15:15:00,Sudtirol,Como,0,1,0.0,0.0,A,D,3.1,3.1,2.45,2.4,1.53
I2,2023-12-09,13:00:00,Ascoli,Spezia,1,2,0.0,1.0,A,A,2.9,3.2,2.5,2.3,1.6
I2,2023-12-09,13:00:00,Bari,Sudtirol,2,1,1.0,1.0,H,D,1.85,3.2,4.75,2.7,1.44
I2,2023-12-09,13:00:00,Cittadella,Cosenza,2,0,2.0,0.0,H,H,2.15,3.2,3.75,2.35,1.57
I2,2023-12-09,13:00:00,Cremonese,Venezia,1,0,0.0,0.0,H,D,1.91,3.6,4.0,1.93,1.93
I2,2023-12-09,13:00:00,Sampdoria,Lecco,2,0,1.0,0.0,H,H,1.7,3.75,5.0,1.98,1.88
I2,2023-12-09,13:00:00,Ternana,FeralpiSalo,2,1,1.0,0.0,H,H,1.91,3.5,4.2,2.08,1.73
I2,2023-12-09,15:15:00,Catanzaro,Pisa,2,0,0.0,0.0,H,D,2.3,3.3,3.2,2.25,1.62
I2,2023-12-10,15:15:00,Como,Modena,2,1,1.0,0.0,H,H,2.1,3.3,3.5,2.25,1.62
I2,2023-12-10,15:15:00,Parma,Palermo,3,3,0.0,2.0,D,A,2.1,3.5,3.5,2.05,1.8
I2,2023-12-10,15:15:00,Reggiana,Brescia,1,1,0.0,0.0,D,D,2.25,3.2,3.4,2.4,1.53
I2,2023-12-15,19:30:00,Spezia,Bari,1,0,0.0,0.0,H,D,2.05,3.0,4.0,2.3,1.6
I2,2023-12-16,13:00:00,Brescia,Como,2,0,0.0,0.0,H,D,2.5,2.9,3.1,2.5,1.5
I2,2023-12-16,13:00:00,FeralpiSalo,Cremonese,1,0,1.0,0.0,H,H,5.5,3.8,1.65,1.98,1.88
I2,2023-12-16,13:00:00,Modena,Cittadella,1,1,1.0,1.0,D,D,2.0,3.2,4.0,2.4,1.53
I2,2023-12-16,13:00:00,Reggiana,Sampdoria,1,2,0.0,1.0,A,A,2.8,3.2,2.6,2.3,1.6
I2,2023-12-16,13:00:00,Venezia,Sudtirol,2,3,2.0,1.0,A,H,1.67,3.75,5.5,2.3,1.6
I2,2023-12-16,15:15:00,Ascoli,Catanzaro,1,0,1.0,0.0,H,H,2.8,3.1,2.7,2.35,1.57
I2,2023-12-16,15:15:00,Cosenza,Parma,0,0,0.0,0.0,D,D,4.0,3.5,1.91,2.03,1.83
I2,2023-12-16,15:15:00,Palermo,Pisa,3,2,2.0,0.0,H,H,1.91,3.4,4.2,2.15,1.67
I2,2023-12-17,15:15:00,Lecco,Ternana,2,3,2.0,0.0,A,H,2.55,3.2,2.9,2.05,1.75
I2,2023-12-23,13:00:00,Cittadella,Spezia,4,1,1.0,0.0,H,H,2.3,3.1,3.4,2.4,1.53
I2,2023-12-23,13:00:00,Como,Palermo,3,3,0.0,1.0,D,A,2.3,3.2,3.25,2.08,1.73
I2,2023-12-23,13:00:00,Cremonese,Modena,4,0,4.0,0.0,H,H,1.83,3.6,4.5,2.03,1.83
I2,2023-12-23,13:00:00,Parma,Ternana,3,1,1.0,1.0,H,D,1.62,4.0,5.5,1.88,1.98
I2,2023-12-23,13:00:00,Venezia,Lecco,2,2,0.0,1.0,D,A,1.65,3.8,5.5,1.9,1.95
I2,2023-12-23,14:00:00,Catanzaro,Brescia,2,3,2.0,0.0,A,H,2.2,3.0,3.75,2.25,1.62
I2,2023-12-23,15:15:00,Bari,Cosenza,0,0,0.0,0.0,D,D,2.1,3.3,3.6,2.35,1.57
I2,2023-12-23,15:15:00,Pisa,Ascoli,1,0,1.0,0.0,H,H,2.0,3.2,4.2,2.35,1.57
I2,2023-12-23,15:15:00,Sampdoria,FeralpiSalo,2,3,1.0,2.0,A,A,1.6,3.8,6.0,2.05,1.75
I2,2023-12-23,15:15:00,Sudtirol,Reggiana,2,3,1.0,1.0,A,D,2.45,3.0,3.2,2.7,1.44
I2,2023-12-26,11:30:00,Reggiana,Catanzaro,1,0,1.0,0.0,H,H,2.8,3.1,2.7,2.25,1.62
I2,2023-12-26,14:00:00,Ascoli,Cittadella,0,0,0.0,0.0,D,D,2.8,3.0,2.8,2.6,1.48
I2,2023-12-26,14:00:00,Brescia,Parma,0,2,0.0,2.0,A,A,3.4,3.1,2.3,2.25,1.62
I2,2023-12-26,14:00:00,Cosenza,Como,1,2,1.0,1.0,A,D,2.75,3.1,2.75,2.25,1.62
I2,2023-12-26,14:00:00,FeralpiSalo,Venezia,2,2,1.0,1.0,D,D,4.33,3.3,1.95,2.1,1.7
I2,2023-12-26,14:00:00,Lecco,Sudtirol,2,1,0.0,0.0,H,D,2.5,3.2,3.0,2.35,1.57
I2,2023-12-26,14:00:00,Spezia,Modena,1,1,0.0,0.0,D,D,2.3,3.2,3.3,2.2,1.65
I2,2023-12-26,14:00:00,Ternana,Pisa,1,1,0.0,1.0,D,A,2.38,3.25,3.1,2.15,1.67
I2,2023-12-26,17:00:00,Palermo,Cremonese,3,2,1.0,2.0,H,A,2.55,3.3,2.8,1.95,1.9
I2,2023-12-26,19:30:00,Sampdoria,Bari,1,1,0.0,0.0,D,D,2.15,3.3,3.5,2.35,1.57
I2,2024-01-12,19:30:00,Catanzaro,Lecco,5,3,1.0,2.0,H,A,1.8,3.4,4.75,2.05,1.75
I2,2024-01-13,13:00:00,Bari,Ternana,3,1,2.0,0.0,H,H,2.25,3.25,3.25,2.2,1.65
I2,2024-01-13,13:00:00,Cittadella,Palermo,2,0,1.0,0.0,H,H,2.3,3.1,3.4,2.3,1.6
I2,2024-01-13,13:00:00,Como,Spezia,4,0,2.0,0.0,H,H,2.0,3.25,4.0,2.1,1.7
I2,2024-01-13,13:00:00,Modena,Brescia,1,2,0.0,2.0,A,A,2.05,3.25,3.8,2.35,1.57
I2,2024-01-13,13:00:00,Sudtirol,FeralpiSalo,1,0,0.0,0.0,H,D,2.2,3.1,3.5,2.6,1.48
I2,2024-01-13,15:15:00,Pisa,Reggiana,2,2,1.0,2.0,D,A,1.95,3.25,4.2,2.5,1.5
I2,2024-01-14,15:15:00,Cremonese,Cosenza,1,0,0.0,0.0,H,D,1.62,3.8,5.75,2.03,1.83
I2,2024-01-14,15:15:00,Parma,Ascoli,1,1,0.0,0.0,D,D,1.65,3.5,6.0,2.15,1.67
I2,2024-01-14,15:15:00,Venezia,Sampdoria,5,3,2.0,1.0,H,H,2.15,3.3,3.5,2.15,1.67
I2,2024-01-19,19:30:00,Sampdoria,Parma,0,3,0.0,2.0,A,A,3.25,3.3,2.25,2.05,1.75
I2,2024-01-20,13:00:00,Brescia,Sudtirol,1,1,0.0,0.0,D,D,1.91,3.1,4.75,2.88,1.4
I2,2024-01-20,13:00:00,FeralpiSalo,Catanzaro,3,0,1.0,0.0,H,H,2.9,3.25,2.5,2.15,1.67
I2,2024-01-20,13:00:00,Reggiana,Como,2,2,1.0,2.0,D,A,3.4,3.2,2.25,2.5,1.5
I2,2024-01-20,13:00:00,Spezia,Cremonese,0,1,0.0,0.0,A,D,3.4,3.5,2.1,1.93,1.93
I2,2024-01-20,13:00:00,Ternana,Cittadella,3,1,1.0,1.0,H,D,2.8,3.25,2.63,2.25,1.62
I2,2024-01-20,15:15:00,Cosenza,Venezia,4,2,3.0,1.0,H,H,3.3,3.1,2.38,2.25,1.62
I2,2024-01-20,15:15:00,Lecco,Pisa,1,3,0.0,1.0,A,A,2.9,3.1,2.6,2.2,1.65
I2,2024-01-20,15:15:00,Palermo,Modena,4,2,2.0,1.0,H,H,2.25,3.3,3.3,2.08,1.73
I2,2024-01-21,15:15:00,Ascoli,Bari,2,2,0.0,2.0,D,A,2.63,2.75,3.2,2.7,1.44
I2,2024-01-26,19:30:00,Catanzaro,Palermo,1,1,1.0,0.0,D,H,2.7,3.1,2.7,2.05,1.75
I2,2024-01-27,13:00:00,Como,Ascoli,0,2,0.0,0.0,A,D,1.8,3.6,4.5,2.15,1.67
I2,2024-01-27,13:00:00,Cremonese,Brescia,1,0,1.0,0.0,H,H,1.67,3.75,5.25,2.05,1.75
I2,2024-01-27,13:00:00,Modena,Parma,3,0,2.0,0.0,H,H,3.0,3.3,2.38,2.15,1.67
I2,2024-01-27,13:00:00,Sudtirol,Cosenza,0,1,0.0,0.0,A,D,2.6,3.0,3.0,2.5,1.5
I2,2024-01-27,13:00:00,Venezia,Ternana,1,0,0.0,0.0,H,D,1.7,3.8,5.0,1.67,2.15
I2,2024-01-27,15:15:00,Bari,Reggiana,0,2,0.0,1.0,A,A,2.0,3.3,4.0,2.4,1.53
I2,2024-01-27,15:15:00,FeralpiSalo,Lecco,5,1,1.0,0.0,H,H,2.15,3.4,3.4,2.05,1.75
I2,2024-01-27,15:15:00,Pisa,Spezia,2,3,1.0,3.0,A,A,2.25,3.3,3.3,2.15,1.67
I2,2024-01-28,15:15:00,Cittadella,Sampdoria,1,2,0.0,0.0,A,D,2.0,3.2,4.2,2.4,1.53
I2,2024-02-02,19:30:00,Palermo,Bari,3,0,1.0,0.0,H,H,1.73,3.6,5.25,2.05,1.8
I2,2024-02-03,13:00:00,Brescia,Cittadella,2,0,0.0,0.0,H,D,2.45,2.9,3.2,2.7,1.44
I2,2024-02-03,13:00:00,Cosenza,Pisa,1,1,0.0,0.0,D,D,2.4,2.9,3.25,2.5,1.5
I2,2024-02-03,13:00:00,Parma,Venezia,2,1,1.0,1.0,H,D,2.0,3.5,3.75,1.93,1.93
I2,2024-02-03,13:00:00,Reggiana,FeralpiSalo,1,1,0.0,0.0,D,D,2.25,3.1,3.5,2.35,1.57
I2,2024-02-03,13:00:00,Spezia,Catanzaro,1,1,1.0,1.0,D,D,2.38,3.4,3.0,2.05,1.75
I2,2024-02-03,15:15:00,Lecco,Cremonese,0,1,0.0,0.0,A,D,4.2,3.75,1.83,1.83,2.03
I2,2024-02-03,15:15:00,Sampdoria,Modena,2,2,2.0,0.0,D,H,2.1,3.4,3.5,2.2,1.65
I2,2024-02-03,15:15:00,Ternana,Como,0,1,0.0,1.0,A,A,2.88,3.4,2.4,2.05,1.75
I2,2024-02-04,15:15:00,Ascoli,Sudtirol,1,2,0.0,1.0,A,A,2.2,3.2,3.5,2.7,1.44
I2,2024-02-09,19:30:00,Como,Brescia,1,0,1.0,0.0,H,H,1.8,3.3,5.0,2.25,1.62
I2,2024-02-10,13:00:00,Cittadella,Parma,1,2,1.0,2.0,A,A,3.5,2.9,2.3,2.4,1.53
I2,2024-02-10,13:00:00,Cremonese,Reggiana,1,1,0.0,0.0,D,D,1.45,4.2,8.0,1.93,1.93
I2,2024-02-10,13:00:00,FeralpiSalo,Palermo,1,2,0.0,0.0,A,D,3.8,3.25,2.05,2.03,1.83
I2,2024-02-10,13:00:00,Modena,Cosenza,1,1,1.0,1.0,D,D,2.15,3.1,3.8,2.35,1.57
I2,2024-02-10,13:00:00,Sudtirol,Venezia,0,3,0.0,1.0,A,A,3.75,3.2,2.15,2.35,1.57
I2,2024-02-10,15:15:00,Bari,Lecco,3,1,1.0,0.0,H,H,1.91,3.5,4.2,2.05,1.75
I2,2024-02-10,15:15:00,Catanzaro,Ascoli,3,2,1.0,2.0,H,A,1.91,3.2,4.5,2.25,1.62
I2,2024-02-10,15:15:00,Pisa,Sampdoria,2,0,0.0,0.0,H,D,2.2,3.25,3.5,2.2,1.65
I2,2024-02-11,15:15:00,Ternana,Spezia,1,1,0.0,0.0,D,D,2.45,3.25,3.0,2.03,1.83
I2,2024-02-16,19:30:00,Ascoli,Cremonese,0,0,0.0,0.0,D,D,3.75,3.3,2.05,2.15,1.67
I2,2024-02-17,13:00:00,Bari,FeralpiSalo,1,0,0.0,0.0,H,D,1.95,3.4,4.2,2.2,1.65
I2,2024-02-17,13:00:00,Lecco,Cosenza,1,3,0.0,2.0,A,A,2.7,3.1,2.8,2.1,1.7
I2,2024-02-17,13:00:00,Parma,Pisa,3,2,1.0,1.0,H,D,1.8,3.4,5.0,2.05,1.75
I2,2024-02-17,13:00:00,Reggiana,Ternana,0,2,0.0,1.0,A,A,2.25,3.1,3.4,2.15,1.67
I2,2024-02-17,13:00:00,Spezia,Cittadella,4,2,2.0,1.0,H,H,2.45,3.2,3.0,2.2,1.65
I2,2024-02-17,15:15:00,Catanzaro,Sudtirol,2,2,1.0,1.0,D,D,1.95,3.3,4.2,2.4,1.53
I2,2024-02-17,15:15:00,Palermo,Como,3,0,1.0,0.0,H,H,2.2,3.5,3.2,1.93,1.93
I2,2024-02-17,15:15:00,Sampdoria,Brescia,1,1,0.0,0.0,D,D,2.1,3.2,4.0,2.3,1.6
I2,2024-02-18,15:15:00,Venezia,Modena,2,2,1.0,0.0,D,H,1.73,3.7,5.0,2.03,1.83
I2,2024-02-23,19:30:00,Cosenza,Sampdoria,1,2,0.0,2.0,A,A,2.4,3.0,3.2,2.25,1.62
I2,2024-02-24,13:00:00,Brescia,Reggiana,0,0,0.0,0.0,D,D,2.2,3.1,3.6,2.5,1.5
I2,2024-02-24,13:00:00,Cittadella,Catanzaro,1,2,1.0,1.0,A,D,2.15,3.25,3.6,2.3,1.6
I2,2024-02-24,13:00:00,Cremonese,Palermo,2,2,0.0,2.0,D,A,1.91,3.6,4.0,1.8,2.0
I2,2024-02-24,13:00:00,FeralpiSalo,Ascoli,0,1,0.0,1.0,A,A,2.63,3.1,2.9,2.5,1.5
I2,2024-02-24,13:00:00,Sudtirol,Bari,1,0,0.0,0.0,H,D,2.6,2.8,3.2,3.1,1.36
I2,2024-02-24,15:15:00,Como,Parma,1,1,1.0,1.0,D,D,2.6,3.1,2.9,2.05,1.75
I2,2024-02-24,15:15:00,Pisa,Venezia,1,2,0.0,0.0,A,D,2.6,3.2,2.8,2.1,1.7
I2,2024-02-24,15:15:00,Ternana,Lecco,0,0,0.0,0.0,D,D,2.0,3.4,3.8,1.85,2.0
I2,2024-02-25,15:15:00,Modena,Spezia,0,0,0.0,0.0,D,D,2.2,3.4,3.3,2.15,1.67
I2,2024-02-27,17:15:00,Ascoli,Brescia,1,1,1.0,1.0,D,D,2.1,3.0,4.2,2.88,1.4
I2,2024-02-27,17:15:00,Reggiana,Sudtirol,1,1,0.0,0.0,D,D,2.45,2.88,3.4,3.1,1.36
I2,2024-02-27,19:30:00,Catanzaro,Bari,2,0,1.0,0.0,H,H,2.25,3.1,3.4,2.4,1.53
I2,2024-02-27,19:30:00,Lecco,Como,0,3,0.0,2.0,A,A,4.0,3.5,1.91,1.98,1.88
I2,2024-02-27,19:30:00,Palermo,Ternana,2,3,1.0,1.0,A,D,1.6,4.2,5.5,1.57,2.35
I2,2024-02-27,19:30:00,Parma,Cosenza,1,1,1.0,1.0,D,D,1.5,4.2,6.5,1.8,2.0
I2,2024-02-27,19:30:00,Sampdoria,Cremonese,1,2,1.0,1.0,A,D,3.1,3.1,2.5,2.2,1.65
I2,2024-02-28,19:30:00,Pisa,Modena,2,2,1.0,0.0,D,H,2.2,3.2,3.5,2.25,1.62
I2,2024-02-28,19:30:00,Spezia,FeralpiSalo,0,2,0.0,1.0,A,A,1.83,3.4,4.5,2.0,1.85
I2,2024-02-28,19:30:00,Venezia,Cittadella,2,0,1.0,0.0,H,H,1.85,3.6,4.2,2.05,1.8
I2,2024-03-02,13:00:00,Brescia,Palermo,4,2,4.0,2.0,H,H,3.1,3.25,2.4,2.05,1.8
I2,2024-03-02,13:00:00,Sudtirol,Lecco,1,0,0.0,0.0,H,D,2.0,3.2,4.2,2.5,1.5
I2,2024-03-02,13:00:00,Ternana,Parma,1,3,0.0,2.0,A,A,4.0,3.6,1.91,1.83,2.03
I2,2024-03-03,15:15:00,Ascoli,Reggiana,0,0,0.0,0.0,D,D,2.2,3.1,3.6,2.7,1.44
I2,2024-03-03,15:15:00,Bari,Spezia,1,1,0.0,0.0,D,D,2.3,3.2,3.25,2.25,1.62
I2,2024-03-03,15:15:00,Cittadella,Pisa,0,1,0.0,0.0,A,D,2.25,3.2,3.4,2.4,1.53
I2,2024-03-03,15:15:00,Como,Venezia,2,1,1.0,1.0,H,D,2.3,3.25,3.2,2.05,1.75
I2,2024-03-03,15:15:00,Cosenza,Catanzaro,0,2,0.0,1.0,A,A,2.4,3.2,3.1,2.15,1.67
I2,2024-03-03,15:15:00,FeralpiSalo,Sampdoria,1,3,0.0,2.0,A,A,2.7,3.2,2.7,2.25,1.62
I2,2024-03-03,17:30:00,Modena,Cremonese,0,1,0.0,0.0,A,D,3.0,3.2,2.45,2.25,1.62
I2,2024-03-08,19:30:00,Parma,Brescia,2,1,0.0,1.0,H,A,1.65,3.75,5.75,2.03,1.83
I2,2024-03-09,13:00:00,Cosenza,Cittadella,0,0,0.0,0.0,D,D,2.6,3.0,2.88,2.35,1.57
I2,2024-03-09,13:00:00,Modena,FeralpiSalo,2,3,1.0,2.0,A,A,1.8,3.5,4.75,2.15,1.67
I2,2024-03-09,13:00:00,Spezia,Sudtirol,2,1,1.0,1.0,H,D,2.05,3.0,4.2,2.7,1.44
I2,2024-03-09,15:15:00,Catanzaro,Reggiana,0,1,0.0,1.0,A,A,2.0,3.25,4.0,2.3,1.6
I2,2024-03-09,15:15:00,Cremonese,Como,2,1,1.0,0.0,H,H,2.1,3.5,3.5,2.05,1.75
I2,2024-03-09,15:15:00,Pisa,Ternana,1,0,0.0,0.0,H,D,1.85,3.5,4.33,2.05,1.8
I2,2024-03-10,15:15:00,Lecco,Palermo,0,1,0.0,1.0,A,A,4.2,3.75,1.83,1.67,2.15
I2,2024-03-10,15:15:00,Venezia,Bari,3,1,2.0,1.0,H,H,1.8,3.5,4.75,2.05,1.75
I2,2024-03-11,19:30:00,Sampdoria,Ascoli,2,1,0.0,1.0,H,A,2.15,3.1,3.6,2.5,1.5
I2,2024-03-15,19:30:00,Palermo,Venezia,0,3,0.0,2.0,A,A,2.63,3.3,2.75,1.95,1.9
I2,2024-03-16,13:00:00,Brescia,Catanzaro,1,1,0.0,1.0,D,A,2.5,3.0,3.1,2.3,1.6
I2,2024-03-16,13:00:00,Como,Pisa,3,1,2.0,0.0,H,H,2.05,3.3,3.75,2.25,1.62
I2,2024-03-16,13:00:00,FeralpiSalo,Parma,1,2,0.0,1.0,A,A,4.75,3.5,1.83,1.95,1.9
I2,2024-03-16,13:00:00,Sudtirol,Cremonese,3,0,1.0,0.0,H,H,4.2,3.0,2.1,2.6,1.48
I2,2024-03-16,13:00:00,Ternana,Cosenza,1,0,0.0,0.0,H,D,2.4,3.2,3.1,2.1,1.7
I2,2024-03-16,15:15:00,Bari,Sampdoria,0,1,0.0,0.0,A,D,2.7,2.9,2.9,2.35,1.57
I2,2024-03-16,15:15:00,Cittadella,Modena,1,1,1.0,1.0,D,D,2.55,2.9,3.1,2.5,1.5
I2,2024-03-16,15:15:00,Reggiana,Spezia,0,0,0.0,0.0,D,D,2.6,3.0,3.0,2.4,1.53
I2,2024-03-17,15:15:00,Ascoli,Lecco,4,1,2.0,1.0,H,H,1.91,3.4,4.33,2.35,1.57
I2,2024-04-01,11:30:00,Modena,Bari,1,1,0.0,0.0,D,D,1.95,3.25,4.0,2.4,1.53
I2,2024-04-01,14:00:00,Como,Sudtirol,2,0,1.0,0.0,H,H,1.65,3.5,5.75,2.5,1.5
I2,2024-04-01,14:00:00,Cosenza,Brescia,1,2,1.0,1.0,A,D,2.2,3.1,3.6,2.4,1.53
I2,2024-04-01,14:00:00,Lecco,Cittadella,1,1,1.0,1.0,D,D,2.9,3.25,2.4,2.1,1.7
I2,2024-04-01,14:00:00,Parma,Catanzaro,0,2,0.0,2.0,A,A,1.7,3.6,5.0,1.85,2.0
I2,2024-04-01,14:00:00,Pisa,Palermo,4,3,0.0,2.0,H,A,2.38,3.25,2.9,1.98,1.88
I2,2024-04-01,14:00:00,Spezia,Ascoli,2,1,1.0,1.0,H,D,2.0,3.25,4.0,2.4,1.53
I2,2024-04-01,14:00:00,Venezia,Reggiana,2,3,2.0,1.0,A,H,1.6,3.75,5.75,2.03,1.83
I2,2024-04-01,17:00:00,Cremonese,FeralpiSalo,0,1,0.0,0.0,A,D,1.53,3.8,6.5,1.88,1.98
I2,2024-04-01,19:30:00,Sampdoria,Ternana,4,1,1.0,0.0,H,H,1.91,3.4,4.2,1.95,1.9
I2,2024-04-05,19:30:00,Bari,Cremonese,1,2,0.0,1.0,A,A,3.5,3.1,2.25,2.15,1.67
I2,2024-04-06,13:00:00,Brescia,Pisa,3,1,1.0,0.0,H,H,2.7,3.2,2.8,2.3,1.6
I2,2024-04-06,13:00:00,FeralpiSalo,Cosenza,2,2,1.0,1.0,D,D,2.55,3.2,2.9,2.25,1.62
I2,2024-04-06,13:00:00,Spezia,Lecco,1,1,1.0,1.0,D,D,1.67,3.8,5.5,1.95,1.9
I2,2024-04-06,13:00:00,Sudtirol,Parma,0,0,0.0,0.0,D,D,4.5,3.3,1.91,2.35,1.57
I2,2024-04-06,13:00:00,Ternana,Modena,0,0,0.0,0.0,D,D,2.8,3.2,2.6,2.1,1.7
I2,2024-04-06,15:15:00,Catanzaro,Como,1,2,1.0,0.0,A,H,2.7,3.2,2.7,2.05,1.75
I2,2024-04-06,15:15:00,Palermo,Sampdoria,2,2,2.0,1.0,D,H,2.3,3.4,3.1,1.75,2.05
I2,2024-04-06,15:15:00,Reggiana,Cittadella,0,2,0.0,0.0,A,D,2.4,3.0,3.25,2.5,1.5
I2,2024-04-07,15:15:00,Ascoli,Venezia,0,0,0.0,0.0,D,D,3.75,3.3,2.1,2.3,1.6
I2,2024-04-12,19:30:00,Modena,Catanzaro,1,3,1.0,2.0,A,A,2.05,3.2,4.0,2.08,1.73
I2,2024-04-13,13:00:00,Cittadella,Ascoli,0,0,0.0,0.0,D,D,2.15,2.88,4.2,2.6,1.48
I2,2024-04-13,13:00:00,Como,Bari,2,1,1.0,0.0,H,H,1.7,3.5,5.75,2.15,1.67
I2,2024-04-13,13:00:00,Cremonese,Ternana,1,2,1.0,1.0,A,D,1.57,4.0,5.75,1.7,2.1
I2,2024-04-13,13:00:00,Pisa,FeralpiSalo,3,1,2.0,0.0,H,H,1.91,3.3,4.5,2.15,1.67
I2,2024-04-13,13:00:00,Sampdoria,Sudtirol,0,1,0.0,0.0,A,D,1.95,3.3,4.2,2.4,1.53
I2,2024-04-13,15:15:00,Cosenza,Palermo,1,1,0.0,1.0,D,A,2.88,3.0,2.7,1.93,1.93
I2,2024-04-13,15:15:00,Lecco,Reggiana,1,0,0.0,0.0,H,D,3.0,3.0,2.6,2.15,1.67
I2,2024-04-13,15:15:00,Parma,Spezia,2,0,1.0,0.0,H,H,1.73,3.7,4.75,1.9,1.95
I2,2024-04-14,15:15:00,Venezia,Brescia,2,0,1.0,0.0,H,H,1.67,3.75,5.5,1.93,1.93
I2,2024-04-19,19:30:00,Palermo,Parma,0,0,0.0,0.0,D,D,2.8,3.5,2.35,1.7,2.1
I2,2024-04-19,19:30:00,Reggiana,Cosenza,0,4,0.0,2.0,A,A,2.45,2.88,3.4,2.7,1.44
I2,2024-04-20,13:00:00,Ascoli,Modena,0,0,0.0,0.0,D,D,2.88,3.0,2.63,2.6,1.48
I2,2024-04-20,13:00:00,Bari,Pisa,1,1,0.0,1.0,D,A,2.5,3.1,2.9,2.35,1.57
I2,2024-04-20,13:00:00,Brescia,Ternana,0,0,0.0,0.0,D,D,1.95,3.4,3.8,1.98,1.88
I2,2024-04-20,13:00:00,FeralpiSalo,Como,2,5,2.0,3.0,A,A,4.0,3.3,1.95,2.05,1.75
I2,2024-04-20,15:15:00,Catanzaro,Cremonese,0,0,0.0,0.0,D,D,2.9,3.5,2.3,1.88,1.98
I2,2024-04-20,15:15:00,Lecco,Venezia,1,2,1.0,0.0,A,H,4.75,3.75,1.73,1.8,2.0
I2,2024-04-20,15:15:00,Spezia,Sampdoria,0,0,0.0,0.0,D,D,2.5,3.2,2.9,2.1,1.7
I2,2024-04-20,15:15:00,Sudtirol,Cittadella,0,0,0.0,0.0,D,D,2.7,2.8,3.1,2.88,1.4
I2,2024-04-26,19:30:00,Pisa,Catanzaro,2,2,0.0,1.0,D,A,2.2,3.4,3.3,1.98,1.88
I2,2024-04-26,19:30:00,Venezia,Cremonese,2,1,0.0,1.0,H,A,2.2,3.6,3.1,1.7,2.1
I2,2024-04-27,13:00:00,Brescia,Spezia,0,0,0.0,0.0,D,D,2.55,3.1,3.0,2.25,1.62
I2,2024-04-27,13:00:00,Modena,Sudtirol,1,0,0.0,0.0,H,D,1.85,3.4,4.75,2.6,1.48
I2,2024-04-27,13:00:00,Parma,Lecco,4,0,3.0,0.0,H,H,1.36,4.75,8.0,1.6,2.3
I2,2024-04-27,13:00:00,Ternana,Ascoli,0,1,0.0,0.0,A,D,2.55,3.2,2.9,2.15,1.67
I2,2024-04-27,15:15:00,Cittadella,FeralpiSalo,1,1,1.0,0.0,D,H,1.85,3.4,4.33,2.1,1.7
I2,2024-04-27,15:15:00,Cosenza,Bari,4,1,2.0,1.0,H,H,2.1,3.1,3.8,2.35,1.57
I2,2024-04-27,15:15:00,Palermo,Reggiana,1,2,1.0,0.0,A,H,1.75,3.6,4.75,1.93,1.93
I2,2024-04-27,15:15:00,Sampdoria,Como,1,1,0.0,0.0,D,D,3.2,3.3,2.3,2.08,1.73
I2,2024-05-01,11:30:00,Cremonese,Pisa,2,1,1.0,0.0,H,H,1.75,3.6,4.75,1.88,1.98
I2,2024-05-01,14:00:00,Ascoli,Cosenza,0,1,0.0,1.0,A,A,2.4,3.1,3.2,2.6,1.48
I2,2024-05-01,14:00:00,Catanzaro,Venezia,3,2,1.0,1.0,H,D,3.2,3.4,2.2,1.73,2.08
I2,2024-05-01,14:00:00,Como,Cittadella,2,1,0.0,0.0,H,D,1.55,4.0,6.0,2.05,1.75
I2,2024-05-01,14:00:00,Spezia,Palermo,1,0,1.0,0.0,H,H,2.2,3.5,3.2,1.85,2.0
I2,2024-05-01,14:00:00,Sudtirol,Ternana,4,3,1.0,2.0,H,A,2.2,3.25,3.4,2.35,1.57
I2,2024-05-01,17:00:00,Bari,Parma,1,1,0.0,0.0,D,D,3.6,3.3,2.1,2.1,1.7
I2,2024-05-01,17:00:00,FeralpiSalo,Brescia,2,2,2.0,2.0,D,D,2.63,3.1,2.75,2.2,1.65
I2,2024-05-01,17:00:00,Lecco,Sampdoria,0,1,0.0,0.0,A,D,4.5,3.6,1.8,1.93,1.93
I2,2024-05-01,17:00:00,Reggiana,Modena,1,0,0.0,0.0,H,D,3.0,2.6,2.9,2.5,1.5
I2,2024-05-05,14:00:00,Brescia,Lecco,4,1,2.0,0.0,H,H,1.45,4.33,7.0,1.8,2.0
I2,2024-05-05,14:00:00,Cittadella,Bari,1,1,1.0,1.0,D,D,2.55,3.0,3.0,2.4,1.53
I2,2024-05-05,14:00:00,Cosenza,Spezia,2,2,1.0,1.0,D,D,2.6,3.0,2.88,2.2,1.65
I2,2024-05-05,14:00:00,Modena,Como,0,0,0.0,0.0,D,D,3.1,3.2,2.4,2.15,1.67
I2,2024-05-05,14:00:00,Palermo,Ascoli,2,2,2.0,1.0,D,H,2.3,3.25,3.2,2.1,1.7
I2,2024-05-05,14:00:00,Parma,Cremonese,1,1,0.0,1.0,D,A,2.63,3.4,2.55,1.7,2.1
I2,2024-05-05,14:00:00,Pisa,Sudtirol,2,2,1.0,0.0,D,H,1.95,3.1,4.5,2.4,1.53
I2,2024-05-05,14:00:00,Sampdoria,Reggiana,1,0,1.0,0.0,H,H,1.85,3.4,4.33,2.1,1.7
I2,2024-05-05,14:00:00,Ternana,Catanzaro,1,0,0.0,0.0,H,D,2.63,3.4,2.63,1.7,2.1
I2,2024-05-05,14:00:00,Venezia,FeralpiSalo,2,1,0.0,0.0,H,D,1.44,4.5,7.0,1.57,2.35
I2,2024-05-10,19:30:00,Ascoli,Pisa,2,1,1.0,0.0,H,H,1.8,3.5,4.75,2.2,1.65
I2,2024-05-10,19:30:00,Bari,Brescia,2,0,1.0,0.0,H,H,1.57,4.33,5.5,1.75,2.05
I2,2024-05-10,19:30:00,Catanzaro,Sampdoria,1,3,1.0,1.0,A,D,3.4,3.6,2.0,1.8,2.0
I2,2024-05-10,19:30:00,Como,Cosenza,1,1,0.0,1.0,D,A,1.3,6.0,9.0,1.44,2.7
I2,2024-05-10,19:30:00,Cremonese,Cittadella,3,0,2.0,0.0,H,H,1.8,3.6,4.2,1.65,2.2
I2,2024-05-10,19:30:00,FeralpiSalo,Ternana,0,1,0.0,1.0,A,A,4.2,4.0,1.73,1.44,2.7
I2,2024-05-10,19:30:00,Lecco,Modena,2,3,1.0,3.0,A,A,3.5,3.4,2.05,1.8,2.0
I2,2024-05-10,19:30:00,Reggiana,Parma,1,1,1.0,0.0,D,H,3.9,3.4,1.95,1.7,2.1
I2,2024-05-10,19:30:00,Spezia,Venezia,2,1,0.0,1.0,H,A,2.1,3.6,3.2,1.7,2.1
I2,2024-05-10,19:30:00,Sudtirol,Palermo,0,1,0.0,0.0,A,D,3.2,3.25,2.25,1.98,1.88
F1,2023-08-11,20:00:00,Nice,Lille,1,1,1.0,0.0,D,H,2.6,3.5,2.7,1.92,1.98
F1,2023-08-12,16:00:00,Marseille,Reims,2,1,1.0,1.0,H,D,1.7,4.0,4.75,1.8,2.0
F1,2023-08-12,20:00:00,Paris SG,Lorient,0,0,0.0,0.0,D,D,1.33,5.5,7.5,1.5,2.63
F1,2023-08-13,12:00:00,Brest,Lens,3,2,1.0,2.0,H,A,4.0,3.5,1.91,2.05,1.85
F1,2023-08-13,14:00:00,Clermont,Monaco,2,4,1.0,2.0,A,A,3.6,3.6,2.0,1.73,2.1
F1,2023-08-13,14:00:00,Montpellier,Le Havre,2,2,0.0,1.0,D,A,1.91,3.6,4.0,2.1,1.73
F1,2023-08-13,14:00:00,Nantes,Toulouse,1,2,1.0,0.0,A,H,2.5,3.4,2.75,2.03,1.87
F1,2023-08-13,16:05:00,Rennes,Metz,5,1,1.0,1.0,H,D,1.4,4.75,7.5,1.73,2.1
F1,2023-08-13,19:45:00,Strasbourg,Lyon,2,1,0.0,0.0,H,D,2.55,3.6,2.55,1.73,2.1
F1,2023-08-18,20:00:00,Metz,Marseille,2,2,0.0,1.0,D,A,5.0,4.0,1.67,1.73,2.1
F1,2023-08-19,18:00:00,Lyon,Montpellier,1,4,0.0,2.0,A,A,1.7,4.2,4.33,1.57,2.38
F1,2023-08-19,20:00:00,Toulouse,Paris SG,1,1,0.0,0.0,D,D,4.75,4.2,1.65,1.57,2.38
F1,2023-08-20,12:00:00,Lille,Nantes,2,0,0.0,0.0,H,D,1.4,5.0,7.0,1.67,2.2
F1,2023-08-20,14:00:00,Le Havre,Brest,1,2,0.0,1.0,A,A,2.7,3.2,2.7,2.2,1.67
F1,2023-08-20,14:00:00,Lorient,Nice,1,1,0.0,0.0,D,D,3.4,3.4,2.15,2.0,1.9
F1,2023-08-20,14:00:00,Reims,Clermont,2,0,1.0,0.0,H,H,1.85,3.75,4.0,1.86,2.04
F1,2023-08-20,16:05:00,Monaco,Strasbourg,3,0,2.0,0.0,H,H,1.8,4.0,4.0,1.67,2.2
F1,2023-08-20,19:45:00,Lens,Rennes,1,1,1.0,0.0,D,H,2.4,3.6,2.75,1.73,2.1
F1,2023-08-25,20:00:00,Nantes,Monaco,3,3,2.0,1.0,D,H,4.75,3.8,1.73,1.73,2.1
F1,2023-08-26,18:00:00,Marseille,Brest,2,0,1.0,0.0,H,H,1.5,4.0,6.0,1.73,2.1
F1,2023-08-26,20:00:00,Paris SG,Lens,3,1,1.0,0.0,H,H,1.6,4.2,5.5,1.67,2.2
F1,2023-08-27,12:00:00,Rennes,Le Havre,2,2,2.0,1.0,D,H,1.4,4.5,7.5,1.8,2.0
F1,2023-08-27,14:00:00,Clermont,Metz,0,1,0.0,0.0,A,D,1.85,3.6,4.0,1.85,2.05
F1,2023-08-27,14:00:00,Montpellier,Reims,1,3,1.0,2.0,A,A,2.4,3.4,2.9,1.73,2.1
F1,2023-08-27,14:00:00,Strasbourg,Toulouse,2,0,0.0,0.0,H,D,2.15,3.5,3.3,1.8,2.0
F1,2023-08-27,16:05:00,Lorient,Lille,4,1,2.0,0.0,H,H,4.0,3.6,1.91,1.87,2.03
F1,2023-08-27,19:45:00,Nice,Lyon,0,0,0.0,0.0,D,D,2.1,3.6,3.4,1.67,2.2
F1,2023-09-01,20:00:00,Nantes,Marseille,1,1,1.0,1.0,D,D,5.0,3.8,1.7,1.73,2.1
F1,2023-09-02,16:00:00,Brest,Rennes,0,0,0.0,0.0,D,D,3.3,3.5,2.15,1.73,2.1
F1,2023-09-02,20:00:00,Monaco,Lens,3,0,2.0,0.0,H,H,2.05,3.8,3.2,1.57,2.38
F1,2023-09-03,12:00:00,Toulouse,Clermont,2,2,2.0,1.0,D,H,2.0,3.6,3.75,1.89,2.01
F1,2023-09-03,14:00:00,Le Havre,Lorient,3,0,0.0,0.0,H,D,2.7,3.25,2.7,2.2,1.67
F1,2023-09-03,14:00:00,Lille,Montpellier,1,0,1.0,0.0,H,H,1.75,4.0,4.2,1.62,2.3
F1,2023-09-03,14:00:00,Metz,Reims,2,2,1.0,1.0,D,D,4.2,3.5,1.91,1.87,2.03
F1,2023-09-03,16:05:00,Nice,Strasbourg,2,0,1.0,0.0,H,H,1.91,3.5,4.0,1.99,1.91
F1,2023-09-03,19:45:00,Lyon,Paris SG,1,4,0.0,4.0,A,A,6.0,4.75,1.5,1.44,2.75
F1,2023-09-15,20:00:00,Paris SG,Nice,2,3,1.0,1.0,A,D,1.55,4.5,5.5,1.62,2.3
F1,2023-09-16,16:00:00,Rennes,Lille,2,2,0.0,1.0,D,A,2.1,3.6,3.3,1.73,2.1
F1,2023-09-16,20:00:00,Lens,Metz,0,1,0.0,1.0,A,A,1.5,4.33,6.5,1.67,2.2
F1,2023-09-17,12:00:00,Lorient,Monaco,2,2,1.0,1.0,D,D,4.0,3.75,1.85,1.62,2.3
F1,2023-09-17,14:00:00,Clermont,Nantes,0,1,0.0,0.0,A,D,2.0,3.6,3.6,2.02,1.88
F1,2023-09-17,14:00:00,Reims,Brest,1,2,1.0,0.0,A,H,1.85,3.6,4.2,1.8,2.0
F1,2023-09-17,14:00:00,Strasbourg,Montpellier,2,2,0.0,2.0,D,A,2.3,3.6,2.9,1.85,2.05
F1,2023-09-17,16:05:00,Marseille,Toulouse,0,0,0.0,0.0,D,D,1.5,4.75,6.0,1.57,2.38
F1,2023-09-17,19:45:00,Lyon,Le Havre,0,0,0.0,0.0,D,D,1.67,4.0,4.75,1.67,2.2
F1,2023-09-22,20:00:00,Monaco,Nice,0,1,0.0,0.0,A,D,2.15,3.6,3.2,1.73,2.1
F1,2023-09-23,16:00:00,Nantes,Lorient,5,3,1.0,1.0,H,D,2.38,3.4,3.0,2.0,1.9
F1,2023-09-23,20:00:00,Brest,Lyon,1,0,0.0,0.0,H,D,2.6,3.5,2.63,1.67,2.2
F1,2023-09-24,12:00:00,Metz,Strasbourg,0,1,0.0,0.0,A,D,2.88,3.25,2.45,2.1,1.73
F1,2023-09-24,14:00:00,Le Havre,Clermont,2,1,2.0,1.0,H,H,2.4,3.3,2.88,2.1,1.73
F1,2023-09-24,14:00:00,Lens,Toulouse,2,1,1.0,1.0,H,D,1.73,3.8,5.0,1.73,2.1
F1,2023-09-24,16:05:00,Montpellier,Rennes,0,0,0.0,0.0,D,D,2.7,3.5,2.5,1.73,2.1
F1,2023-09-24,19:45:00,Paris SG,Marseille,4,0,2.0,0.0,H,H,1.62,4.2,5.25,1.53,2.5
F1,2023-09-26,20:00:00,Lille,Reims,1,2,0.0,2.0,A,A,1.91,3.75,3.75,1.84,2.06
F1,2023-09-29,20:00:00,Strasbourg,Lens,0,1,0.0,1.0,A,A,3.5,3.4,2.05,2.04,1.86
F1,2023-09-30,16:00:00,Clermont,Paris SG,0,0,0.0,0.0,D,D,7.5,4.5,1.44,1.62,2.3
F1,2023-09-30,20:00:00,Monaco,Marseille,3,2,2.0,2.0,H,D,2.15,3.8,3.1,1.53,2.5
F1,2023-10-01,12:00:00,Reims,Lyon,2,0,1.0,0.0,H,H,2.0,3.8,3.4,1.67,2.2
F1,2023-10-01,14:00:00,Le Havre,Lille,0,2,0.0,1.0,A,A,4.0,3.5,1.95,2.0,1.8
F1,2023-10-01,14:00:00,Nice,Brest,0,0,0.0,0.0,D,D,1.73,3.8,4.5,1.94,1.96
F1,2023-10-01,14:00:00,Toulouse,Metz,3,0,2.0,0.0,H,H,2.1,3.6,3.4,2.01,1.89
F1,2023-10-01,16:05:00,Lorient,Montpellier,0,3,0.0,1.0,A,A,3.0,3.5,2.38,1.8,2.0
F1,2023-10-01,19:45:00,Rennes,Nantes,3,1,1.0,1.0,H,D,1.53,4.5,5.75,1.67,2.2
F1,2023-10-06,20:00:00,Strasbourg,Nantes,1,2,0.0,0.0,A,D,2.2,3.25,3.4,2.2,1.65
F1,2023-10-07,16:00:00,Metz,Nice,0,1,0.0,1.0,A,A,4.75,3.8,1.73,1.98,1.92
F1,2023-10-07,20:00:00,Reims,Monaco,1,3,0.0,1.0,A,A,2.6,3.6,2.55,1.6,2.3
F1,2023-10-08,12:00:00,Marseille,Le Havre,3,0,2.0,0.0,H,H,1.45,4.75,6.0,1.7,2.1
F1,2023-10-08,14:00:00,Brest,Toulouse,1,1,0.0,1.0,D,A,1.8,3.8,4.33,2.01,1.89
F1,2023-10-08,14:00:00,Lyon,Lorient,3,3,3.0,1.0,D,H,1.67,4.2,4.75,1.67,2.15
F1,2023-10-08,16:05:00,Lens,Lille,1,1,0.0,1.0,D,A,2.25,3.6,3.0,1.96,1.94
F1,2023-10-08,19:45:00,Rennes,Paris SG,1,3,0.0,2.0,A,A,3.4,3.6,2.05,1.73,2.08
F1,2023-10-20,20:00:00,Le Havre,Lens,0,0,0.0,0.0,D,D,4.5,3.5,1.83,2.1,1.7
F1,2023-10-21,16:00:00,Paris SG,Strasbourg,3,0,2.0,0.0,H,H,1.22,6.5,12.0,1.44,2.7
F1,2023-10-21,20:00:00,Nice,Marseille,1,0,0.0,0.0,H,D,2.4,3.3,3.0,2.06,1.84
F1,2023-10-22,12:00:00,Lorient,Rennes,2,1,2.0,1.0,H,H,3.8,3.8,1.85,1.75,2.05
F1,2023-10-22,14:00:00,Lille,Brest,1,0,1.0,0.0,H,H,1.8,3.5,4.75,1.98,1.92
F1,2023-10-22,14:00:00,Nantes,Montpellier,2,0,1.0,0.0,H,H,2.88,3.5,2.4,1.75,2.05
F1,2023-10-22,14:00:00,Toulouse,Reims,1,1,0.0,0.0,D,D,2.8,3.5,2.4,1.87,2.03
F1,2023-10-22,16:05:00,Monaco,Metz,2,1,1.0,1.0,H,D,1.33,5.5,8.5,1.44,2.7
F1,2023-10-22,19:45:00,Lyon,Clermont,1,2,0.0,2.0,A,A,1.75,3.75,4.5,1.73,2.08
F1,2023-10-27,20:00:00,Clermont,Nice,0,1,0.0,0.0,A,D,4.2,3.3,1.91,2.2,1.65
F1,2023-10-28,16:00:00,Reims,Lorient,1,0,0.0,0.0,H,D,1.67,4.0,5.0,1.7,2.1
F1,2023-10-28,20:00:00,Lens,Nantes,4,0,1.0,0.0,H,H,1.57,4.2,5.5,1.75,2.05
F1,2023-10-29,12:00:00,Brest,Paris SG,2,3,1.0,2.0,A,A,5.75,4.33,1.53,1.65,2.2
F1,2023-10-29,14:00:00,Lille,Monaco,2,0,2.0,0.0,H,H,2.25,3.75,2.9,1.57,2.35
F1,2023-10-29,14:00:00,Metz,Le Havre,0,0,0.0,0.0,D,D,2.5,3.3,2.8,2.15,1.67
F1,2023-10-29,14:00:00,Montpellier,Toulouse,3,0,1.0,0.0,H,H,1.75,4.0,4.5,1.73,2.08
F1,2023-10-29,16:05:00,Rennes,Strasbourg,1,1,1.0,0.0,D,H,1.57,4.0,6.0,1.9,2.0
F1,2023-11-03,20:00:00,Paris SG,Montpellier,3,0,1.0,0.0,H,H,1.25,6.0,10.0,1.36,3.1
F1,2023-11-04,16:00:00,Lorient,Lens,0,0,0.0,0.0,D,D,5.0,3.8,1.7,1.88,2.02
F1,2023-11-04,20:00:00,Marseille,Lille,0,0,0.0,0.0,D,D,2.25,3.5,3.1,1.89,2.01
F1,2023-11-05,12:00:00,Lyon,Metz,1,1,0.0,0.0,D,D,1.67,3.8,5.5,1.73,2.08
F1,2023-11-05,14:00:00,Nantes,Reims,0,1,0.0,0.0,A,D,2.88,3.2,2.55,2.08,1.73
F1,2023-11-05,14:00:00,Strasbourg,Clermont,0,0,0.0,0.0,D,D,2.38,3.2,3.1,2.2,1.65
F1,2023-11-05,14:00:00,Toulouse,Le Havre,1,2,0.0,0.0,A,D,2.2,3.3,3.4,2.08,1.73
F1,2023-11-05,16:05:00,Monaco,Brest,2,0,1.0,0.0,H,H,1.7,4.0,4.75,1.62,2.25
F1,2023-11-05,19:45:00,Nice,Rennes,2,0,1.0,0.0,H,H,2.05,3.4,3.6,2.1,1.7
F1,2023-11-10,20:00:00,Montpellier,Nice,0,0,0.0,0.0,D,D,3.5,3.3,2.15,2.05,1.85
F1,2023-11-11,16:00:00,Reims,Paris SG,0,3,0.0,1.0,A,A,5.0,4.33,1.6,1.6,2.3
F1,2023-11-11,20:00:00,Le Havre,Monaco,0,0,0.0,0.0,D,D,4.5,4.0,1.73,1.73,2.08
F1,2023-11-12,14:00:00,Clermont,Lorient,1,0,0.0,0.0,H,D,2.1,3.3,3.6,2.1,1.7
F1,2023-11-12,14:00:00,Lille,Toulouse,1,1,1.0,0.0,D,H,1.55,4.2,6.0,1.75,2.05
F1,2023-11-12,14:00:00,Metz,Nantes,3,1,2.0,1.0,H,H,2.9,3.25,2.5,2.05,1.85
F1,2023-11-12,16:05:00,Rennes,Lyon,0,1,0.0,0.0,A,D,1.73,4.2,4.33,1.67,2.15
F1,2023-11-12,19:45:00,Lens,Marseille,1,0,0.0,0.0,H,D,2.25,3.4,3.2,1.89,2.01
F1,2023-11-24,20:00:00,Paris SG,Monaco,5,2,2.0,1.0,H,H,1.45,4.75,6.5,1.36,3.1
F1,2023-11-25,16:00:00,Clermont,Lens,0,3,0.0,1.0,A,A,3.75,3.5,2.0,2.05,1.75
F1,2023-11-25,20:00:00,Strasbourg,Marseille,1,1,1.0,1.0,D,D,3.8,3.6,1.91,2.08,1.82
F1,2023-11-26,12:00:00,Nice,Toulouse,1,0,0.0,0.0,H,D,1.5,4.0,7.5,2.08,1.82
F1,2023-11-26,14:00:00,Lorient,Metz,2,3,2.0,1.0,A,H,1.95,3.5,4.0,2.1,1.7
F1,2023-11-26,14:00:00,Montpellier,Brest,1,3,0.0,1.0,A,A,2.3,3.4,3.1,1.98,1.92
F1,2023-11-26,14:00:00,Nantes,Le Havre,0,0,0.0,0.0,D,D,2.1,3.5,3.6,2.08,1.73
F1,2023-11-26,16:05:00,Rennes,Reims,3,1,1.0,1.0,H,D,2.0,3.6,3.75,1.94,1.96
F1,2023-11-26,19:45:00,Lyon,Lille,0,2,0.0,2.0,A,A,3.0,3.3,2.38,1.98,1.92
F1,2023-11-29,18:00:00,Montpellier,Clermont,1,1,0.0,1.0,D,A,1.91,3.6,4.0,2.0,1.9
F1,2023-12-01,20:00:00,Reims,Strasbourg,2,1,2.0,0.0,H,H,1.73,3.75,4.75,1.9,2.0
F1,2023-12-02,16:00:00,Lens,Lyon,3,2,1.0,1.0,H,D,1.7,4.0,4.75,1.75,2.05
F1,2023-12-02,20:00:00,Nantes,Nice,1,0,1.0,0.0,H,H,3.75,3.5,2.0,2.15,1.67
F1,2023-12-03,12:00:00,Le Havre,Paris SG,0,2,0.0,1.0,A,A,11.0,5.25,1.3,1.53,2.4
F1,2023-12-03,14:00:00,Brest,Clermont,3,0,2.0,0.0,H,H,1.75,3.6,4.5,2.04,1.86
F1,2023-12-03,14:00:00,Monaco,Montpellier,2,0,1.0,0.0,H,H,1.62,4.2,5.0,1.5,2.5
F1,2023-12-03,14:00:00,Toulouse,Lorient,1,1,0.0,0.0,D,D,2.0,3.25,4.0,1.99,1.91
F1,2023-12-03,16:05:00,Lille,Metz,2,0,2.0,0.0,H,H,1.45,4.5,7.5,1.73,2.08
F1,2023-12-03,19:45:00,Marseille,Rennes,2,0,1.0,0.0,H,H,1.91,3.8,3.8,1.84,2.06
F1,2023-12-06,20:00:00,Marseille,Lyon,3,0,2.0,0.0,H,H,1.67,3.8,4.75,1.75,2.05
F1,2023-12-07,19:30:00,Brest,Strasbourg,1,1,1.0,0.0,D,H,1.83,3.6,4.33,2.05,1.75
F1,2023-12-08,20:00:00,Montpellier,Lens,0,0,0.0,0.0,D,D,3.5,3.4,2.15,2.0,1.9
F1,2023-12-09,16:00:00,Rennes,Monaco,1,2,0.0,0.0,A,D,2.55,3.5,2.7,1.67,2.15
F1,2023-12-09,20:00:00,Paris SG,Nantes,2,1,1.0,0.0,H,H,1.2,7.5,12.0,1.4,2.88
F1,2023-12-10,12:00:00,Nice,Reims,2,1,0.0,0.0,H,D,1.85,3.5,4.33,2.1,1.7
F1,2023-12-10,14:00:00,Clermont,Lille,0,0,0.0,0.0,D,D,5.25,3.5,1.73,2.05,1.75
F1,2023-12-10,14:00:00,Metz,Brest,0,1,0.0,0.0,A,D,3.5,3.2,2.2,2.15,1.67
F1,2023-12-10,14:00:00,Strasbourg,Le Havre,2,1,1.0,0.0,H,H,2.15,3.2,3.75,2.3,1.6
F1,2023-12-10,16:05:00,Lyon,Toulouse,3,0,2.0,0.0,H,H,2.0,3.5,3.8,1.75,2.05
F1,2023-12-10,19:45:00,Lorient,Marseille,2,4,1.0,4.0,A,A,4.75,3.6,1.8,1.97,1.93
F1,2023-12-15,20:00:00,Monaco,Lyon,0,1,0.0,0.0,A,D,1.7,4.2,4.33,1.57,2.35
F1,2023-12-16,16:00:00,Le Havre,Nice,3,1,2.0,0.0,H,H,4.5,3.3,1.91,2.4,1.53
F1,2023-12-16,20:00:00,Lens,Reims,2,0,1.0,0.0,H,H,1.83,3.75,4.2,1.86,2.04
F1,2023-12-17,12:00:00,Nantes,Brest,0,2,0.0,0.0,A,D,2.63,3.2,2.8,2.15,1.67
F1,2023-12-17,14:00:00,Lorient,Strasbourg,1,2,0.0,1.0,A,A,2.55,3.2,2.88,2.15,1.67
F1,2023-12-17,14:00:00,Metz,Montpellier,0,1,0.0,1.0,A,A,3.25,3.3,2.25,2.08,1.73
F1,2023-12-17,14:00:00,Toulouse,Rennes,0,0,0.0,0.0,D,D,3.2,3.5,2.2,1.89,2.01
F1,2023-12-17,16:05:00,Marseille,Clermont,2,1,2.0,0.0,H,H,1.4,5.0,7.0,1.73,2.08
F1,2023-12-17,19:45:00,Lille,Paris SG,1,1,0.0,0.0,D,D,3.8,4.0,1.83,1.67,2.15
F1,2023-12-20,20:00:00,Brest,Lorient,4,0,4.0,0.0,H,H,1.6,3.8,5.75,1.99,1.91
F1,2023-12-20,20:00:00,Clermont,Rennes,1,3,1.0,0.0,A,H,3.3,3.4,2.2,2.05,1.75
F1,2023-12-20,20:00:00,Lyon,Nantes,1,0,0.0,0.0,H,D,1.67,4.33,4.5,1.73,2.08
F1,2023-12-20,20:00:00,Montpellier,Marseille,1,1,1.0,0.0,D,H,3.4,3.6,2.05,1.8,2.0
F1,2023-12-20,20:00:00,Nice,Lens,2,0,0.0,0.0,H,D,2.3,3.2,3.3,2.25,1.62
F1,2023-12-20,20:00:00,Paris SG,Metz,3,1,0.0,0.0,H,D,1.14,8.0,17.0,1.36,3.1
F1,2023-12-20,20:00:00,Reims,Le Havre,1,0,1.0,0.0,H,H,1.7,4.0,4.75,1.95,1.95
F1,2023-12-20,20:00:00,Strasbourg,Lille,2,1,1.0,1.0,H,D,4.0,3.4,1.95,2.05,1.75
F1,2023-12-20,20:00:00,Toulouse,Monaco,1,2,1.0,2.0,A,A,4.33,3.75,1.8,1.65,2.2
F1,2024-01-12,20:00:00,Marseille,Strasbourg,1,1,1.0,0.0,D,H,1.6,4.0,5.5,2.08,1.73
F1,2024-01-13,16:00:00,Monaco,Reims,1,3,0.0,1.0,A,A,1.7,4.0,4.5,1.6,2.3
F1,2024-01-13,20:00:00,Rennes,Nice,2,0,1.0,0.0,H,H,2.38,3.25,3.1,2.25,1.62
F1,2024-01-14,12:00:00,Lille,Lorient,3,0,1.0,0.0,H,H,1.4,5.0,7.0,1.73,2.08
F1,2024-01-14,14:00:00,Brest,Montpellier,2,0,0.0,0.0,H,D,1.83,3.75,4.2,1.99,1.91
F1,2024-01-14,14:00:00,Metz,Toulouse,0,1,0.0,1.0,A,A,2.9,3.2,2.45,2.3,1.6
F1,2024-01-14,14:00:00,Nantes,Clermont,1,2,0.0,1.0,A,A,1.95,3.5,3.8,2.15,1.67
F1,2024-01-14,16:05:00,Le Havre,Lyon,3,1,1.0,0.0,H,H,3.25,3.25,2.25,2.08,1.73
F1,2024-01-14,19:45:00,Lens,Paris SG,0,2,0.0,1.0,A,A,3.6,4.0,1.85,1.6,2.3
F1,2024-01-26,20:00:00,Lyon,Rennes,2,3,0.0,3.0,A,A,2.5,3.4,2.8,2.05,1.75
F1,2024-01-27,16:00:00,Nice,Metz,1,0,0.0,0.0,H,D,1.4,4.5,9.0,2.08,1.73
F1,2024-01-27,20:00:00,Marseille,Monaco,2,2,1.0,2.0,D,A,2.4,3.6,2.75,1.7,2.1
F1,2024-01-28,12:00:00,Montpellier,Lille,0,0,0.0,0.0,D,D,3.6,3.6,2.0,2.01,1.89
F1,2024-01-28,14:00:00,Clermont,Strasbourg,1,1,0.0,1.0,D,A,2.75,3.2,2.63,2.2,1.65
F1,2024-01-28,14:00:00,Lorient,Le Havre,3,3,1.0,1.0,D,D,2.9,3.1,2.63,2.4,1.53
F1,2024-01-28,14:00:00,Reims,Nantes,0,0,0.0,0.0,D,D,1.8,3.75,4.33,1.92,1.98
F1,2024-01-28,16:05:00,Toulouse,Lens,0,2,0.0,1.0,A,A,3.6,3.6,2.0,1.99,1.91
F1,2024-01-28,19:45:00,Paris SG,Brest,2,2,2.0,0.0,D,H,1.36,5.5,7.5,1.53,2.4
F1,2024-02-02,20:00:00,Strasbourg,Paris SG,1,2,0.0,1.0,A,A,6.0,4.5,1.5,1.6,2.3
F1,2024-02-03,16:00:00,Rennes,Montpellier,2,1,1.0,0.0,H,H,1.62,4.0,5.5,1.86,2.04
F1,2024-02-03,20:00:00,Nantes,Lens,0,1,0.0,0.0,A,D,3.4,3.3,2.2,2.05,1.75
F1,2024-02-04,12:00:00,Monaco,Le Havre,1,1,0.0,0.0,D,D,1.45,4.5,7.0,1.73,2.08
F1,2024-02-04,14:00:00,Lille,Clermont,4,0,4.0,0.0,H,H,1.4,4.5,8.5,1.85,2.05
F1,2024-02-04,14:00:00,Metz,Lorient,1,2,1.0,1.0,A,D,2.25,3.1,3.5,2.5,1.5
F1,2024-02-04,14:00:00,Reims,Toulouse,2,3,0.0,3.0,A,A,1.75,3.5,4.75,1.98,1.92
F1,2024-02-04,16:05:00,Brest,Nice,0,0,0.0,0.0,D,D,2.45,3.25,3.0,2.35,1.57
F1,2024-02-04,19:45:00,Lyon,Marseille,1,0,1.0,0.0,H,H,2.9,3.4,2.45,1.95,1.95
F1,2024-02-09,20:00:00,Marseille,Metz,1,1,0.0,0.0,D,D,1.4,4.75,7.0,2.0,1.9
F1,2024-02-10,16:00:00,Lens,Strasbourg,3,1,2.0,1.0,H,H,1.62,3.8,5.75,2.04,1.86
F1,2024-02-10,20:00:00,Paris SG,Lille,3,1,2.0,1.0,H,H,1.62,4.2,5.25,1.7,2.1
F1,2024-02-11,12:00:00,Le Havre,Rennes,0,1,0.0,0.0,A,D,3.6,3.3,2.15,2.15,1.67
F1,2024-02-11,14:00:00,Clermont,Brest,1,1,0.0,0.0,D,D,3.8,3.3,2.05,2.15,1.67
F1,2024-02-11,14:00:00,Lorient,Reims,2,0,0.0,0.0,H,D,3.75,3.5,2.05,1.99,1.91
F1,2024-02-11,14:00:00,Toulouse,Nantes,1,2,0.0,1.0,A,A,2.15,3.3,3.4,2.05,1.75
F1,2024-02-11,16:05:00,Montpellier,Lyon,1,2,1.0,0.0,A,H,3.1,3.4,2.38,2.06,1.84
F1,2024-02-11,19:45:00,Nice,Monaco,2,3,1.0,1.0,A,D,2.3,3.4,3.1,2.06,1.84
F1,2024-02-16,20:00:00,Lyon,Nice,1,0,1.0,0.0,H,H,2.63,3.2,2.8,2.2,1.65
F1,2024-02-17,16:00:00,Lille,Le Havre,3,0,2.0,0.0,H,H,1.53,4.33,6.5,2.05,1.75
F1,2024-02-17,20:00:00,Nantes,Paris SG,0,2,0.0,0.0,A,D,6.0,4.5,1.5,1.57,2.35
F1,2024-02-18,12:00:00,Strasbourg,Lorient,1,3,0.0,2.0,A,A,1.7,3.8,5.0,1.99,1.91
F1,2024-02-18,14:00:00,Monaco,Toulouse,1,2,0.0,1.0,A,A,1.5,4.33,6.5,1.6,2.3
F1,2024-02-18,14:00:00,Montpellier,Metz,3,0,1.0,0.0,H,H,1.75,3.7,4.75,2.15,1.67
F1,2024-02-18,14:00:00,Rennes,Clermont,3,1,1.0,0.0,H,H,1.53,4.2,6.5,1.75,2.05
F1,2024-02-18,16:05:00,Reims,Lens,1,1,1.0,1.0,D,D,2.8,3.2,2.63,2.06,1.84
F1,2024-02-18,19:45:00,Brest,Marseille,1,0,0.0,0.0,H,D,2.55,3.0,3.1,2.15,1.67
F1,2024-02-23,20:00:00,Metz,Lyon,1,2,1.0,1.0,A,D,4.0,3.4,1.91,2.2,1.65
F1,2024-02-24,16:00:00,Lorient,Nantes,0,1,0.0,0.0,A,D,2.6,3.2,2.8,2.15,1.67
F1,2024-02-24,20:00:00,Strasbourg,Brest,0,3,0.0,2.0,A,A,3.1,3.1,2.45,2.2,1.65
F1,2024-02-25,12:00:00,Lens,Monaco,2,3,1.0,2.0,A,A,2.38,3.5,2.9,1.75,2.05
F1,2024-02-25,14:00:00,Le Havre,Reims,1,2,0.0,0.0,A,D,3.1,3.25,2.38,2.15,1.67
F1,2024-02-25,14:00:00,Nice,Clermont,0,0,0.0,0.0,D,D,1.44,4.33,7.5,2.08,1.73
F1,2024-02-25,14:00:00,Toulouse,Lille,3,1,0.0,1.0,H,A,4.2,3.4,1.91,2.03,1.87
F1,2024-02-25,16:05:00,Paris SG,Rennes,1,1,0.0,1.0,D,A,1.45,4.75,7.0,1.6,2.3
F1,2024-02-25,19:45:00,Marseille,Montpellier,4,1,2.0,1.0,H,H,1.7,4.0,4.75,1.84,2.06
F1,2024-03-01,20:00:00,Monaco,Paris SG,0,0,0.0,0.0,D,D,3.4,3.8,2.0,1.53,2.4
F1,2024-03-02,16:00:00,Reims,Lille,0,1,0.0,0.0,A,D,2.7,3.3,2.63,1.99,1.91
F1,2024-03-02,20:00:00,Clermont,Marseille,1,5,0.0,1.0,A,A,4.2,3.6,1.85,1.91,1.99
F1,2024-03-03,12:00:00,Toulouse,Nice,2,1,0.0,1.0,H,A,3.4,3.2,2.25,2.3,1.6
F1,2024-03-03,14:00:00,Brest,Le Havre,1,0,1.0,0.0,H,H,1.6,4.0,5.75,2.05,1.75
F1,2024-03-03,14:00:00,Montpellier,Strasbourg,2,2,0.0,0.0,D,D,2.0,3.5,3.75,2.0,1.9
F1,2024-03-03,14:00:00,Nantes,Metz,0,2,0.0,0.0,A,D,1.8,3.5,4.75,2.25,1.62
F1,2024-03-03,16:05:00,Rennes,Lorient,1,2,0.0,0.0,A,D,1.4,4.75,8.0,1.75,2.05
F1,2024-03-03,19:45:00,Lyon,Lens,0,3,0.0,1.0,A,A,2.55,3.4,2.75,1.99,1.91
F1,2024-03-08,20:00:00,Nice,Montpellier,1,2,1.0,2.0,A,A,1.75,3.6,4.5,1.92,1.98
F1,2024-03-09,16:00:00,Lorient,Lyon,0,2,0.0,0.0,A,D,3.3,3.4,2.2,2.0,1.9
F1,2024-03-09,20:00:00,Lens,Brest,1,0,1.0,0.0,H,H,2.05,3.3,3.8,2.15,1.67
F1,2024-03-10,12:00:00,Paris SG,Reims,2,2,2.0,2.0,D,D,1.4,5.0,7.0,1.48,2.6
F1,2024-03-10,14:00:00,Le Havre,Toulouse,1,0,0.0,0.0,H,D,2.8,3.1,2.63,2.15,1.67
F1,2024-03-10,14:00:00,Metz,Clermont,1,0,1.0,0.0,H,H,2.25,3.3,3.25,2.1,1.7
F1,2024-03-10,14:00:00,Strasbourg,Monaco,0,1,0.0,0.0,A,D,3.6,3.75,1.95,1.67,2.15
F1,2024-03-10,16:05:00,Lille,Rennes,2,2,0.0,2.0,D,A,2.05,3.4,3.6,2.05,1.85
F1,2024-03-10,19:45:00,Marseille,Nantes,2,0,1.0,0.0,H,H,1.5,4.2,7.0,1.87,2.03
F1,2024-03-15,20:00:00,Toulouse,Lyon,2,3,0.0,1.0,A,A,2.88,3.2,2.6,2.08,1.82
F1,2024-03-16,16:00:00,Nantes,Strasbourg,1,3,1.0,1.0,A,D,2.25,3.25,3.3,2.1,1.7
F1,2024-03-16,20:00:00,Lens,Nice,1,3,0.0,1.0,A,A,2.0,3.4,4.0,2.1,1.7
F1,2024-03-17,12:00:00,Brest,Lille,1,1,0.0,0.0,D,D,2.5,3.1,3.0,2.3,1.6
F1,2024-03-17,14:00:00,Clermont,Le Havre,2,1,2.0,1.0,H,H,2.6,3.25,2.8,2.25,1.62
F1,2024-03-17,14:00:00,Monaco,Lorient,2,2,1.0,1.0,D,D,1.36,5.0,9.0,1.53,2.4
F1,2024-03-17,14:00:00,Reims,Metz,2,1,1.0,1.0,H,D,1.57,4.0,6.0,2.02,1.88
F1,2024-03-17,16:05:00,Rennes,Marseille,2,0,1.0,0.0,H,H,2.5,3.3,2.88,1.93,1.97
F1,2024-03-17,19:45:00,Montpellier,Paris SG,2,6,2.0,2.0,A,D,6.0,4.5,1.5,1.5,2.5
F1,2024-03-29,20:00:00,Lille,Lens,2,1,1.0,0.0,H,H,2.05,3.3,3.8,2.1,1.7
F1,2024-03-30,16:00:00,Metz,Monaco,2,5,0.0,3.0,A,A,5.25,4.2,1.62,1.7,2.1
F1,2024-03-30,20:00:00,Lyon,Reims,1,1,0.0,0.0,D,D,2.05,3.6,3.5,1.75,2.05
F1,2024-03-31,12:00:00,Lorient,Brest,0,1,0.0,0.0,A,D,4.2,3.3,1.95,2.2,1.65
F1,2024-03-31,14:00:00,Clermont,Toulouse,0,3,0.0,1.0,A,A,3.1,3.4,2.3,2.07,1.83
F1,2024-03-31,14:00:00,Le Havre,Montpellier,0,2,0.0,0.0,A,D,2.55,3.3,2.8,2.06,1.84
F1,2024-03-31,14:00:00,Nice,Nantes,1,2,0.0,1.0,A,A,1.75,3.5,5.25,2.2,1.65
F1,2024-03-31,16:05:00,Strasbourg,Rennes,2,0,0.0,0.0,H,D,3.1,3.5,2.25,1.91,1.99
F1,2024-03-31,19:45:00,Marseille,Paris SG,0,2,0.0,0.0,A,D,3.25,3.8,2.05,1.6,2.3
F1,2024-04-05,20:00:00,Lille,Marseille,3,1,0.0,0.0,H,D,2.0,3.4,3.75,2.08,1.82
F1,2024-04-06,16:00:00,Lens,Le Havre,1,1,0.0,0.0,D,D,1.53,4.0,7.0,2.04,1.86
F1,2024-04-06,20:00:00,Paris SG,Clermont,1,1,0.0,1.0,D,A,1.18,8.0,12.0,1.33,3.4
F1,2024-04-07,12:00:00,Brest,Metz,4,3,3.0,1.0,H,H,1.53,4.0,7.5,2.1,1.7
F1,2024-04-07,14:00:00,Montpellier,Lorient,2,0,0.0,0.0,H,D,1.75,3.8,4.5,1.7,2.1
F1,2024-04-07,14:00:00,Reims,Nice,0,0,0.0,0.0,D,D,2.5,3.2,2.9,2.07,1.83
F1,2024-04-07,14:00:00,Toulouse,Strasbourg,0,0,0.0,0.0,D,D,2.05,3.6,3.5,1.91,1.99
F1,2024-04-07,16:05:00,Monaco,Rennes,1,0,1.0,0.0,H,H,1.8,4.0,4.0,1.57,2.35
F1,2024-04-07,19:45:00,Nantes,Lyon,1,3,1.0,0.0,A,H,3.3,3.25,2.25,2.08,1.73
F1,2024-04-12,20:00:00,Metz,Lens,2,1,2.0,1.0,H,H,5.0,3.75,1.7,1.93,1.97
F1,2024-04-13,16:00:00,Strasbourg,Reims,3,1,1.0,1.0,H,D,2.55,3.25,2.8,2.04,1.86
F1,2024-04-13,20:00:00,Rennes,Toulouse,1,2,1.0,2.0,A,A,1.8,3.6,4.33,1.92,1.98
F1,2024-04-14,12:00:00,Le Havre,Nantes,0,1,0.0,0.0,A,D,2.6,3.0,3.0,2.5,1.53
F1,2024-04-14,14:00:00,Clermont,Montpellier,1,1,1.0,0.0,D,H,3.3,3.5,2.15,1.73,2.1
F1,2024-04-14,19:45:00,Lyon,Brest,4,3,1.0,0.0,H,H,2.2,3.25,3.4,2.0,1.8
F1,2024-04-19,20:00:00,Nice,Lorient,3,0,1.0,0.0,H,H,1.53,4.33,5.75,1.91,1.99
F1,2024-04-20,16:00:00,Nantes,Rennes,0,3,0.0,0.0,A,D,3.0,3.3,2.4,2.1,1.73
F1,2024-04-20,20:00:00,Lens,Clermont,1,0,1.0,0.0,H,H,1.36,4.75,9.0,1.73,2.1
F1,2024-04-21,14:00:00,Le Havre,Metz,0,1,0.0,0.0,A,D,2.15,3.2,3.6,2.3,1.62
F1,2024-04-21,14:00:00,Lille,Strasbourg,1,0,1.0,0.0,H,H,1.6,4.0,5.75,1.95,1.95
F1,2024-04-21,14:00:00,Reims,Montpellier,1,2,0.0,1.0,A,A,1.95,3.75,3.6,1.73,2.1
F1,2024-04-21,16:05:00,Brest,Monaco,0,2,0.0,1.0,A,A,2.7,3.5,2.55,1.73,2.1
F1,2024-04-21,18:00:00,Toulouse,Marseille,2,2,1.0,1.0,D,D,2.7,3.3,2.55,1.99,1.91
F1,2024-04-21,20:00:00,Paris SG,Lyon,4,1,4.0,1.0,H,H,1.44,5.25,6.0,1.44,2.75
F1,2024-04-24,18:00:00,Lorient,Paris SG,1,4,0.0,2.0,A,A,7.5,5.0,1.4,1.5,2.63
F1,2024-04-24,20:00:00,Marseille,Nice,2,2,1.0,1.0,D,D,2.25,3.4,3.25,2.06,1.84
F1,2024-04-24,20:00:00,Monaco,Lille,1,0,0.0,0.0,H,D,2.25,3.6,3.0,1.73,2.1
F1,2024-04-26,20:00:00,Montpellier,Nantes,1,1,1.0,1.0,D,D,1.95,3.6,3.75,1.95,1.95
F1,2024-04-27,20:00:00,Paris SG,Le Havre,3,3,1.0,2.0,D,A,1.33,5.75,7.5,1.62,2.3
F1,2024-04-28,12:00:00,Metz,Lille,1,2,1.0,2.0,A,A,4.5,3.75,1.75,1.98,1.92
F1,2024-04-28,14:00:00,Clermont,Reims,4,1,1.0,1.0,H,D,3.75,3.5,2.0,1.91,1.99
F1,2024-04-28,14:00:00,Lorient,Toulouse,1,2,1.0,0.0,A,H,2.6,3.4,2.63,2.04,1.86
F1,2024-04-28,14:00:00,Strasbourg,Nice,1,3,1.0,1.0,A,D,3.0,3.3,2.38,2.1,1.73
F1,2024-04-28,16:05:00,Rennes,Brest,4,5,2.0,1.0,A,H,2.25,3.3,3.3,2.1,1.73
F1,2024-04-28,18:00:00,Lyon,Monaco,3,2,2.0,1.0,H,H,2.55,3.75,2.55,1.53,2.5
F1,2024-04-28,20:00:00,Marseille,Lens,2,1,1.0,0.0,H,H,2.4,3.4,2.9,1.98,1.92
F1,2024-05-03,18:00:00,Toulouse,Montpellier,1,2,1.0,1.0,A,D,2.05,3.8,3.3,1.57,2.38
F1,2024-05-03,20:00:00,Lens,Lorient,2,0,0.0,0.0,H,D,1.44,5.0,6.5,1.57,2.38
F1,2024-05-04,14:00:00,Le Havre,Strasbourg,3,1,1.0,0.0,H,H,2.38,3.2,3.1,2.3,1.62
F1,2024-05-04,16:00:00,Monaco,Clermont,4,1,2.0,1.0,H,H,1.3,6.0,8.5,1.36,3.2
F1,2024-05-04,18:00:00,Metz,Rennes,2,3,2.0,1.0,A,H,3.5,3.6,2.05,1.89,2.01
F1,2024-05-04,20:00:00,Brest,Nantes,0,0,0.0,0.0,D,D,1.73,3.8,4.75,2.1,1.73
F1,2024-05-06,20:00:00,Lille,Lyon,3,4,2.0,0.0,A,H,1.91,3.8,3.8,1.73,2.1
F1,2024-05-10,20:00:00,Brest,Reims,1,1,1.0,1.0,D,D,1.67,4.0,5.0,1.73,2.1
F1,2024-05-10,20:00:00,Nice,Le Havre,1,0,1.0,0.0,H,H,1.53,4.0,6.5,1.99,1.91
F1,2024-05-12,20:00:00,Clermont,Lyon,0,1,0.0,0.0,A,D,5.25,4.5,1.55,1.44,2.75
F1,2024-05-12,20:00:00,Marseille,Lorient,3,1,2.0,1.0,H,H,1.44,5.0,6.5,1.53,2.5
F1,2024-05-12,20:00:00,Montpellier,Monaco,0,2,0.0,0.0,A,D,3.8,4.0,1.83,1.4,3.0
F1,2024-05-12,20:00:00,Nantes,Lille,1,2,0.0,2.0,A,A,4.0,3.5,1.91,2.1,1.73
F1,2024-05-12,20:00:00,Paris SG,Toulouse,1,3,1.0,1.0,A,D,1.4,6.0,5.75,1.4,3.0
F1,2024-05-12,20:00:00,Rennes,Lens,1,1,0.0,0.0,D,D,2.5,3.4,2.8,1.89,2.01
F1,2024-05-12,20:00:00,Strasbourg,Metz,2,1,0.0,0.0,H,D,2.2,3.6,3.1,1.95,1.95
F1,2024-05-15,20:00:00,Nice,Paris SG,1,2,1.0,2.0,A,A,2.5,3.6,2.63,1.57,2.38
F1,2024-05-15,20:00:00,Reims,Marseille,1,0,1.0,0.0,H,H,3.25,3.5,2.15,1.67,2.2
F1,2024-05-19,20:00:00,Le Havre,Marseille,1,2,0.0,0.0,A,D,4.5,3.6,1.8,1.84,2.06
F1,2024-05-19,20:00:00,Lens,Montpellier,2,2,2.0,0.0,D,H,1.44,4.75,6.5,1.44,2.75
F1,2024-05-19,20:00:00,Lille,Nice,2,2,0.0,1.0,D,A,1.65,4.0,5.0,1.8,2.0
F1,2024-05-19,20:00:00,Lorient,Clermont,5,0,2.0,0.0,H,H,1.67,4.0,4.75,1.5,2.63
F1,2024-05-19,20:00:00,Lyon,Strasbourg,2,1,1.0,0.0,H,H,1.42,4.75,7.5,1.4,3.0
F1,2024-05-19,20:00:00,Metz,Paris SG,0,2,0.0,2.0,A,A,5.5,4.0,1.62,1.44,2.75
F1,2024-05-19,20:00:00,Monaco,Nantes,4,0,3.0,0.0,H,H,1.38,5.0,7.5,1.4,3.0
F1,2024-05-19,20:00:00,Reims,Rennes,2,1,0.0,0.0,H,D,2.88,3.3,2.5,1.62,2.3
F1,2024-05-19,20:00:00,Toulouse,Brest,0,3,0.0,0.0,A,D,4.0,3.75,1.9,1.67,2.2
F2,2023-08-05,14:00:00,St Etienne,Grenoble,0,1,0.0,0.0,A,D,1.6,3.75,5.25,1.88,1.98
F2,2023-08-05,18:00:00,Ajaccio,Rodez,1,1,1.0,1.0,D,D,1.85,3.1,4.33,2.7,1.44
F2,2023-08-05,18:00:00,Amiens,Quevilly Rouen,1,0,0.0,0.0,H,D,2.6,3.2,2.63,2.0,1.85
F2,2023-08-05,18:00:00,Annecy,Guingamp,1,4,1.0,0.0,A,H,,,,,
F2,2023-08-05,18:00:00,Concarneau,Bastia,0,0,0.0,0.0,D,D,2.88,3.2,2.4,2.15,1.67
F2,2023-08-05,18:00:00,Dunkerque,Troyes,2,2,1.0,2.0,D,A,2.63,3.2,2.63,2.05,1.75
F2,2023-08-05,18:00:00,Laval,Angers,1,0,0.0,0.0,H,D,2.55,3.2,2.7,2.1,1.7
F2,2023-08-05,18:00:00,Paris FC,Caen,0,2,0.0,1.0,A,A,2.63,3.25,2.6,2.05,1.75
F2,2023-08-05,18:00:00,Valenciennes,Auxerre,1,4,1.0,1.0,A,D,3.4,3.25,2.05,2.15,1.67
F2,2023-08-07,19:45:00,Pau FC,Bordeaux,3,0,2.0,0.0,H,H,3.8,3.25,1.95,2.0,1.85
F2,2023-08-12,14:00:00,Rodez,St Etienne,2,1,1.0,0.0,H,H,3.6,3.5,1.91,1.83,2.03
F2,2023-08-12,18:00:00,Angers,Annecy,0,0,0.0,0.0,D,D,1.67,3.5,5.0,2.15,1.67
F2,2023-08-12,18:00:00,Auxerre,Amiens,0,1,0.0,0.0,A,D,1.67,3.6,4.75,2.0,1.85
F2,2023-08-12,18:00:00,Bastia,Valenciennes,3,0,1.0,0.0,H,H,1.73,3.5,4.5,2.1,1.7
F2,2023-08-12,18:00:00,Caen,Pau FC,2,0,2.0,0.0,H,H,1.65,3.5,5.25,2.05,1.75
F2,2023-08-12,18:00:00,Grenoble,Paris FC,2,0,0.0,0.0,H,D,2.38,3.2,2.8,2.1,1.7
F2,2023-08-12,18:00:00,Guingamp,Dunkerque,0,1,0.0,0.0,A,D,1.75,3.5,4.33,2.05,1.8
F2,2023-08-12,18:00:00,Quevilly Rouen,Ajaccio,0,1,0.0,1.0,A,A,2.4,3.0,2.88,2.5,1.5
F2,2023-08-12,18:00:00,Troyes,Laval,3,1,2.0,0.0,H,H,1.91,3.3,3.75,2.08,1.73
F2,2023-08-14,19:45:00,Bordeaux,Concarneau,1,0,0.0,0.0,H,D,1.62,3.6,5.0,2.0,1.85
F2,2023-08-19,14:00:00,Angers,Auxerre,2,2,1.0,1.0,D,D,2.75,3.25,2.5,2.05,1.75
F2,2023-08-19,18:00:00,Amiens,Bastia,2,1,1.0,1.0,H,D,2.5,3.2,2.8,2.1,1.7
F2,2023-08-19,18:00:00,Annecy,Dunkerque,3,0,0.0,0.0,H,D,2.7,3.2,2.63,2.15,1.67
F2,2023-08-19,18:00:00,Concarneau,Caen,0,2,0.0,0.0,A,D,3.2,3.3,2.2,2.05,1.75
F2,2023-08-19,18:00:00,Grenoble,Troyes,0,0,0.0,0.0,D,D,2.3,3.3,3.0,2.05,1.75
F2,2023-08-19,18:00:00,Laval,Rodez,1,0,0.0,0.0,H,D,2.0,3.3,3.75,2.15,1.67
F2,2023-08-19,18:00:00,Pau FC,Paris FC,2,0,1.0,0.0,H,H,2.45,3.2,2.9,2.05,1.75
F2,2023-08-19,18:00:00,St Etienne,Quevilly Rouen,2,1,2.0,0.0,H,H,1.7,3.75,5.0,1.83,2.03
F2,2023-08-19,18:00:00,Valenciennes,Guingamp,0,0,0.0,0.0,D,D,3.4,3.3,2.15,2.1,1.78
F2,2023-08-21,19:45:00,Ajaccio,Bordeaux,0,0,0.0,0.0,D,D,2.7,3.0,2.8,2.4,1.53
F2,2023-08-26,14:00:00,Bordeaux,Amiens,2,0,0.0,0.0,H,D,1.73,3.6,4.5,1.9,1.95
F2,2023-08-26,18:00:00,Auxerre,Grenoble,0,0,0.0,0.0,D,D,1.83,3.5,4.2,2.05,1.75
F2,2023-08-26,18:00:00,Bastia,Troyes,3,2,0.0,2.0,H,A,2.05,3.4,3.6,2.05,1.75
F2,2023-08-26,18:00:00,Caen,Ajaccio,3,0,2.0,0.0,H,H,1.75,3.25,5.25,2.4,1.53
F2,2023-08-26,18:00:00,Dunkerque,Angers,0,1,0.0,0.0,A,D,2.7,3.2,2.6,2.05,1.75
F2,2023-08-26,18:00:00,Guingamp,Pau FC,4,0,2.0,0.0,H,H,1.85,3.4,4.33,2.1,1.7
F2,2023-08-26,18:00:00,Paris FC,Concarneau,3,0,1.0,0.0,H,H,2.25,3.4,3.1,2.1,1.7
F2,2023-08-26,18:00:00,Quevilly Rouen,Laval,0,0,0.0,0.0,D,D,2.2,3.3,3.2,2.15,1.67
F2,2023-08-26,18:00:00,Rodez,Valenciennes,0,1,0.0,1.0,A,A,1.95,3.4,4.0,2.15,1.67
F2,2023-08-28,19:45:00,Annecy,St Etienne,1,1,1.0,0.0,D,H,3.75,3.4,2.05,1.88,1.98
F2,2023-09-02,14:00:00,Bordeaux,Auxerre,2,4,1.0,2.0,A,A,1.91,3.5,3.8,2.05,1.8
F2,2023-09-02,18:00:00,Ajaccio,Dunkerque,2,2,0.0,1.0,D,A,1.83,3.4,4.5,2.3,1.6
F2,2023-09-02,18:00:00,Amiens,Guingamp,4,1,1.0,1.0,H,D,2.3,3.4,3.1,2.1,1.7
F2,2023-09-02,18:00:00,Angers,Paris FC,2,0,1.0,0.0,H,H,1.95,3.5,3.8,2.1,1.7
F2,2023-09-02,18:00:00,Concarneau,Annecy,1,1,0.0,1.0,D,A,2.15,3.3,3.4,2.15,1.67
F2,2023-09-02,18:00:00,Grenoble,Bastia,0,0,0.0,0.0,D,D,2.3,3.2,3.2,2.2,1.65
F2,2023-09-02,18:00:00,Laval,Caen,2,1,0.0,0.0,H,D,3.3,3.25,2.2,2.1,1.7
F2,2023-09-02,18:00:00,Pau FC,Rodez,2,2,2.0,0.0,D,H,2.63,3.25,2.6,2.1,1.7
F2,2023-09-02,18:00:00,St Etienne,Valenciennes,0,0,0.0,0.0,D,D,1.6,3.8,5.75,1.8,2.05
F2,2023-09-02,18:00:00,Troyes,Quevilly Rouen,2,2,0.0,2.0,D,A,2.25,3.3,3.0,2.03,1.83
F2,2023-09-16,14:00:00,Caen,St Etienne,1,2,0.0,1.0,A,A,1.91,3.6,3.8,1.95,1.9
F2,2023-09-16,18:00:00,Annecy,Troyes,0,0,0.0,0.0,D,D,2.38,3.3,3.0,2.0,1.8
F2,2023-09-16,18:00:00,Auxerre,Pau FC,2,2,1.0,1.0,D,D,1.5,4.2,6.5,1.85,2.0
F2,2023-09-16,18:00:00,Bastia,Laval,0,3,0.0,1.0,A,A,2.1,3.1,3.75,2.25,1.62
F2,2023-09-16,18:00:00,Dunkerque,Grenoble,0,0,0.0,0.0,D,D,2.63,3.25,2.63,2.15,1.67
F2,2023-09-16,18:00:00,Paris FC,Amiens,3,0,2.0,0.0,H,H,2.7,3.2,2.63,2.1,1.7
F2,2023-09-16,18:00:00,Quevilly Rouen,Concarneau,2,3,0.0,3.0,A,A,1.91,3.3,4.2,2.15,1.67
F2,2023-09-16,18:00:00,Rodez,Angers,4,1,0.0,1.0,H,A,2.88,3.2,2.5,2.15,1.67
F2,2023-09-16,18:00:00,Valenciennes,Bordeaux,1,2,0.0,1.0,A,A,4.2,3.4,1.91,2.0,1.8
F2,2023-09-18,19:45:00,Guingamp,Ajaccio,3,0,2.0,0.0,H,H,2.3,3.1,3.3,2.25,1.62
F2,2023-09-23,14:00:00,Troyes,Auxerre,1,2,0.0,1.0,A,A,3.25,3.5,2.1,1.83,2.03
F2,2023-09-23,18:00:00,Ajaccio,Paris FC,2,1,0.0,0.0,H,D,1.91,3.4,4.2,2.35,1.57
F2,2023-09-23,18:00:00,Amiens,Valenciennes,0,0,0.0,0.0,D,D,1.65,3.75,5.25,2.03,1.83
F2,2023-09-23,18:00:00,Angers,Bastia,2,0,1.0,0.0,H,H,2.0,3.4,4.0,2.1,1.7
F2,2023-09-23,18:00:00,Concarneau,St Etienne,0,1,0.0,0.0,A,D,3.2,3.2,2.25,2.0,1.8
F2,2023-09-23,18:00:00,Dunkerque,Rodez,1,2,0.0,1.0,A,A,2.45,3.1,3.1,2.1,1.7
F2,2023-09-23,18:00:00,Grenoble,Quevilly Rouen,2,1,1.0,1.0,H,D,2.5,3.2,2.8,2.15,1.67
F2,2023-09-23,18:00:00,Laval,Guingamp,2,1,0.0,0.0,H,D,2.5,3.1,2.9,2.35,1.57
F2,2023-09-23,18:00:00,Pau FC,Annecy,0,3,0.0,2.0,A,A,2.7,3.4,2.5,2.2,1.65
F2,2023-09-26,19:45:00,Amiens,Ajaccio,0,0,0.0,0.0,D,D,2.05,3.3,3.6,2.35,1.57
F2,2023-09-26,19:45:00,Auxerre,Annecy,4,0,2.0,0.0,H,H,1.55,4.2,5.5,1.88,1.98
F2,2023-09-26,19:45:00,Bastia,Pau FC,1,4,0.0,1.0,A,A,1.73,3.75,4.75,2.0,1.85
F2,2023-09-26,19:45:00,Caen,Grenoble,1,2,1.0,0.0,A,H,1.91,3.4,4.0,2.2,1.65
F2,2023-09-26,19:45:00,Guingamp,Bordeaux,0,0,0.0,0.0,D,D,2.75,3.2,2.63,2.15,1.67
F2,2023-09-26,19:45:00,Paris FC,Laval,0,1,0.0,0.0,A,D,2.8,3.0,2.75,2.25,1.62
F2,2023-09-26,19:45:00,Quevilly Rouen,Angers,0,1,0.0,1.0,A,A,2.7,3.1,2.75,2.25,1.62
F2,2023-09-26,19:45:00,Rodez,Troyes,2,1,0.0,0.0,H,D,1.91,3.6,3.75,1.93,1.93
F2,2023-09-26,19:45:00,Valenciennes,Concarneau,0,1,0.0,1.0,A,A,2.25,3.2,3.1,2.35,1.57
F2,2023-09-30,14:00:00,Troyes,St Etienne,0,1,0.0,0.0,A,D,3.3,3.5,2.1,1.8,2.05
F2,2023-09-30,18:00:00,Angers,Concarneau,2,0,0.0,0.0,H,D,1.75,3.5,4.75,2.15,1.67
F2,2023-09-30,18:00:00,Annecy,Paris FC,2,2,1.0,0.0,D,H,2.3,3.25,3.1,2.25,1.62
F2,2023-09-30,18:00:00,Auxerre,Rodez,3,1,1.0,0.0,H,H,1.53,3.8,6.5,1.78,2.1
F2,2023-09-30,18:00:00,Caen,Guingamp,0,1,0.0,0.0,A,D,1.95,3.3,4.0,2.1,1.7
F2,2023-09-30,18:00:00,Dunkerque,Quevilly Rouen,0,1,0.0,0.0,A,D,2.38,3.3,3.0,2.2,1.65
F2,2023-09-30,18:00:00,Grenoble,Bordeaux,2,0,1.0,0.0,H,H,2.63,3.2,2.7,2.2,1.65
F2,2023-09-30,18:00:00,Laval,Valenciennes,1,0,0.0,0.0,H,D,1.73,3.4,5.0,2.25,1.62
F2,2023-09-30,18:00:00,Pau FC,Amiens,1,0,1.0,0.0,H,H,2.88,3.1,2.5,2.05,1.75
F2,2023-10-02,19:45:00,Ajaccio,Bastia,2,0,0.0,0.0,H,D,2.25,3.0,3.3,2.4,1.53
F2,2023-10-03,17:45:00,Bordeaux,Caen,1,1,1.0,1.0,D,D,2.15,3.3,3.3,2.05,1.75
F2,2023-10-04,17:45:00,St Etienne,Dunkerque,2,0,0.0,0.0,H,D,1.67,3.75,5.0,1.78,2.1
F2,2023-10-07,14:00:00,Bordeaux,Laval,0,1,0.0,1.0,A,A,1.85,3.5,4.2,2.1,1.7
F2,2023-10-07,18:00:00,Amiens,Angers,1,4,1.0,2.0,A,A,2.38,3.2,3.0,2.25,1.62
F2,2023-10-07,18:00:00,Bastia,Annecy,2,1,0.0,0.0,H,D,1.95,3.4,4.0,2.15,1.67
F2,2023-10-07,18:00:00,Concarneau,Dunkerque,4,3,1.0,2.0,H,A,2.3,3.25,3.0,2.1,1.7
F2,2023-10-07,18:00:00,Guingamp,Grenoble,2,2,2.0,1.0,D,H,2.2,3.2,3.3,2.2,1.65
F2,2023-10-07,18:00:00,Paris FC,Auxerre,0,2,0.0,1.0,A,A,3.75,3.5,1.95,1.85,2.0
F2,2023-10-07,18:00:00,Quevilly Rouen,Pau FC,2,2,1.0,1.0,D,D,1.83,3.5,4.2,2.08,1.73
F2,2023-10-07,18:00:00,Rodez,Caen,5,3,2.0,3.0,H,A,2.8,3.2,2.55,2.1,1.7
F2,2023-10-07,18:00:00,St Etienne,Ajaccio,0,0,0.0,0.0,D,D,2.05,3.3,3.8,2.2,1.65
F2,2023-10-07,18:00:00,Valenciennes,Troyes,1,1,0.0,1.0,D,A,2.45,3.4,2.8,2.05,1.8
F2,2023-10-21,14:00:00,Caen,Auxerre,1,1,0.0,1.0,D,A,3.2,3.4,2.2,1.88,1.98
F2,2023-10-21,18:00:00,Ajaccio,Pau FC,2,0,0.0,0.0,H,D,1.8,3.3,4.75,2.25,1.62
F2,2023-10-21,18:00:00,Angers,Bordeaux,2,0,1.0,0.0,H,H,2.38,3.3,2.9,2.05,1.75
F2,2023-10-21,18:00:00,Annecy,Amiens,1,1,1.0,1.0,D,D,2.7,3.2,2.63,2.25,1.62
F2,2023-10-21,18:00:00,Dunkerque,Paris FC,1,3,0.0,1.0,A,A,2.5,3.25,2.88,2.08,1.73
F2,2023-10-21,18:00:00,Grenoble,Valenciennes,3,3,2.0,1.0,D,H,2.0,3.25,4.0,2.3,1.6
F2,2023-10-21,18:00:00,Guingamp,Quevilly Rouen,2,2,1.0,1.0,D,D,1.91,3.5,3.8,2.15,1.67
F2,2023-10-21,18:00:00,Rodez,Bastia,1,1,0.0,1.0,D,A,1.83,3.6,4.0,2.05,1.75
F2,2023-10-21,18:00:00,Troyes,Concarneau,0,0,0.0,0.0,D,D,2.05,3.4,3.4,1.9,1.95
F2,2023-10-23,19:45:00,Laval,St Etienne,0,1,0.0,1.0,A,A,2.6,3.25,2.75,2.15,1.67
F2,2023-10-28,14:00:00,Bordeaux,Rodez,2,2,2.0,1.0,D,H,1.7,3.75,4.75,1.95,1.9
F2,2023-10-28,18:00:00,Amiens,Laval,0,0,0.0,0.0,D,D,2.4,3.2,2.9,2.3,1.6
F2,2023-10-28,18:00:00,Auxerre,Dunkerque,0,1,0.0,0.0,A,D,1.44,5.0,6.5,1.62,2.25
F2,2023-10-28,18:00:00,Bastia,Guingamp,0,0,0.0,0.0,D,D,2.88,3.2,2.5,2.15,1.67
F2,2023-10-28,18:00:00,Concarneau,Ajaccio,2,1,0.0,0.0,H,D,2.9,3.1,2.5,2.35,1.57
F2,2023-10-28,18:00:00,Paris FC,Troyes,2,2,0.0,0.0,D,D,1.95,3.5,3.8,1.95,1.9
F2,2023-10-28,18:00:00,Pau FC,Grenoble,3,2,1.0,1.0,H,D,3.2,3.2,2.25,2.1,1.7
F2,2023-10-28,18:00:00,Quevilly Rouen,Annecy,1,2,1.0,1.0,A,D,2.0,3.4,3.6,2.1,1.7
F2,2023-10-28,18:00:00,Valenciennes,Caen,2,2,2.0,0.0,D,H,2.9,3.2,2.45,2.1,1.7
F2,2023-10-30,19:45:00,St Etienne,Angers,2,0,0.0,0.0,H,D,2.38,3.5,2.8,2.05,1.75
F2,2023-11-04,14:00:00,St Etienne,Paris FC,0,1,0.0,0.0,A,D,1.91,3.4,4.0,2.05,1.75
F2,2023-11-04,18:00:00,Angers,Valenciennes,2,0,2.0,0.0,H,H,1.6,3.75,6.0,2.05,1.75
F2,2023-11-04,18:00:00,Annecy,Laval,1,3,1.0,1.0,A,D,2.88,3.2,2.55,2.3,1.6
F2,2023-11-04,18:00:00,Bastia,Bordeaux,3,1,2.0,0.0,H,H,3.5,3.3,2.05,2.05,1.75
F2,2023-11-04,18:00:00,Dunkerque,Amiens,0,1,0.0,1.0,A,A,2.9,3.1,2.55,2.25,1.62
F2,2023-11-04,18:00:00,Grenoble,Ajaccio,0,3,0.0,2.0,A,A,2.1,3.1,3.8,2.7,1.44
F2,2023-11-04,18:00:00,Quevilly Rouen,Rodez,3,1,2.0,1.0,H,H,2.38,3.2,3.0,2.05,1.75
F2,2023-11-04,18:00:00,Troyes,Caen,2,1,1.0,0.0,H,H,2.8,3.3,2.45,1.93,1.93
F2,2023-11-06,19:45:00,Guingamp,Auxerre,2,1,0.0,0.0,H,D,3.25,3.25,2.25,1.98,1.88
F2,2023-11-11,14:00:00,Bordeaux,Annecy,3,1,2.0,1.0,H,H,1.57,4.0,5.0,1.95,1.9
F2,2023-11-11,18:00:00,Ajaccio,Troyes,1,0,1.0,0.0,H,H,1.85,3.25,4.33,2.3,1.6
F2,2023-11-11,18:00:00,Amiens,Grenoble,1,2,1.0,1.0,A,D,2.45,3.2,2.88,2.3,1.6
F2,2023-11-11,18:00:00,Auxerre,St Etienne,5,2,3.0,1.0,H,H,1.75,3.5,4.2,1.9,1.95
F2,2023-11-11,18:00:00,Caen,Quevilly Rouen,3,3,2.0,2.0,D,D,2.25,3.3,2.9,2.08,1.73
F2,2023-11-11,18:00:00,Laval,Concarneau,0,3,0.0,1.0,A,A,1.73,3.5,4.5,2.2,1.65
F2,2023-11-11,18:00:00,Paris FC,Bastia,1,0,1.0,0.0,H,H,1.95,3.4,3.6,2.08,1.73
F2,2023-11-11,18:00:00,Pau FC,Angers,4,4,2.0,1.0,D,H,3.25,3.3,2.1,2.1,1.7
F2,2023-11-11,18:00:00,Rodez,Guingamp,0,0,0.0,0.0,D,D,2.4,3.25,2.8,2.05,1.8
F2,2023-11-11,18:00:00,Valenciennes,Dunkerque,0,1,0.0,0.0,A,D,2.25,3.25,3.0,2.1,1.7
F2,2023-11-25,14:00:00,St Etienne,Pau FC,1,2,1.0,0.0,A,H,1.62,3.75,4.75,1.85,2.0
F2,2023-11-25,18:00:00,Amiens,Concarneau,1,1,1.0,1.0,D,D,1.85,3.25,3.8,2.1,1.7
F2,2023-11-25,18:00:00,Annecy,Ajaccio,2,0,1.0,0.0,H,H,2.88,2.9,2.5,2.6,1.48
F2,2023-11-25,18:00:00,Bastia,Auxerre,0,0,0.0,0.0,D,D,4.5,3.6,1.7,1.88,1.98
F2,2023-11-25,18:00:00,Dunkerque,Laval,0,2,0.0,2.0,A,A,3.2,3.2,2.2,2.35,1.57
F2,2023-11-25,18:00:00,Grenoble,Rodez,2,1,1.0,1.0,H,D,2.0,3.3,3.75,2.0,1.85
F2,2023-11-25,18:00:00,Paris FC,Bordeaux,1,2,1.0,1.0,A,D,3.0,3.4,2.2,1.98,1.88
F2,2023-11-25,18:00:00,Quevilly Rouen,Valenciennes,0,0,0.0,0.0,D,D,1.67,3.5,4.75,2.05,1.8
F2,2023-11-25,18:00:00,Troyes,Guingamp,0,1,0.0,1.0,A,A,3.2,3.3,2.1,2.08,1.73
F2,2023-11-27,19:45:00,Angers,Caen,3,0,1.0,0.0,H,H,2.2,3.1,3.25,2.2,1.65
F2,2023-11-28,18:00:00,Concarneau,Pau FC,1,2,0.0,1.0,A,A,2.15,3.25,3.4,2.0,1.8
F2,2023-12-02,14:00:00,Bordeaux,Troyes,0,1,0.0,1.0,A,A,1.44,4.5,7.0,1.62,2.25
F2,2023-12-02,18:00:00,Ajaccio,Angers,1,1,1.0,1.0,D,D,2.55,3.0,3.0,2.6,1.48
F2,2023-12-02,18:00:00,Amiens,St Etienne,1,0,1.0,0.0,H,H,2.75,3.2,2.63,2.1,1.78
F2,2023-12-02,18:00:00,Auxerre,Quevilly Rouen,3,2,1.0,2.0,H,A,1.6,4.0,5.5,1.75,2.05
F2,2023-12-02,18:00:00,Caen,Bastia,1,0,0.0,0.0,H,D,1.85,3.4,4.2,2.1,1.78
F2,2023-12-02,18:00:00,Guingamp,Paris FC,0,1,0.0,0.0,A,D,2.15,3.2,3.4,2.15,1.67
F2,2023-12-02,18:00:00,Laval,Grenoble,1,1,0.0,0.0,D,D,2.3,3.1,3.4,2.4,1.53
F2,2023-12-02,18:00:00,Pau FC,Dunkerque,1,1,1.0,0.0,D,H,2.25,3.2,3.3,2.0,1.85
F2,2023-12-02,18:00:00,Rodez,Concarneau,2,0,1.0,0.0,H,H,1.8,3.5,4.2,2.05,1.75
F2,2023-12-02,18:00:00,Valenciennes,Annecy,0,0,0.0,0.0,D,D,2.55,3.1,2.8,2.25,1.62
F2,2023-12-05,19:45:00,Ajaccio,Laval,2,0,0.0,0.0,H,D,2.45,2.75,3.3,3.4,1.33
F2,2023-12-05,19:45:00,Angers,Grenoble,1,0,1.0,0.0,H,H,2.0,3.4,3.75,2.15,1.67
F2,2023-12-05,19:45:00,Concarneau,Auxerre,1,2,0.0,2.0,A,A,5.0,3.6,1.67,1.75,2.05
F2,2023-12-05,19:45:00,Dunkerque,Bastia,0,5,0.0,2.0,A,A,2.3,3.1,3.4,2.25,1.62
F2,2023-12-05,19:45:00,Paris FC,Rodez,2,0,2.0,0.0,H,H,2.05,3.5,3.5,1.9,1.95
F2,2023-12-05,19:45:00,Pau FC,Valenciennes,3,1,1.0,0.0,H,H,1.91,3.4,4.0,2.1,1.7
F2,2023-12-05,19:45:00,Quevilly Rouen,Bordeaux,3,2,2.0,0.0,H,H,2.45,3.3,2.8,2.1,1.7
F2,2023-12-05,19:45:00,St Etienne,Guingamp,1,3,1.0,1.0,A,D,2.25,3.1,3.25,2.25,1.62
F2,2023-12-05,19:45:00,Troyes,Amiens,2,0,2.0,0.0,H,H,2.7,3.3,2.55,2.15,1.67
F2,2023-12-06,18:00:00,Annecy,Caen,1,2,1.0,0.0,A,H,2.75,3.3,2.5,2.05,1.8
F2,2023-12-16,14:00:00,Auxerre,Ajaccio,2,0,2.0,0.0,H,H,1.65,3.5,5.0,2.15,1.67
F2,2023-12-16,14:00:00,Bordeaux,St Etienne,0,0,0.0,0.0,D,D,2.0,3.4,3.3,1.98,1.88
F2,2023-12-16,18:00:00,Bastia,Quevilly Rouen,0,0,0.0,0.0,D,D,2.7,3.0,2.6,2.35,1.57
F2,2023-12-16,18:00:00,Caen,Dunkerque,1,0,1.0,0.0,H,H,1.8,3.5,4.0,2.05,1.8
F2,2023-12-16,18:00:00,Grenoble,Annecy,1,0,0.0,0.0,H,D,1.85,3.3,4.0,2.08,1.73
F2,2023-12-16,18:00:00,Guingamp,Concarneau,0,1,0.0,0.0,A,D,1.62,3.6,5.25,2.08,1.73
F2,2023-12-16,18:00:00,Laval,Pau FC,1,1,0.0,0.0,D,D,1.75,3.5,4.33,2.15,1.67
F2,2023-12-16,18:00:00,Rodez,Amiens,2,2,0.0,1.0,D,A,2.25,3.0,3.25,2.35,1.57
F2,2023-12-16,18:00:00,Troyes,Angers,1,4,1.0,3.0,A,A,3.8,3.4,1.85,2.05,1.8
F2,2023-12-16,18:00:00,Valenciennes,Paris FC,0,1,0.0,1.0,A,A,3.0,3.1,2.3,2.2,1.65
F2,2023-12-19,19:45:00,Ajaccio,Valenciennes,2,1,2.0,1.0,H,H,1.91,3.0,4.75,3.1,1.36
F2,2023-12-19,19:45:00,Amiens,Caen,0,0,0.0,0.0,D,D,2.38,3.25,3.0,2.1,1.7
F2,2023-12-19,19:45:00,Angers,Guingamp,1,0,1.0,0.0,H,H,2.25,3.2,3.3,2.5,1.5
F2,2023-12-19,19:45:00,Annecy,Rodez,1,2,0.0,1.0,A,A,2.7,3.3,2.55,2.2,1.65
F2,2023-12-19,19:45:00,Concarneau,Grenoble,0,3,0.0,1.0,A,A,3.2,3.2,2.25,2.25,1.62
F2,2023-12-19,19:45:00,Dunkerque,Bordeaux,0,2,0.0,1.0,A,A,3.5,3.5,2.05,1.83,2.03
F2,2023-12-19,19:45:00,Laval,Auxerre,1,3,1.0,1.0,A,D,3.3,3.3,2.2,2.08,1.73
F2,2023-12-19,19:45:00,Paris FC,Quevilly Rouen,2,2,1.0,1.0,D,D,2.15,3.3,3.25,2.05,1.75
F2,2023-12-19,19:45:00,Pau FC,Troyes,1,1,0.0,0.0,D,D,2.05,3.5,3.6,1.85,2.0
F2,2023-12-19,19:45:00,St Etienne,Bastia,3,2,2.0,0.0,H,H,1.8,3.5,4.5,2.03,1.83
F2,2024-01-13,14:00:00,St Etienne,Laval,0,0,0.0,0.0,D,D,2.1,3.1,3.3,2.2,1.65
F2,2024-01-13,18:00:00,Bastia,Angers,2,0,1.0,0.0,H,H,3.25,3.0,2.2,2.6,1.48
F2,2024-01-13,18:00:00,Caen,Concarneau,1,0,0.0,0.0,H,D,1.8,3.3,4.0,2.05,1.75
F2,2024-01-13,18:00:00,Grenoble,Dunkerque,2,2,1.0,0.0,D,H,1.62,3.75,4.75,2.05,1.8
F2,2024-01-13,18:00:00,Paris FC,Annecy,2,1,0.0,0.0,H,D,1.83,3.3,4.0,2.15,1.67
F2,2024-01-13,18:00:00,Quevilly Rouen,Guingamp,0,1,0.0,0.0,A,D,2.55,3.0,2.75,2.4,1.53
F2,2024-01-13,18:00:00,Rodez,Pau FC,2,1,0.0,0.0,H,D,1.8,3.6,4.0,1.88,1.98
F2,2024-01-13,18:00:00,Troyes,Ajaccio,3,1,1.0,1.0,H,D,2.63,3.0,2.6,2.5,1.5
F2,2024-01-13,18:00:00,Valenciennes,Amiens,0,1,0.0,1.0,A,A,3.1,2.88,2.4,2.6,1.48
F2,2024-01-15,19:45:00,Auxerre,Bordeaux,3,1,1.0,1.0,H,D,1.7,3.75,4.33,1.73,2.08
F2,2024-01-23,19:45:00,Amiens,Annecy,1,0,0.0,0.0,H,D,1.95,3.3,3.5,2.3,1.6
F2,2024-01-23,19:45:00,Angers,Quevilly Rouen,3,2,2.0,1.0,H,H,2.05,3.3,3.4,2.2,1.65
F2,2024-01-23,19:45:00,Bastia,Caen,1,2,1.0,0.0,A,H,2.3,3.0,3.1,2.35,1.57
F2,2024-01-23,19:45:00,Bordeaux,Valenciennes,3,1,0.0,0.0,H,D,1.45,4.0,7.0,1.98,1.88
F2,2024-01-23,19:45:00,Concarneau,Troyes,1,0,0.0,0.0,H,D,2.3,3.1,2.9,2.0,1.85
F2,2024-01-23,19:45:00,Dunkerque,Ajaccio,2,0,1.0,0.0,H,H,2.63,2.9,2.55,2.7,1.44
F2,2024-01-23,19:45:00,Grenoble,Auxerre,1,1,1.0,1.0,D,D,3.1,3.3,2.1,1.98,1.88
F2,2024-01-23,19:45:00,Guingamp,Rodez,3,3,3.0,3.0,D,D,1.91,3.0,4.0,2.2,1.65
F2,2024-01-23,19:45:00,Laval,Paris FC,1,1,1.0,0.0,D,H,2.3,3.0,3.0,2.5,1.5
F2,2024-01-23,19:45:00,Pau FC,St Etienne,0,1,0.0,1.0,A,A,2.7,3.25,2.4,1.85,2.0
F2,2024-01-27,14:00:00,St Etienne,Amiens,0,1,0.0,1.0,A,A,1.95,3.25,4.2,2.08,1.73
F2,2024-01-27,18:00:00,Ajaccio,Concarneau,1,0,1.0,0.0,H,H,1.95,3.2,4.2,2.88,1.4
F2,2024-01-27,18:00:00,Annecy,Pau FC,0,0,0.0,0.0,D,D,2.05,3.4,3.5,2.0,1.85
F2,2024-01-27,18:00:00,Auxerre,Guingamp,1,1,1.0,1.0,D,D,1.8,3.5,4.2,2.05,1.8
F2,2024-01-27,18:00:00,Caen,Troyes,0,0,0.0,0.0,D,D,1.85,3.5,4.2,2.03,1.83
F2,2024-01-27,18:00:00,Paris FC,Dunkerque,1,2,0.0,1.0,A,A,1.75,3.5,5.0,2.05,1.8
F2,2024-01-27,18:00:00,Quevilly Rouen,Grenoble,1,1,0.0,0.0,D,D,2.5,3.1,2.9,2.25,1.62
F2,2024-01-27,18:00:00,Rodez,Laval,1,2,0.0,0.0,A,D,2.1,3.2,3.5,2.25,1.62
F2,2024-01-27,18:00:00,Valenciennes,Bastia,3,1,1.0,1.0,H,D,2.7,3.0,2.75,2.4,1.53
F2,2024-01-29,19:45:00,Bordeaux,Angers,1,0,0.0,0.0,H,D,2.05,3.4,3.5,2.08,1.73
F2,2024-02-03,14:00:00,Dunkerque,St Etienne,1,0,0.0,0.0,H,D,3.4,3.2,2.2,2.05,1.75
F2,2024-02-03,18:00:00,Amiens,Paris FC,1,1,0.0,0.0,D,D,2.6,3.0,2.88,2.5,1.5
F2,2024-02-03,18:00:00,Angers,Rodez,2,1,1.0,1.0,H,D,1.95,3.5,3.6,1.98,1.88
F2,2024-02-03,18:00:00,Concarneau,Valenciennes,1,0,0.0,0.0,H,D,2.3,3.2,3.2,2.3,1.6
F2,2024-02-03,18:00:00,Grenoble,Caen,5,1,2.0,0.0,H,H,1.95,3.4,3.8,2.15,1.67
F2,2024-02-03,18:00:00,Guingamp,Annecy,1,4,1.0,2.0,A,A,1.55,3.8,6.0,2.15,1.67
F2,2024-02-03,18:00:00,Laval,Quevilly Rouen,2,4,0.0,2.0,A,A,2.25,3.25,3.1,2.25,1.62
F2,2024-02-03,18:00:00,Pau FC,Auxerre,2,2,1.0,1.0,D,D,4.33,3.75,1.75,1.8,2.0
F2,2024-02-03,18:00:00,Troyes,Bordeaux,2,1,0.0,0.0,H,D,3.6,3.5,1.95,1.9,1.95
F2,2024-02-05,19:45:00,Bastia,Ajaccio,1,0,0.0,0.0,H,D,2.3,3.1,3.1,2.88,1.4
F2,2024-02-10,14:00:00,Auxerre,Angers,1,0,0.0,0.0,H,D,1.8,3.5,4.5,1.93,1.93
F2,2024-02-10,18:00:00,Ajaccio,Guingamp,3,0,1.0,0.0,H,H,2.88,3.0,2.5,3.1,1.36
F2,2024-02-10,18:00:00,Annecy,Concarneau,0,3,0.0,0.0,A,D,2.15,3.0,3.6,2.25,1.62
F2,2024-02-10,18:00:00,Bordeaux,Grenoble,1,0,1.0,0.0,H,H,2.15,3.5,3.1,1.98,1.88
F2,2024-02-10,18:00:00,Caen,Amiens,2,0,0.0,0.0,H,D,2.05,3.25,3.6,2.3,1.6
F2,2024-02-10,18:00:00,Paris FC,Pau FC,1,1,0.0,0.0,D,D,1.85,3.4,4.2,2.05,1.75
F2,2024-02-10,18:00:00,Quevilly Rouen,Bastia,0,1,0.0,1.0,A,A,1.95,3.25,4.0,2.25,1.62
F2,2024-02-10,18:00:00,Rodez,Dunkerque,0,0,0.0,0.0,D,D,1.7,3.6,5.0,1.85,2.0
F2,2024-02-10,18:00:00,Valenciennes,Laval,1,1,0.0,0.0,D,D,3.25,2.9,2.3,2.5,1.5
F2,2024-02-12,19:45:00,St Etienne,Troyes,5,0,2.0,0.0,H,H,1.7,3.6,4.75,1.93,1.93
F2,2024-02-17,14:00:00,Angers,St Etienne,0,3,0.0,2.0,A,A,2.2,3.2,3.2,2.08,1.73
F2,2024-02-17,18:00:00,Annecy,Auxerre,0,2,0.0,1.0,A,A,4.33,3.5,1.75,1.93,1.93
F2,2024-02-17,18:00:00,Bastia,Rodez,0,2,0.0,1.0,A,A,2.38,3.1,2.9,2.15,1.67
F2,2024-02-17,18:00:00,Concarneau,Paris FC,2,2,1.0,0.0,D,H,3.1,2.9,2.38,2.3,1.6
F2,2024-02-17,18:00:00,Dunkerque,Valenciennes,2,1,1.0,1.0,H,D,2.1,3.1,3.4,2.2,1.65
F2,2024-02-17,18:00:00,Guingamp,Caen,1,0,1.0,0.0,H,H,1.8,3.4,4.0,2.15,1.67
F2,2024-02-17,18:00:00,Laval,Ajaccio,1,1,1.0,0.0,D,H,2.38,2.75,3.4,3.5,1.3
F2,2024-02-17,18:00:00,Pau FC,Quevilly Rouen,0,2,0.0,2.0,A,A,2.45,3.2,2.7,2.05,1.75
F2,2024-02-17,18:00:00,Troyes,Grenoble,3,1,1.0,0.0,H,H,3.1,3.25,2.2,2.08,1.73
F2,2024-02-19,19:45:00,Amiens,Bordeaux,1,1,1.0,0.0,D,H,2.8,3.0,2.5,,
F2,2024-02-24,14:00:00,St Etienne,Annecy,2,1,2.0,0.0,H,H,1.6,3.8,5.25,1.9,1.95
F2,2024-02-24,18:00:00,Ajaccio,Amiens,0,0,0.0,0.0,D,D,2.25,2.88,3.4,3.4,1.33
F2,2024-02-24,18:00:00,Auxerre,Bastia,1,1,1.0,0.0,D,H,1.53,4.0,5.75,1.83,2.03
F2,2024-02-24,18:00:00,Bordeaux,Guingamp,1,0,1.0,0.0,H,H,2.2,3.2,3.2,2.08,1.73
F2,2024-02-24,18:00:00,Concarneau,Laval,1,3,0.0,1.0,A,A,2.88,3.0,2.5,2.5,1.5
F2,2024-02-24,18:00:00,Grenoble,Pau FC,0,1,0.0,1.0,A,A,1.8,3.4,4.33,1.98,1.88
F2,2024-02-24,18:00:00,Quevilly Rouen,Paris FC,0,0,0.0,0.0,D,D,2.4,3.1,2.9,2.25,1.62
F2,2024-02-24,18:00:00,Troyes,Dunkerque,1,2,1.0,1.0,A,D,2.05,3.4,3.3,1.98,1.88
F2,2024-02-24,18:00:00,Valenciennes,Rodez,0,2,0.0,1.0,A,A,3.0,3.2,2.3,2.1,1.7
F2,2024-02-26,19:45:00,Caen,Angers,2,0,1.0,0.0,H,H,2.38,3.2,3.1,2.2,1.65
F2,2024-03-02,14:00:00,Paris FC,St Etienne,0,0,0.0,0.0,D,D,2.45,3.2,2.88,2.08,1.73
F2,2024-03-02,18:00:00,Annecy,Quevilly Rouen,0,0,0.0,0.0,D,D,2.8,3.1,2.55,2.25,1.62
F2,2024-03-02,18:00:00,Auxerre,Valenciennes,0,0,0.0,0.0,D,D,1.3,5.25,9.0,1.73,2.08
F2,2024-03-02,18:00:00,Bastia,Grenoble,1,0,1.0,0.0,H,H,2.45,3.1,2.9,2.3,1.6
F2,2024-03-02,18:00:00,Dunkerque,Concarneau,2,2,1.0,1.0,D,D,2.3,3.1,3.2,2.35,1.57
F2,2024-03-02,18:00:00,Guingamp,Troyes,0,0,0.0,0.0,D,D,1.8,3.4,4.75,2.08,1.73
F2,2024-03-02,18:00:00,Laval,Amiens,1,1,1.0,0.0,D,H,2.0,3.2,4.0,2.6,1.48
F2,2024-03-02,18:00:00,Pau FC,Caen,2,3,0.0,1.0,A,A,2.88,3.2,2.45,2.08,1.73
F2,2024-03-02,18:00:00,Rodez,Bordeaux,2,2,2.0,1.0,D,H,2.55,3.4,2.63,1.88,1.98
F2,2024-03-04,19:45:00,Angers,Ajaccio,3,1,1.0,1.0,H,D,2.2,3.0,3.5,3.1,1.36
F2,2024-03-09,14:00:00,St Etienne,Auxerre,1,0,0.0,0.0,H,D,3.0,3.25,2.38,1.93,1.93
F2,2024-03-09,18:00:00,Ajaccio,Annecy,1,3,1.0,1.0,A,D,2.05,3.0,4.2,3.1,1.36
F2,2024-03-09,18:00:00,Amiens,Rodez,1,1,1.0,1.0,D,D,2.5,3.0,3.0,2.25,1.62
F2,2024-03-09,18:00:00,Bordeaux,Quevilly Rouen,0,0,0.0,0.0,D,D,1.91,3.5,4.0,2.05,1.75
F2,2024-03-09,18:00:00,Caen,Paris FC,0,1,0.0,0.0,A,D,2.38,2.9,3.3,2.35,1.57
F2,2024-03-09,18:00:00,Concarneau,Guingamp,2,3,0.0,1.0,A,A,3.4,3.1,2.2,2.35,1.57
F2,2024-03-09,18:00:00,Dunkerque,Pau FC,1,0,0.0,0.0,H,D,2.3,3.1,3.2,2.08,1.73
F2,2024-03-09,18:00:00,Troyes,Bastia,2,0,1.0,0.0,H,H,2.63,3.0,2.88,2.25,1.62
F2,2024-03-09,18:00:00,Valenciennes,Angers,0,0,0.0,0.0,D,D,3.8,3.2,2.05,2.35,1.57
F2,2024-03-11,19:45:00,Grenoble,Laval,0,2,0.0,1.0,A,A,2.3,3.0,3.4,2.5,1.5
F2,2024-03-16,14:00:00,Auxerre,Caen,2,1,0.0,1.0,H,A,1.65,3.8,5.0,1.9,1.95
F2,2024-03-16,18:00:00,Angers,Amiens,1,3,1.0,0.0,A,H,1.85,3.25,4.5,2.3,1.6
F2,2024-03-16,18:00:00,Annecy,Bordeaux,3,1,2.0,1.0,H,H,3.2,3.3,2.25,2.05,1.75
F2,2024-03-16,18:00:00,Bastia,St Etienne,0,4,0.0,2.0,A,A,2.7,3.1,2.63,2.2,1.65
F2,2024-03-16,18:00:00,Guingamp,Valenciennes,3,0,2.0,0.0,H,H,1.55,3.8,6.5,2.2,1.65
F2,2024-03-16,18:00:00,Laval,Dunkerque,1,2,0.0,2.0,A,A,1.95,3.2,4.2,2.5,1.5
F2,2024-03-16,18:00:00,Paris FC,Ajaccio,2,0,0.0,0.0,H,D,2.2,2.9,3.75,3.1,1.36
F2,2024-03-16,18:00:00,Pau FC,Concarneau,2,0,0.0,0.0,H,D,2.15,3.3,3.4,2.05,1.75
F2,2024-03-16,18:00:00,Quevilly Rouen,Troyes,1,1,0.0,1.0,D,A,1.95,3.25,4.0,2.25,1.62
F2,2024-03-16,18:00:00,Rodez,Grenoble,3,1,1.0,1.0,H,D,2.2,3.25,3.3,2.0,1.85
F2,2024-03-30,14:00:00,Valenciennes,St Etienne,0,2,0.0,2.0,A,A,5.5,3.6,1.65,2.15,1.67
F2,2024-03-30,18:00:00,Amiens,Pau FC,2,3,1.0,0.0,A,H,2.05,3.3,3.6,2.2,1.65
F2,2024-03-30,18:00:00,Bordeaux,Paris FC,3,3,1.0,2.0,D,A,2.3,3.25,3.1,2.08,1.73
F2,2024-03-30,18:00:00,Concarneau,Angers,2,4,2.0,0.0,A,H,2.88,3.2,2.45,2.2,1.65
F2,2024-03-30,18:00:00,Dunkerque,Annecy,0,2,0.0,0.0,A,D,2.38,3.1,3.1,2.25,1.62
F2,2024-03-30,18:00:00,Grenoble,Guingamp,0,0,0.0,0.0,D,D,2.8,3.0,2.7,2.4,1.53
F2,2024-03-30,18:00:00,Laval,Bastia,1,2,0.0,0.0,A,D,2.1,3.0,4.0,2.6,1.48
F2,2024-03-30,18:00:00,Quevilly Rouen,Caen,1,2,0.0,2.0,A,A,2.3,3.1,3.2,2.35,1.57
F2,2024-03-30,18:00:00,Troyes,Rodez,2,3,0.0,1.0,A,A,2.7,3.3,2.55,1.98,1.88
F2,2024-04-01,19:45:00,Ajaccio,Auxerre,0,1,0.0,1.0,A,A,3.8,3.1,2.1,2.7,1.44
F2,2024-04-06,14:00:00,St Etienne,Concarneau,1,0,1.0,0.0,H,H,1.44,4.2,7.0,1.8,2.05
F2,2024-04-06,18:00:00,Angers,Laval,1,1,0.0,1.0,D,A,2.0,3.2,4.33,2.35,1.57
F2,2024-04-06,18:00:00,Annecy,Valenciennes,2,1,0.0,1.0,H,A,1.65,3.6,5.5,2.35,1.57
F2,2024-04-06,18:00:00,Bastia,Dunkerque,1,1,1.0,0.0,D,H,2.05,3.25,3.8,2.3,1.6
F2,2024-04-06,18:00:00,Caen,Bordeaux,0,1,0.0,1.0,A,A,2.3,3.25,3.1,2.03,1.83
F2,2024-04-06,18:00:00,Guingamp,Amiens,0,0,0.0,0.0,D,D,1.91,3.3,4.2,2.5,1.5
F2,2024-04-06,18:00:00,Paris FC,Grenoble,2,1,0.0,1.0,H,A,1.95,3.2,4.2,2.2,1.65
F2,2024-04-06,18:00:00,Pau FC,Ajaccio,1,1,1.0,1.0,D,D,2.55,3.0,3.0,2.7,1.44
F2,2024-04-06,18:00:00,Rodez,Quevilly Rouen,3,3,2.0,1.0,D,H,2.2,3.25,3.3,2.08,1.73
F2,2024-04-08,19:45:00,Auxerre,Troyes,2,0,0.0,0.0,H,D,1.44,4.75,6.0,1.65,2.2
F2,2024-04-13,14:00:00,Ajaccio,St Etienne,2,0,2.0,0.0,H,H,4.0,3.0,2.05,2.7,1.44
F2,2024-04-13,18:00:00,Bordeaux,Bastia,2,3,1.0,3.0,A,A,2.0,3.3,3.75,2.05,1.75
F2,2024-04-13,18:00:00,Caen,Rodez,1,0,1.0,0.0,H,H,2.2,3.25,3.25,2.0,1.85
F2,2024-04-13,18:00:00,Concarneau,Amiens,0,0,0.0,0.0,D,D,2.8,3.0,2.63,2.4,1.53
F2,2024-04-13,18:00:00,Dunkerque,Guingamp,0,1,0.0,0.0,A,D,3.5,3.1,2.15,2.3,1.6
F2,2024-04-13,18:00:00,Laval,Annecy,0,3,0.0,3.0,A,A,2.2,3.1,3.4,2.4,1.53
F2,2024-04-13,18:00:00,Quevilly Rouen,Auxerre,4,3,1.0,1.0,H,D,3.75,3.25,2.0,2.1,1.7
F2,2024-04-13,18:00:00,Troyes,Paris FC,1,2,0.0,1.0,A,A,3.3,3.0,2.3,2.08,1.73
F2,2024-04-13,18:00:00,Valenciennes,Pau FC,1,4,0.0,2.0,A,A,3.0,3.1,2.38,2.15,1.67
F2,2024-04-15,19:45:00,Grenoble,Angers,0,0,0.0,0.0,D,D,2.8,3.0,2.55,2.15,1.67
F2,2024-04-20,14:00:00,Rodez,Auxerre,2,0,0.0,0.0,H,D,3.1,3.3,2.15,1.7,2.1
F2,2024-04-20,18:00:00,Ajaccio,Caen,2,1,2.0,0.0,H,H,2.55,2.8,3.0,2.88,1.4
F2,2024-04-20,18:00:00,Amiens,Dunkerque,0,1,0.0,0.0,A,D,2.05,3.25,3.5,2.15,1.67
F2,2024-04-20,18:00:00,Angers,Troyes,2,1,0.0,1.0,H,A,1.62,3.5,5.25,2.0,1.85
F2,2024-04-20,18:00:00,Annecy,Grenoble,0,1,0.0,0.0,A,D,1.85,3.1,4.33,2.15,1.67
F2,2024-04-20,18:00:00,Concarneau,Quevilly Rouen,0,0,0.0,0.0,D,D,3.4,3.1,2.15,2.25,1.62
F2,2024-04-20,18:00:00,Guingamp,Bastia,0,1,0.0,1.0,A,A,1.7,3.4,5.0,2.35,1.57
F2,2024-04-20,18:00:00,Paris FC,Valenciennes,2,1,2.0,1.0,H,H,1.36,4.33,8.0,2.03,1.83
F2,2024-04-20,18:00:00,Pau FC,Laval,3,0,2.0,0.0,H,H,2.55,3.0,2.88,2.35,1.57
F2,2024-04-20,18:00:00,St Etienne,Bordeaux,2,1,0.0,1.0,H,A,1.67,3.8,4.33,1.7,2.1
F2,2024-04-23,19:45:00,Auxerre,Laval,4,0,3.0,0.0,H,H,1.53,4.0,6.0,1.7,2.1
F2,2024-04-23,19:45:00,Bastia,Concarneau,2,0,0.0,0.0,H,D,2.3,3.1,3.2,2.3,1.6
F2,2024-04-23,19:45:00,Bordeaux,Dunkerque,2,0,1.0,0.0,H,H,1.67,3.6,5.0,1.93,1.93
F2,2024-04-23,19:45:00,Caen,Annecy,2,1,1.0,0.0,H,H,2.3,3.2,3.1,2.15,1.67
F2,2024-04-23,19:45:00,Grenoble,St Etienne,0,2,0.0,0.0,A,D,3.6,3.3,2.0,2.05,1.75
F2,2024-04-23,19:45:00,Guingamp,Angers,1,2,1.0,1.0,A,D,2.25,3.1,3.4,2.4,1.53
F2,2024-04-23,19:45:00,Quevilly Rouen,Amiens,3,3,1.0,3.0,D,A,2.15,3.2,3.5,2.35,1.57
F2,2024-04-23,19:45:00,Rodez,Paris FC,1,0,1.0,0.0,H,H,2.4,3.3,2.8,1.93,1.93
F2,2024-04-23,19:45:00,Troyes,Pau FC,2,2,0.0,1.0,D,A,2.38,3.3,2.88,1.98,1.88
F2,2024-04-23,19:45:00,Valenciennes,Ajaccio,1,0,0.0,0.0,H,D,5.0,2.9,1.91,3.4,1.33
F2,2024-04-27,14:00:00,St Etienne,Caen,1,0,1.0,0.0,H,H,1.7,3.75,4.75,1.9,1.95
F2,2024-04-27,18:00:00,Ajaccio,Quevilly Rouen,1,1,0.0,1.0,D,A,2.6,2.9,3.0,2.88,1.4
F2,2024-04-27,18:00:00,Amiens,Troyes,0,0,0.0,0.0,D,D,2.2,3.3,3.2,2.15,1.67
F2,2024-04-27,18:00:00,Annecy,Bastia,3,2,3.0,0.0,H,H,1.91,3.3,4.33,2.25,1.62
F2,2024-04-27,18:00:00,Concarneau,Rodez,1,2,0.0,0.0,A,D,2.7,3.25,2.55,2.0,1.85
F2,2024-04-27,18:00:00,Laval,Bordeaux,1,0,0.0,0.0,H,D,2.75,3.3,2.5,2.05,1.75
F2,2024-04-27,18:00:00,Paris FC,Angers,3,1,1.0,1.0,H,D,2.15,3.3,3.25,2.2,1.65
F2,2024-04-27,18:00:00,Pau FC,Guingamp,1,2,0.0,1.0,A,A,3.1,3.2,2.38,2.2,1.65
F2,2024-04-27,18:00:00,Valenciennes,Grenoble,2,0,1.0,0.0,H,H,3.8,3.25,2.05,2.3,1.6
F2,2024-04-29,19:45:00,Dunkerque,Auxerre,1,3,1.0,0.0,A,H,4.33,3.6,1.8,1.85,2.0
F2,2024-05-03,19:00:00,Angers,Pau FC,2,1,1.0,0.0,H,H,1.73,3.75,4.5,1.8,2.0
F2,2024-05-03,19:00:00,Bastia,Amiens,1,2,0.0,2.0,A,A,2.4,3.0,3.25,2.35,1.57
F2,2024-05-03,19:00:00,Bordeaux,Ajaccio,4,0,2.0,0.0,H,H,1.95,3.1,4.33,2.4,1.53
F2,2024-05-03,19:00:00,Caen,Laval,1,0,0.0,0.0,H,D,2.0,3.2,3.8,2.2,1.65
F2,2024-05-03,19:00:00,Grenoble,Concarneau,2,1,2.0,1.0,H,H,2.15,3.3,3.25,2.08,1.73
F2,2024-05-03,19:00:00,Quevilly Rouen,Dunkerque,1,2,1.0,0.0,A,H,1.95,3.5,3.6,2.03,1.83
F2,2024-05-03,19:00:00,Rodez,Annecy,1,3,0.0,1.0,A,A,2.25,3.75,2.88,1.7,2.1
F2,2024-05-03,19:00:00,Troyes,Valenciennes,0,1,,,A,,1.53,4.0,6.0,1.8,2.05
F2,2024-05-04,14:00:00,Auxerre,Paris FC,2,0,1.0,0.0,H,H,1.75,3.75,4.2,1.83,2.03
F2,2024-05-04,18:00:00,Guingamp,St Etienne,2,2,0.0,2.0,D,A,2.8,3.2,2.6,2.15,1.67
F2,2024-05-10,19:45:00,Ajaccio,Grenoble,1,2,0.0,1.0,A,A,2.1,3.1,3.6,2.35,1.57
F2,2024-05-10,19:45:00,Amiens,Auxerre,0,0,0.0,0.0,D,D,4.0,3.6,1.85,1.65,2.2
F2,2024-05-10,19:45:00,Annecy,Angers,1,2,1.0,1.0,A,D,3.3,3.6,2.0,1.7,2.1
F2,2024-05-10,19:45:00,Concarneau,Bordeaux,4,2,1.0,1.0,H,D,2.9,3.4,2.3,1.73,2.08
F2,2024-05-10,19:45:00,Dunkerque,Caen,2,2,0.0,1.0,D,A,3.4,3.5,2.05,1.88,1.98
F2,2024-05-10,19:45:00,Laval,Troyes,1,2,1.0,0.0,A,H,2.05,3.5,3.4,1.98,1.88
F2,2024-05-10,19:45:00,Paris FC,Guingamp,2,1,1.0,0.0,H,H,2.38,3.1,3.0,2.08,1.73
F2,2024-05-10,19:45:00,Pau FC,Bastia,1,2,1.0,0.0,A,H,1.91,3.5,4.0,1.67,2.15
F2,2024-05-10,19:45:00,St Etienne,Rodez,1,1,1.0,0.0,D,H,1.67,4.2,4.33,1.53,2.4
F2,2024-05-10,19:45:00,Valenciennes,Quevilly Rouen,2,1,2.0,0.0,H,H,3.25,3.3,2.15,2.1,1.7
F2,2024-05-17,19:45:00,Angers,Dunkerque,0,0,0.0,0.0,D,D,1.42,4.5,6.5,1.6,2.3
F2,2024-05-17,19:45:00,Auxerre,Concarneau,4,1,1.0,1.0,H,D,1.3,5.5,7.0,1.4,2.88
F2,2024-05-17,19:45:00,Bastia,Paris FC,1,1,1.0,1.0,D,D,3.6,3.9,1.8,1.85,2.0
F2,2024-05-17,19:45:00,Bordeaux,Pau FC,3,2,2.0,0.0,H,H,1.67,4.0,4.33,1.4,2.88
F2,2024-05-17,19:45:00,Caen,Valenciennes,3,0,1.0,0.0,H,H,1.3,5.0,8.5,1.53,2.4
F2,2024-05-17,19:45:00,Grenoble,Amiens,1,3,1.0,0.0,A,H,2.3,3.4,2.88,1.85,2.0
F2,2024-05-17,19:45:00,Guingamp,Laval,0,1,0.0,1.0,A,A,1.75,3.6,4.1,1.88,1.98
F2,2024-05-17,19:45:00,Quevilly Rouen,St Etienne,2,1,0.0,0.0,H,D,4.75,4.1,1.57,1.5,2.5
F2,2024-05-17,19:45:00,Rodez,Ajaccio,2,0,2.0,0.0,H,H,1.5,4.2,5.75,1.8,2.0
F2,2024-05-17,19:45:00,Troyes,Annecy,1,1,1.0,1.0,D,D,2.45,3.75,2.45,1.53,2.4
