Div,Date,Time,HomeTeam,AwayTeam,FTHG,FTAG,HTHG,HTAG,FTR,HTR,B365H,B365D,B365A,B365>2.5,B365<2.5
E0,2021-08-13,20:00:00,Brentford,Arsenal,2,0,1.0,0.0,H,H,4.0,3.4,1.95,2.1,1.72
E0,2021-08-14,12:30:00,Man United,Leeds,5,1,1.0,0.0,H,H,1.53,4.5,5.75,1.61,2.3
E0,2021-08-14,15:00:00,Burnley,Brighton,1,2,1.0,0.0,A,H,3.1,3.1,2.45,2.5,1.53
E0,2021-08-14,15:00:00,Chelsea,Crystal Palace,3,0,2.0,0.0,H,H,1.25,5.75,13.0,1.8,2.0
E0,2021-08-14,15:00:00,Everton,Southampton,3,1,0.0,1.0,H,A,1.9,3.5,4.0,2.0,1.8
E0,2021-08-14,15:00:00,Leicester,Wolves,1,0,1.0,0.0,H,H,1.66,3.8,5.25,2.09,1.84
E0,2021-08-14,15:00:00,Watford,Aston Villa,3,2,2.0,0.0,H,H,3.1,3.2,2.37,2.0,1.8
E0,2021-08-14,17:30:00,Norwich,Liverpool,0,3,0.0,1.0,A,A,9.0,5.75,1.3,1.53,2.5
E0,2021-08-15,14:00:00,Newcastle,West Ham,2,4,2.0,1.0,A,H,3.2,3.5,2.2,1.99,1.94
E0,2021-08-15,16:30:00,Tottenham,Man City,1,0,0.0,0.0,H,D,5.5,4.2,1.6,1.89,2.04
E0,2021-08-21,12:30:00,Liverpool,Burnley,2,0,1.0,0.0,H,H,1.18,7.5,13.0,1.53,2.5
E0,2021-08-21,15:00:00,Aston Villa,Newcastle,2,0,1.0,0.0,H,H,1.8,3.75,4.33,1.72,2.1
E0,2021-08-21,15:00:00,Crystal Palace,Brentford,0,0,0.0,0.0,D,D,2.55,3.2,2.87,2.3,1.61
E0,2021-08-21,15:00:00,Leeds,Everton,2,2,1.0,1.0,D,D,2.37,3.4,3.0,1.72,2.1
E0,2021-08-21,15:00:00,Man City,Norwich,5,0,2.0,0.0,H,H,1.08,11.0,26.0,1.33,3.4
E0,2021-08-21,17:30:00,Brighton,Watford,2,0,2.0,0.0,H,H,1.7,3.5,5.75,2.2,1.66
E0,2021-08-22,14:00:00,Southampton,Man United,1,1,1.0,0.0,D,H,5.5,4.2,1.57,1.72,2.1
E0,2021-08-22,14:00:00,Wolves,Tottenham,0,1,0.0,1.0,A,A,3.2,3.2,2.35,2.2,1.66
E0,2021-08-22,16:30:00,Arsenal,Chelsea,0,2,0.0,2.0,A,A,4.75,3.75,1.72,2.1,1.72
E0,2021-08-23,20:00:00,West Ham,Leicester,4,1,1.0,0.0,H,H,2.5,3.5,2.75,1.8,2.0
E0,2021-08-28,12:30:00,Man City,Arsenal,5,0,3.0,0.0,H,H,1.25,6.0,12.0,1.57,2.37
E0,2021-08-28,15:00:00,Aston Villa,Brentford,1,1,1.0,1.0,D,D,1.95,3.6,3.8,1.9,1.9
E0,2021-08-28,15:00:00,Brighton,Everton,0,2,0.0,1.0,A,A,2.3,3.2,3.3,2.2,1.66
E0,2021-08-28,15:00:00,Newcastle,Southampton,2,2,0.0,0.0,D,D,2.5,3.4,2.8,1.85,2.05
E0,2021-08-28,15:00:00,Norwich,Leicester,1,2,1.0,1.0,A,D,4.5,3.5,1.85,1.8,2.0
E0,2021-08-28,15:00:00,West Ham,Crystal Palace,2,2,1.0,0.0,D,H,1.55,4.0,6.5,1.9,1.9
E0,2021-08-28,17:30:00,Liverpool,Chelsea,1,1,1.0,1.0,D,D,2.45,3.3,2.9,2.0,1.8
E0,2021-08-29,14:00:00,Burnley,Leeds,1,1,0.0,0.0,D,D,3.1,3.5,2.25,1.72,2.1
E0,2021-08-29,14:00:00,Tottenham,Watford,1,0,1.0,0.0,H,H,1.36,4.75,9.0,1.8,2.0
E0,2021-08-29,16:30:00,Wolves,Man United,0,1,0.0,0.0,A,D,5.0,3.5,1.75,2.0,1.8
E0,2021-09-11,12:30:00,Crystal Palace,Tottenham,3,0,0.0,0.0,H,D,4.2,3.5,1.9,2.1,1.72
E0,2021-09-11,15:00:00,Arsenal,Norwich,1,0,0.0,0.0,H,D,1.5,4.6,6.0,1.72,2.1
E0,2021-09-11,15:00:00,Brentford,Brighton,0,1,0.0,0.0,A,D,2.8,3.2,2.62,2.5,1.53
E0,2021-09-11,15:00:00,Leicester,Man City,0,1,0.0,0.0,A,D,6.0,4.0,1.57,1.72,2.1
E0,2021-09-11,15:00:00,Man United,Newcastle,4,1,1.0,0.0,H,H,1.18,7.5,15.0,1.44,2.75
E0,2021-09-11,15:00:00,Southampton,West Ham,0,0,0.0,0.0,D,D,2.9,3.5,2.4,1.72,2.1
E0,2021-09-11,15:00:00,Watford,Wolves,0,2,0.0,0.0,A,D,3.4,3.2,2.25,2.3,1.61
E0,2021-09-11,17:30:00,Chelsea,Aston Villa,3,0,1.0,0.0,H,H,1.28,5.5,11.0,1.8,2.0
E0,2021-09-12,16:30:00,Leeds,Liverpool,0,3,0.0,1.0,A,A,4.33,4.0,1.75,1.57,2.37
E0,2021-09-13,20:00:00,Everton,Burnley,3,1,0.0,0.0,H,D,1.7,3.75,5.0,2.0,1.8
E0,2021-09-17,20:00:00,Newcastle,Leeds,1,1,1.0,1.0,D,D,3.0,3.6,2.3,1.61,2.3
E0,2021-09-18,12:30:00,Wolves,Brentford,0,2,0.0,2.0,A,A,1.83,3.25,5.0,2.5,1.53
E0,2021-09-18,15:00:00,Burnley,Arsenal,0,1,0.0,1.0,A,A,3.8,3.6,1.95,2.0,1.8
E0,2021-09-18,15:00:00,Liverpool,Crystal Palace,3,0,1.0,0.0,H,H,1.2,7.0,13.0,1.5,2.62
E0,2021-09-18,15:00:00,Man City,Southampton,0,0,0.0,0.0,D,D,1.12,9.5,17.0,1.36,3.2
E0,2021-09-18,15:00:00,Norwich,Watford,1,3,1.0,1.0,A,D,2.15,3.3,3.5,2.1,1.72
E0,2021-09-18,17:30:00,Aston Villa,Everton,3,0,0.0,0.0,H,D,2.4,3.3,3.0,2.0,1.8
E0,2021-09-19,14:00:00,Brighton,Leicester,2,1,1.0,0.0,H,H,2.7,3.2,2.75,2.1,1.72
E0,2021-09-19,14:00:00,West Ham,Man United,1,2,1.0,1.0,A,D,4.33,4.0,1.75,1.66,2.2
E0,2021-09-19,16:30:00,Tottenham,Chelsea,0,3,0.0,0.0,A,D,5.0,3.8,1.7,2.0,1.8
E0,2021-09-25,12:30:00,Chelsea,Man City,0,1,0.0,0.0,A,D,2.62,3.2,2.75,2.1,1.72
E0,2021-09-25,12:30:00,Man United,Aston Villa,0,1,0.0,0.0,A,D,1.36,5.25,8.0,1.57,2.37
E0,2021-09-25,15:00:00,Everton,Norwich,2,0,1.0,0.0,H,H,1.61,3.8,5.75,1.9,1.9
E0,2021-09-25,15:00:00,Leeds,West Ham,1,2,1.0,0.0,A,H,3.0,3.6,2.25,1.57,2.37
E0,2021-09-25,15:00:00,Leicester,Burnley,2,2,1.0,2.0,D,A,1.57,4.0,6.0,1.9,1.9
E0,2021-09-25,15:00:00,Watford,Newcastle,1,1,0.0,1.0,D,A,2.2,3.4,3.3,2.0,1.8
E0,2021-09-25,17:30:00,Brentford,Liverpool,3,3,1.0,1.0,D,D,7.0,4.5,1.45,1.72,2.1
E0,2021-09-26,14:00:00,Southampton,Wolves,0,1,0.0,0.0,A,D,2.62,3.2,2.8,2.1,1.72
E0,2021-09-26,16:30:00,Arsenal,Tottenham,3,1,3.0,0.0,H,H,2.15,3.3,3.5,2.0,1.8
E0,2021-09-27,20:00:00,Crystal Palace,Brighton,1,1,1.0,0.0,D,H,3.1,3.2,2.45,2.3,1.61
E0,2021-10-02,12:30:00,Man United,Everton,1,1,1.0,0.0,D,H,1.45,4.33,7.5,1.8,2.0
E0,2021-10-02,15:00:00,Burnley,Norwich,0,0,0.0,0.0,D,D,1.85,3.6,4.33,1.9,1.9
E0,2021-10-02,15:00:00,Chelsea,Southampton,3,1,1.0,0.0,H,H,1.36,4.75,9.0,1.8,2.0
E0,2021-10-02,15:00:00,Leeds,Watford,1,0,1.0,0.0,H,H,1.7,4.0,4.75,1.66,2.2
E0,2021-10-02,15:00:00,Wolves,Newcastle,2,1,1.0,1.0,H,D,1.61,4.2,5.25,1.9,1.9
E0,2021-10-02,17:30:00,Brighton,Arsenal,0,0,0.0,0.0,D,D,3.0,3.25,2.4,2.0,1.8
E0,2021-10-03,14:00:00,Crystal Palace,Leicester,2,2,0.0,2.0,D,A,3.1,3.4,2.3,2.0,1.8
E0,2021-10-03,14:00:00,Tottenham,Aston Villa,2,1,1.0,0.0,H,H,2.1,3.6,3.4,1.9,1.9
E0,2021-10-03,14:00:00,West Ham,Brentford,1,2,0.0,1.0,A,A,1.75,3.75,4.75,1.9,1.9
E0,2021-10-03,16:30:00,Liverpool,Man City,2,2,0.0,0.0,D,D,2.87,3.5,2.4,1.72,2.1
E0,2021-10-16,12:30:00,Watford,Liverpool,0,5,0.0,2.0,A,A,8.5,5.5,1.33,1.57,2.37
E0,2021-10-16,15:00:00,Aston Villa,Wolves,2,3,0.0,0.0,A,D,2.15,3.25,3.5,2.1,1.72
E0,2021-10-16,15:00:00,Leicester,Man United,4,2,1.0,1.0,H,D,3.5,3.6,2.05,1.72,2.1
E0,2021-10-16,15:00:00,Man City,Burnley,2,0,1.0,0.0,H,H,1.12,9.0,19.0,1.36,3.2
E0,2021-10-16,15:00:00,Norwich,Brighton,0,0,0.0,0.0,D,D,3.6,3.4,2.1,2.1,1.72
E0,2021-10-16,15:00:00,Southampton,Leeds,1,0,0.0,0.0,H,D,2.3,3.5,3.0,1.72,2.1
E0,2021-10-16,17:30:00,Brentford,Chelsea,0,1,0.0,1.0,A,A,6.5,3.8,1.57,2.0,1.8
E0,2021-10-17,14:00:00,Everton,West Ham,0,1,0.0,0.0,A,D,2.5,3.4,2.8,1.9,1.9
E0,2021-10-17,16:30:00,Newcastle,Tottenham,2,3,1.0,3.0,A,A,3.5,3.6,2.05,1.8,2.0
E0,2021-10-18,20:00:00,Arsenal,Crystal Palace,2,2,1.0,0.0,D,H,1.6,3.8,6.0,1.97,1.93
E0,2021-10-22,20:00:00,Arsenal,Aston Villa,3,1,2.0,0.0,H,H,1.83,3.75,4.2,1.72,2.1
E0,2021-10-23,12:30:00,Chelsea,Norwich,7,0,3.0,0.0,H,H,1.18,7.0,15.0,1.66,2.2
E0,2021-10-23,15:00:00,Crystal Palace,Newcastle,1,1,0.0,0.0,D,D,1.9,3.6,4.0,1.9,1.9
E0,2021-10-23,15:00:00,Everton,Watford,2,5,1.0,1.0,A,D,1.65,3.8,5.5,2.0,1.8
E0,2021-10-23,15:00:00,Leeds,Wolves,1,1,0.0,1.0,D,A,2.4,3.4,2.87,1.9,1.9
E0,2021-10-23,15:00:00,Southampton,Burnley,2,2,1.0,1.0,D,D,1.95,3.5,3.9,1.9,1.9
E0,2021-10-23,17:30:00,Brighton,Man City,1,4,0.0,3.0,A,A,8.0,4.75,1.4,1.8,2.0
E0,2021-10-24,14:00:00,Brentford,Leicester,1,2,0.0,1.0,A,A,2.62,3.3,2.7,1.9,1.9
E0,2021-10-24,14:00:00,West Ham,Tottenham,1,0,0.0,0.0,H,D,2.3,3.5,3.0,1.72,2.1
E0,2021-10-24,16:30:00,Man United,Liverpool,0,5,0.0,4.0,A,A,3.1,3.6,2.2,1.53,2.5
E0,2021-10-30,12:30:00,Leicester,Arsenal,0,2,0.0,2.0,A,A,2.4,3.5,2.87,1.8,2.0
E0,2021-10-30,15:00:00,Burnley,Brentford,3,1,3.0,0.0,H,H,2.6,3.3,2.75,2.2,1.66
E0,2021-10-30,15:00:00,Liverpool,Brighton,2,2,2.0,1.0,D,H,1.22,6.5,13.0,1.53,2.5
E0,2021-10-30,15:00:00,Man City,Crystal Palace,0,2,0.0,1.0,A,A,1.14,8.0,19.0,1.44,2.75
E0,2021-10-30,15:00:00,Newcastle,Chelsea,0,3,0.0,0.0,A,D,8.5,5.0,1.36,1.72,2.1
E0,2021-10-30,15:00:00,Watford,Southampton,0,1,0.0,1.0,A,A,3.2,3.3,2.3,1.9,1.9
E0,2021-10-30,17:30:00,Tottenham,Man United,0,3,0.0,1.0,A,A,2.87,3.6,2.37,1.72,2.1
E0,2021-10-31,14:00:00,Norwich,Leeds,1,2,0.0,0.0,A,D,3.4,3.5,2.1,1.72,2.1
E0,2021-10-31,16:30:00,Aston Villa,West Ham,1,4,1.0,2.0,A,A,2.8,3.5,2.45,1.8,2.0
E0,2021-11-01,20:00:00,Wolves,Everton,2,1,2.0,0.0,H,H,2.2,3.2,3.5,2.3,1.61
E0,2021-11-05,20:00:00,Southampton,Aston Villa,1,0,1.0,0.0,H,H,1.95,3.6,3.75,1.72,2.1
E0,2021-11-06,12:30:00,Man United,Man City,0,2,0.0,2.0,A,A,4.75,4.0,1.7,1.57,2.37
E0,2021-11-06,15:00:00,Brentford,Norwich,1,2,0.0,2.0,A,A,1.6,4.0,5.75,2.0,1.8
E0,2021-11-06,15:00:00,Chelsea,Burnley,1,1,1.0,0.0,D,H,1.25,6.0,12.0,1.72,2.1
E0,2021-11-06,15:00:00,Crystal Palace,Wolves,2,0,0.0,0.0,H,D,2.45,3.2,3.0,2.37,1.57
E0,2021-11-06,17:30:00,Brighton,Newcastle,1,1,1.0,0.0,D,H,1.57,3.9,6.0,1.9,1.9
E0,2021-11-07,14:00:00,Arsenal,Watford,1,0,0.0,0.0,H,D,1.36,4.75,8.5,1.57,2.37
E0,2021-11-07,14:00:00,Everton,Tottenham,0,0,0.0,0.0,D,D,3.1,3.25,2.37,2.0,1.8
E0,2021-11-07,14:00:00,Leeds,Leicester,1,1,1.0,1.0,D,D,2.8,3.5,2.45,1.66,2.2
E0,2021-11-07,16:30:00,West Ham,Liverpool,3,2,1.0,1.0,H,D,4.75,4.0,1.7,1.5,2.62
E0,2021-11-20,12:30:00,Leicester,Chelsea,0,3,0.0,2.0,A,A,4.75,3.75,1.75,2.03,1.87
E0,2021-11-20,15:00:00,Aston Villa,Brighton,2,0,0.0,0.0,H,D,2.45,3.3,2.9,2.1,1.72
E0,2021-11-20,15:00:00,Burnley,Crystal Palace,3,3,2.0,3.0,D,A,2.7,3.2,2.7,2.2,1.66
E0,2021-11-20,15:00:00,Newcastle,Brentford,3,3,2.0,2.0,D,D,2.62,3.4,2.7,2.0,1.9
E0,2021-11-20,15:00:00,Norwich,Southampton,2,1,1.0,1.0,H,D,3.6,3.5,2.05,2.03,1.87
E0,2021-11-20,15:00:00,Watford,Man United,4,1,2.0,0.0,H,H,6.5,4.75,1.45,1.66,2.2
E0,2021-11-20,15:00:00,Wolves,West Ham,1,0,0.0,0.0,H,D,3.0,3.25,2.4,2.0,1.8
E0,2021-11-20,17:30:00,Liverpool,Arsenal,4,0,1.0,0.0,H,H,1.45,4.75,6.5,1.5,2.62
E0,2021-11-21,14:00:00,Man City,Everton,3,0,1.0,0.0,H,H,1.14,8.0,19.0,1.5,2.62
E0,2021-11-21,16:30:00,Tottenham,Leeds,2,1,0.0,1.0,H,A,1.7,4.2,4.5,1.72,2.1
E0,2021-11-27,12:30:00,Arsenal,Newcastle,2,0,0.0,0.0,H,D,1.44,4.75,7.0,1.61,2.3
E0,2021-11-27,15:00:00,Crystal Palace,Aston Villa,1,2,0.0,1.0,A,A,2.2,3.4,3.3,2.07,1.86
E0,2021-11-27,15:00:00,Liverpool,Southampton,4,0,3.0,0.0,H,H,1.28,6.0,9.0,1.4,3.0
E0,2021-11-27,15:00:00,Norwich,Wolves,0,0,0.0,0.0,D,D,3.5,3.3,2.15,2.3,1.61
E0,2021-11-27,17:30:00,Brighton,Leeds,0,0,0.0,0.0,D,D,2.05,3.4,3.75,1.98,1.95
E0,2021-11-28,14:00:00,Brentford,Everton,1,0,1.0,0.0,H,H,2.25,3.2,3.4,2.1,1.72
E0,2021-11-28,14:00:00,Leicester,Watford,4,2,3.0,1.0,H,H,1.61,4.0,5.5,1.66,2.2
E0,2021-11-28,14:00:00,Man City,West Ham,2,1,1.0,0.0,H,H,1.28,5.75,10.0,1.5,2.62
E0,2021-11-28,16:30:00,Chelsea,Man United,1,1,0.0,0.0,D,D,1.57,4.0,6.0,1.8,2.0
E0,2021-11-30,19:30:00,Newcastle,Norwich,1,1,0.0,0.0,D,D,1.95,3.5,3.9,1.85,2.05
E0,2021-11-30,20:15:00,Leeds,Crystal Palace,1,0,0.0,0.0,H,D,2.4,3.3,3.0,1.94,1.96
E0,2021-12-01,19:30:00,Southampton,Leicester,2,2,2.0,1.0,D,H,2.37,3.5,2.87,1.72,2.1
E0,2021-12-01,19:30:00,Watford,Chelsea,1,2,1.0,1.0,A,D,10.0,5.25,1.3,1.72,2.1
E0,2021-12-01,19:30:00,West Ham,Brighton,1,1,1.0,0.0,D,H,1.95,3.6,3.8,2.06,1.84
E0,2021-12-01,19:30:00,Wolves,Burnley,0,0,0.0,0.0,D,D,1.85,3.5,4.33,2.2,1.66
E0,2021-12-01,20:15:00,Aston Villa,Man City,1,2,0.0,2.0,A,A,9.0,5.25,1.33,1.61,2.3
E0,2021-12-01,20:15:00,Everton,Liverpool,1,4,1.0,2.0,A,A,7.5,5.25,1.36,1.57,2.37
E0,2021-12-02,19:30:00,Tottenham,Brentford,2,0,1.0,0.0,H,H,1.6,4.2,5.25,1.92,1.98
E0,2021-12-02,20:15:00,Man United,Arsenal,3,2,1.0,1.0,H,D,1.95,3.75,3.75,1.8,2.0
E0,2021-12-04,12:30:00,West Ham,Chelsea,3,2,1.0,2.0,H,A,4.75,3.6,1.75,2.0,1.8
E0,2021-12-04,15:00:00,Newcastle,Burnley,1,0,1.0,0.0,H,H,2.3,3.3,3.2,1.96,1.94
E0,2021-12-04,15:00:00,Southampton,Brighton,1,1,1.0,0.0,D,H,2.45,3.2,3.0,2.2,1.66
E0,2021-12-04,15:00:00,Wolves,Liverpool,0,1,0.0,0.0,A,D,8.0,4.75,1.4,1.66,2.2
E0,2021-12-04,17:30:00,Watford,Man City,1,3,0.0,2.0,A,A,12.0,7.0,1.2,1.44,2.75
E0,2021-12-05,14:00:00,Leeds,Brentford,2,2,1.0,0.0,D,H,1.95,3.6,3.8,1.96,1.94
E0,2021-12-05,14:00:00,Man United,Crystal Palace,1,0,0.0,0.0,H,D,1.5,4.33,6.5,1.8,2.0
E0,2021-12-05,14:00:00,Tottenham,Norwich,3,0,1.0,0.0,H,H,1.36,5.0,8.5,1.87,2.03
E0,2021-12-05,16:30:00,Aston Villa,Leicester,2,1,1.0,1.0,H,D,2.37,3.4,3.0,1.9,2.0
E0,2021-12-06,20:00:00,Everton,Arsenal,2,1,0.0,1.0,H,A,3.4,3.5,2.1,2.06,1.84
E0,2021-12-10,20:00:00,Brentford,Watford,2,1,0.0,1.0,H,A,2.25,3.3,3.3,2.01,1.89
E0,2021-12-11,12:30:00,Man City,Wolves,1,0,0.0,0.0,H,D,1.14,8.0,19.0,1.53,2.5
E0,2021-12-11,15:00:00,Arsenal,Southampton,3,0,2.0,0.0,H,H,1.61,4.0,5.5,1.8,2.0
E0,2021-12-11,15:00:00,Chelsea,Leeds,3,2,1.0,1.0,H,D,1.25,5.75,12.0,1.57,2.37
E0,2021-12-11,15:00:00,Liverpool,Aston Villa,1,0,0.0,0.0,H,D,1.2,7.0,13.0,1.4,3.0
E0,2021-12-11,17:30:00,Norwich,Man United,0,1,0.0,0.0,A,D,7.0,4.5,1.45,1.72,2.1
E0,2021-12-12,14:00:00,Burnley,West Ham,0,0,0.0,0.0,D,D,3.6,3.6,2.0,1.87,2.03
E0,2021-12-12,14:00:00,Leicester,Newcastle,4,0,1.0,0.0,H,H,1.66,4.1,4.75,1.57,2.37
E0,2021-12-12,16:30:00,Crystal Palace,Everton,3,1,1.0,0.0,H,H,2.3,3.2,3.3,2.3,1.61
E0,2021-12-14,19:45:00,Norwich,Aston Villa,0,2,0.0,1.0,A,A,3.3,3.3,2.25,2.1,1.72
E0,2021-12-14,20:00:00,Man City,Leeds,7,0,3.0,0.0,H,H,1.14,8.5,15.0,1.36,3.2
E0,2021-12-15,19:30:00,Brighton,Wolves,0,1,0.0,1.0,A,A,2.25,3.1,3.5,2.5,1.53
E0,2021-12-15,19:30:00,Crystal Palace,Southampton,2,2,1.0,2.0,D,A,2.15,3.3,3.5,2.1,1.72
E0,2021-12-15,20:00:00,Arsenal,West Ham,2,0,0.0,0.0,H,D,2.1,3.6,3.3,1.85,2.05
E0,2021-12-16,19:45:00,Chelsea,Everton,1,1,0.0,0.0,D,D,1.22,6.5,13.0,1.72,2.1
E0,2021-12-16,20:00:00,Liverpool,Newcastle,3,1,2.0,1.0,H,H,1.12,9.0,19.0,1.33,3.4
E0,2021-12-18,17:30:00,Leeds,Arsenal,1,4,0.0,3.0,A,A,3.9,3.8,1.83,1.72,2.1
E0,2021-12-19,14:00:00,Newcastle,Man City,0,4,0.0,2.0,A,A,13.0,7.5,1.18,,
E0,2021-12-19,14:00:00,Wolves,Chelsea,0,0,0.0,0.0,D,D,7.0,4.2,1.5,2.1,1.72
E0,2021-12-19,16:30:00,Tottenham,Liverpool,2,2,1.0,1.0,D,D,5.25,4.75,1.53,1.66,2.2
E0,2021-12-26,15:00:00,Man City,Leicester,6,3,4.0,0.0,H,H,1.18,7.5,13.0,1.36,3.2
E0,2021-12-26,15:00:00,Norwich,Arsenal,0,5,0.0,2.0,A,A,8.0,4.75,1.4,1.72,2.1
E0,2021-12-26,15:00:00,Tottenham,Crystal Palace,3,0,2.0,0.0,H,H,1.72,3.8,4.75,1.95,1.95
E0,2021-12-26,15:00:00,West Ham,Southampton,2,3,0.0,1.0,A,A,1.8,3.9,4.2,1.72,2.1
E0,2021-12-26,17:30:00,Aston Villa,Chelsea,1,3,1.0,1.0,A,D,5.25,3.8,1.65,2.05,1.85
E0,2021-12-26,20:00:00,Brighton,Brentford,2,0,2.0,0.0,H,H,1.9,3.4,4.2,2.2,1.66
E0,2021-12-27,20:00:00,Newcastle,Man United,1,1,1.0,0.0,D,H,6.5,4.75,1.44,1.61,2.3
E0,2021-12-28,15:00:00,Crystal Palace,Norwich,3,0,3.0,0.0,H,H,1.65,3.75,5.5,2.2,1.66
E0,2021-12-28,15:00:00,Southampton,Tottenham,1,1,1.0,1.0,D,D,3.75,3.5,2.0,1.95,1.95
E0,2021-12-28,15:00:00,Watford,West Ham,1,4,1.0,2.0,A,A,3.4,3.6,2.1,1.72,2.1
E0,2021-12-28,20:00:00,Leicester,Liverpool,1,0,0.0,0.0,H,D,8.0,5.5,1.33,1.3,3.5
E0,2021-12-29,19:30:00,Chelsea,Brighton,1,1,1.0,0.0,D,H,1.4,4.5,7.5,1.93,1.97
E0,2021-12-29,20:15:00,Brentford,Man City,0,1,0.0,1.0,A,A,19.0,8.0,1.14,1.5,2.62
E0,2021-12-30,20:15:00,Man United,Burnley,3,1,3.0,1.0,H,H,1.36,5.0,9.0,1.72,2.1
E0,2022-01-01,12:30:00,Arsenal,Man City,1,2,1.0,0.0,A,H,5.75,4.75,1.5,1.57,2.37
E0,2022-01-01,15:00:00,Watford,Tottenham,0,1,0.0,0.0,A,D,5.0,4.2,1.61,1.72,2.1
E0,2022-01-01,17:30:00,Crystal Palace,West Ham,2,3,0.0,3.0,A,A,3.1,3.4,2.3,1.87,2.03
E0,2022-01-02,14:00:00,Brentford,Aston Villa,2,1,1.0,1.0,H,D,3.0,3.3,2.4,2.0,1.8
E0,2022-01-02,14:00:00,Everton,Brighton,2,3,0.0,2.0,A,A,2.75,3.2,2.62,2.2,1.66
E0,2022-01-02,14:00:00,Leeds,Burnley,3,1,1.0,0.0,H,H,2.05,3.5,3.5,1.72,2.1
E0,2022-01-02,16:30:00,Chelsea,Liverpool,2,2,2.0,2.0,D,D,3.1,3.5,2.25,1.83,2.07
E0,2022-01-03,17:30:00,Man United,Wolves,0,1,0.0,0.0,A,D,1.53,4.33,6.0,1.98,1.92
E0,2022-01-11,19:45:00,Southampton,Brentford,4,1,2.0,1.0,H,H,2.05,3.4,3.6,2.06,1.84
E0,2022-01-12,19:45:00,West Ham,Norwich,2,0,1.0,0.0,H,H,1.28,5.5,10.0,1.66,2.2
E0,2022-01-14,20:00:00,Brighton,Crystal Palace,1,1,0.0,0.0,D,D,2.05,3.3,3.8,2.2,1.66
E0,2022-01-15,12:30:00,Man City,Chelsea,1,0,0.0,0.0,H,D,1.65,4.0,5.0,1.85,2.05
E0,2022-01-15,15:00:00,Newcastle,Watford,1,1,0.0,0.0,D,D,2.0,3.6,3.6,1.8,2.0
E0,2022-01-15,15:00:00,Norwich,Everton,2,1,2.0,0.0,H,H,3.75,3.5,2.0,2.1,1.72
E0,2022-01-15,15:00:00,Wolves,Southampton,3,1,1.0,0.0,H,H,2.25,3.2,3.4,2.5,1.53
E0,2022-01-15,17:30:00,Aston Villa,Man United,2,2,0.0,1.0,D,A,2.87,3.5,2.4,1.89,2.01
E0,2022-01-16,14:00:00,Liverpool,Brentford,3,0,1.0,0.0,H,H,1.3,5.5,10.0,1.66,2.2
E0,2022-01-16,14:00:00,West Ham,Leeds,2,3,1.0,2.0,A,A,1.61,4.2,5.0,1.61,2.3
E0,2022-01-18,20:00:00,Brighton,Chelsea,1,1,0.0,1.0,D,A,4.75,3.75,1.72,2.1,1.72
E0,2022-01-19,19:30:00,Leicester,Tottenham,2,3,1.0,1.0,A,D,3.0,3.5,2.3,1.72,2.1
E0,2022-01-19,20:00:00,Brentford,Man United,1,3,0.0,0.0,A,D,4.5,3.7,1.8,1.93,1.97
E0,2022-01-21,20:00:00,Watford,Norwich,0,3,0.0,0.0,A,D,2.0,3.5,3.75,1.94,1.96
E0,2022-01-22,12:30:00,Everton,Aston Villa,0,1,0.0,1.0,A,A,2.75,3.25,2.62,2.05,1.85
E0,2022-01-22,15:00:00,Brentford,Wolves,1,2,0.0,0.0,A,D,3.2,2.8,2.6,2.5,1.53
E0,2022-01-22,15:00:00,Leeds,Newcastle,0,1,0.0,0.0,A,D,2.0,3.5,3.75,1.66,2.2
E0,2022-01-22,15:00:00,Man United,West Ham,1,0,0.0,0.0,H,D,1.85,3.8,4.0,1.66,2.2
E0,2022-01-22,17:30:00,Southampton,Man City,1,1,1.0,0.0,D,H,10.0,6.5,1.25,1.44,2.75
E0,2022-01-23,14:00:00,Arsenal,Burnley,0,0,0.0,0.0,D,D,1.36,4.75,9.0,1.8,2.0
E0,2022-01-23,14:00:00,Crystal Palace,Liverpool,1,3,0.0,2.0,A,A,6.0,4.2,1.53,1.72,2.1
E0,2022-01-23,14:00:00,Leicester,Brighton,1,1,0.0,0.0,D,D,2.5,3.25,2.9,1.98,1.92
E0,2022-01-23,16:30:00,Chelsea,Tottenham,2,0,0.0,0.0,H,D,1.61,4.2,5.0,1.94,1.96
E0,2022-02-05,18:00:00,Burnley,Watford,0,0,0.0,0.0,D,D,2.2,3.25,3.5,2.1,1.72
E0,2022-02-08,19:45:00,Newcastle,Everton,3,1,1.0,1.0,H,D,2.5,3.25,2.87,1.91,1.99
E0,2022-02-08,19:45:00,West Ham,Watford,1,0,0.0,0.0,H,D,1.55,4.2,5.75,1.72,2.1
E0,2022-02-08,20:00:00,Burnley,Man United,1,1,0.0,1.0,D,A,5.5,4.0,1.61,1.85,2.05
E0,2022-02-09,19:45:00,Man City,Brentford,2,0,1.0,0.0,H,H,1.1,9.5,23.0,1.36,3.2
E0,2022-02-09,19:45:00,Norwich,Crystal Palace,1,1,1.0,0.0,D,H,3.5,3.25,2.15,2.1,1.72
E0,2022-02-09,19:45:00,Tottenham,Southampton,2,3,1.0,1.0,A,D,1.6,4.0,5.5,1.8,2.0
E0,2022-02-09,20:00:00,Aston Villa,Leeds,3,3,3.0,2.0,D,H,1.8,3.8,4.2,1.72,2.1
E0,2022-02-10,19:45:00,Liverpool,Leicester,2,0,1.0,0.0,H,H,1.25,6.5,10.0,1.33,3.4
E0,2022-02-10,19:45:00,Wolves,Arsenal,0,1,0.0,1.0,A,A,3.5,3.2,2.2,2.3,1.61
E0,2022-02-12,12:30:00,Man United,Southampton,1,1,1.0,0.0,D,H,1.6,4.0,5.5,1.72,2.1
E0,2022-02-12,15:00:00,Brentford,Crystal Palace,0,0,0.0,0.0,D,D,2.55,3.1,3.0,2.3,1.61
E0,2022-02-12,15:00:00,Everton,Leeds,3,0,2.0,0.0,H,H,2.25,3.5,3.0,1.66,2.2
E0,2022-02-12,15:00:00,Watford,Brighton,0,2,0.0,1.0,A,A,3.5,3.3,2.05,2.3,1.61
E0,2022-02-12,17:30:00,Norwich,Man City,0,4,0.0,1.0,A,A,15.0,8.0,1.16,1.44,2.75
E0,2022-02-13,14:00:00,Burnley,Liverpool,0,1,0.0,1.0,A,A,10.0,5.25,1.28,1.57,2.37
E0,2022-02-13,14:00:00,Newcastle,Aston Villa,1,0,1.0,0.0,H,H,2.7,3.3,2.62,1.85,2.05
E0,2022-02-13,14:00:00,Tottenham,Wolves,0,2,0.0,2.0,A,A,1.7,3.6,5.5,2.2,1.66
E0,2022-02-13,16:30:00,Leicester,West Ham,2,2,1.0,1.0,D,D,2.9,3.5,2.3,1.66,2.2
E0,2022-02-15,20:15:00,Man United,Brighton,2,0,0.0,0.0,H,D,1.72,3.75,4.75,1.92,1.98
E0,2022-02-19,12:30:00,West Ham,Newcastle,1,1,1.0,1.0,D,D,1.7,4.0,4.75,1.8,2.0
E0,2022-02-19,15:00:00,Arsenal,Brentford,2,1,0.0,0.0,H,D,1.44,4.2,8.0,1.97,1.93
E0,2022-02-19,15:00:00,Aston Villa,Watford,0,1,0.0,0.0,A,D,1.65,3.6,5.75,2.01,1.89
E0,2022-02-19,15:00:00,Brighton,Burnley,0,3,0.0,2.0,A,A,1.66,3.5,6.0,2.2,1.66
E0,2022-02-19,15:00:00,Crystal Palace,Chelsea,0,1,0.0,0.0,A,D,5.5,3.8,1.65,2.05,1.85
E0,2022-02-19,15:00:00,Liverpool,Norwich,3,1,0.0,0.0,H,D,1.1,9.0,23.0,1.36,3.2
E0,2022-02-19,15:00:00,Southampton,Everton,2,0,0.0,0.0,H,D,2.1,3.5,3.5,1.72,2.1
E0,2022-02-19,17:30:00,Man City,Tottenham,2,3,1.0,1.0,A,D,1.28,6.0,10.0,1.57,2.37
E0,2022-02-20,14:00:00,Leeds,Man United,2,4,0.0,2.0,A,A,3.9,3.8,1.85,1.61,2.3
E0,2022-02-20,16:30:00,Wolves,Leicester,2,1,1.0,1.0,H,D,2.25,3.3,3.25,2.1,1.72
E0,2022-02-23,19:30:00,Burnley,Tottenham,1,0,0.0,0.0,H,D,4.6,3.8,1.75,2.1,1.72
E0,2022-02-23,19:30:00,Watford,Crystal Palace,1,4,1.0,2.0,A,A,3.1,3.3,2.3,2.2,1.66
E0,2022-02-23,19:45:00,Liverpool,Leeds,6,0,3.0,0.0,H,H,1.16,8.0,15.0,1.28,3.75
E0,2022-02-24,19:45:00,Arsenal,Wolves,2,1,0.0,1.0,H,A,1.65,3.8,5.5,2.2,1.66
E0,2022-02-25,20:00:00,Southampton,Norwich,2,0,1.0,0.0,H,H,1.53,4.33,6.0,1.72,2.1
E0,2022-02-26,12:30:00,Leeds,Tottenham,0,4,0.0,3.0,A,A,4.2,3.6,1.85,1.61,2.3
E0,2022-02-26,15:00:00,Brentford,Newcastle,0,2,0.0,2.0,A,A,2.5,3.2,3.0,2.3,1.61
E0,2022-02-26,15:00:00,Crystal Palace,Burnley,1,1,1.0,0.0,D,H,1.9,3.6,4.0,2.2,1.66
E0,2022-02-26,15:00:00,Man United,Watford,0,0,0.0,0.0,D,D,1.3,5.5,9.5,1.61,2.3
E0,2022-02-26,15:30:00,Brighton,Aston Villa,0,2,0.0,1.0,A,A,2.2,3.3,3.5,2.1,1.72
E0,2022-02-26,17:30:00,Everton,Man City,0,1,0.0,0.0,A,D,10.0,5.75,1.28,1.57,2.37
E0,2022-02-27,14:00:00,West Ham,Wolves,1,0,0.0,0.0,H,D,2.05,3.3,3.8,2.3,1.61
E0,2022-03-01,19:45:00,Burnley,Leicester,0,2,0.0,0.0,A,D,2.9,3.4,2.4,2.02,1.88
E0,2022-03-05,12:30:00,Leicester,Leeds,1,0,0.0,0.0,H,D,1.75,4.0,4.2,1.53,2.5
E0,2022-03-05,15:00:00,Aston Villa,Southampton,4,0,2.0,0.0,H,H,2.3,3.5,3.0,1.86,2.04
E0,2022-03-05,15:00:00,Burnley,Chelsea,0,4,0.0,0.0,A,D,6.5,4.33,1.5,2.1,1.72
E0,2022-03-05,15:00:00,Newcastle,Brighton,2,1,2.0,0.0,H,H,2.75,3.2,2.62,2.3,1.61
E0,2022-03-05,15:00:00,Norwich,Brentford,1,3,0.0,1.0,A,A,2.9,3.1,2.5,2.3,1.61
E0,2022-03-05,15:00:00,Wolves,Crystal Palace,0,2,0.0,2.0,A,A,2.3,3.1,3.4,2.62,1.5
E0,2022-03-05,17:30:00,Liverpool,West Ham,1,0,1.0,0.0,H,H,1.28,5.75,9.5,1.5,2.62
E0,2022-03-06,14:00:00,Watford,Arsenal,2,3,1.0,2.0,A,A,6.0,4.0,1.57,2.05,1.85
E0,2022-03-06,16:30:00,Man City,Man United,4,1,2.0,1.0,H,H,1.4,4.75,7.5,1.61,2.3
E0,2022-03-07,20:00:00,Tottenham,Everton,5,0,3.0,0.0,H,H,1.57,3.8,5.75,1.72,2.1
E0,2022-03-10,19:30:00,Norwich,Chelsea,1,3,0.0,2.0,A,A,11.0,4.75,1.3,1.72,2.1
E0,2022-03-10,19:30:00,Southampton,Newcastle,1,2,1.0,1.0,A,D,2.0,3.75,3.5,1.8,2.0
E0,2022-03-10,19:30:00,Wolves,Watford,4,0,2.0,0.0,H,H,1.75,3.6,4.5,2.3,1.61
E0,2022-03-10,19:45:00,Leeds,Aston Villa,0,3,0.0,1.0,A,A,2.7,3.5,2.5,1.72,2.1
E0,2022-03-12,12:30:00,Brighton,Liverpool,0,2,0.0,1.0,A,A,6.0,4.33,1.5,1.72,2.1
E0,2022-03-12,15:00:00,Brentford,Burnley,2,0,0.0,0.0,H,D,2.15,3.2,3.6,2.3,1.61
E0,2022-03-12,17:30:00,Man United,Tottenham,3,2,2.0,1.0,H,H,2.2,3.4,3.25,1.72,2.1
E0,2022-03-13,14:00:00,Chelsea,Newcastle,1,0,0.0,0.0,H,D,1.3,5.25,11.0,1.72,2.1
E0,2022-03-13,14:00:00,Everton,Wolves,0,1,0.0,0.0,A,D,2.3,3.2,3.3,2.3,1.61
E0,2022-03-13,14:00:00,Leeds,Norwich,2,1,1.0,0.0,H,H,1.55,4.2,5.75,1.66,2.2
E0,2022-03-13,14:00:00,Southampton,Watford,1,2,1.0,2.0,A,A,1.6,4.2,5.25,1.8,2.0
E0,2022-03-13,14:00:00,West Ham,Aston Villa,2,1,0.0,0.0,H,D,2.25,3.3,3.3,2.01,1.89
E0,2022-03-13,16:30:00,Arsenal,Leicester,2,0,1.0,0.0,H,H,1.5,4.5,6.0,1.61,2.3
E0,2022-03-14,20:00:00,Crystal Palace,Man City,0,0,0.0,0.0,D,D,10.0,5.0,1.33,1.72,2.1
E0,2022-03-16,19:30:00,Brighton,Tottenham,0,2,0.0,1.0,A,A,3.3,3.3,2.25,2.0,1.8
E0,2022-03-16,20:15:00,Arsenal,Liverpool,0,2,0.0,0.0,A,D,3.5,4.0,1.9,1.72,2.1
E0,2022-03-17,19:45:00,Everton,Newcastle,1,0,0.0,0.0,H,D,2.4,3.25,3.1,1.9,2.0
E0,2022-03-18,20:00:00,Wolves,Leeds,2,3,2.0,0.0,A,H,2.1,3.5,3.4,1.99,1.91
E0,2022-03-19,12:30:00,Aston Villa,Arsenal,0,1,0.0,1.0,A,A,3.0,3.3,2.4,1.92,1.98
E0,2022-03-20,14:00:00,Leicester,Brentford,2,1,2.0,0.0,H,H,2.15,3.4,3.4,1.91,1.99
E0,2022-03-20,16:30:00,Tottenham,West Ham,3,1,2.0,1.0,H,H,1.72,3.8,4.75,1.72,2.1
E0,2022-04-02,12:30:00,Liverpool,Watford,2,0,1.0,0.0,H,H,1.12,9.5,17.0,1.36,3.2
E0,2022-04-02,15:00:00,Brighton,Norwich,0,0,0.0,0.0,D,D,1.5,4.0,7.0,2.0,1.8
E0,2022-04-02,15:00:00,Burnley,Man City,0,2,0.0,2.0,A,A,15.0,6.5,1.2,1.57,2.37
E0,2022-04-02,15:00:00,Chelsea,Brentford,1,4,0.0,0.0,A,D,1.33,5.0,10.0,1.91,1.99
E0,2022-04-02,15:00:00,Leeds,Southampton,1,1,1.0,0.0,D,H,2.37,3.75,2.75,1.61,2.3
E0,2022-04-02,15:00:00,Wolves,Aston Villa,2,1,2.0,0.0,H,H,3.0,3.1,2.55,2.37,1.57
E0,2022-04-02,17:30:00,Man United,Leicester,1,1,0.0,0.0,D,D,1.5,4.5,6.0,1.57,2.37
E0,2022-04-03,14:00:00,West Ham,Everton,2,1,1.0,0.0,H,H,1.75,3.8,4.5,2.0,1.9
E0,2022-04-03,16:30:00,Tottenham,Newcastle,5,1,1.0,1.0,H,D,1.5,4.33,6.5,1.8,2.0
E0,2022-04-04,20:00:00,Crystal Palace,Arsenal,3,0,2.0,0.0,H,H,4.0,3.4,1.95,2.1,1.72
E0,2022-04-06,19:30:00,Burnley,Everton,3,2,1.0,2.0,H,A,2.62,3.1,2.87,2.2,1.66
E0,2022-04-08,20:00:00,Newcastle,Wolves,1,0,0.0,0.0,H,D,2.25,3.1,3.4,2.37,1.57
E0,2022-04-09,12:30:00,Everton,Man United,1,0,1.0,0.0,H,H,4.6,3.75,1.75,1.85,2.05
E0,2022-04-09,15:00:00,Arsenal,Brighton,1,2,0.0,1.0,A,A,1.61,3.8,5.75,2.04,1.86
E0,2022-04-09,15:00:00,Southampton,Chelsea,0,6,0.0,4.0,A,A,3.8,3.6,1.95,1.95,1.95
E0,2022-04-09,15:00:00,Watford,Leeds,0,3,0.0,1.0,A,A,2.7,3.4,2.55,1.72,2.1
E0,2022-04-09,17:30:00,Aston Villa,Tottenham,0,4,0.0,1.0,A,A,3.2,3.4,2.25,1.86,2.04
E0,2022-04-10,14:00:00,Brentford,West Ham,2,0,0.0,0.0,H,D,2.62,3.3,2.62,2.1,1.72
E0,2022-04-10,14:00:00,Leicester,Crystal Palace,2,1,2.0,0.0,H,H,2.37,3.3,2.9,1.99,1.91
E0,2022-04-10,14:00:00,Norwich,Burnley,2,0,1.0,0.0,H,H,2.87,3.2,2.55,2.3,1.61
E0,2022-04-10,16:30:00,Man City,Liverpool,2,2,2.0,1.0,D,H,2.0,3.75,3.5,1.72,2.1
E0,2022-04-16,12:30:00,Tottenham,Brighton,0,1,0.0,0.0,A,D,1.53,4.0,6.5,1.9,2.0
E0,2022-04-16,15:00:00,Man United,Norwich,3,2,2.0,1.0,H,H,1.25,6.5,10.0,1.5,2.62
E0,2022-04-16,15:00:00,Southampton,Arsenal,1,0,1.0,0.0,H,H,3.8,3.6,1.95,1.9,2.0
E0,2022-04-16,15:00:00,Watford,Brentford,1,2,0.0,1.0,A,A,2.7,3.3,2.55,2.1,1.72
E0,2022-04-17,14:15:00,Newcastle,Leicester,2,1,1.0,1.0,H,D,2.2,3.4,3.3,1.99,1.91
E0,2022-04-17,14:15:00,West Ham,Burnley,1,1,0.0,1.0,D,A,1.7,3.8,5.0,1.95,1.95
E0,2022-04-19,20:00:00,Liverpool,Man United,4,0,2.0,0.0,H,H,1.4,5.0,7.0,1.5,2.62
E0,2022-04-20,19:45:00,Chelsea,Arsenal,2,4,2.0,2.0,A,D,1.83,3.6,4.33,2.1,1.8
E0,2022-04-20,19:45:00,Everton,Leicester,1,1,0.0,1.0,D,A,2.25,3.4,3.25,1.92,1.98
E0,2022-04-20,19:45:00,Newcastle,Crystal Palace,1,0,1.0,0.0,H,H,2.25,3.4,3.25,2.2,1.66
E0,2022-04-20,20:00:00,Man City,Brighton,3,0,0.0,0.0,H,D,1.16,7.0,17.0,1.61,2.3
E0,2022-04-21,19:45:00,Burnley,Southampton,2,0,2.0,0.0,H,H,2.75,3.25,2.62,1.98,1.92
E0,2022-04-23,12:30:00,Arsenal,Man United,3,1,2.0,1.0,H,H,2.05,3.5,3.5,1.81,2.09
E0,2022-04-23,15:00:00,Leicester,Aston Villa,0,0,0.0,0.0,D,D,2.8,3.4,2.5,1.85,2.05
E0,2022-04-23,15:00:00,Man City,Watford,5,1,3.0,1.0,H,H,1.1,10.0,26.0,1.36,3.2
E0,2022-04-23,15:00:00,Norwich,Newcastle,0,3,0.0,2.0,A,A,3.5,3.3,2.15,1.98,1.92
E0,2022-04-23,17:30:00,Brentford,Tottenham,0,0,0.0,0.0,D,D,4.33,3.5,1.85,1.89,2.01
E0,2022-04-24,14:00:00,Brighton,Southampton,2,2,2.0,1.0,D,H,2.1,3.4,3.6,2.02,1.88
E0,2022-04-24,14:00:00,Burnley,Wolves,1,0,0.0,0.0,H,D,2.7,3.0,2.87,2.37,1.57
E0,2022-04-24,14:00:00,Chelsea,West Ham,1,0,0.0,0.0,H,D,1.5,4.33,6.5,1.83,2.07
E0,2022-04-24,16:30:00,Liverpool,Everton,2,0,0.0,0.0,H,D,1.18,7.0,15.0,1.44,2.75
E0,2022-04-25,20:00:00,Crystal Palace,Leeds,0,0,0.0,0.0,D,D,2.05,3.5,3.5,1.88,2.02
E0,2022-04-28,19:45:00,Man United,Chelsea,1,1,0.0,0.0,D,D,3.2,3.4,2.25,1.86,2.04
E0,2022-04-30,12:30:00,Newcastle,Liverpool,0,1,0.0,1.0,A,A,8.5,5.0,1.36,1.66,2.2
E0,2022-04-30,15:00:00,Aston Villa,Norwich,2,0,1.0,0.0,H,H,1.4,4.5,9.0,1.66,2.2
E0,2022-04-30,15:00:00,Southampton,Crystal Palace,1,2,1.0,0.0,A,H,2.4,3.3,3.1,2.03,1.87
E0,2022-04-30,15:00:00,Watford,Burnley,1,2,1.0,0.0,A,H,2.6,3.3,2.75,2.1,1.72
E0,2022-04-30,15:00:00,Wolves,Brighton,0,3,0.0,1.0,A,A,2.7,3.2,2.75,2.5,1.53
E0,2022-04-30,17:30:00,Leeds,Man City,0,4,0.0,1.0,A,A,8.5,6.0,1.3,1.5,2.62
E0,2022-05-01,14:00:00,Everton,Chelsea,1,0,0.0,0.0,H,D,5.0,3.6,1.75,2.02,1.88
E0,2022-05-01,14:00:00,Tottenham,Leicester,3,1,1.0,0.0,H,H,1.44,4.75,7.0,1.57,2.37
E0,2022-05-01,16:30:00,West Ham,Arsenal,1,2,1.0,1.0,A,D,4.33,3.8,1.8,1.89,2.01
E0,2022-05-02,20:00:00,Man United,Brentford,3,0,1.0,0.0,H,H,1.72,4.0,4.5,1.72,2.1
E0,2022-05-07,15:00:00,Brentford,Southampton,3,0,2.0,0.0,H,H,2.15,3.5,3.3,1.95,1.95
E0,2022-05-07,15:00:00,Burnley,Aston Villa,1,3,0.0,2.0,A,A,3.0,3.3,2.4,2.07,1.83
E0,2022-05-07,15:00:00,Chelsea,Wolves,2,2,0.0,0.0,D,D,1.33,5.0,9.5,1.93,1.97
E0,2022-05-07,15:00:00,Crystal Palace,Watford,1,0,1.0,0.0,H,H,1.65,4.0,5.0,1.99,1.91
E0,2022-05-07,17:30:00,Brighton,Man United,4,0,1.0,0.0,H,H,2.8,3.5,2.45,1.95,1.95
E0,2022-05-07,19:45:00,Liverpool,Tottenham,1,1,0.0,0.0,D,D,1.4,5.0,7.0,1.53,2.5
E0,2022-05-08,14:00:00,Arsenal,Leeds,2,1,2.0,0.0,H,H,1.45,4.5,7.0,1.61,2.3
E0,2022-05-08,14:00:00,Leicester,Everton,1,2,1.0,2.0,A,A,2.6,3.3,2.75,2.01,1.89
E0,2022-05-08,14:00:00,Norwich,West Ham,0,4,0.0,3.0,A,A,4.5,3.8,1.75,1.85,2.05
E0,2022-05-08,16:30:00,Man City,Newcastle,5,0,2.0,0.0,H,H,1.16,7.0,17.0,1.5,2.62
E0,2022-05-10,20:00:00,Aston Villa,Liverpool,1,2,1.0,1.0,A,D,7.5,4.75,1.4,1.61,2.3
E0,2022-05-11,19:30:00,Leeds,Chelsea,0,3,0.0,1.0,A,A,4.75,4.2,1.65,1.61,2.3
E0,2022-05-11,19:45:00,Leicester,Norwich,3,0,0.0,0.0,H,D,1.44,4.75,7.0,1.61,2.3
E0,2022-05-11,19:45:00,Watford,Everton,0,0,0.0,0.0,D,D,4.2,3.6,1.83,1.94,1.96
E0,2022-05-11,20:15:00,Wolves,Man City,1,5,1.0,3.0,A,A,11.0,6.0,1.25,1.66,2.2
E0,2022-05-12,19:45:00,Tottenham,Arsenal,3,0,2.0,0.0,H,H,2.05,3.75,3.5,1.8,2.0
E0,2022-05-15,12:00:00,Tottenham,Burnley,1,0,1.0,0.0,H,H,1.33,5.25,9.0,1.57,2.37
E0,2022-05-15,14:00:00,Aston Villa,Crystal Palace,1,1,0.0,0.0,D,D,2.0,3.5,3.75,1.93,1.97
E0,2022-05-15,14:00:00,Leeds,Brighton,1,1,0.0,1.0,D,A,2.62,3.5,2.62,1.84,2.06
E0,2022-05-15,14:00:00,Watford,Leicester,1,5,1.0,2.0,A,A,3.8,3.5,1.95,1.72,2.1
E0,2022-05-15,14:00:00,West Ham,Man City,2,2,2.0,0.0,D,H,7.5,5.0,1.4,1.53,2.5
E0,2022-05-15,14:00:00,Wolves,Norwich,1,1,0.0,1.0,D,A,1.45,4.75,6.5,1.86,2.04
E0,2022-05-15,16:30:00,Everton,Brentford,2,3,2.0,1.0,A,H,2.05,3.6,3.5,2.03,1.87
E0,2022-05-16,20:00:00,Newcastle,Arsenal,2,0,0.0,0.0,H,D,4.33,3.6,1.83,1.9,2.0
E0,2022-05-17,19:45:00,Southampton,Liverpool,1,2,1.0,1.0,A,D,7.5,5.5,1.33,1.44,2.75
E0,2022-05-19,19:45:00,Everton,Crystal Palace,3,2,0.0,2.0,H,A,1.9,3.4,4.33,2.0,1.8
E0,2022-05-19,20:00:00,Aston Villa,Burnley,1,1,0.0,1.0,D,A,2.05,3.5,3.6,1.99,1.91
E0,2022-05-19,20:00:00,Chelsea,Leicester,1,1,1.0,1.0,D,D,1.4,4.75,8.0,1.61,2.3
E0,2022-05-22,16:00:00,Arsenal,Everton,5,1,2.0,1.0,H,H,1.36,4.75,9.0,1.57,2.37
E0,2022-05-22,16:00:00,Brentford,Leeds,1,2,0.0,0.0,A,D,2.45,3.8,2.62,1.57,2.37
E0,2022-05-22,16:00:00,Brighton,West Ham,3,1,0.0,1.0,H,A,2.37,3.5,2.9,1.72,2.1
E0,2022-05-22,16:00:00,Burnley,Newcastle,1,2,0.0,1.0,A,A,2.25,3.4,3.2,1.94,1.96
E0,2022-05-22,16:00:00,Chelsea,Watford,2,1,1.0,0.0,H,H,1.18,7.5,15.0,1.44,2.75
E0,2022-05-22,16:00:00,Crystal Palace,Man United,1,0,1.0,0.0,H,H,3.0,3.6,2.25,1.72,2.1
E0,2022-05-22,16:00:00,Leicester,Southampton,4,1,0.0,0.0,H,D,1.85,4.0,3.8,1.57,2.37
E0,2022-05-22,16:00:00,Liverpool,Wolves,3,1,1.0,1.0,H,D,1.14,8.5,15.0,1.44,2.75
E0,2022-05-22,16:00:00,Man City,Aston Villa,3,2,0.0,1.0,H,A,1.16,8.0,17.0,1.44,2.75
E0,2022-05-22,16:00:00,Norwich,Tottenham,0,5,0.0,2.0,A,A,9.5,6.5,1.25,1.44,2.75
E1,2021-08-06,19:45:00,Bournemouth,West Brom,2,2,1.0,1.0,D,D,2.3,3.25,3.2,2.0,1.8
E1,2021-08-07,15:00:00,Blackburn,Swansea,2,1,1.0,0.0,H,H,2.1,3.4,3.4,2.3,1.61
E1,2021-08-07,15:00:00,Bristol City,Blackpool,1,1,1.0,0.0,D,H,2.15,3.4,3.3,2.2,1.66
E1,2021-08-07,15:00:00,Cardiff,Barnsley,1,1,0.0,0.0,D,D,2.2,3.4,3.2,2.3,1.61
E1,2021-08-07,15:00:00,Derby,Huddersfield,1,1,1.0,1.0,D,D,4.5,3.75,1.72,2.1,1.72
E1,2021-08-07,15:00:00,Luton,Peterboro,3,0,1.0,0.0,H,H,2.1,3.4,3.4,2.0,1.85
E1,2021-08-07,15:00:00,Preston,Hull,1,4,1.0,1.0,A,D,2.25,3.4,3.1,2.0,1.8
E1,2021-08-07,15:00:00,QPR,Millwall,1,1,1.0,1.0,D,D,2.05,3.4,3.6,2.2,1.66
E1,2021-08-07,15:00:00,Stoke,Reading,3,2,2.0,1.0,H,H,2.05,3.25,3.8,2.5,1.53
E1,2021-08-07,20:00:00,Sheffield United,Birmingham,0,1,0.0,1.0,A,A,1.75,3.5,5.0,2.3,1.61
E1,2021-08-08,13:30:00,Fulham,Middlesbrough,1,1,1.0,0.0,D,H,1.9,3.4,4.2,2.1,1.72
E1,2021-08-08,16:30:00,Coventry,Nott'm Forest,2,1,0.0,1.0,H,A,2.45,3.3,2.8,2.5,1.53
E1,2021-08-14,12:30:00,Peterboro,Derby,2,1,0.0,0.0,H,D,2.15,3.3,3.5,2.2,1.66
E1,2021-08-14,15:00:00,Barnsley,Coventry,1,0,1.0,0.0,H,H,2.0,3.3,3.9,2.2,1.66
E1,2021-08-14,15:00:00,Birmingham,Stoke,0,0,0.0,0.0,D,D,2.7,3.1,2.8,2.5,1.53
E1,2021-08-14,15:00:00,Blackpool,Cardiff,0,2,0.0,0.0,A,D,3.1,3.2,2.4,2.2,1.66
E1,2021-08-14,15:00:00,Huddersfield,Fulham,1,5,1.0,3.0,A,A,4.75,3.3,1.85,2.1,1.72
E1,2021-08-14,15:00:00,Hull,QPR,0,3,0.0,1.0,A,A,2.8,3.25,2.6,2.06,1.87
E1,2021-08-14,15:00:00,Middlesbrough,Bristol City,2,1,1.0,0.0,H,H,1.8,3.4,5.0,2.2,1.66
E1,2021-08-14,15:00:00,Millwall,Blackburn,1,1,0.0,0.0,D,D,2.45,3.2,3.0,2.2,1.66
E1,2021-08-14,15:00:00,Nott'm Forest,Bournemouth,1,2,0.0,1.0,A,A,3.5,3.3,2.15,2.2,1.66
E1,2021-08-14,15:00:00,Reading,Preston,2,1,1.0,0.0,H,H,2.2,3.2,3.5,2.1,1.72
E1,2021-08-14,15:00:00,West Brom,Luton,3,2,2.0,0.0,H,H,1.7,3.6,5.5,2.0,1.93
E1,2021-08-14,20:00:00,Swansea,Sheffield United,0,0,0.0,0.0,D,D,3.0,3.2,2.45,2.3,1.61
E1,2021-08-17,19:45:00,Barnsley,Luton,0,1,0.0,1.0,A,A,2.3,3.2,3.3,2.3,1.61
E1,2021-08-17,19:45:00,Blackpool,Coventry,0,1,0.0,1.0,A,A,3.0,3.2,2.45,2.37,1.57
E1,2021-08-17,19:45:00,Huddersfield,Preston,1,0,0.0,0.0,H,D,2.45,3.2,3.0,2.3,1.61
E1,2021-08-17,19:45:00,Millwall,Fulham,1,2,0.0,2.0,A,A,3.8,3.1,2.15,2.3,1.61
E1,2021-08-17,19:45:00,Peterboro,Cardiff,2,2,0.0,0.0,D,D,3.2,3.2,2.4,2.3,1.61
E1,2021-08-17,19:45:00,Swansea,Stoke,1,3,0.0,1.0,A,A,3.1,3.1,2.45,2.37,1.57
E1,2021-08-17,20:00:00,Reading,Bristol City,2,3,1.0,2.0,A,A,2.2,3.25,3.4,2.2,1.66
E1,2021-08-18,19:45:00,Birmingham,Bournemouth,0,2,0.0,0.0,A,D,3.1,3.25,2.4,2.1,1.72
E1,2021-08-18,19:45:00,Hull,Derby,0,1,0.0,0.0,A,D,1.8,3.75,4.5,2.1,1.72
E1,2021-08-18,19:45:00,Middlesbrough,QPR,2,3,1.0,0.0,A,H,2.4,3.25,3.0,2.1,1.72
E1,2021-08-18,19:45:00,Nott'm Forest,Blackburn,1,2,0.0,0.0,A,D,2.37,3.3,3.1,2.1,1.72
E1,2021-08-18,20:00:00,West Brom,Sheffield United,4,0,1.0,0.0,H,H,2.1,3.4,3.5,2.1,1.72
E1,2021-08-20,19:45:00,Bristol City,Swansea,0,1,0.0,1.0,A,A,2.15,3.25,3.6,2.2,1.66
E1,2021-08-21,12:30:00,QPR,Barnsley,2,2,0.0,2.0,D,A,2.05,3.3,3.8,2.0,1.8
E1,2021-08-21,15:00:00,Blackburn,West Brom,1,2,0.0,2.0,A,A,4.0,3.3,1.9,2.1,1.72
E1,2021-08-21,15:00:00,Bournemouth,Blackpool,2,2,2.0,0.0,D,H,1.65,3.8,5.5,2.0,1.8
E1,2021-08-21,15:00:00,Cardiff,Millwall,3,1,0.0,0.0,H,D,2.2,3.2,3.5,2.5,1.53
E1,2021-08-21,15:00:00,Coventry,Reading,2,1,0.0,1.0,H,A,2.05,3.4,3.6,2.2,1.66
E1,2021-08-21,15:00:00,Derby,Middlesbrough,0,0,0.0,0.0,D,D,3.1,3.1,2.45,2.3,1.61
E1,2021-08-21,15:00:00,Fulham,Hull,2,0,2.0,0.0,H,H,1.36,4.75,9.5,1.85,2.0
E1,2021-08-21,15:00:00,Luton,Birmingham,0,5,0.0,2.0,A,A,2.0,3.25,3.8,2.2,1.66
E1,2021-08-21,15:00:00,Preston,Peterboro,1,0,1.0,0.0,H,H,2.1,3.3,3.6,2.2,1.66
E1,2021-08-21,15:00:00,Sheffield United,Huddersfield,1,2,0.0,0.0,A,D,1.57,3.8,5.75,2.1,1.72
E1,2021-08-21,15:00:00,Stoke,Nott'm Forest,1,0,0.0,0.0,H,D,1.83,3.5,4.5,2.3,1.61
E1,2021-08-28,12:30:00,Cardiff,Bristol City,1,2,0.0,1.0,A,A,1.95,3.4,4.0,2.0,1.8
E1,2021-08-28,12:30:00,Derby,Nott'm Forest,1,1,1.0,0.0,D,H,2.45,3.1,3.1,2.5,1.53
E1,2021-08-28,15:00:00,Barnsley,Birmingham,1,1,1.0,1.0,D,D,2.25,3.3,3.3,2.37,1.57
E1,2021-08-28,15:00:00,Fulham,Stoke,3,0,1.0,0.0,H,H,1.83,3.4,4.5,2.2,1.66
E1,2021-08-28,15:00:00,Huddersfield,Reading,4,0,1.0,0.0,H,H,2.37,3.25,3.1,2.1,1.72
E1,2021-08-28,15:00:00,Hull,Bournemouth,0,0,0.0,0.0,D,D,3.6,3.4,2.1,2.1,1.72
E1,2021-08-28,15:00:00,Luton,Sheffield United,0,0,0.0,0.0,D,D,2.87,3.2,2.55,2.3,1.61
E1,2021-08-28,15:00:00,Middlesbrough,Blackburn,1,1,1.0,1.0,D,D,2.1,3.3,3.6,2.1,1.72
E1,2021-08-28,15:00:00,Millwall,Blackpool,2,1,0.0,0.0,H,D,1.83,3.5,4.5,2.2,1.66
E1,2021-08-28,15:00:00,Preston,Swansea,3,1,2.0,1.0,H,H,2.25,3.3,3.3,2.2,1.66
E1,2021-08-28,15:00:00,QPR,Coventry,2,0,0.0,0.0,H,D,2.2,3.3,3.4,2.0,1.8
E1,2021-08-28,20:00:00,Peterboro,West Brom,0,1,0.0,0.0,A,D,5.5,3.6,1.66,1.9,1.9
E1,2021-09-10,20:00:00,Birmingham,Derby,2,0,1.0,0.0,H,H,1.85,3.3,4.75,2.37,1.57
E1,2021-09-11,15:00:00,Blackburn,Luton,2,2,2.0,0.0,D,H,2.2,3.3,3.4,1.9,1.9
E1,2021-09-11,15:00:00,Blackpool,Fulham,1,0,0.0,0.0,H,D,6.0,4.0,1.57,1.9,1.9
E1,2021-09-11,15:00:00,Bournemouth,Barnsley,3,0,1.0,0.0,H,H,1.83,3.5,4.5,2.1,1.72
E1,2021-09-11,15:00:00,Bristol City,Preston,0,0,0.0,0.0,D,D,2.3,3.2,3.3,2.2,1.66
E1,2021-09-11,15:00:00,Coventry,Middlesbrough,2,0,0.0,0.0,H,D,2.2,3.3,3.4,2.3,1.61
E1,2021-09-11,15:00:00,Reading,QPR,3,3,1.0,1.0,D,D,3.0,3.4,2.37,1.8,2.0
E1,2021-09-11,15:00:00,Sheffield United,Peterboro,6,2,1.0,1.0,H,D,1.66,3.75,5.5,2.0,1.8
E1,2021-09-11,15:00:00,Stoke,Huddersfield,2,1,0.0,0.0,H,D,1.75,3.6,5.0,2.1,1.72
E1,2021-09-11,15:00:00,Swansea,Hull,0,0,0.0,0.0,D,D,2.15,3.3,3.5,2.1,1.72
E1,2021-09-11,15:00:00,West Brom,Millwall,1,1,0.0,0.0,D,D,1.53,4.0,6.5,1.9,1.9
E1,2021-09-12,14:30:00,Nott'm Forest,Cardiff,1,2,1.0,0.0,A,H,3.1,3.1,2.5,2.3,1.61
E1,2021-09-14,19:45:00,Blackburn,Hull,2,0,0.0,0.0,H,D,1.75,3.6,5.0,2.1,1.72
E1,2021-09-14,19:45:00,Blackpool,Huddersfield,0,3,0.0,0.0,A,D,2.6,3.2,2.87,2.2,1.66
E1,2021-09-14,19:45:00,Bournemouth,QPR,2,1,2.0,0.0,H,H,1.9,3.6,4.0,1.66,2.2
E1,2021-09-14,19:45:00,Sheffield United,Preston,2,2,1.0,1.0,D,D,1.85,3.3,4.75,2.2,1.66
E1,2021-09-14,20:00:00,Reading,Peterboro,3,1,0.0,0.0,H,D,2.3,3.4,3.1,1.9,1.9
E1,2021-09-14,20:00:00,West Brom,Derby,0,0,0.0,0.0,D,D,1.53,3.9,6.5,1.9,1.9
E1,2021-09-15,19:45:00,Birmingham,Fulham,1,4,0.0,2.0,A,A,3.8,3.3,2.05,2.3,1.61
E1,2021-09-15,19:45:00,Bristol City,Luton,1,1,0.0,0.0,D,D,2.45,3.2,3.0,2.2,1.66
E1,2021-09-15,19:45:00,Coventry,Cardiff,1,0,1.0,0.0,H,H,2.2,3.3,3.4,2.2,1.66
E1,2021-09-15,19:45:00,Nott'm Forest,Middlesbrough,0,2,0.0,1.0,A,A,2.9,3.1,2.55,2.5,1.53
E1,2021-09-15,19:45:00,Stoke,Barnsley,1,1,1.0,1.0,D,D,1.75,3.5,5.0,2.2,1.66
E1,2021-09-15,19:45:00,Swansea,Millwall,0,0,0.0,0.0,D,D,2.6,3.1,2.9,2.3,1.61
E1,2021-09-18,12:30:00,Hull,Sheffield United,1,3,0.0,1.0,A,A,3.25,3.3,2.3,2.2,1.66
E1,2021-09-18,15:00:00,Barnsley,Blackburn,0,0,0.0,0.0,D,D,3.0,3.0,2.62,2.2,1.66
E1,2021-09-18,15:00:00,Cardiff,Bournemouth,0,1,0.0,0.0,A,D,2.9,3.2,2.55,2.0,1.8
E1,2021-09-18,15:00:00,Derby,Stoke,2,1,2.0,0.0,H,H,3.1,3.1,2.45,2.37,1.57
E1,2021-09-18,15:00:00,Fulham,Reading,1,2,0.0,1.0,A,A,1.33,5.0,9.5,1.66,2.2
E1,2021-09-18,15:00:00,Huddersfield,Nott'm Forest,0,2,0.0,1.0,A,A,2.05,3.3,3.8,2.2,1.66
E1,2021-09-18,15:00:00,Luton,Swansea,3,3,3.0,0.0,D,H,2.05,3.25,3.8,2.1,1.72
E1,2021-09-18,15:00:00,Middlesbrough,Blackpool,1,2,1.0,0.0,A,H,1.83,3.4,4.75,2.2,1.66
E1,2021-09-18,15:00:00,Millwall,Coventry,1,1,1.0,1.0,D,D,2.55,3.1,3.0,2.3,1.61
E1,2021-09-18,15:00:00,Peterboro,Birmingham,3,0,2.0,0.0,H,H,3.4,3.3,2.2,2.08,1.85
E1,2021-09-18,15:00:00,Preston,West Brom,1,1,1.0,1.0,D,D,3.8,3.6,1.95,1.97,1.96
E1,2021-09-18,15:00:00,QPR,Bristol City,1,2,0.0,1.0,A,A,1.83,3.6,4.33,1.9,1.9
E1,2021-09-24,19:45:00,Coventry,Peterboro,3,0,0.0,0.0,H,D,1.61,4.0,5.5,1.9,1.9
E1,2021-09-24,20:00:00,West Brom,QPR,2,1,0.0,1.0,H,A,1.7,4.0,4.75,1.66,2.2
E1,2021-09-25,12:30:00,Reading,Middlesbrough,1,0,0.0,0.0,H,D,3.0,3.2,2.45,2.1,1.72
E1,2021-09-25,15:00:00,Birmingham,Preston,0,0,0.0,0.0,D,D,2.05,3.2,4.0,2.3,1.61
E1,2021-09-25,15:00:00,Blackburn,Cardiff,5,1,3.0,0.0,H,H,2.25,3.4,3.2,2.0,1.8
E1,2021-09-25,15:00:00,Blackpool,Barnsley,1,0,1.0,0.0,H,H,2.4,3.3,3.0,2.3,1.61
E1,2021-09-25,15:00:00,Bournemouth,Luton,2,1,2.0,0.0,H,H,1.57,4.33,5.5,1.85,2.0
E1,2021-09-25,15:00:00,Bristol City,Fulham,1,1,0.0,0.0,D,D,5.0,3.6,1.75,2.0,1.85
E1,2021-09-25,15:00:00,Nott'm Forest,Millwall,1,1,0.0,1.0,D,A,2.5,3.1,3.1,2.37,1.57
E1,2021-09-25,15:00:00,Sheffield United,Derby,1,0,0.0,0.0,H,D,1.61,3.75,6.0,2.1,1.72
E1,2021-09-25,15:00:00,Stoke,Hull,2,0,1.0,0.0,H,H,1.57,3.8,6.5,2.2,1.66
E1,2021-09-25,15:00:00,Swansea,Huddersfield,1,0,1.0,0.0,H,H,2.5,3.2,3.0,2.3,1.61
E1,2021-09-28,19:45:00,Cardiff,West Brom,0,4,0.0,1.0,A,A,4.33,3.5,1.85,2.02,1.83
E1,2021-09-28,19:45:00,Huddersfield,Blackburn,3,2,1.0,0.0,H,H,2.55,3.3,2.8,2.0,1.8
E1,2021-09-28,19:45:00,Hull,Blackpool,1,1,0.0,1.0,D,A,2.25,3.2,3.4,2.2,1.66
E1,2021-09-28,19:45:00,Middlesbrough,Sheffield United,2,0,2.0,0.0,H,H,3.0,3.1,2.55,2.5,1.53
E1,2021-09-28,19:45:00,Preston,Stoke,1,1,1.0,1.0,D,D,2.7,3.1,2.8,2.3,1.61
E1,2021-09-28,19:45:00,QPR,Birmingham,2,0,1.0,0.0,H,H,1.95,3.6,3.8,1.93,1.93
E1,2021-09-29,19:45:00,Barnsley,Nott'm Forest,1,3,1.0,0.0,A,H,2.4,3.0,3.25,2.37,1.57
E1,2021-09-29,19:45:00,Derby,Reading,1,0,1.0,0.0,H,H,2.25,3.2,3.4,2.2,1.66
E1,2021-09-29,19:45:00,Fulham,Swansea,3,1,3.0,1.0,H,H,1.36,4.75,8.5,1.72,2.1
E1,2021-09-29,19:45:00,Luton,Coventry,5,0,4.0,0.0,H,H,2.7,3.2,2.7,2.1,1.72
E1,2021-09-29,19:45:00,Millwall,Bristol City,1,0,0.0,0.0,H,D,2.05,3.2,4.0,2.3,1.61
E1,2021-09-29,19:45:00,Peterboro,Bournemouth,0,0,0.0,0.0,D,D,5.25,3.75,1.66,1.9,1.9
E1,2021-10-01,19:45:00,Stoke,West Brom,1,0,0.0,0.0,H,D,3.5,3.2,2.2,2.1,1.72
E1,2021-10-02,12:30:00,Coventry,Fulham,4,1,0.0,1.0,H,A,3.75,3.5,2.0,1.9,1.9
E1,2021-10-02,15:00:00,Barnsley,Millwall,0,1,0.0,0.0,A,D,3.0,3.1,2.5,2.5,1.53
E1,2021-10-02,15:00:00,Birmingham,Nott'm Forest,0,3,0.0,2.0,A,A,2.15,3.2,3.6,2.3,1.61
E1,2021-10-02,15:00:00,Blackpool,Blackburn,2,1,2.0,0.0,H,H,3.0,3.3,2.45,2.0,1.8
E1,2021-10-02,15:00:00,Bournemouth,Sheffield United,2,1,0.0,0.0,H,D,1.95,3.5,3.9,2.1,1.72
E1,2021-10-02,15:00:00,Cardiff,Reading,0,1,0.0,1.0,A,A,2.0,3.4,3.8,1.9,1.9
E1,2021-10-02,15:00:00,Derby,Swansea,0,0,0.0,0.0,D,D,2.45,3.1,3.1,2.37,1.57
E1,2021-10-02,15:00:00,Hull,Middlesbrough,2,0,0.0,0.0,H,D,3.0,3.2,2.45,2.3,1.61
E1,2021-10-02,15:00:00,Luton,Huddersfield,0,0,0.0,0.0,D,D,2.1,3.3,3.75,2.0,1.8
E1,2021-10-02,15:00:00,Peterboro,Bristol City,2,3,2.0,2.0,A,D,2.5,3.3,2.87,2.0,1.8
E1,2021-10-02,15:00:00,QPR,Preston,3,2,1.0,1.0,H,D,2.05,3.6,3.5,1.9,1.9
E1,2021-10-15,20:00:00,West Brom,Birmingham,1,0,0.0,0.0,H,D,1.61,4.0,5.5,1.88,1.98
E1,2021-10-16,12:30:00,Fulham,QPR,4,1,1.0,0.0,H,H,1.6,4.2,5.25,1.57,2.37
E1,2021-10-16,15:00:00,Blackburn,Coventry,2,2,2.0,0.0,D,H,2.8,3.25,2.6,2.0,1.85
E1,2021-10-16,15:00:00,Bristol City,Bournemouth,0,2,0.0,2.0,A,A,4.5,3.4,1.85,2.0,1.8
E1,2021-10-16,15:00:00,Huddersfield,Hull,2,0,1.0,0.0,H,H,2.0,3.3,4.0,2.1,1.72
E1,2021-10-16,15:00:00,Middlesbrough,Peterboro,2,0,0.0,0.0,H,D,1.8,3.5,4.75,1.9,1.9
E1,2021-10-16,15:00:00,Millwall,Luton,0,2,0.0,1.0,A,A,2.37,3.2,3.25,2.1,1.72
E1,2021-10-16,15:00:00,Nott'm Forest,Blackpool,2,1,1.0,0.0,H,H,2.0,3.3,4.0,2.1,1.72
E1,2021-10-16,15:00:00,Preston,Derby,0,0,0.0,0.0,D,D,2.0,3.2,4.2,2.3,1.61
E1,2021-10-16,15:00:00,Reading,Barnsley,1,0,0.0,0.0,H,D,2.15,3.25,3.6,2.2,1.66
E1,2021-10-16,15:00:00,Sheffield United,Stoke,2,1,0.0,0.0,H,D,2.2,3.2,3.5,2.1,1.72
E1,2021-10-17,12:00:00,Swansea,Cardiff,3,0,1.0,0.0,H,H,2.4,3.2,3.1,2.3,1.61
E1,2021-10-19,19:45:00,Bristol City,Nott'm Forest,1,2,1.0,0.0,A,H,2.75,3.25,2.62,2.1,1.72
E1,2021-10-19,19:45:00,Derby,Luton,2,2,1.0,0.0,D,H,3.3,3.2,2.3,2.5,1.53
E1,2021-10-19,19:45:00,QPR,Blackburn,1,0,0.0,0.0,H,D,2.15,3.5,3.3,1.72,2.1
E1,2021-10-19,19:45:00,Sheffield United,Millwall,1,2,1.0,1.0,A,D,1.8,3.5,4.75,2.1,1.72
E1,2021-10-19,19:45:00,Stoke,Bournemouth,0,1,0.0,0.0,A,D,2.7,3.2,2.8,2.0,1.8
E1,2021-10-20,19:45:00,Fulham,Cardiff,2,0,0.0,0.0,H,D,1.5,4.2,6.5,1.72,2.1
E1,2021-10-20,19:45:00,Huddersfield,Birmingham,0,0,0.0,0.0,D,D,2.4,3.2,3.1,2.3,1.61
E1,2021-10-20,19:45:00,Hull,Peterboro,1,2,1.0,1.0,A,D,2.1,3.4,3.6,2.0,1.8
E1,2021-10-20,19:45:00,Middlesbrough,Barnsley,2,0,1.0,0.0,H,H,1.85,3.4,4.5,2.1,1.72
E1,2021-10-20,19:45:00,Preston,Coventry,2,1,0.0,1.0,H,A,2.75,3.2,2.7,2.2,1.66
E1,2021-10-20,19:45:00,Swansea,West Brom,2,1,0.0,1.0,H,A,4.0,3.3,2.0,2.1,1.72
E1,2021-10-20,20:00:00,Reading,Blackpool,2,3,2.0,0.0,A,H,2.2,3.3,3.4,2.0,1.8
E1,2021-10-23,12:30:00,Cardiff,Middlesbrough,0,2,0.0,1.0,A,A,2.7,3.2,2.7,2.2,1.66
E1,2021-10-23,15:00:00,Birmingham,Swansea,2,1,0.0,0.0,H,D,2.45,3.1,3.1,2.5,1.53
E1,2021-10-23,15:00:00,Blackburn,Reading,2,0,0.0,0.0,H,D,1.85,3.6,4.33,1.9,1.9
E1,2021-10-23,15:00:00,Blackpool,Preston,2,0,1.0,0.0,H,H,2.9,3.2,2.5,2.1,1.72
E1,2021-10-23,15:00:00,Bournemouth,Huddersfield,3,0,2.0,0.0,H,H,1.6,4.0,5.5,1.9,1.9
E1,2021-10-23,15:00:00,Coventry,Derby,1,1,1.0,0.0,D,H,1.85,3.4,4.33,2.1,1.72
E1,2021-10-23,15:00:00,Luton,Hull,1,0,1.0,0.0,H,H,1.8,3.6,4.5,2.1,1.72
E1,2021-10-23,15:00:00,Millwall,Stoke,2,1,0.0,1.0,H,A,2.5,3.1,3.0,2.37,1.57
E1,2021-10-23,15:00:00,Peterboro,QPR,2,1,0.0,0.0,H,D,3.6,3.6,1.95,1.72,2.1
E1,2021-10-23,15:00:00,West Brom,Bristol City,3,0,2.0,0.0,H,H,1.45,4.33,7.5,1.9,1.9
E1,2021-10-24,12:30:00,Barnsley,Sheffield United,2,3,0.0,0.0,A,D,3.8,3.4,2.05,2.1,1.72
E1,2021-10-24,15:00:00,Nott'm Forest,Fulham,0,4,0.0,1.0,A,A,4.0,3.5,1.95,2.0,1.8
E1,2021-10-29,19:45:00,QPR,Nott'm Forest,1,1,1.0,0.0,D,H,2.15,3.5,3.3,1.8,2.0
E1,2021-10-30,12:30:00,Fulham,West Brom,3,0,2.0,0.0,H,H,2.0,3.5,3.8,1.8,2.0
E1,2021-10-30,15:00:00,Bristol City,Barnsley,2,1,2.0,1.0,H,H,2.3,3.3,3.2,2.0,1.8
E1,2021-10-30,15:00:00,Derby,Blackburn,1,2,0.0,2.0,A,A,2.8,3.25,2.55,2.3,1.61
E1,2021-10-30,15:00:00,Huddersfield,Millwall,1,0,0.0,0.0,H,D,2.5,3.2,2.9,2.37,1.57
E1,2021-10-30,15:00:00,Hull,Coventry,0,1,0.0,1.0,A,A,2.9,3.4,2.4,2.1,1.72
E1,2021-10-30,15:00:00,Middlesbrough,Birmingham,0,2,0.0,0.0,A,D,2.1,3.3,3.6,2.3,1.61
E1,2021-10-30,15:00:00,Preston,Luton,2,0,2.0,0.0,H,H,2.45,3.2,3.0,2.1,1.72
E1,2021-10-30,15:00:00,Sheffield United,Blackpool,0,1,0.0,0.0,A,D,1.57,4.0,6.0,1.8,2.0
E1,2021-10-30,15:00:00,Stoke,Cardiff,3,3,2.0,0.0,D,H,1.95,3.4,4.0,2.0,1.8
E1,2021-10-30,15:00:00,Swansea,Peterboro,3,0,3.0,0.0,H,H,1.6,3.8,5.75,1.9,1.9
E1,2021-10-30,20:00:00,Reading,Bournemouth,0,2,0.0,1.0,A,A,5.0,3.6,1.72,1.9,1.9
E1,2021-11-02,19:45:00,Birmingham,Bristol City,3,0,1.0,0.0,H,H,1.83,3.6,4.2,2.0,1.8
E1,2021-11-02,19:45:00,Coventry,Swansea,1,2,1.0,2.0,A,A,2.15,3.4,3.4,2.1,1.72
E1,2021-11-02,19:45:00,Luton,Middlesbrough,3,1,0.0,1.0,H,A,2.25,3.3,3.25,2.0,1.8
E1,2021-11-02,19:45:00,Millwall,Reading,1,0,0.0,0.0,H,D,1.9,3.4,4.2,2.1,1.72
E1,2021-11-02,19:45:00,Nott'm Forest,Sheffield United,1,1,0.0,0.0,D,D,2.9,3.4,2.4,2.0,1.8
E1,2021-11-02,19:45:00,Peterboro,Huddersfield,1,1,0.0,0.0,D,D,3.4,3.4,2.15,2.0,1.8
E1,2021-11-03,19:45:00,Barnsley,Derby,2,1,1.0,1.0,H,D,2.2,3.2,3.5,2.3,1.61
E1,2021-11-03,19:45:00,Blackburn,Fulham,0,7,0.0,2.0,A,A,4.0,3.5,1.9,1.8,2.0
E1,2021-11-03,19:45:00,Blackpool,Stoke,0,1,0.0,0.0,A,D,3.2,3.4,2.25,2.1,1.72
E1,2021-11-03,19:45:00,Bournemouth,Preston,1,2,0.0,0.0,A,D,1.55,4.0,6.5,1.9,1.9
E1,2021-11-03,19:45:00,Cardiff,QPR,0,1,0.0,1.0,A,A,2.7,3.4,2.6,1.8,2.0
E1,2021-11-03,20:00:00,West Brom,Hull,1,0,0.0,0.0,H,D,1.4,4.5,9.0,1.9,1.9
E1,2021-11-06,15:00:00,Barnsley,Hull,0,2,0.0,1.0,A,A,2.25,3.2,3.4,2.3,1.61
E1,2021-11-06,15:00:00,Blackburn,Sheffield United,3,1,1.0,1.0,H,D,2.9,3.4,2.4,1.9,1.9
E1,2021-11-06,15:00:00,Bournemouth,Swansea,4,0,1.0,0.0,H,H,1.72,3.6,5.0,2.05,1.8
E1,2021-11-06,15:00:00,Cardiff,Huddersfield,2,1,0.0,1.0,H,A,2.3,3.4,3.1,2.1,1.72
E1,2021-11-06,15:00:00,Coventry,Bristol City,3,2,0.0,1.0,H,A,1.65,3.75,5.5,1.9,1.95
E1,2021-11-06,15:00:00,Luton,Stoke,0,1,0.0,1.0,A,A,2.4,3.2,3.1,2.2,1.66
E1,2021-11-06,15:00:00,Millwall,Derby,1,1,1.0,1.0,D,D,1.83,3.4,4.75,2.37,1.57
E1,2021-11-06,15:00:00,Nott'm Forest,Preston,3,0,2.0,0.0,H,H,2.15,3.3,3.5,2.3,1.61
E1,2021-11-06,15:00:00,Peterboro,Fulham,0,1,0.0,0.0,A,D,6.0,4.33,1.53,1.61,2.3
E1,2021-11-06,15:00:00,West Brom,Middlesbrough,1,1,0.0,1.0,D,A,1.8,3.5,4.75,2.0,1.8
E1,2021-11-06,15:30:00,Birmingham,Reading,1,2,1.0,0.0,A,H,1.8,3.4,4.75,2.1,1.72
E1,2021-11-06,17:30:00,Blackpool,QPR,1,1,0.0,1.0,D,A,3.0,3.3,2.37,1.9,1.9
E1,2021-11-19,19:45:00,QPR,Luton,2,0,1.0,0.0,H,H,2.3,3.4,3.1,1.95,1.9
E1,2021-11-20,12:30:00,Sheffield United,Coventry,0,0,0.0,0.0,D,D,2.0,3.5,3.8,1.93,1.93
E1,2021-11-20,15:00:00,Bristol City,Blackburn,1,1,1.0,0.0,D,H,3.1,3.4,2.3,1.9,1.95
E1,2021-11-20,15:00:00,Fulham,Barnsley,4,1,2.0,0.0,H,H,1.28,5.5,11.0,1.57,2.37
E1,2021-11-20,15:00:00,Huddersfield,West Brom,1,0,1.0,0.0,H,H,3.8,3.3,2.05,2.2,1.66
E1,2021-11-20,15:00:00,Hull,Birmingham,2,0,1.0,0.0,H,H,2.6,3.25,2.8,2.2,1.66
E1,2021-11-20,15:00:00,Middlesbrough,Millwall,1,1,1.0,1.0,D,D,2.05,3.25,3.8,2.3,1.61
E1,2021-11-20,15:00:00,Preston,Cardiff,1,2,1.0,0.0,A,H,2.15,3.25,3.6,2.1,1.72
E1,2021-11-20,15:00:00,Reading,Nott'm Forest,1,1,0.0,1.0,D,A,3.1,3.3,2.37,2.1,1.72
E1,2021-11-20,15:00:00,Stoke,Peterboro,2,0,1.0,0.0,H,H,1.55,4.0,6.5,1.83,2.02
E1,2021-11-20,15:00:00,Swansea,Blackpool,1,1,1.0,0.0,D,H,1.85,3.5,4.5,2.1,1.72
E1,2021-11-21,12:00:00,Derby,Bournemouth,3,2,1.0,2.0,H,A,4.5,3.5,1.8,2.3,1.61
E1,2021-11-23,19:45:00,Blackpool,West Brom,0,0,0.0,0.0,D,D,4.33,3.5,1.85,2.0,1.8
E1,2021-11-23,19:45:00,Coventry,Birmingham,0,0,0.0,0.0,D,D,2.05,3.3,3.8,2.2,1.66
E1,2021-11-23,19:45:00,Middlesbrough,Preston,1,2,1.0,0.0,A,H,2.0,3.3,3.8,2.3,1.61
E1,2021-11-23,19:45:00,Nott'm Forest,Luton,0,0,0.0,0.0,D,D,2.6,3.1,2.87,2.3,1.61
E1,2021-11-23,20:00:00,Reading,Sheffield United,0,1,0.0,0.0,A,D,4.0,3.5,1.95,1.98,1.88
E1,2021-11-24,19:45:00,Barnsley,Swansea,0,2,0.0,0.0,A,D,3.0,3.3,2.37,2.0,1.8
E1,2021-11-24,19:45:00,Blackburn,Peterboro,4,0,3.0,0.0,H,H,1.7,3.75,5.0,1.83,2.02
E1,2021-11-24,19:45:00,Bristol City,Stoke,1,0,1.0,0.0,H,H,3.4,3.4,2.15,2.0,1.85
E1,2021-11-24,19:45:00,Cardiff,Hull,0,1,0.0,1.0,A,A,2.05,3.4,3.8,2.0,1.8
E1,2021-11-24,19:45:00,Fulham,Derby,0,0,0.0,0.0,D,D,1.28,5.5,10.0,1.72,2.1
E1,2021-11-24,19:45:00,Millwall,Bournemouth,1,1,0.0,1.0,D,A,3.6,3.3,2.15,2.2,1.66
E1,2021-11-24,19:45:00,QPR,Huddersfield,1,0,0.0,0.0,H,D,2.05,3.4,3.75,2.05,1.8
E1,2021-11-26,20:00:00,West Brom,Nott'm Forest,0,0,0.0,0.0,D,D,1.6,3.8,6.0,2.2,1.66
E1,2021-11-27,12:30:00,Preston,Fulham,1,1,0.0,1.0,D,A,4.33,3.6,1.83,1.88,1.98
E1,2021-11-27,15:00:00,Birmingham,Blackpool,1,0,0.0,0.0,H,D,2.1,3.25,3.75,2.2,1.66
E1,2021-11-27,15:00:00,Bournemouth,Coventry,2,2,1.0,0.0,D,H,1.9,3.4,4.33,2.05,1.8
E1,2021-11-27,15:00:00,Huddersfield,Middlesbrough,1,2,0.0,2.0,A,A,2.62,3.2,2.75,2.2,1.66
E1,2021-11-27,15:00:00,Hull,Millwall,2,1,1.0,1.0,H,D,2.62,3.2,2.75,2.37,1.57
E1,2021-11-27,15:00:00,Luton,Cardiff,1,2,0.0,1.0,A,A,1.9,3.5,4.0,2.05,1.8
E1,2021-11-27,15:00:00,Peterboro,Barnsley,0,0,0.0,0.0,D,D,2.4,3.3,3.0,2.02,1.83
E1,2021-11-27,15:00:00,Stoke,Blackburn,0,1,0.0,0.0,A,D,2.1,3.4,3.5,2.02,1.83
E1,2021-11-27,15:00:00,Swansea,Reading,2,3,1.0,2.0,A,A,1.75,3.6,4.75,2.1,1.72
E1,2021-11-28,12:30:00,Sheffield United,Bristol City,2,0,1.0,0.0,H,H,1.5,4.33,7.0,1.8,2.0
E1,2021-11-29,19:45:00,Derby,QPR,1,2,1.0,0.0,A,H,3.0,3.4,2.4,2.0,1.8
E1,2021-12-03,19:45:00,Fulham,Bournemouth,1,1,0.0,0.0,D,D,1.8,3.75,4.33,1.83,2.02
E1,2021-12-04,12:30:00,Coventry,West Brom,1,2,0.0,2.0,A,A,3.2,3.2,2.37,2.2,1.66
E1,2021-12-04,15:00:00,Barnsley,Huddersfield,1,1,1.0,1.0,D,D,2.8,3.2,2.7,2.3,1.61
E1,2021-12-04,15:00:00,Blackburn,Preston,1,0,0.0,0.0,H,D,2.25,3.3,3.25,2.0,1.85
E1,2021-12-04,15:00:00,Blackpool,Luton,0,3,0.0,1.0,A,A,2.8,3.1,2.7,2.2,1.66
E1,2021-12-04,15:00:00,Bristol City,Derby,1,0,1.0,0.0,H,H,2.5,3.2,2.9,2.2,1.66
E1,2021-12-04,15:00:00,Cardiff,Sheffield United,2,3,1.0,0.0,A,H,3.2,3.4,2.3,1.95,1.9
E1,2021-12-04,15:00:00,Middlesbrough,Swansea,1,0,1.0,0.0,H,H,1.95,3.6,3.75,2.1,1.72
E1,2021-12-04,15:00:00,Millwall,Birmingham,3,1,2.0,0.0,H,H,2.15,3.2,3.6,2.37,1.57
E1,2021-12-04,15:00:00,Nott'm Forest,Peterboro,2,0,0.0,0.0,H,D,1.72,3.6,4.75,2.1,1.72
E1,2021-12-04,15:00:00,Reading,Hull,1,1,1.0,0.0,D,H,2.4,3.3,3.0,2.1,1.72
E1,2021-12-05,14:30:00,QPR,Stoke,0,2,0.0,1.0,A,A,2.37,3.2,3.1,2.05,1.8
E1,2021-12-11,12:30:00,Huddersfield,Coventry,1,1,1.0,0.0,D,H,2.75,3.1,2.7,2.2,1.66
E1,2021-12-11,15:00:00,Birmingham,Cardiff,2,2,2.0,0.0,D,H,2.37,3.3,3.1,2.1,1.72
E1,2021-12-11,15:00:00,Bournemouth,Blackburn,0,2,0.0,1.0,A,A,1.7,3.8,5.0,1.9,1.95
E1,2021-12-11,15:00:00,Derby,Blackpool,1,0,0.0,0.0,H,D,2.4,3.0,3.3,2.3,1.61
E1,2021-12-11,15:00:00,Hull,Bristol City,2,2,1.0,0.0,D,H,1.9,3.5,4.0,2.1,1.72
E1,2021-12-11,15:00:00,Luton,Fulham,1,1,0.0,1.0,D,A,3.8,3.8,1.85,1.72,2.1
E1,2021-12-11,15:00:00,Peterboro,Millwall,2,1,0.0,1.0,H,A,3.3,3.2,2.3,2.2,1.66
E1,2021-12-11,15:00:00,Preston,Barnsley,2,1,0.0,0.0,H,D,1.75,3.75,4.75,2.1,1.72
E1,2021-12-11,15:00:00,Stoke,Middlesbrough,0,0,0.0,0.0,D,D,2.4,3.1,3.2,2.2,1.66
E1,2021-12-11,15:00:00,Swansea,Nott'm Forest,1,4,0.0,0.0,A,D,2.15,3.2,3.6,2.3,1.61
E1,2021-12-11,15:00:00,West Brom,Reading,1,0,0.0,0.0,H,D,1.44,4.75,7.0,1.9,1.95
E1,2021-12-17,19:45:00,Barnsley,West Brom,0,0,0.0,0.0,D,D,5.0,3.8,1.66,2.02,1.83
E1,2021-12-18,12:30:00,Middlesbrough,Bournemouth,1,0,0.0,0.0,H,D,2.6,3.25,2.8,2.1,1.72
E1,2021-12-18,15:00:00,Blackburn,Birmingham,4,0,1.0,0.0,H,H,1.9,3.6,4.0,2.2,1.66
E1,2021-12-18,15:00:00,Blackpool,Peterboro,3,1,1.0,1.0,H,D,2.1,3.4,3.6,2.1,1.72
E1,2021-12-18,15:00:00,Bristol City,Huddersfield,2,3,1.0,1.0,A,D,2.7,3.1,2.8,2.1,1.72
E1,2021-12-18,15:00:00,Nott'm Forest,Hull,2,1,0.0,1.0,H,A,1.9,3.6,4.0,2.3,1.61
E1,2021-12-20,19:45:00,Fulham,Sheffield United,0,1,0.0,1.0,A,A,1.75,3.6,5.0,1.85,2.0
E1,2021-12-26,15:00:00,Huddersfield,Blackpool,3,2,1.0,2.0,H,A,2.15,3.3,3.5,2.2,1.66
E1,2021-12-26,15:00:00,Middlesbrough,Nott'm Forest,2,0,1.0,0.0,H,H,2.1,3.2,3.75,2.2,1.66
E1,2021-12-27,15:00:00,Derby,West Brom,1,0,0.0,0.0,H,D,5.0,3.5,1.8,2.2,1.66
E1,2021-12-27,17:30:00,QPR,Bournemouth,0,1,0.0,1.0,A,A,2.8,3.4,2.45,1.9,1.95
E1,2021-12-29,19:45:00,Blackburn,Barnsley,2,1,1.0,1.0,H,D,1.66,3.8,5.5,1.93,1.93
E1,2021-12-29,19:45:00,Blackpool,Middlesbrough,1,2,0.0,0.0,A,D,3.4,3.3,2.2,2.0,1.8
E1,2021-12-29,19:45:00,Coventry,Millwall,0,1,0.0,0.0,A,D,2.0,3.4,3.8,2.2,1.66
E1,2021-12-30,19:45:00,Bournemouth,Cardiff,3,0,1.0,0.0,H,H,1.61,4.0,5.5,1.93,1.93
E1,2021-12-30,19:45:00,Bristol City,QPR,1,2,1.0,1.0,A,D,2.9,3.4,2.4,1.98,1.88
E1,2021-12-30,19:45:00,Nott'm Forest,Huddersfield,0,1,0.0,1.0,A,A,2.0,3.4,3.8,2.2,1.66
E1,2021-12-30,19:45:00,Stoke,Derby,1,2,0.0,1.0,A,A,1.66,3.75,5.5,2.2,1.66
E1,2022-01-01,15:00:00,Blackpool,Hull,1,0,1.0,0.0,H,H,2.1,3.5,3.3,2.1,1.72
E1,2022-01-02,13:00:00,Bristol City,Millwall,3,2,1.0,2.0,H,A,2.9,3.2,2.45,2.3,1.61
E1,2022-01-02,14:00:00,Birmingham,QPR,1,2,0.0,1.0,A,A,2.7,3.1,2.75,2.2,1.66
E1,2022-01-02,14:00:00,Blackburn,Huddersfield,0,0,0.0,0.0,D,D,1.85,3.5,4.2,2.02,1.83
E1,2022-01-02,14:00:00,West Brom,Cardiff,1,1,0.0,1.0,D,A,1.55,3.8,6.5,2.0,1.85
E1,2022-01-03,15:00:00,Reading,Derby,2,2,1.0,0.0,D,H,2.2,3.4,3.25,2.3,1.61
E1,2022-01-03,15:00:00,Stoke,Preston,1,2,0.0,0.0,A,D,2.0,3.3,4.0,2.3,1.61
E1,2022-01-11,20:00:00,Reading,Fulham,0,7,0.0,2.0,A,A,7.0,4.5,1.44,1.61,2.3
E1,2022-01-15,12:30:00,Cardiff,Blackburn,0,1,0.0,1.0,A,A,2.7,3.3,2.6,2.0,1.8
E1,2022-01-15,12:30:00,Luton,Bournemouth,3,2,2.0,0.0,H,H,2.8,3.4,2.45,2.02,1.83
E1,2022-01-15,15:00:00,Derby,Sheffield United,2,0,0.0,0.0,H,D,3.5,3.2,2.2,2.3,1.61
E1,2022-01-15,15:00:00,Fulham,Bristol City,6,2,5.0,2.0,H,H,1.22,6.5,12.0,1.53,2.5
E1,2022-01-15,15:00:00,Huddersfield,Swansea,1,1,1.0,0.0,D,H,2.62,3.25,2.75,2.2,1.66
E1,2022-01-15,15:00:00,Middlesbrough,Reading,2,1,0.0,0.0,H,D,1.44,4.5,7.5,1.9,1.95
E1,2022-01-15,15:00:00,Millwall,Nott'm Forest,0,1,0.0,0.0,A,D,2.37,3.2,3.2,2.3,1.61
E1,2022-01-15,15:00:00,Peterboro,Coventry,1,4,1.0,2.0,A,A,3.3,3.4,2.2,2.1,1.72
E1,2022-01-15,15:00:00,Preston,Birmingham,1,1,1.0,0.0,D,H,1.9,3.6,4.0,2.2,1.66
E1,2022-01-15,15:00:00,QPR,West Brom,1,0,0.0,0.0,H,D,3.4,3.5,2.15,2.1,1.72
E1,2022-01-16,12:00:00,Hull,Stoke,0,2,0.0,1.0,A,A,2.8,3.4,2.5,2.2,1.66
E1,2022-01-18,19:45:00,Fulham,Birmingham,6,2,4.0,1.0,H,H,1.28,5.5,11.0,1.61,2.3
E1,2022-01-18,19:45:00,Preston,Sheffield United,2,2,0.0,2.0,D,A,2.9,3.1,2.62,2.2,1.66
E1,2022-01-19,19:45:00,Hull,Blackburn,2,0,1.0,0.0,H,H,3.0,3.4,2.37,2.1,1.72
E1,2022-01-19,20:00:00,Reading,Luton,0,2,0.0,1.0,A,A,3.6,3.6,2.0,2.02,1.83
E1,2022-01-22,12:30:00,Bristol City,Cardiff,3,2,1.0,1.0,H,D,2.5,3.25,2.9,1.93,1.93
E1,2022-01-22,12:30:00,Nott'm Forest,Derby,2,1,0.0,0.0,H,D,1.95,3.2,4.5,2.37,1.57
E1,2022-01-22,15:00:00,Birmingham,Barnsley,2,1,1.0,0.0,H,H,1.8,3.5,4.75,2.2,1.66
E1,2022-01-22,15:00:00,Blackpool,Millwall,1,0,0.0,0.0,H,D,2.37,3.25,3.1,2.2,1.66
E1,2022-01-22,15:00:00,Bournemouth,Hull,0,1,0.0,0.0,A,D,1.57,4.0,6.0,1.98,1.88
E1,2022-01-22,15:00:00,Coventry,QPR,1,2,0.0,1.0,A,A,2.37,3.3,3.1,2.0,1.85
E1,2022-01-22,15:00:00,Reading,Huddersfield,3,4,3.0,3.0,A,D,3.0,3.25,2.45,2.2,1.66
E1,2022-01-22,15:00:00,Sheffield United,Luton,2,0,0.0,0.0,H,D,1.85,3.5,4.5,2.2,1.66
E1,2022-01-22,15:00:00,Stoke,Fulham,2,3,1.0,2.0,A,A,4.33,3.4,1.9,2.1,1.72
E1,2022-01-22,15:00:00,Swansea,Preston,1,0,0.0,0.0,H,D,2.15,3.3,3.5,2.2,1.66
E1,2022-01-22,15:00:00,West Brom,Peterboro,3,0,0.0,0.0,H,D,1.36,4.5,11.0,1.9,1.9
E1,2022-01-24,19:45:00,Blackburn,Middlesbrough,1,0,0.0,0.0,H,D,2.3,3.4,3.1,2.2,1.66
E1,2022-01-25,19:45:00,Birmingham,Peterboro,2,2,0.0,1.0,D,A,1.9,3.4,4.33,2.1,1.72
E1,2022-01-25,19:45:00,Coventry,Stoke,1,0,0.0,0.0,H,D,2.2,3.2,3.6,2.3,1.61
E1,2022-01-25,19:45:00,Luton,Bristol City,2,1,1.0,0.0,H,H,1.75,3.4,4.75,1.95,1.9
E1,2022-01-25,19:45:00,Nott'm Forest,Barnsley,3,0,2.0,0.0,H,H,1.53,4.0,6.5,2.0,1.8
E1,2022-01-25,19:45:00,QPR,Swansea,0,0,0.0,0.0,D,D,2.25,3.4,3.1,1.93,1.93
E1,2022-01-26,20:00:00,West Brom,Preston,0,2,0.0,1.0,A,A,1.61,3.75,6.0,2.05,1.8
E1,2022-01-28,19:45:00,Huddersfield,Stoke,1,1,1.0,0.0,D,H,2.55,3.25,2.8,2.2,1.66
E1,2022-01-29,15:00:00,Barnsley,Bournemouth,0,1,0.0,1.0,A,A,5.5,3.6,1.7,2.05,1.8
E1,2022-01-29,15:00:00,Fulham,Blackpool,1,1,1.0,0.0,D,H,1.3,5.25,11.0,1.61,2.3
E1,2022-01-29,15:00:00,Hull,Swansea,2,0,2.0,0.0,H,H,2.87,3.1,2.62,2.2,1.66
E1,2022-01-29,15:00:00,Luton,Blackburn,0,0,0.0,0.0,D,D,2.4,3.2,3.1,2.2,1.66
E1,2022-01-29,15:00:00,Middlesbrough,Coventry,1,0,0.0,0.0,H,D,2.05,3.3,3.8,2.2,1.66
E1,2022-01-29,15:00:00,Millwall,West Brom,2,0,0.0,0.0,H,D,3.5,3.1,2.25,2.3,1.61
E1,2022-01-29,15:00:00,Preston,Bristol City,2,2,0.0,1.0,D,A,1.85,3.4,4.5,2.1,1.72
E1,2022-01-29,15:00:00,QPR,Reading,4,0,3.0,0.0,H,H,1.53,4.0,7.0,1.8,2.0
E1,2022-01-29,17:30:00,Peterboro,Sheffield United,0,2,0.0,0.0,A,D,3.75,3.6,1.95,1.95,1.9
E1,2022-01-30,13:30:00,Derby,Birmingham,2,2,0.0,1.0,D,A,2.3,3.1,3.4,2.5,1.53
E1,2022-01-30,16:00:00,Cardiff,Nott'm Forest,2,1,1.0,0.0,H,H,2.8,3.2,2.62,2.2,1.66
E1,2022-02-01,19:45:00,Millwall,Preston,0,0,0.0,0.0,D,D,2.5,3.1,3.0,2.5,1.53
E1,2022-02-01,19:45:00,Swansea,Luton,0,1,0.0,0.0,A,D,2.25,3.2,3.4,2.37,1.57
E1,2022-02-02,19:45:00,Barnsley,Cardiff,0,1,0.0,0.0,A,D,2.9,3.1,2.55,2.2,1.66
E1,2022-02-02,19:45:00,Huddersfield,Derby,2,0,0.0,0.0,H,D,2.05,3.3,3.8,2.3,1.61
E1,2022-02-04,19:45:00,Birmingham,Sheffield United,1,2,0.0,0.0,A,D,4.0,3.4,1.95,2.1,1.72
E1,2022-02-05,15:00:00,Blackpool,Bristol City,3,1,2.0,0.0,H,H,2.25,3.3,3.3,2.1,1.72
E1,2022-02-05,15:00:00,Hull,Preston,0,1,0.0,0.0,A,D,2.6,3.2,2.8,2.3,1.61
E1,2022-02-05,17:30:00,Swansea,Blackburn,1,0,1.0,0.0,H,H,2.5,3.25,2.9,2.5,1.53
E1,2022-02-08,19:45:00,Coventry,Blackpool,1,1,1.0,1.0,D,D,1.66,3.8,5.25,2.1,1.72
E1,2022-02-08,19:45:00,Derby,Hull,3,1,2.0,0.0,H,H,2.2,3.1,3.6,2.37,1.57
E1,2022-02-08,19:45:00,Fulham,Millwall,3,0,1.0,0.0,H,H,1.36,4.75,9.5,1.83,2.02
E1,2022-02-08,19:45:00,Luton,Barnsley,2,1,1.0,1.0,H,D,1.6,3.75,6.5,2.1,1.72
E1,2022-02-08,19:45:00,Stoke,Swansea,3,0,0.0,0.0,H,D,2.25,3.25,3.4,2.37,1.57
E1,2022-02-09,19:45:00,Blackburn,Nott'm Forest,0,2,0.0,1.0,A,A,2.3,3.1,3.4,2.2,1.66
E1,2022-02-09,19:45:00,Bournemouth,Birmingham,3,1,2.0,0.0,H,H,1.53,4.0,7.0,1.95,1.9
E1,2022-02-09,19:45:00,Bristol City,Reading,2,1,1.0,0.0,H,H,1.9,3.5,4.2,1.88,1.98
E1,2022-02-09,19:45:00,Cardiff,Peterboro,4,0,2.0,0.0,H,H,1.75,3.8,4.5,1.95,1.9
E1,2022-02-09,19:45:00,Preston,Huddersfield,0,0,0.0,0.0,D,D,2.15,3.2,3.7,2.2,1.66
E1,2022-02-09,19:45:00,QPR,Middlesbrough,2,2,1.0,1.0,D,D,2.62,3.2,2.87,2.2,1.66
E1,2022-02-09,19:45:00,Sheffield United,West Brom,2,0,1.0,0.0,H,H,2.37,3.25,3.1,2.2,1.66
E1,2022-02-12,12:30:00,Huddersfield,Sheffield United,0,0,0.0,0.0,D,D,3.3,3.4,2.2,2.2,1.66
E1,2022-02-12,15:00:00,Barnsley,QPR,1,0,0.0,0.0,H,D,3.8,3.4,2.0,2.05,1.8
E1,2022-02-12,15:00:00,Birmingham,Luton,3,0,1.0,0.0,H,H,2.9,3.3,2.45,2.2,1.66
E1,2022-02-12,15:00:00,Blackpool,Bournemouth,1,2,1.0,0.0,A,H,4.0,3.5,1.95,2.1,1.72
E1,2022-02-12,15:00:00,Hull,Fulham,0,1,0.0,0.0,A,D,6.0,4.0,1.6,1.93,1.93
E1,2022-02-12,15:00:00,Middlesbrough,Derby,4,1,3.0,1.0,H,H,1.61,3.8,5.75,2.1,1.72
E1,2022-02-12,15:00:00,Millwall,Cardiff,2,1,0.0,0.0,H,D,2.37,3.3,3.1,2.3,1.61
E1,2022-02-12,15:00:00,Nott'm Forest,Stoke,2,2,0.0,0.0,D,D,2.3,3.2,3.2,2.3,1.61
E1,2022-02-12,15:00:00,Peterboro,Preston,0,1,0.0,0.0,A,D,3.6,3.5,2.05,2.0,1.8
E1,2022-02-12,15:00:00,Reading,Coventry,2,3,1.0,1.0,A,D,3.75,3.5,2.0,1.9,1.95
E1,2022-02-13,13:00:00,Swansea,Bristol City,3,1,0.0,1.0,H,A,1.95,3.5,4.0,2.0,1.85
E1,2022-02-14,20:00:00,West Brom,Blackburn,0,0,0.0,0.0,D,D,1.8,3.6,4.5,2.2,1.66
E1,2022-02-15,19:45:00,Cardiff,Coventry,2,0,0.0,0.0,H,D,2.9,3.25,2.45,2.2,1.66
E1,2022-02-15,19:45:00,Millwall,QPR,2,0,0.0,0.0,H,D,2.5,3.1,3.1,2.2,1.66
E1,2022-02-15,19:45:00,Sheffield United,Hull,0,0,0.0,0.0,D,D,1.53,4.0,6.5,1.98,1.88
E1,2022-02-16,19:45:00,Peterboro,Reading,0,0,0.0,0.0,D,D,2.4,3.4,2.9,1.88,1.98
E1,2022-02-19,12:30:00,Fulham,Huddersfield,1,2,0.0,2.0,A,A,1.4,4.75,8.0,1.66,2.2
E1,2022-02-19,15:00:00,Bristol City,Middlesbrough,2,1,1.0,0.0,H,H,3.8,3.25,2.1,2.2,1.66
E1,2022-02-19,15:00:00,Cardiff,Blackpool,1,1,0.0,1.0,D,A,2.0,3.4,3.8,2.2,1.66
E1,2022-02-19,15:00:00,Coventry,Barnsley,1,0,0.0,0.0,H,D,1.55,4.0,7.0,2.1,1.72
E1,2022-02-19,15:00:00,Derby,Peterboro,1,0,0.0,0.0,H,D,1.83,3.6,4.33,2.1,1.72
E1,2022-02-19,15:00:00,Luton,West Brom,2,0,0.0,0.0,H,D,3.1,3.1,2.45,2.2,1.66
E1,2022-02-19,15:00:00,Preston,Reading,2,3,0.0,2.0,A,A,1.72,3.6,5.0,2.1,1.77
E1,2022-02-19,15:00:00,QPR,Hull,1,1,0.0,1.0,D,A,1.83,3.5,4.5,2.0,1.85
E1,2022-02-19,15:00:00,Sheffield United,Swansea,4,0,3.0,0.0,H,H,1.6,3.75,6.5,2.1,1.72
E1,2022-02-19,15:00:00,Stoke,Birmingham,2,2,1.0,1.0,D,D,1.8,3.6,4.75,2.1,1.77
E1,2022-02-22,19:45:00,Bristol City,Coventry,1,2,0.0,1.0,A,A,3.2,3.4,2.25,1.95,1.9
E1,2022-02-22,19:45:00,Hull,Barnsley,0,2,0.0,2.0,A,A,2.1,3.3,3.75,2.2,1.66
E1,2022-02-22,19:45:00,Middlesbrough,West Brom,2,1,0.0,1.0,H,A,2.25,3.3,3.25,2.2,1.66
E1,2022-02-22,19:45:00,Preston,Nott'm Forest,0,0,0.0,0.0,D,D,2.7,3.25,2.7,2.3,1.61
E1,2022-02-22,20:00:00,Reading,Birmingham,2,1,0.0,0.0,H,D,2.55,3.3,2.75,1.95,1.9
E1,2022-02-23,19:45:00,Derby,Millwall,1,2,0.0,2.0,A,A,2.62,3.1,2.87,2.62,1.5
E1,2022-02-23,19:45:00,Fulham,Peterboro,2,1,1.0,0.0,H,H,1.18,7.5,15.0,1.44,2.75
E1,2022-02-23,19:45:00,Huddersfield,Cardiff,2,1,0.0,0.0,H,D,2.25,3.3,3.25,2.2,1.66
E1,2022-02-23,19:45:00,QPR,Blackpool,2,1,1.0,0.0,H,H,1.9,3.5,4.0,2.0,1.8
E1,2022-02-23,19:45:00,Sheffield United,Blackburn,1,0,0.0,0.0,H,D,1.85,3.6,4.33,2.1,1.72
E1,2022-02-23,19:45:00,Stoke,Luton,1,2,0.0,0.0,A,D,2.1,3.3,3.6,2.2,1.66
E1,2022-02-26,12:30:00,Blackburn,QPR,1,0,0.0,0.0,H,D,2.1,3.5,3.5,2.1,1.72
E1,2022-02-26,15:00:00,Barnsley,Middlesbrough,3,2,2.0,0.0,H,H,4.2,3.6,1.85,2.1,1.72
E1,2022-02-26,15:00:00,Birmingham,Huddersfield,0,2,0.0,2.0,A,A,2.7,3.25,2.7,2.1,1.72
E1,2022-02-26,15:00:00,Blackpool,Reading,4,1,1.0,1.0,H,D,1.95,3.5,3.75,1.9,1.95
E1,2022-02-26,15:00:00,Bournemouth,Stoke,2,1,0.0,1.0,H,A,1.66,3.8,5.25,1.88,1.98
E1,2022-02-26,15:00:00,Cardiff,Fulham,0,1,0.0,1.0,A,A,5.0,4.0,1.61,1.8,2.0
E1,2022-02-26,15:00:00,Coventry,Preston,1,1,0.0,0.0,D,D,1.95,3.3,4.2,2.2,1.66
E1,2022-02-26,15:00:00,Luton,Derby,1,0,0.0,0.0,H,D,1.83,3.5,4.5,2.2,1.66
E1,2022-02-26,15:00:00,Millwall,Sheffield United,1,0,0.0,0.0,H,D,3.5,3.25,2.2,2.2,1.66
E1,2022-02-26,15:00:00,Nott'm Forest,Bristol City,2,0,1.0,0.0,H,H,1.7,3.8,5.0,1.88,1.98
E1,2022-02-26,15:00:00,Peterboro,Hull,0,3,0.0,1.0,A,A,2.6,3.25,2.75,2.1,1.72
E1,2022-02-28,20:00:00,West Brom,Swansea,0,2,0.0,0.0,A,D,1.75,3.5,5.25,2.05,1.8
E1,2022-03-01,19:45:00,Cardiff,Derby,1,0,0.0,0.0,H,D,2.0,3.3,4.0,2.37,1.57
E1,2022-03-04,19:45:00,Huddersfield,Peterboro,3,0,2.0,0.0,H,H,1.6,4.0,6.0,2.1,1.72
E1,2022-03-04,19:45:00,Sheffield United,Nott'm Forest,1,1,0.0,0.0,D,D,1.95,3.2,4.33,2.2,1.66
E1,2022-03-05,12:30:00,Fulham,Blackburn,2,0,2.0,0.0,H,H,1.44,4.33,8.5,1.83,2.02
E1,2022-03-05,15:00:00,Bristol City,Birmingham,1,2,0.0,2.0,A,A,2.37,3.3,3.1,1.93,1.93
E1,2022-03-05,15:00:00,Derby,Barnsley,2,0,1.0,0.0,H,H,2.15,3.1,3.75,2.37,1.57
E1,2022-03-05,15:00:00,Hull,West Brom,0,2,0.0,1.0,A,A,3.75,3.3,2.1,2.2,1.66
E1,2022-03-05,15:00:00,Middlesbrough,Luton,2,1,1.0,0.0,H,H,1.75,3.6,5.0,2.1,1.72
E1,2022-03-05,15:00:00,Preston,Bournemouth,2,1,0.0,0.0,H,D,3.4,3.25,2.25,2.1,1.72
E1,2022-03-05,15:00:00,QPR,Cardiff,1,2,1.0,0.0,A,H,2.15,3.25,3.6,2.2,1.66
E1,2022-03-05,15:00:00,Reading,Millwall,0,1,0.0,1.0,A,A,3.0,3.25,2.45,2.2,1.66
E1,2022-03-05,15:00:00,Stoke,Blackpool,0,1,0.0,0.0,A,D,1.9,3.4,4.33,2.1,1.72
E1,2022-03-05,15:00:00,Swansea,Coventry,3,1,2.0,0.0,H,H,2.8,3.2,2.7,2.1,1.72
E1,2022-03-08,19:45:00,Barnsley,Stoke,1,1,0.0,0.0,D,D,3.2,3.3,2.25,2.37,1.57
E1,2022-03-08,19:45:00,Blackburn,Millwall,0,0,0.0,0.0,D,D,2.1,3.1,4.0,2.75,1.44
E1,2022-03-08,19:45:00,Bournemouth,Peterboro,1,1,0.0,1.0,D,A,1.28,5.5,12.0,1.57,2.37
E1,2022-03-08,19:45:00,Coventry,Luton,0,1,0.0,1.0,A,A,2.2,3.3,3.3,2.3,1.61
E1,2022-03-08,19:45:00,Sheffield United,Middlesbrough,4,1,2.0,0.0,H,H,2.1,3.25,3.75,2.1,1.72
E1,2022-03-08,19:45:00,Swansea,Fulham,1,5,0.0,0.0,A,D,5.25,3.6,1.7,1.95,1.9
E1,2022-03-11,20:00:00,West Brom,Huddersfield,2,2,0.0,1.0,D,A,1.9,3.3,4.5,2.3,1.61
E1,2022-03-12,12:30:00,Barnsley,Fulham,1,1,1.0,0.0,D,H,6.5,4.75,1.44,1.83,2.02
E1,2022-03-12,15:00:00,Birmingham,Hull,0,0,0.0,0.0,D,D,2.1,3.3,3.75,2.2,1.66
E1,2022-03-12,15:00:00,Blackburn,Bristol City,0,1,0.0,0.0,A,D,1.72,3.6,5.0,2.1,1.72
E1,2022-03-12,15:00:00,Blackpool,Swansea,1,0,1.0,0.0,H,H,2.37,3.3,3.1,2.2,1.66
E1,2022-03-12,15:00:00,Bournemouth,Derby,2,0,1.0,0.0,H,H,1.6,3.8,6.0,2.1,1.72
E1,2022-03-12,15:00:00,Cardiff,Preston,0,0,0.0,0.0,D,D,2.5,3.2,3.0,2.62,1.5
E1,2022-03-12,15:00:00,Coventry,Sheffield United,4,1,1.0,1.0,H,D,2.8,3.25,2.6,2.2,1.66
E1,2022-03-12,15:00:00,Millwall,Middlesbrough,0,0,0.0,0.0,D,D,2.87,3.25,2.55,2.5,1.53
E1,2022-03-12,15:00:00,Nott'm Forest,Reading,4,0,1.0,0.0,H,H,1.53,4.2,6.0,1.8,2.0
E1,2022-03-12,15:00:00,Peterboro,Stoke,2,2,1.0,1.0,D,D,3.5,3.4,2.05,2.1,1.72
E1,2022-03-13,12:00:00,Luton,QPR,1,2,1.0,0.0,A,H,2.25,3.4,3.2,2.2,1.66
E1,2022-03-15,19:45:00,Barnsley,Bristol City,2,0,2.0,0.0,H,H,2.3,3.25,3.25,2.1,1.72
E1,2022-03-15,19:45:00,Birmingham,Middlesbrough,0,2,0.0,1.0,A,A,3.5,3.4,2.05,2.1,1.72
E1,2022-03-15,19:45:00,Blackburn,Derby,3,1,0.0,1.0,H,A,1.83,3.3,4.75,2.5,1.53
E1,2022-03-15,19:45:00,Bournemouth,Reading,1,1,1.0,0.0,D,H,1.36,5.5,7.0,1.61,2.3
E1,2022-03-15,20:00:00,West Brom,Fulham,1,0,0.0,0.0,H,D,3.6,3.5,2.05,2.0,1.8
E1,2022-03-16,19:45:00,Blackpool,Sheffield United,0,0,0.0,0.0,D,D,3.4,3.25,2.2,2.2,1.66
E1,2022-03-16,19:45:00,Cardiff,Stoke,2,1,2.0,1.0,H,H,2.45,3.3,3.0,2.37,1.57
E1,2022-03-16,19:45:00,Coventry,Hull,0,2,0.0,2.0,A,A,1.57,3.75,6.5,2.0,1.8
E1,2022-03-16,19:45:00,Luton,Preston,4,0,3.0,0.0,H,H,2.25,3.1,3.5,2.5,1.53
E1,2022-03-16,19:45:00,Millwall,Huddersfield,2,0,1.0,0.0,H,H,2.45,3.1,3.1,2.62,1.5
E1,2022-03-16,19:45:00,Nott'm Forest,QPR,3,1,0.0,1.0,H,A,1.95,3.5,3.9,2.05,1.8
E1,2022-03-16,19:45:00,Peterboro,Swansea,2,3,0.0,1.0,A,A,3.6,3.5,2.05,2.02,1.83
E1,2022-03-19,12:30:00,Derby,Coventry,1,1,0.0,1.0,D,A,3.1,3.1,2.5,2.3,1.61
E1,2022-03-19,12:30:00,Sheffield United,Barnsley,2,0,0.0,0.0,H,D,1.53,4.0,6.5,2.0,1.8
E1,2022-03-19,15:00:00,Bristol City,West Brom,2,2,1.0,0.0,D,H,3.5,3.6,2.05,1.98,1.88
E1,2022-03-19,15:00:00,Huddersfield,Bournemouth,0,3,0.0,2.0,A,A,3.0,3.3,2.4,2.1,1.72
E1,2022-03-19,15:00:00,Hull,Luton,1,3,0.0,1.0,A,A,3.0,3.3,2.4,2.2,1.66
E1,2022-03-19,15:00:00,Reading,Blackburn,1,0,0.0,0.0,H,D,3.2,3.2,2.3,2.1,1.72
E1,2022-03-19,15:00:00,Stoke,Millwall,2,0,1.0,0.0,H,H,2.3,3.3,3.2,2.37,1.57
E1,2022-03-19,15:00:00,Swansea,Birmingham,0,0,0.0,0.0,D,D,1.85,3.6,4.33,2.02,1.83
E1,2022-03-20,12:30:00,QPR,Peterboro,1,3,1.0,1.0,A,D,1.5,4.2,6.5,1.83,2.02
E1,2022-04-01,19:45:00,Hull,Huddersfield,0,1,0.0,0.0,A,D,2.7,3.25,2.7,2.2,1.66
E1,2022-04-02,12:30:00,Blackpool,Nott'm Forest,1,4,0.0,3.0,A,A,3.1,3.3,2.37,2.1,1.72
E1,2022-04-02,15:00:00,Barnsley,Reading,1,1,1.0,0.0,D,H,2.2,3.3,3.4,2.1,1.72
E1,2022-04-02,15:00:00,Bournemouth,Bristol City,3,2,1.0,1.0,H,D,1.44,4.75,7.0,1.66,2.2
E1,2022-04-02,15:00:00,Cardiff,Swansea,0,4,0.0,1.0,A,A,2.3,3.2,3.3,2.3,1.61
E1,2022-04-02,15:00:00,Coventry,Blackburn,2,2,1.0,0.0,D,H,2.1,3.2,3.75,2.3,1.61
E1,2022-04-02,15:00:00,Derby,Preston,1,0,0.0,0.0,H,D,2.62,3.1,2.87,2.5,1.53
E1,2022-04-02,15:00:00,Luton,Millwall,2,2,1.0,1.0,D,D,2.2,3.1,3.6,2.37,1.57
E1,2022-04-02,15:00:00,Peterboro,Middlesbrough,0,4,0.0,1.0,A,A,4.75,3.8,1.72,1.83,2.02
E1,2022-04-02,15:00:00,QPR,Fulham,0,2,0.0,1.0,A,A,5.0,3.8,1.7,1.72,2.1
E1,2022-04-02,15:00:00,Stoke,Sheffield United,1,0,0.0,0.0,H,D,3.0,3.2,2.5,2.1,1.72
E1,2022-04-03,15:00:00,Birmingham,West Brom,1,0,0.0,0.0,H,D,3.75,3.3,2.05,2.1,1.72
E1,2022-04-05,19:45:00,Millwall,Swansea,0,1,0.0,0.0,A,D,2.1,3.25,3.75,2.3,1.61
E1,2022-04-05,19:45:00,Peterboro,Luton,1,1,0.0,0.0,D,D,4.75,3.75,1.72,2.0,1.85
E1,2022-04-05,19:45:00,Preston,Blackpool,1,0,1.0,0.0,H,H,2.2,3.2,3.4,2.3,1.61
E1,2022-04-05,19:45:00,Sheffield United,QPR,1,0,1.0,0.0,H,H,1.65,3.8,5.75,2.0,1.85
E1,2022-04-05,20:00:00,Reading,Stoke,2,1,1.0,1.0,H,D,2.75,3.25,2.6,2.3,1.61
E1,2022-04-06,19:45:00,Middlesbrough,Fulham,0,1,0.0,0.0,A,D,3.4,3.25,2.25,2.0,1.85
E1,2022-04-06,19:45:00,Nott'm Forest,Coventry,2,0,1.0,0.0,H,H,2.0,3.5,3.75,2.05,1.8
E1,2022-04-06,20:00:00,West Brom,Bournemouth,2,0,2.0,0.0,H,H,2.6,3.25,2.8,2.1,1.72
E1,2022-04-09,12:45:00,Sheffield United,Bournemouth,0,0,0.0,0.0,D,D,2.3,3.3,3.1,2.1,1.77
E1,2022-04-09,15:00:00,Blackburn,Blackpool,1,1,1.0,0.0,D,H,1.72,3.75,5.0,2.2,1.66
E1,2022-04-09,15:00:00,Bristol City,Peterboro,1,1,1.0,0.0,D,H,1.8,3.75,4.33,1.72,2.1
E1,2022-04-09,15:00:00,Middlesbrough,Hull,0,1,0.0,0.0,A,D,1.55,4.0,6.5,1.95,1.9
E1,2022-04-09,15:00:00,Millwall,Barnsley,4,1,1.0,0.0,H,H,1.7,3.5,5.25,2.3,1.61
E1,2022-04-09,15:00:00,Nott'm Forest,Birmingham,2,0,1.0,0.0,H,H,1.55,4.0,6.5,2.05,1.8
E1,2022-04-09,15:00:00,Preston,QPR,2,1,1.0,0.0,H,H,2.15,3.3,3.4,2.2,1.66
E1,2022-04-09,15:00:00,Reading,Cardiff,1,2,1.0,0.0,A,H,2.37,3.2,3.2,2.3,1.61
E1,2022-04-09,15:00:00,Swansea,Derby,2,1,2.0,1.0,H,H,2.1,3.3,3.75,2.2,1.66
E1,2022-04-09,15:00:00,West Brom,Stoke,1,3,0.0,1.0,A,A,1.85,3.5,4.33,2.2,1.66
E1,2022-04-10,15:00:00,Fulham,Coventry,1,3,0.0,2.0,A,A,1.5,4.5,6.5,1.72,2.1
E1,2022-04-11,19:45:00,Huddersfield,Luton,2,0,0.0,0.0,H,D,2.3,3.2,3.25,2.2,1.66
E1,2022-04-15,12:30:00,Luton,Nott'm Forest,1,0,1.0,0.0,H,H,2.9,3.2,2.55,2.1,1.72
E1,2022-04-15,15:00:00,Birmingham,Coventry,2,4,2.0,2.0,A,D,3.1,3.5,2.2,2.02,1.83
E1,2022-04-15,15:00:00,Bournemouth,Middlesbrough,0,0,0.0,0.0,D,D,1.95,3.4,4.0,2.05,1.8
E1,2022-04-15,15:00:00,Hull,Cardiff,2,1,2.0,0.0,H,H,2.5,3.2,2.9,2.37,1.57
E1,2022-04-15,15:00:00,Peterboro,Blackburn,2,1,0.0,0.0,H,D,4.75,3.7,1.75,1.98,1.88
E1,2022-04-15,15:00:00,Preston,Millwall,1,1,1.0,1.0,D,D,2.45,3.0,3.3,2.5,1.53
E1,2022-04-15,15:00:00,Sheffield United,Reading,1,2,0.0,1.0,A,A,1.6,3.8,6.0,1.88,1.98
E1,2022-04-15,15:00:00,Stoke,Bristol City,0,1,0.0,0.0,A,D,1.75,3.8,4.75,1.95,1.9
E1,2022-04-15,15:00:00,Swansea,Barnsley,1,1,0.0,0.0,D,D,1.72,3.7,5.0,2.02,1.83
E1,2022-04-15,15:00:00,West Brom,Blackpool,2,1,1.0,0.0,H,H,1.7,3.8,5.0,2.2,1.66
E1,2022-04-15,17:30:00,Huddersfield,QPR,2,2,1.0,1.0,D,D,2.0,3.4,3.9,2.1,1.72
E1,2022-04-15,20:00:00,Derby,Fulham,2,1,0.0,1.0,H,A,5.75,4.0,1.61,1.95,1.9
E1,2022-04-18,12:30:00,Middlesbrough,Huddersfield,0,2,0.0,1.0,A,A,1.85,3.5,4.5,2.1,1.72
E1,2022-04-18,15:00:00,Barnsley,Peterboro,0,2,0.0,1.0,A,A,2.0,3.5,3.75,1.98,1.88
E1,2022-04-18,15:00:00,Blackburn,Stoke,0,1,0.0,1.0,A,A,2.05,3.4,3.8,2.1,1.72
E1,2022-04-18,15:00:00,Blackpool,Birmingham,6,1,3.0,0.0,H,H,2.15,3.4,3.4,2.1,1.72
E1,2022-04-18,15:00:00,Cardiff,Luton,0,1,0.0,0.0,A,D,2.87,3.1,2.62,2.2,1.66
E1,2022-04-18,15:00:00,Coventry,Bournemouth,0,3,0.0,2.0,A,A,3.0,3.25,2.45,1.98,1.88
E1,2022-04-18,15:00:00,Millwall,Hull,2,1,0.0,0.0,H,D,1.83,3.3,5.0,2.3,1.61
E1,2022-04-18,15:00:00,QPR,Derby,1,0,0.0,0.0,H,D,2.2,3.25,3.4,2.1,1.72
E1,2022-04-18,15:00:00,Reading,Swansea,4,4,1.0,3.0,D,A,2.45,3.25,3.0,2.0,1.85
E1,2022-04-18,17:30:00,Bristol City,Sheffield United,1,1,0.0,0.0,D,D,4.33,3.6,1.85,1.88,1.98
E1,2022-04-18,20:00:00,Nott'm Forest,West Brom,4,0,3.0,0.0,H,H,2.1,3.4,3.6,2.1,1.72
E1,2022-04-19,19:45:00,Fulham,Preston,3,0,3.0,0.0,H,H,1.45,4.5,7.5,1.85,2.0
E1,2022-04-22,19:45:00,Huddersfield,Barnsley,2,1,2.0,0.0,H,H,1.6,3.75,6.0,1.9,1.95
E1,2022-04-23,12:30:00,Luton,Blackpool,1,1,1.0,0.0,D,H,1.9,3.5,4.2,2.0,1.8
E1,2022-04-23,15:00:00,Birmingham,Millwall,2,2,0.0,0.0,D,D,3.3,3.3,2.25,2.2,1.66
E1,2022-04-23,15:00:00,Bournemouth,Fulham,1,1,0.0,0.0,D,D,2.3,3.75,2.9,1.83,2.02
E1,2022-04-23,15:00:00,Derby,Bristol City,1,3,0.0,2.0,A,A,2.1,3.5,3.5,2.0,1.85
E1,2022-04-23,15:00:00,Hull,Reading,3,0,1.0,0.0,H,H,2.62,3.25,2.8,2.1,1.72
E1,2022-04-23,15:00:00,Peterboro,Nott'm Forest,0,1,0.0,1.0,A,A,5.25,3.8,1.66,1.83,2.02
E1,2022-04-23,15:00:00,Sheffield United,Cardiff,1,0,0.0,0.0,H,D,1.6,3.8,6.0,2.02,1.83
E1,2022-04-23,15:00:00,Stoke,QPR,1,0,1.0,0.0,H,H,2.05,3.4,3.75,2.0,1.8
E1,2022-04-23,15:00:00,Swansea,Middlesbrough,1,1,0.0,0.0,D,D,3.3,3.3,2.25,2.02,1.83
E1,2022-04-23,15:00:00,West Brom,Coventry,0,0,0.0,0.0,D,D,2.15,3.4,3.4,2.02,1.83
E1,2022-04-25,19:30:00,Preston,Blackburn,1,4,1.0,3.0,A,A,2.62,3.4,2.55,2.1,1.72
E1,2022-04-26,19:45:00,Barnsley,Blackpool,0,2,0.0,1.0,A,A,2.87,3.6,2.3,2.0,1.85
E1,2022-04-26,19:45:00,Fulham,Nott'm Forest,0,1,0.0,1.0,A,A,1.85,3.6,4.2,1.85,2.0
E1,2022-04-26,19:45:00,Swansea,Bournemouth,3,3,2.0,0.0,D,H,4.0,3.5,1.9,1.95,1.9
E1,2022-04-27,19:45:00,Middlesbrough,Cardiff,2,0,1.0,0.0,H,H,1.6,4.0,5.5,2.05,1.8
E1,2022-04-29,19:45:00,QPR,Sheffield United,1,3,1.0,0.0,A,H,4.75,3.8,1.72,1.9,1.95
E1,2022-04-30,12:30:00,Barnsley,Preston,1,3,1.0,1.0,A,D,3.1,3.5,2.2,2.0,1.85
E1,2022-04-30,15:00:00,Blackburn,Bournemouth,0,3,0.0,1.0,A,A,2.87,3.3,2.5,1.95,1.9
E1,2022-04-30,15:00:00,Blackpool,Derby,0,2,0.0,0.0,A,D,1.9,3.6,4.0,1.98,1.88
E1,2022-04-30,15:00:00,Bristol City,Hull,5,0,3.0,0.0,H,H,2.2,3.5,3.2,1.9,1.95
E1,2022-04-30,15:00:00,Cardiff,Birmingham,1,1,0.0,1.0,D,A,2.05,3.4,3.75,2.05,1.8
E1,2022-04-30,15:00:00,Coventry,Huddersfield,1,2,0.0,1.0,A,A,2.4,3.2,3.1,2.1,1.72
E1,2022-04-30,15:00:00,Middlesbrough,Stoke,3,1,2.0,0.0,H,H,1.8,3.8,4.2,2.1,1.72
E1,2022-04-30,15:00:00,Millwall,Peterboro,3,0,0.0,0.0,H,D,1.45,4.5,7.0,1.85,2.0
E1,2022-04-30,15:00:00,Nott'm Forest,Swansea,5,1,1.0,1.0,H,D,1.55,4.33,5.75,1.83,2.02
E1,2022-04-30,15:00:00,Reading,West Brom,0,1,0.0,0.0,A,D,2.9,3.4,2.4,2.0,1.85
E1,2022-05-02,17:15:00,Fulham,Luton,7,0,2.0,0.0,H,H,1.5,4.2,6.5,1.72,2.1
E1,2022-05-03,19:00:00,Bournemouth,Nott'm Forest,1,0,0.0,0.0,H,D,2.25,3.4,3.25,2.1,1.72
E1,2022-05-07,12:30:00,Birmingham,Blackburn,1,2,0.0,2.0,A,A,2.8,3.5,2.4,1.66,2.2
E1,2022-05-07,12:30:00,Bournemouth,Millwall,1,0,0.0,0.0,H,D,1.95,3.6,3.8,1.72,2.1
E1,2022-05-07,12:30:00,Derby,Cardiff,0,1,0.0,0.0,A,D,2.25,3.4,3.2,1.83,2.02
E1,2022-05-07,12:30:00,Huddersfield,Bristol City,2,0,2.0,0.0,H,H,1.9,3.6,3.9,1.72,2.1
E1,2022-05-07,12:30:00,Hull,Nott'm Forest,1,1,0.0,0.0,D,D,4.75,3.4,1.83,1.88,1.98
E1,2022-05-07,12:30:00,Luton,Reading,1,0,1.0,0.0,H,H,1.5,4.2,7.0,1.66,2.2
E1,2022-05-07,12:30:00,Peterboro,Blackpool,5,0,1.0,0.0,H,H,3.3,3.6,2.1,1.57,2.37
E1,2022-05-07,12:30:00,Preston,Middlesbrough,4,1,2.0,0.0,H,H,5.0,3.8,1.7,1.72,2.1
E1,2022-05-07,12:30:00,Sheffield United,Fulham,4,0,3.0,0.0,H,H,2.0,3.5,3.75,1.8,2.0
E1,2022-05-07,12:30:00,Stoke,Coventry,1,1,1.0,1.0,D,D,2.3,3.8,2.8,1.66,2.2
E1,2022-05-07,12:30:00,Swansea,QPR,0,1,0.0,0.0,A,D,2.0,3.6,3.6,1.57,2.37
E1,2022-05-07,12:30:00,West Brom,Barnsley,4,0,2.0,0.0,H,H,1.36,4.75,9.0,1.57,2.37
E2,2021-08-07,15:00:00,Bolton,Milton Keynes Dons,3,3,1.0,1.0,D,D,2.3,3.4,3.0,1.88,1.98
E2,2021-08-07,15:00:00,Cambridge,Oxford,1,1,0.0,1.0,D,A,3.6,3.5,2.0,1.98,1.88
E2,2021-08-07,15:00:00,Crewe,Cheltenham,1,1,1.0,1.0,D,D,1.9,3.6,3.75,2.07,1.72
E2,2021-08-07,15:00:00,Doncaster,AFC Wimbledon,1,2,0.0,0.0,A,D,2.05,3.5,3.4,2.05,1.75
E2,2021-08-07,15:00:00,Fleetwood Town,Portsmouth,0,1,0.0,0.0,A,D,3.1,3.3,2.3,2.25,1.61
E2,2021-08-07,15:00:00,Gillingham,Lincoln,1,1,1.0,1.0,D,D,3.1,3.25,2.37,2.05,1.75
E2,2021-08-07,15:00:00,Ipswich,Morecambe,2,2,0.0,1.0,D,A,1.61,4.0,5.0,1.8,2.0
E2,2021-08-07,15:00:00,Rotherham,Plymouth,2,0,2.0,0.0,H,H,1.83,3.6,4.2,1.95,1.9
E2,2021-08-07,15:00:00,Shrewsbury,Burton,0,1,0.0,1.0,A,A,2.4,3.25,3.0,2.25,1.61
E2,2021-08-07,15:00:00,Sunderland,Wigan,2,1,1.0,1.0,H,D,1.9,3.6,3.8,1.93,1.93
E2,2021-08-07,15:00:00,Wycombe,Accrington,2,1,2.0,0.0,H,H,1.9,3.6,4.0,2.02,1.83
E2,2021-08-07,17:30:00,Charlton,Sheffield Weds,0,0,0.0,0.0,D,D,2.5,3.25,2.8,2.15,1.66
E2,2021-08-14,15:00:00,Accrington,Cambridge,2,1,2.0,0.0,H,H,2.0,3.5,3.8,2.0,1.8
E2,2021-08-14,15:00:00,AFC Wimbledon,Bolton,3,3,1.0,2.0,D,A,2.75,3.25,2.62,2.1,1.7
E2,2021-08-14,15:00:00,Burton,Ipswich,2,1,1.0,1.0,H,D,2.87,3.25,2.5,2.15,1.66
E2,2021-08-14,15:00:00,Cheltenham,Wycombe,1,3,1.0,1.0,A,D,3.1,3.2,2.4,2.15,1.66
E2,2021-08-14,15:00:00,Lincoln,Fleetwood Town,2,1,0.0,1.0,H,A,2.1,3.3,3.8,2.1,1.7
E2,2021-08-14,15:00:00,Milton Keynes Dons,Sunderland,1,2,0.0,1.0,A,A,3.4,3.4,2.15,2.02,1.91
E2,2021-08-14,15:00:00,Morecambe,Shrewsbury,2,0,2.0,0.0,H,H,2.9,3.3,2.45,2.1,1.7
E2,2021-08-14,15:00:00,Oxford,Charlton,2,1,2.0,1.0,H,H,2.4,3.3,3.0,2.02,1.91
E2,2021-08-14,15:00:00,Plymouth,Gillingham,1,0,0.0,0.0,H,D,2.62,3.4,2.62,1.8,2.0
E2,2021-08-14,15:00:00,Portsmouth,Crewe,2,0,0.0,0.0,H,D,1.75,3.75,4.5,2.06,1.87
E2,2021-08-14,15:00:00,Sheffield Weds,Doncaster,2,0,0.0,0.0,H,D,1.7,3.8,5.0,2.01,1.92
E2,2021-08-14,15:00:00,Wigan,Rotherham,1,0,0.0,0.0,H,D,2.62,3.4,2.62,1.99,1.94
E2,2021-08-17,19:45:00,Accrington,Doncaster,1,0,1.0,0.0,H,H,2.05,3.6,3.5,1.95,1.85
E2,2021-08-17,19:45:00,AFC Wimbledon,Gillingham,1,1,0.0,0.0,D,D,1.95,3.3,4.2,1.95,1.85
E2,2021-08-17,19:45:00,Burton,Sunderland,1,0,0.0,0.0,H,D,3.5,3.3,2.15,2.1,1.7
E2,2021-08-17,19:45:00,Cheltenham,Ipswich,2,1,0.0,1.0,H,A,2.87,3.1,2.62,2.35,1.57
E2,2021-08-17,19:45:00,Lincoln,Bolton,0,1,0.0,0.0,A,D,2.2,3.4,3.3,1.9,1.9
E2,2021-08-17,19:45:00,Milton Keynes Dons,Charlton,2,1,1.0,1.0,H,D,2.55,3.5,2.7,1.9,1.9
E2,2021-08-17,19:45:00,Morecambe,Rotherham,0,1,0.0,0.0,A,D,4.0,3.4,2.0,1.85,1.95
E2,2021-08-17,19:45:00,Oxford,Crewe,1,0,1.0,0.0,H,H,1.7,3.75,5.0,1.85,1.95
E2,2021-08-17,19:45:00,Plymouth,Cambridge,1,1,0.0,0.0,D,D,1.95,3.75,3.6,1.95,1.85
E2,2021-08-17,19:45:00,Portsmouth,Shrewsbury,1,0,1.0,0.0,H,H,1.66,3.8,5.25,2.15,1.66
E2,2021-08-17,19:45:00,Sheffield Weds,Fleetwood Town,1,0,1.0,0.0,H,H,1.95,3.25,4.2,2.4,1.53
E2,2021-08-17,19:45:00,Wigan,Wycombe,1,1,0.0,0.0,D,D,2.4,3.4,3.0,2.0,1.8
E2,2021-08-21,13:00:00,Rotherham,Sheffield Weds,0,2,0.0,0.0,A,D,2.15,3.25,3.6,2.3,1.6
E2,2021-08-21,15:00:00,Bolton,Oxford,2,1,1.0,1.0,H,D,2.62,3.5,2.6,1.85,1.95
E2,2021-08-21,15:00:00,Cambridge,Burton,3,0,0.0,0.0,H,D,3.1,3.25,2.37,1.95,1.85
E2,2021-08-21,15:00:00,Charlton,Wigan,0,2,0.0,0.0,A,D,2.3,3.4,3.1,2.0,1.8
E2,2021-08-21,15:00:00,Crewe,Accrington,0,1,0.0,1.0,A,A,2.8,3.5,2.45,1.95,1.85
E2,2021-08-21,15:00:00,Doncaster,Portsmouth,0,0,0.0,0.0,D,D,3.6,3.25,2.2,2.07,1.72
E2,2021-08-21,15:00:00,Fleetwood Town,Cheltenham,3,2,1.0,1.0,H,D,2.3,3.2,3.3,2.3,1.6
E2,2021-08-21,15:00:00,Gillingham,Morecambe,2,1,1.0,1.0,H,D,2.1,3.4,3.6,2.0,1.8
E2,2021-08-21,15:00:00,Ipswich,Milton Keynes Dons,2,2,1.0,0.0,D,H,2.3,3.3,3.2,1.95,1.98
E2,2021-08-21,15:00:00,Shrewsbury,Plymouth,0,3,0.0,1.0,A,A,2.3,3.4,3.1,2.1,1.7
E2,2021-08-21,15:00:00,Sunderland,AFC Wimbledon,1,0,0.0,0.0,H,D,1.66,3.8,5.25,1.85,1.95
E2,2021-08-21,15:00:00,Wycombe,Lincoln,1,0,1.0,0.0,H,H,2.45,3.3,2.9,1.95,1.85
E2,2021-08-27,19:45:00,Burton,Cheltenham,1,1,0.0,1.0,D,A,2.4,3.3,3.0,2.15,1.66
E2,2021-08-28,13:00:00,Rotherham,Doncaster,2,0,2.0,0.0,H,H,1.57,4.0,6.0,2.0,1.8
E2,2021-08-28,15:00:00,Cambridge,Bolton,1,0,1.0,0.0,H,H,3.1,3.4,2.3,1.9,1.9
E2,2021-08-28,15:00:00,Charlton,Crewe,2,0,2.0,0.0,H,H,1.8,3.75,4.33,2.0,1.8
E2,2021-08-28,15:00:00,Ipswich,AFC Wimbledon,2,2,0.0,0.0,D,D,2.0,3.5,3.8,2.0,1.8
E2,2021-08-28,15:00:00,Milton Keynes Dons,Accrington,2,0,1.0,0.0,H,H,2.2,3.5,3.25,1.75,2.05
E2,2021-08-28,15:00:00,Morecambe,Sheffield Weds,1,0,0.0,0.0,H,D,4.5,3.4,1.9,2.05,1.75
E2,2021-08-28,15:00:00,Oxford,Lincoln,3,1,2.0,0.0,H,H,2.05,3.4,3.6,2.0,1.8
E2,2021-08-28,15:00:00,Plymouth,Fleetwood Town,1,1,1.0,1.0,D,D,2.5,3.25,3.0,2.0,1.8
E2,2021-08-28,15:00:00,Shrewsbury,Gillingham,2,1,0.0,1.0,H,A,2.45,3.2,3.1,2.35,1.57
E2,2021-08-28,15:00:00,Sunderland,Wycombe,3,1,2.0,0.0,H,H,1.95,3.4,4.0,2.0,1.8
E2,2021-08-28,15:00:00,Wigan,Portsmouth,1,0,0.0,0.0,H,D,2.75,3.3,2.62,2.15,1.66
E2,2021-09-04,15:00:00,Accrington,Shrewsbury,1,0,1.0,0.0,H,H,2.05,3.4,3.75,2.2,1.65
E2,2021-09-04,15:00:00,AFC Wimbledon,Oxford,3,1,0.0,1.0,H,A,3.0,3.5,2.3,1.8,2.0
E2,2021-09-04,15:00:00,Cheltenham,Milton Keynes Dons,1,1,1.0,0.0,D,H,2.45,3.3,2.9,2.07,1.72
E2,2021-09-06,20:00:00,Bolton,Burton,0,0,0.0,0.0,D,D,2.05,3.5,3.4,1.95,1.85
E2,2021-09-11,15:00:00,Burton,Gillingham,1,1,0.0,1.0,D,A,1.95,3.5,3.8,2.1,1.7
E2,2021-09-11,15:00:00,Cambridge,Lincoln,1,5,0.0,3.0,A,A,2.7,3.4,2.5,1.95,1.85
E2,2021-09-11,15:00:00,Charlton,Cheltenham,1,2,0.0,2.0,A,A,1.95,3.5,3.8,2.0,1.8
E2,2021-09-11,15:00:00,Ipswich,Bolton,2,5,2.0,3.0,A,A,2.15,3.4,3.3,1.85,1.95
E2,2021-09-11,15:00:00,Milton Keynes Dons,Portsmouth,1,0,0.0,0.0,H,D,2.3,3.3,3.0,2.0,1.8
E2,2021-09-11,15:00:00,Morecambe,AFC Wimbledon,3,4,0.0,1.0,A,A,2.75,3.2,2.55,2.07,1.72
E2,2021-09-11,15:00:00,Oxford,Wycombe,0,0,0.0,0.0,D,D,2.25,3.5,3.1,1.85,2.0
E2,2021-09-11,15:00:00,Plymouth,Sheffield Weds,3,0,2.0,0.0,H,H,3.1,3.2,2.37,2.2,1.65
E2,2021-09-11,15:00:00,Rotherham,Fleetwood Town,2,4,2.0,1.0,A,H,1.6,3.6,6.5,2.15,1.66
E2,2021-09-11,15:00:00,Shrewsbury,Crewe,1,1,1.0,1.0,D,D,2.2,3.4,3.3,2.15,1.66
E2,2021-09-11,15:00:00,Sunderland,Accrington,2,1,1.0,1.0,H,D,1.65,3.9,5.0,1.8,2.0
E2,2021-09-11,15:00:00,Wigan,Doncaster,2,1,1.0,1.0,H,D,1.6,4.0,5.5,2.0,1.85
E2,2021-09-14,19:45:00,Lincoln,Rotherham,1,1,0.0,1.0,D,A,3.0,3.3,2.4,2.05,1.75
E2,2021-09-18,15:00:00,Accrington,Wigan,1,4,0.0,2.0,A,A,2.8,3.5,2.45,2.0,1.8
E2,2021-09-18,15:00:00,AFC Wimbledon,Plymouth,0,1,0.0,0.0,A,D,2.15,3.4,3.4,1.94,1.99
E2,2021-09-18,15:00:00,Bolton,Rotherham,0,2,0.0,2.0,A,A,2.7,3.3,2.62,1.95,1.85
E2,2021-09-18,15:00:00,Cheltenham,Oxford,1,0,0.0,0.0,H,D,2.75,3.3,2.6,2.01,1.92
E2,2021-09-18,15:00:00,Crewe,Burton,2,0,1.0,0.0,H,H,2.6,3.2,2.8,2.2,1.65
E2,2021-09-18,15:00:00,Doncaster,Morecambe,1,0,0.0,0.0,H,D,2.6,3.3,2.75,2.05,1.75
E2,2021-09-18,15:00:00,Fleetwood Town,Sunderland,2,2,0.0,1.0,D,A,3.75,3.3,2.1,2.15,1.66
E2,2021-09-18,15:00:00,Gillingham,Milton Keynes Dons,1,4,1.0,2.0,A,A,2.75,3.5,2.5,1.85,1.95
E2,2021-09-18,15:00:00,Lincoln,Ipswich,0,1,0.0,1.0,A,A,2.3,3.1,3.4,1.9,1.9
E2,2021-09-18,15:00:00,Portsmouth,Cambridge,1,2,0.0,1.0,A,A,1.61,4.0,5.5,1.91,2.02
E2,2021-09-18,15:00:00,Sheffield Weds,Shrewsbury,1,1,1.0,1.0,D,D,1.72,3.6,5.25,2.15,1.66
E2,2021-09-18,15:00:00,Wycombe,Charlton,2,1,1.0,0.0,H,H,2.2,3.4,3.3,2.0,1.8
E2,2021-09-21,19:45:00,Crewe,Morecambe,1,3,0.0,2.0,A,A,2.15,3.3,3.5,2.1,1.7
E2,2021-09-21,19:45:00,Gillingham,Charlton,1,1,0.0,1.0,D,A,3.1,3.3,2.3,1.95,1.85
E2,2021-09-21,19:45:00,Portsmouth,Plymouth,2,2,1.0,0.0,D,H,2.05,3.3,3.8,2.05,1.75
E2,2021-09-25,15:00:00,Burton,Lincoln,1,2,0.0,1.0,A,A,2.55,3.5,2.7,2.05,1.75
E2,2021-09-25,15:00:00,Cambridge,Fleetwood Town,2,2,1.0,1.0,D,D,2.75,3.3,2.6,2.1,1.7
E2,2021-09-25,15:00:00,Charlton,Portsmouth,2,2,0.0,1.0,D,A,2.6,3.3,2.75,2.1,1.7
E2,2021-09-25,15:00:00,Ipswich,Sheffield Weds,1,1,0.0,1.0,D,A,2.7,3.25,2.7,2.1,1.7
E2,2021-09-25,15:00:00,Milton Keynes Dons,Wycombe,1,0,1.0,0.0,H,H,2.15,3.5,3.25,1.85,1.95
E2,2021-09-25,15:00:00,Morecambe,Accrington,3,3,2.0,2.0,D,D,2.8,3.4,2.5,2.05,1.75
E2,2021-09-25,15:00:00,Oxford,Gillingham,1,1,1.0,1.0,D,D,1.75,3.8,4.5,1.8,2.0
E2,2021-09-25,15:00:00,Plymouth,Doncaster,2,1,0.0,0.0,H,D,1.8,3.8,4.5,1.93,1.93
E2,2021-09-25,15:00:00,Rotherham,Crewe,1,1,0.0,0.0,D,D,1.5,4.5,6.0,1.8,2.0
E2,2021-09-25,15:00:00,Shrewsbury,AFC Wimbledon,2,1,1.0,1.0,H,D,2.62,3.4,2.62,2.1,1.7
E2,2021-09-25,15:00:00,Sunderland,Bolton,1,0,1.0,0.0,H,H,1.75,3.8,4.5,1.88,1.98
E2,2021-09-25,15:00:00,Wigan,Cheltenham,2,0,1.0,0.0,H,H,1.75,3.75,4.75,2.1,1.7
E2,2021-09-28,19:45:00,Burton,Portsmouth,2,1,1.0,0.0,H,H,2.55,3.2,2.87,2.15,1.66
E2,2021-09-28,19:45:00,Cambridge,Gillingham,0,2,0.0,1.0,A,A,2.25,3.3,3.3,2.07,1.72
E2,2021-09-28,19:45:00,Charlton,Bolton,1,4,1.0,1.0,A,D,2.7,3.2,2.7,1.98,1.88
E2,2021-09-28,19:45:00,Ipswich,Doncaster,6,0,2.0,0.0,H,H,1.7,3.6,5.0,2.07,1.72
E2,2021-09-28,19:45:00,Milton Keynes Dons,Fleetwood Town,3,3,2.0,2.0,D,D,1.83,3.6,4.33,1.9,1.9
E2,2021-09-28,19:45:00,Morecambe,Lincoln,2,0,0.0,0.0,H,D,3.0,3.3,2.45,1.95,1.85
E2,2021-09-28,19:45:00,Oxford,Accrington,5,1,2.0,0.0,H,H,1.72,3.9,4.5,1.7,2.1
E2,2021-09-28,19:45:00,Plymouth,Crewe,1,1,0.0,1.0,D,A,1.72,3.75,4.75,1.85,1.95
E2,2021-09-28,19:45:00,Rotherham,AFC Wimbledon,3,0,2.0,0.0,H,H,1.66,3.8,5.25,1.93,1.93
E2,2021-09-28,19:45:00,Shrewsbury,Wycombe,1,2,0.0,0.0,A,D,3.3,3.2,2.3,2.25,1.61
E2,2021-09-28,19:45:00,Sunderland,Cheltenham,5,0,3.0,0.0,H,H,1.66,3.8,5.25,1.93,1.93
E2,2021-09-28,19:45:00,Wigan,Sheffield Weds,1,2,0.0,1.0,A,A,2.2,3.3,3.4,2.2,1.65
E2,2021-10-02,15:00:00,Accrington,Ipswich,2,1,0.0,1.0,H,A,3.1,3.25,2.37,1.9,1.9
E2,2021-10-02,15:00:00,AFC Wimbledon,Burton,1,1,0.0,0.0,D,D,2.25,3.4,3.25,1.95,1.85
E2,2021-10-02,15:00:00,Bolton,Shrewsbury,2,1,2.0,0.0,H,H,1.75,3.6,4.75,2.0,1.8
E2,2021-10-02,15:00:00,Cheltenham,Rotherham,0,2,0.0,0.0,A,D,4.2,3.5,1.9,2.07,1.72
E2,2021-10-02,15:00:00,Crewe,Cambridge,2,2,2.0,0.0,D,H,2.3,3.25,3.25,2.0,1.8
E2,2021-10-02,15:00:00,Doncaster,Milton Keynes Dons,2,1,1.0,1.0,H,D,5.0,3.6,1.75,1.95,1.85
E2,2021-10-02,15:00:00,Fleetwood Town,Charlton,1,2,0.0,1.0,A,A,2.45,3.3,2.9,2.0,1.8
E2,2021-10-02,15:00:00,Gillingham,Wigan,0,2,0.0,0.0,A,D,4.5,3.6,1.8,2.05,1.75
E2,2021-10-02,15:00:00,Lincoln,Plymouth,2,2,0.0,1.0,D,A,2.37,3.2,3.2,1.9,1.9
E2,2021-10-02,15:00:00,Portsmouth,Sunderland,4,0,3.0,0.0,H,H,2.87,3.5,2.4,2.07,1.72
E2,2021-10-02,15:00:00,Sheffield Weds,Oxford,1,2,0.0,1.0,A,A,2.2,3.4,3.3,2.0,1.8
E2,2021-10-02,15:00:00,Wycombe,Morecambe,4,3,0.0,2.0,H,A,1.61,4.0,5.5,1.85,1.95
E2,2021-10-09,15:00:00,Ipswich,Shrewsbury,2,1,1.0,1.0,H,D,1.8,3.6,4.5,2.05,1.75
E2,2021-10-09,15:00:00,Plymouth,Burton,2,1,2.0,0.0,H,H,2.25,3.4,3.2,1.95,1.85
E2,2021-10-09,15:00:00,Sheffield Weds,Bolton,1,0,0.0,0.0,H,D,2.3,3.25,3.2,2.05,1.75
E2,2021-10-09,15:00:00,Wycombe,Gillingham,2,0,2.0,0.0,H,H,1.61,4.0,5.5,1.85,1.95
E2,2021-10-15,19:45:00,Burton,Morecambe,3,2,2.0,1.0,H,H,1.9,3.6,4.0,1.95,1.85
E2,2021-10-16,15:00:00,AFC Wimbledon,Sheffield Weds,2,2,0.0,1.0,D,A,3.0,3.2,2.5,2.15,1.66
E2,2021-10-16,15:00:00,Bolton,Wigan,0,4,0.0,1.0,A,A,2.6,3.2,2.8,1.95,1.85
E2,2021-10-16,15:00:00,Cambridge,Ipswich,2,2,1.0,2.0,D,A,3.5,3.5,2.05,2.0,1.8
E2,2021-10-16,15:00:00,Cheltenham,Accrington,1,0,0.0,0.0,H,D,2.6,3.25,2.8,2.05,1.75
E2,2021-10-16,15:00:00,Doncaster,Wycombe,0,2,0.0,2.0,A,A,4.75,3.7,1.75,1.93,1.93
E2,2021-10-16,15:00:00,Fleetwood Town,Crewe,3,0,0.0,0.0,H,D,1.9,3.75,3.75,1.9,1.9
E2,2021-10-16,15:00:00,Gillingham,Sunderland,1,2,1.0,1.0,A,D,5.0,3.75,1.72,2.0,1.8
E2,2021-10-16,15:00:00,Lincoln,Charlton,2,1,0.0,0.0,H,D,2.3,3.3,3.2,2.05,1.75
E2,2021-10-16,15:00:00,Oxford,Plymouth,1,3,1.0,2.0,A,A,1.9,3.6,4.0,1.85,1.95
E2,2021-10-16,15:00:00,Rotherham,Portsmouth,4,1,1.0,0.0,H,H,1.83,3.6,4.33,2.07,1.72
E2,2021-10-16,15:00:00,Shrewsbury,Milton Keynes Dons,1,0,0.0,0.0,H,D,3.6,3.6,2.0,1.95,1.85
E2,2021-10-19,19:45:00,Cambridge,Sheffield Weds,1,1,1.0,0.0,D,H,3.75,3.4,2.0,2.05,1.75
E2,2021-10-19,19:45:00,Charlton,Accrington,2,3,1.0,1.0,A,D,2.2,3.4,3.3,2.0,1.8
E2,2021-10-19,19:45:00,Cheltenham,Morecambe,3,1,1.0,1.0,H,D,2.05,3.5,3.6,1.95,1.85
E2,2021-10-19,19:45:00,Crewe,Sunderland,0,4,0.0,2.0,A,A,4.33,3.8,1.8,1.85,1.95
E2,2021-10-19,19:45:00,Fleetwood Town,Burton,0,1,0.0,1.0,A,A,2.37,3.3,3.0,2.15,1.66
E2,2021-10-19,19:45:00,Gillingham,Doncaster,1,0,0.0,0.0,H,D,2.1,3.3,3.6,2.07,1.72
E2,2021-10-19,19:45:00,Lincoln,AFC Wimbledon,0,1,0.0,1.0,A,A,2.25,3.3,3.3,1.95,1.85
E2,2021-10-19,19:45:00,Oxford,Shrewsbury,2,0,0.0,0.0,H,D,1.72,3.75,5.0,2.07,1.72
E2,2021-10-19,19:45:00,Plymouth,Bolton,3,0,2.0,0.0,H,H,2.15,3.5,3.4,1.8,2.0
E2,2021-10-19,19:45:00,Portsmouth,Ipswich,0,4,0.0,1.0,A,A,2.5,3.25,2.9,2.25,1.61
E2,2021-10-19,19:45:00,Rotherham,Wycombe,0,0,0.0,0.0,D,D,1.75,3.75,4.75,1.95,1.85
E2,2021-10-19,19:45:00,Wigan,Milton Keynes Dons,1,2,1.0,2.0,A,A,2.0,3.6,3.8,2.0,1.8
E2,2021-10-23,15:00:00,Accrington,Portsmouth,2,2,0.0,1.0,D,A,2.87,3.3,2.45,2.05,1.75
E2,2021-10-23,15:00:00,AFC Wimbledon,Wigan,0,2,0.0,0.0,A,D,3.5,3.6,2.05,1.95,1.85
E2,2021-10-23,15:00:00,Bolton,Gillingham,2,2,0.0,2.0,D,A,1.75,3.5,4.75,2.0,1.8
E2,2021-10-23,15:00:00,Burton,Oxford,1,3,0.0,2.0,A,A,3.0,3.25,2.4,2.0,1.8
E2,2021-10-23,15:00:00,Doncaster,Cheltenham,3,2,2.0,0.0,H,H,3.1,3.25,2.37,2.25,1.61
E2,2021-10-23,15:00:00,Ipswich,Fleetwood Town,2,1,0.0,0.0,H,D,1.61,4.0,5.25,1.85,1.95
E2,2021-10-23,15:00:00,Milton Keynes Dons,Rotherham,0,3,0.0,1.0,A,A,2.9,3.2,2.5,2.05,1.75
E2,2021-10-23,15:00:00,Morecambe,Plymouth,1,1,1.0,1.0,D,D,3.8,3.6,1.95,1.85,1.95
E2,2021-10-23,15:00:00,Sheffield Weds,Lincoln,1,1,0.0,0.0,D,D,2.0,3.4,3.8,2.1,1.7
E2,2021-10-23,15:00:00,Shrewsbury,Cambridge,4,1,1.0,0.0,H,H,2.15,3.3,3.5,2.1,1.7
E2,2021-10-23,15:00:00,Sunderland,Charlton,0,1,0.0,0.0,A,D,1.6,4.0,5.75,1.85,1.95
E2,2021-10-23,15:00:00,Wycombe,Crewe,2,1,1.0,0.0,H,H,1.45,4.33,7.5,1.8,2.0
E2,2021-10-26,19:45:00,Doncaster,Cambridge,1,1,0.0,1.0,D,A,2.2,3.3,3.4,2.07,1.72
E2,2021-10-26,19:45:00,Wigan,Lincoln,1,2,0.0,1.0,A,A,1.65,4.0,5.25,1.8,2.0
E2,2021-10-30,15:00:00,Cambridge,AFC Wimbledon,1,0,0.0,0.0,H,D,2.8,3.5,2.4,2.05,1.75
E2,2021-10-30,15:00:00,Charlton,Doncaster,4,0,2.0,0.0,H,H,1.75,3.75,4.75,2.05,1.75
E2,2021-10-30,15:00:00,Cheltenham,Sheffield Weds,2,2,1.0,0.0,D,H,3.1,3.5,2.25,2.07,1.72
E2,2021-10-30,15:00:00,Crewe,Milton Keynes Dons,1,4,0.0,1.0,A,A,4.0,3.75,1.85,1.8,2.0
E2,2021-10-30,15:00:00,Fleetwood Town,Wycombe,3,3,1.0,2.0,D,A,3.5,3.4,2.1,2.07,1.72
E2,2021-10-30,15:00:00,Gillingham,Accrington,0,0,0.0,0.0,D,D,2.4,3.5,2.87,2.0,1.8
E2,2021-10-30,15:00:00,Lincoln,Shrewsbury,1,1,1.0,0.0,D,H,2.05,3.5,3.6,2.1,1.7
E2,2021-10-30,15:00:00,Oxford,Morecambe,3,1,1.0,0.0,H,H,1.57,4.0,6.0,1.72,2.07
E2,2021-10-30,15:00:00,Plymouth,Ipswich,2,1,1.0,1.0,H,D,2.4,3.3,3.0,2.0,1.8
E2,2021-10-30,15:00:00,Portsmouth,Bolton,1,0,0.0,0.0,H,D,2.2,3.4,3.3,2.0,1.8
E2,2021-10-30,15:00:00,Rotherham,Sunderland,5,1,2.0,1.0,H,H,1.95,3.5,3.8,2.05,1.75
E2,2021-10-30,15:00:00,Wigan,Burton,2,0,1.0,0.0,H,H,1.7,3.6,5.0,2.05,1.75
E2,2021-11-02,19:45:00,Charlton,Rotherham,1,1,0.0,1.0,D,A,4.0,3.6,1.95,1.95,1.9
E2,2021-11-02,19:45:00,Crewe,Doncaster,1,1,1.0,1.0,D,D,2.25,3.4,3.2,2.0,1.8
E2,2021-11-02,19:45:00,Fleetwood Town,Wigan,2,3,1.0,0.0,A,H,4.2,3.6,1.85,2.07,1.72
E2,2021-11-02,19:45:00,Morecambe,Cambridge,0,2,0.0,1.0,A,A,2.37,3.4,3.0,1.88,1.98
E2,2021-11-02,19:45:00,Portsmouth,Cheltenham,1,1,1.0,1.0,D,D,1.66,3.75,5.5,1.9,1.95
E2,2021-11-02,19:45:00,Sheffield Weds,Sunderland,3,0,2.0,0.0,H,H,2.3,3.4,3.0,2.0,1.8
E2,2021-11-02,19:45:00,Wycombe,Ipswich,1,4,1.0,1.0,A,D,2.3,3.4,3.1,2.07,1.72
E2,2021-11-12,20:00:00,Bolton,Crewe,2,0,0.0,0.0,H,D,1.66,4.0,5.0,1.7,2.1
E2,2021-11-13,15:00:00,Accrington,Plymouth,1,4,0.0,2.0,A,A,3.1,3.6,2.2,1.72,2.07
E2,2021-11-13,15:00:00,Burton,Charlton,0,1,0.0,1.0,A,A,2.7,3.4,2.6,1.98,1.88
E2,2021-11-13,15:00:00,Ipswich,Oxford,0,0,0.0,0.0,D,D,2.25,3.4,3.2,1.88,1.98
E2,2021-11-13,15:00:00,Milton Keynes Dons,Cambridge,4,1,3.0,0.0,H,H,1.6,3.8,6.0,1.8,2.0
E2,2021-11-13,15:00:00,Sheffield Weds,Gillingham,1,1,0.0,1.0,D,A,1.61,4.0,5.25,1.9,1.95
E2,2021-11-13,15:00:00,Wycombe,Portsmouth,0,1,0.0,0.0,A,D,2.05,3.6,3.6,1.98,1.88
E2,2021-11-20,15:00:00,Accrington,Sheffield Weds,2,3,1.0,3.0,A,A,3.3,3.4,2.2,1.98,1.88
E2,2021-11-20,15:00:00,Charlton,Plymouth,2,0,0.0,0.0,H,D,2.5,3.4,2.8,1.88,1.98
E2,2021-11-20,15:00:00,Cheltenham,Shrewsbury,2,1,1.0,1.0,H,D,2.5,3.25,3.0,2.15,1.66
E2,2021-11-20,15:00:00,Crewe,Gillingham,2,0,1.0,0.0,H,H,2.4,3.4,2.9,2.07,1.72
E2,2021-11-20,15:00:00,Doncaster,Lincoln,0,0,0.0,0.0,D,D,3.5,3.5,2.05,2.07,1.72
E2,2021-11-20,15:00:00,Fleetwood Town,Morecambe,1,2,0.0,1.0,A,A,2.0,3.5,3.6,1.93,1.93
E2,2021-11-20,15:00:00,Milton Keynes Dons,Burton,1,0,0.0,0.0,H,D,1.8,3.7,4.5,1.88,1.98
E2,2021-11-20,15:00:00,Portsmouth,AFC Wimbledon,2,1,0.0,1.0,H,A,1.85,3.6,4.33,2.05,1.8
E2,2021-11-20,15:00:00,Rotherham,Cambridge,3,1,2.0,0.0,H,H,1.4,4.5,7.5,1.75,2.05
E2,2021-11-20,15:00:00,Sunderland,Ipswich,2,0,0.0,0.0,H,D,2.37,3.3,3.1,2.02,1.83
E2,2021-11-20,15:00:00,Wycombe,Bolton,1,0,0.0,0.0,H,D,1.95,3.5,3.9,1.98,1.88
E2,2021-11-23,19:45:00,AFC Wimbledon,Crewe,3,2,3.0,1.0,H,H,1.85,3.5,4.33,2.02,1.83
E2,2021-11-23,19:45:00,Burton,Accrington,4,0,2.0,0.0,H,H,2.1,3.5,3.5,1.95,1.9
E2,2021-11-23,19:45:00,Cambridge,Wigan,2,2,1.0,0.0,D,H,4.75,3.75,1.75,2.0,1.85
E2,2021-11-23,19:45:00,Gillingham,Cheltenham,0,2,0.0,1.0,A,A,3.25,3.4,2.2,1.93,1.93
E2,2021-11-23,19:45:00,Ipswich,Rotherham,0,2,0.0,1.0,A,A,2.9,3.3,2.45,2.1,1.77
E2,2021-11-23,19:45:00,Lincoln,Portsmouth,0,3,0.0,1.0,A,A,2.6,3.4,2.7,1.98,1.88
E2,2021-11-23,19:45:00,Morecambe,Charlton,2,2,1.0,2.0,D,A,3.8,3.5,1.95,1.88,1.98
E2,2021-11-23,19:45:00,Oxford,Fleetwood Town,3,1,2.0,1.0,H,H,2.2,3.75,3.0,1.75,2.13
E2,2021-11-23,19:45:00,Plymouth,Wycombe,0,3,0.0,0.0,A,D,2.45,3.3,2.9,1.88,1.98
E2,2021-11-23,19:45:00,Sheffield Weds,Milton Keynes Dons,2,1,0.0,0.0,H,D,2.3,3.4,3.1,1.9,1.95
E2,2021-11-23,19:45:00,Shrewsbury,Sunderland,1,1,0.0,1.0,D,A,3.5,3.4,2.15,2.05,1.8
E2,2021-11-23,20:00:00,Bolton,Doncaster,3,0,2.0,0.0,H,H,1.7,3.8,5.0,2.0,1.85
E2,2021-11-27,15:00:00,AFC Wimbledon,Fleetwood Town,2,2,0.0,1.0,D,A,2.0,3.5,3.8,1.9,1.95
E2,2021-11-27,15:00:00,Bolton,Cheltenham,2,2,1.0,2.0,D,A,2.1,3.4,3.6,1.93,1.93
E2,2021-11-27,15:00:00,Burton,Doncaster,2,0,0.0,0.0,H,D,1.75,3.75,4.5,1.98,1.88
E2,2021-11-27,15:00:00,Cambridge,Sunderland,1,2,1.0,2.0,A,A,3.8,3.6,1.95,1.98,1.88
E2,2021-11-27,15:00:00,Gillingham,Portsmouth,0,1,0.0,0.0,A,D,4.5,3.6,1.8,2.0,1.85
E2,2021-11-27,15:00:00,Morecambe,Milton Keynes Dons,0,4,0.0,2.0,A,A,3.6,3.6,2.0,1.85,2.0
E2,2021-11-27,15:00:00,Oxford,Rotherham,0,0,0.0,0.0,D,D,3.6,3.5,2.05,1.88,1.98
E2,2021-11-27,15:00:00,Plymouth,Wigan,1,2,1.0,1.0,A,D,2.9,3.4,2.4,1.88,1.98
E2,2021-11-27,15:00:00,Sheffield Weds,Wycombe,2,2,1.0,1.0,D,D,2.25,3.5,3.1,2.0,1.85
E2,2021-11-27,15:00:00,Shrewsbury,Charlton,1,0,0.0,0.0,H,D,3.2,3.4,2.25,2.05,1.75
E2,2021-11-27,15:15:00,Lincoln,Accrington,0,1,0.0,0.0,A,D,2.0,3.6,3.6,1.95,1.9
E2,2021-11-28,15:00:00,Ipswich,Crewe,2,1,2.0,0.0,H,H,1.44,4.5,7.5,1.75,2.05
E2,2021-12-04,15:00:00,Accrington,Fleetwood Town,5,1,1.0,0.0,H,H,2.37,3.4,3.0,1.75,2.05
E2,2021-12-04,15:00:00,Sunderland,Oxford,1,1,1.0,1.0,D,D,2.2,3.4,3.2,1.83,2.02
E2,2021-12-07,19:45:00,Accrington,AFC Wimbledon,0,2,0.0,0.0,A,D,2.5,3.4,2.8,1.75,2.05
E2,2021-12-07,19:45:00,Charlton,Ipswich,2,0,1.0,0.0,H,H,2.5,3.4,2.75,1.85,2.0
E2,2021-12-07,19:45:00,Cheltenham,Cambridge,0,5,0.0,1.0,A,A,1.85,3.6,4.2,1.83,2.02
E2,2021-12-07,19:45:00,Crewe,Lincoln,2,0,0.0,0.0,H,D,3.1,3.4,2.3,1.93,1.93
E2,2021-12-07,19:45:00,Doncaster,Oxford,1,2,0.0,1.0,A,A,5.5,3.8,1.61,1.93,1.93
E2,2021-12-07,19:45:00,Fleetwood Town,Bolton,3,0,1.0,0.0,H,H,3.4,3.4,2.15,1.8,2.0
E2,2021-12-07,19:45:00,Portsmouth,Sheffield Weds,0,0,0.0,0.0,D,D,2.9,3.6,2.37,2.05,1.8
E2,2021-12-07,19:45:00,Rotherham,Gillingham,5,1,2.0,1.0,H,H,1.33,5.5,9.0,1.75,2.05
E2,2021-12-07,19:45:00,Sunderland,Morecambe,5,0,2.0,0.0,H,H,1.5,4.75,5.75,1.61,2.25
E2,2021-12-07,19:45:00,Wycombe,Burton,2,1,2.0,0.0,H,H,1.95,3.6,4.0,1.8,2.05
E2,2021-12-08,19:45:00,Milton Keynes Dons,Plymouth,1,1,1.0,0.0,D,H,2.3,3.4,3.1,1.8,2.0
E2,2021-12-08,19:45:00,Wigan,Shrewsbury,2,1,1.0,1.0,H,D,1.61,3.8,5.5,2.05,1.8
E2,2021-12-11,15:00:00,Accrington,Bolton,1,0,1.0,0.0,H,H,2.9,3.5,2.37,1.85,2.0
E2,2021-12-11,15:00:00,Charlton,Cambridge,2,0,1.0,0.0,H,H,1.66,3.75,5.25,1.83,2.02
E2,2021-12-11,15:00:00,Cheltenham,Lincoln,2,2,1.0,0.0,D,H,2.37,3.5,2.9,2.07,1.72
E2,2021-12-11,15:00:00,Crewe,Sheffield Weds,0,2,0.0,1.0,A,A,4.2,3.5,1.9,2.1,1.7
E2,2021-12-11,15:00:00,Doncaster,Shrewsbury,1,0,0.0,0.0,H,D,3.0,3.3,2.37,2.2,1.65
E2,2021-12-11,15:00:00,Fleetwood Town,Gillingham,2,1,1.0,0.0,H,H,1.75,3.8,4.33,1.9,1.95
E2,2021-12-11,15:00:00,Milton Keynes Dons,Oxford,1,2,1.0,0.0,A,H,2.4,3.4,2.9,1.83,2.02
E2,2021-12-11,15:00:00,Portsmouth,Morecambe,2,0,1.0,0.0,H,H,1.5,4.33,6.5,1.8,2.0
E2,2021-12-11,15:00:00,Rotherham,Burton,3,1,1.0,1.0,H,D,1.45,4.75,6.5,1.85,2.0
E2,2021-12-11,15:00:00,Sunderland,Plymouth,2,1,2.0,0.0,H,H,1.85,3.8,4.0,1.83,2.02
E2,2021-12-11,15:00:00,Wigan,Ipswich,1,1,1.0,0.0,D,H,2.2,3.5,3.25,2.02,1.83
E2,2021-12-11,15:00:00,Wycombe,AFC Wimbledon,2,2,0.0,1.0,D,A,1.85,3.75,4.2,1.85,2.0
E2,2021-12-18,15:00:00,Cambridge,Rotherham,0,1,0.0,0.0,A,D,5.25,4.2,1.61,1.83,2.02
E2,2021-12-18,15:00:00,Ipswich,Sunderland,1,1,1.0,0.0,D,H,2.8,3.3,2.55,2.05,1.8
E2,2021-12-18,15:00:00,Morecambe,Fleetwood Town,0,0,0.0,0.0,D,D,2.62,3.4,2.7,1.8,2.0
E2,2021-12-18,15:00:00,Oxford,Wigan,2,3,1.0,2.0,A,A,2.4,3.3,3.0,1.95,1.9
E2,2021-12-18,15:00:00,Plymouth,Charlton,1,0,1.0,0.0,H,H,2.55,3.5,2.7,1.85,2.0
E2,2021-12-18,15:00:00,Shrewsbury,Cheltenham,3,1,1.0,1.0,H,D,2.37,3.3,3.0,2.1,1.7
E2,2021-12-26,15:00:00,Accrington,Rotherham,1,0,0.0,0.0,H,D,4.5,4.0,1.7,1.93,1.93
E2,2021-12-26,15:00:00,Cheltenham,Plymouth,0,2,0.0,1.0,A,A,3.0,3.5,2.3,1.95,1.9
E2,2021-12-26,15:00:00,Fleetwood Town,Shrewsbury,0,3,0.0,0.0,A,D,2.37,3.3,3.1,2.05,1.75
E2,2021-12-26,15:00:00,Lincoln,Milton Keynes Dons,2,3,2.0,0.0,A,H,3.0,3.5,2.3,1.98,1.88
E2,2021-12-27,12:30:00,Doncaster,Sunderland,0,3,0.0,2.0,A,A,5.25,4.0,1.61,2.0,1.85
E2,2021-12-29,19:45:00,Ipswich,Wycombe,1,0,1.0,0.0,H,H,2.25,3.5,3.1,2.0,1.85
E2,2021-12-29,19:45:00,Morecambe,Crewe,1,2,1.0,0.0,A,H,2.25,3.6,3.0,2.0,1.85
E2,2021-12-29,19:45:00,Oxford,AFC Wimbledon,3,0,2.0,0.0,H,H,1.75,3.8,4.75,1.8,2.0
E2,2021-12-29,19:45:00,Shrewsbury,Accrington,0,0,0.0,0.0,D,D,2.3,3.5,3.0,2.13,1.75
E2,2021-12-30,19:45:00,Sunderland,Sheffield Weds,5,0,3.0,0.0,H,H,1.95,3.5,3.8,2.0,1.85
E2,2022-01-01,15:00:00,Burton,Crewe,4,1,3.0,1.0,H,H,1.72,3.6,5.0,2.0,1.8
E2,2022-01-01,15:00:00,Charlton,Wycombe,0,1,0.0,1.0,A,A,2.25,3.4,3.2,1.93,1.93
E2,2022-01-01,15:00:00,Milton Keynes Dons,Gillingham,0,0,0.0,0.0,D,D,1.57,4.0,6.0,1.8,2.05
E2,2022-01-01,15:00:00,Oxford,Cheltenham,1,1,0.0,0.0,D,D,1.61,3.75,5.75,1.73,2.15
E2,2022-01-01,15:00:00,Rotherham,Bolton,2,1,1.0,1.0,H,D,1.5,4.33,7.0,1.66,2.15
E2,2022-01-02,15:00:00,Morecambe,Doncaster,4,3,0.0,3.0,H,A,2.05,3.5,3.6,2.0,1.85
E2,2022-01-02,15:00:00,Shrewsbury,Sheffield Weds,1,0,1.0,0.0,H,H,3.4,3.25,2.2,2.07,1.72
E2,2022-01-03,15:00:00,Cambridge,Portsmouth,0,0,0.0,0.0,D,D,4.0,3.3,2.0,2.0,1.85
E2,2022-01-08,12:30:00,Wycombe,Sunderland,3,3,2.0,2.0,D,D,2.87,3.3,2.5,2.0,1.85
E2,2022-01-08,15:00:00,Accrington,Milton Keynes Dons,1,1,1.0,1.0,D,D,3.0,3.3,2.4,1.93,1.93
E2,2022-01-08,15:00:00,Cheltenham,Burton,1,1,1.0,0.0,D,H,2.45,3.25,2.9,2.15,1.66
E2,2022-01-08,15:00:00,Doncaster,Fleetwood Town,0,1,0.0,0.0,A,D,3.0,3.3,2.4,2.05,1.75
E2,2022-01-08,15:00:00,Gillingham,Ipswich,0,4,0.0,3.0,A,A,4.0,3.6,1.9,2.0,1.85
E2,2022-01-08,15:00:00,Lincoln,Oxford,2,0,1.0,0.0,H,H,3.25,3.4,2.25,1.9,1.95
E2,2022-01-11,19:45:00,Milton Keynes Dons,AFC Wimbledon,1,0,1.0,0.0,H,H,1.72,3.8,4.75,1.75,2.05
E2,2022-01-11,19:45:00,Sunderland,Lincoln,1,3,0.0,1.0,A,A,1.53,4.2,6.5,1.66,2.15
E2,2022-01-11,20:00:00,Bolton,Wycombe,0,2,0.0,1.0,A,A,2.6,3.4,2.62,1.83,2.02
E2,2022-01-12,19:45:00,Crewe,Charlton,2,1,2.0,0.0,H,H,3.75,3.25,2.1,1.9,1.95
E2,2022-01-15,15:00:00,Accrington,Sunderland,1,1,0.0,0.0,D,D,4.0,3.6,1.9,1.83,2.02
E2,2022-01-15,15:00:00,AFC Wimbledon,Morecambe,0,0,0.0,0.0,D,D,1.9,3.8,3.75,1.72,2.07
E2,2022-01-15,15:00:00,Bolton,Ipswich,2,0,0.0,0.0,H,D,3.2,3.4,2.25,2.02,1.83
E2,2022-01-15,15:00:00,Cheltenham,Charlton,1,1,1.0,0.0,D,H,3.1,3.25,2.37,2.1,1.77
E2,2022-01-15,15:00:00,Crewe,Shrewsbury,0,0,0.0,0.0,D,D,3.25,3.2,2.3,2.07,1.72
E2,2022-01-15,15:00:00,Doncaster,Wigan,1,2,0.0,1.0,A,A,7.5,4.2,1.45,1.72,2.07
E2,2022-01-15,15:00:00,Fleetwood Town,Rotherham,1,0,0.0,0.0,H,D,6.5,4.0,1.53,1.8,2.0
E2,2022-01-15,15:00:00,Gillingham,Burton,1,3,1.0,0.0,A,H,3.6,3.6,2.0,2.02,1.83
E2,2022-01-15,15:00:00,Lincoln,Cambridge,0,1,0.0,0.0,A,D,1.95,3.4,4.0,2.0,1.85
E2,2022-01-15,15:00:00,Portsmouth,Milton Keynes Dons,1,2,0.0,2.0,A,A,2.37,3.3,3.1,2.02,1.83
E2,2022-01-15,15:00:00,Sheffield Weds,Plymouth,4,2,2.0,0.0,H,H,2.15,3.5,3.4,1.9,1.95
E2,2022-01-15,15:00:00,Wycombe,Oxford,2,0,1.0,0.0,H,H,2.4,3.4,2.9,1.95,1.9
E2,2022-01-18,19:45:00,AFC Wimbledon,Portsmouth,0,0,0.0,0.0,D,D,3.25,3.4,2.2,1.95,1.9
E2,2022-01-18,19:45:00,Cambridge,Doncaster,3,1,1.0,0.0,H,H,1.72,3.6,5.0,1.88,1.98
E2,2022-01-18,19:45:00,Morecambe,Wigan,1,2,1.0,1.0,A,D,5.5,4.0,1.61,1.83,2.02
E2,2022-01-22,15:00:00,Burton,AFC Wimbledon,1,1,0.0,0.0,D,D,2.1,3.4,3.6,1.85,2.0
E2,2022-01-22,15:00:00,Cambridge,Crewe,1,0,1.0,0.0,H,H,1.95,3.5,4.0,1.93,1.93
E2,2022-01-22,15:00:00,Charlton,Fleetwood Town,2,0,0.0,0.0,H,D,1.75,3.75,4.75,1.85,2.0
E2,2022-01-22,15:00:00,Ipswich,Accrington,2,1,1.0,1.0,H,D,1.75,3.75,4.75,1.93,1.93
E2,2022-01-22,15:00:00,Milton Keynes Dons,Doncaster,0,1,0.0,1.0,A,A,1.4,4.5,9.0,1.8,2.0
E2,2022-01-22,15:00:00,Morecambe,Wycombe,3,2,1.0,1.0,H,D,4.2,3.75,1.85,1.8,2.0
E2,2022-01-22,15:00:00,Oxford,Sheffield Weds,3,2,1.0,1.0,H,D,2.3,3.3,3.25,1.93,1.93
E2,2022-01-22,15:00:00,Plymouth,Lincoln,1,2,1.0,0.0,A,H,1.9,3.5,4.2,1.9,1.95
E2,2022-01-22,15:00:00,Rotherham,Cheltenham,1,0,1.0,0.0,H,H,1.4,4.5,8.5,1.75,2.05
E2,2022-01-22,15:00:00,Shrewsbury,Bolton,0,1,0.0,0.0,A,D,2.3,3.4,3.1,2.07,1.72
E2,2022-01-22,15:00:00,Sunderland,Portsmouth,1,0,1.0,0.0,H,H,1.85,3.6,4.33,1.83,2.02
E2,2022-01-22,15:00:00,Wigan,Gillingham,3,2,2.0,0.0,H,H,1.33,5.0,10.0,1.72,2.07
E2,2022-01-25,19:45:00,AFC Wimbledon,Ipswich,0,2,0.0,0.0,A,D,3.75,3.3,2.1,2.2,1.65
E2,2022-01-25,19:45:00,Burton,Milton Keynes Dons,0,1,0.0,0.0,A,D,2.8,3.4,2.5,1.8,2.05
E2,2022-01-25,19:45:00,Fleetwood Town,Plymouth,3,3,1.0,1.0,D,D,2.8,3.5,2.4,1.72,2.07
E2,2022-01-25,19:45:00,Gillingham,Shrewsbury,0,0,0.0,0.0,D,D,3.6,3.4,2.1,2.1,1.7
E2,2022-01-29,15:00:00,Accrington,Morecambe,2,2,2.0,2.0,D,D,1.95,3.4,4.0,1.95,1.9
E2,2022-01-29,15:00:00,AFC Wimbledon,Shrewsbury,1,1,1.0,0.0,D,H,2.45,3.4,2.87,2.1,1.7
E2,2022-01-29,15:00:00,Bolton,Sunderland,6,0,2.0,0.0,H,H,3.8,3.5,2.0,1.88,1.98
E2,2022-01-29,15:00:00,Cheltenham,Wigan,0,0,0.0,0.0,D,D,4.5,3.6,1.8,2.05,1.8
E2,2022-01-29,15:00:00,Crewe,Rotherham,0,2,0.0,1.0,A,A,7.0,4.33,1.5,1.8,2.0
E2,2022-01-29,15:00:00,Doncaster,Plymouth,1,3,1.0,1.0,A,D,5.0,3.75,1.72,1.88,1.98
E2,2022-01-29,15:00:00,Fleetwood Town,Cambridge,1,1,0.0,0.0,D,D,1.95,3.3,4.2,2.02,1.83
E2,2022-01-29,15:00:00,Gillingham,Oxford,2,7,0.0,3.0,A,A,4.75,3.75,1.75,1.95,1.9
E2,2022-01-29,15:00:00,Lincoln,Burton,1,2,0.0,0.0,A,D,2.15,3.4,3.4,2.02,1.83
E2,2022-01-29,15:00:00,Sheffield Weds,Ipswich,1,0,1.0,0.0,H,H,2.1,3.4,3.6,2.1,1.77
E2,2022-01-29,15:00:00,Wycombe,Milton Keynes Dons,0,1,0.0,1.0,A,A,2.2,3.4,3.3,1.83,2.02
E2,2022-01-31,19:45:00,Portsmouth,Charlton,1,2,0.0,1.0,A,A,2.0,3.4,3.8,2.05,1.75
E2,2022-02-01,19:45:00,AFC Wimbledon,Cheltenham,2,2,1.0,2.0,D,A,2.5,3.2,2.9,2.1,1.7
E2,2022-02-01,19:45:00,Doncaster,Rotherham,0,5,0.0,2.0,A,A,9.0,4.5,1.4,1.83,2.02
E2,2022-02-01,19:45:00,Gillingham,Crewe,1,0,1.0,0.0,H,H,2.3,3.1,3.3,2.07,1.72
E2,2022-02-01,19:45:00,Sheffield Weds,Morecambe,2,0,0.0,0.0,H,D,1.57,4.0,6.0,1.83,2.02
E2,2022-02-01,19:45:00,Wigan,Oxford,1,1,1.0,1.0,D,D,2.0,3.6,3.6,1.75,2.05
E2,2022-02-01,20:00:00,Bolton,Cambridge,2,0,1.0,0.0,H,H,1.83,3.75,4.2,1.93,1.93
E2,2022-02-05,15:00:00,Burton,Sheffield Weds,0,2,0.0,1.0,A,A,2.87,3.3,2.5,2.2,1.65
E2,2022-02-05,15:00:00,Charlton,AFC Wimbledon,3,2,2.0,2.0,H,D,1.9,3.4,4.2,2.07,1.72
E2,2022-02-05,15:00:00,Ipswich,Gillingham,1,0,0.0,0.0,H,D,1.4,4.75,8.0,1.88,1.98
E2,2022-02-05,15:00:00,Milton Keynes Dons,Lincoln,2,1,1.0,1.0,H,D,1.9,3.4,4.2,1.95,1.9
E2,2022-02-05,15:00:00,Morecambe,Bolton,1,1,0.0,0.0,D,D,3.1,3.5,2.25,2.13,1.75
E2,2022-02-05,15:00:00,Oxford,Portsmouth,3,2,1.0,1.0,H,D,2.2,3.3,3.4,2.05,1.75
E2,2022-02-05,15:00:00,Rotherham,Accrington,1,0,0.0,0.0,H,D,1.44,4.75,7.5,1.75,2.05
E2,2022-02-05,15:00:00,Shrewsbury,Fleetwood Town,1,1,0.0,1.0,D,A,2.05,3.3,3.75,2.25,1.61
E2,2022-02-05,15:00:00,Sunderland,Doncaster,1,2,0.0,2.0,A,A,1.3,5.5,10.0,1.7,2.1
E2,2022-02-08,19:45:00,Accrington,Oxford,2,0,1.0,0.0,H,H,2.87,3.6,2.37,1.8,2.05
E2,2022-02-08,19:45:00,AFC Wimbledon,Rotherham,0,1,0.0,0.0,A,D,5.0,3.6,1.72,1.95,1.9
E2,2022-02-08,19:45:00,Cheltenham,Sunderland,2,1,0.0,1.0,H,A,3.2,3.5,2.15,1.8,2.0
E2,2022-02-08,19:45:00,Crewe,Plymouth,1,4,1.0,0.0,A,H,3.6,3.75,2.0,1.72,2.07
E2,2022-02-08,19:45:00,Doncaster,Ipswich,0,1,0.0,1.0,A,A,4.75,3.75,1.72,2.0,1.85
E2,2022-02-08,19:45:00,Fleetwood Town,Milton Keynes Dons,1,1,0.0,1.0,D,A,4.0,3.5,1.95,1.95,1.9
E2,2022-02-08,19:45:00,Gillingham,Cambridge,1,0,0.0,0.0,H,D,2.55,3.2,3.0,2.07,1.72
E2,2022-02-08,19:45:00,Lincoln,Morecambe,2,1,2.0,0.0,H,H,1.72,3.8,4.75,1.83,2.02
E2,2022-02-08,19:45:00,Portsmouth,Burton,2,1,2.0,0.0,H,H,1.9,3.4,4.33,2.05,1.75
E2,2022-02-08,19:45:00,Sheffield Weds,Wigan,1,0,0.0,0.0,H,D,2.5,3.2,2.9,2.15,1.66
E2,2022-02-08,19:45:00,Wycombe,Shrewsbury,0,0,0.0,0.0,D,D,1.95,3.5,3.8,2.1,1.7
E2,2022-02-08,20:00:00,Bolton,Charlton,2,1,1.0,0.0,H,H,2.37,3.3,3.0,2.02,1.83
E2,2022-02-12,15:00:00,Accrington,Crewe,4,1,1.0,0.0,H,H,1.66,3.8,4.75,1.9,1.95
E2,2022-02-12,15:00:00,AFC Wimbledon,Sunderland,1,1,1.0,1.0,D,D,3.25,3.4,2.15,1.85,2.0
E2,2022-02-12,15:00:00,Burton,Cambridge,2,2,1.0,1.0,D,D,1.9,3.6,3.8,1.95,1.9
E2,2022-02-12,15:00:00,Cheltenham,Fleetwood Town,2,0,2.0,0.0,H,H,2.1,3.25,3.6,1.98,1.88
E2,2022-02-12,15:00:00,Lincoln,Wycombe,1,1,1.0,0.0,D,H,2.62,3.4,2.55,1.93,1.93
E2,2022-02-12,15:00:00,Milton Keynes Dons,Ipswich,0,0,0.0,0.0,D,D,2.2,3.25,3.3,2.07,1.72
E2,2022-02-12,15:00:00,Morecambe,Gillingham,1,1,0.0,0.0,D,D,2.1,3.4,3.4,1.95,1.9
E2,2022-02-12,15:00:00,Oxford,Bolton,2,3,2.0,2.0,A,D,1.9,3.4,4.0,1.75,2.05
E2,2022-02-12,15:00:00,Plymouth,Shrewsbury,1,0,0.0,0.0,H,D,1.95,3.5,3.75,2.05,1.8
E2,2022-02-12,15:00:00,Portsmouth,Doncaster,4,0,0.0,0.0,H,D,1.44,4.5,7.0,1.88,1.98
E2,2022-02-12,15:00:00,Wigan,Charlton,2,1,1.0,1.0,H,D,1.8,3.75,4.33,2.0,1.85
E2,2022-02-13,12:00:00,Sheffield Weds,Rotherham,0,2,0.0,0.0,A,D,3.1,3.3,2.3,2.1,1.77
E2,2022-02-15,19:45:00,Burton,Bolton,3,1,3.0,0.0,H,H,2.6,3.5,2.6,1.98,1.88
E2,2022-02-15,19:45:00,Lincoln,Doncaster,0,1,0.0,0.0,A,D,1.6,4.0,5.5,1.85,2.0
E2,2022-02-15,19:45:00,Wigan,Crewe,2,0,0.0,0.0,H,D,1.33,4.75,9.5,1.66,2.15
E2,2022-02-18,19:45:00,Rotherham,Wigan,1,1,0.0,1.0,D,A,2.0,3.4,4.0,2.3,1.6
E2,2022-02-19,15:00:00,Bolton,AFC Wimbledon,4,0,1.0,0.0,H,H,1.85,3.6,4.5,2.02,1.83
E2,2022-02-19,15:00:00,Cambridge,Accrington,2,0,0.0,0.0,H,D,2.62,3.4,2.55,1.93,1.93
E2,2022-02-19,15:00:00,Charlton,Oxford,0,4,0.0,2.0,A,A,2.55,3.25,2.8,1.9,1.95
E2,2022-02-19,15:00:00,Doncaster,Sheffield Weds,1,3,1.0,0.0,A,H,5.5,3.8,1.66,1.93,1.93
E2,2022-02-19,15:00:00,Gillingham,Plymouth,0,2,0.0,0.0,A,D,3.4,3.4,2.15,1.93,1.93
E2,2022-02-19,15:00:00,Ipswich,Burton,3,0,1.0,0.0,H,H,1.83,3.6,4.33,2.02,1.83
E2,2022-02-19,15:00:00,Sunderland,Milton Keynes Dons,1,2,0.0,0.0,A,D,2.2,3.4,3.3,1.85,2.0
E2,2022-02-19,15:00:00,Wycombe,Cheltenham,5,5,3.0,1.0,D,H,1.85,3.6,4.33,1.95,1.9
E2,2022-02-22,19:45:00,Cambridge,Plymouth,2,0,2.0,0.0,H,H,3.25,3.4,2.2,1.98,1.88
E2,2022-02-22,19:45:00,Charlton,Milton Keynes Dons,0,2,0.0,1.0,A,A,2.87,3.1,2.55,2.0,1.85
E2,2022-02-22,19:45:00,Crewe,Oxford,0,1,0.0,0.0,A,D,5.0,4.0,1.65,1.66,2.15
E2,2022-02-22,19:45:00,Doncaster,Accrington,2,0,0.0,0.0,H,D,4.5,3.6,1.75,1.93,1.93
E2,2022-02-22,19:45:00,Gillingham,AFC Wimbledon,0,0,0.0,0.0,D,D,2.7,3.2,2.62,2.1,1.7
E2,2022-02-22,19:45:00,Ipswich,Cheltenham,0,0,0.0,0.0,D,D,1.75,3.6,5.0,2.02,1.83
E2,2022-02-22,19:45:00,Rotherham,Morecambe,2,0,2.0,0.0,H,H,1.3,5.75,9.5,1.72,2.07
E2,2022-02-22,19:45:00,Shrewsbury,Portsmouth,1,2,1.0,1.0,A,D,3.1,3.1,2.45,2.5,1.5
E2,2022-02-22,19:45:00,Sunderland,Burton,1,1,0.0,0.0,D,D,1.75,3.75,4.5,1.95,1.9
E2,2022-02-22,19:45:00,Wycombe,Wigan,1,3,1.0,0.0,A,H,2.62,3.2,2.75,2.07,1.72
E2,2022-02-22,20:00:00,Bolton,Lincoln,3,1,0.0,0.0,H,D,1.95,3.6,3.75,1.85,2.0
E2,2022-02-26,15:00:00,Accrington,Wycombe,3,2,1.0,2.0,H,A,2.6,3.4,2.62,1.95,1.9
E2,2022-02-26,15:00:00,AFC Wimbledon,Doncaster,2,2,1.0,0.0,D,H,1.72,3.6,5.0,1.98,1.88
E2,2022-02-26,15:00:00,Burton,Shrewsbury,0,2,0.0,1.0,A,A,2.2,3.3,3.4,2.25,1.61
E2,2022-02-26,15:00:00,Cheltenham,Crewe,1,2,0.0,1.0,A,A,1.75,3.8,4.5,1.83,2.02
E2,2022-02-26,15:00:00,Lincoln,Gillingham,0,2,0.0,0.0,A,D,1.7,3.6,5.25,2.15,1.66
E2,2022-02-26,15:00:00,Milton Keynes Dons,Bolton,2,0,1.0,0.0,H,H,2.25,3.4,3.2,2.0,1.85
E2,2022-02-26,15:00:00,Morecambe,Ipswich,1,1,0.0,0.0,D,D,4.0,3.5,1.9,2.02,1.83
E2,2022-02-26,15:00:00,Oxford,Cambridge,4,2,1.0,1.0,H,D,1.61,4.0,5.5,1.7,2.1
E2,2022-02-26,15:00:00,Plymouth,Rotherham,0,1,0.0,0.0,A,D,4.0,3.5,1.95,2.05,1.75
E2,2022-02-26,15:00:00,Portsmouth,Fleetwood Town,3,3,1.0,3.0,D,A,1.72,3.75,4.75,1.98,1.88
E2,2022-02-26,15:00:00,Sheffield Weds,Charlton,2,0,2.0,0.0,H,H,1.83,3.5,4.5,2.15,1.66
E2,2022-02-26,15:00:00,Wigan,Sunderland,0,3,0.0,2.0,A,A,1.95,3.4,3.8,1.98,1.88
E2,2022-03-01,19:45:00,Portsmouth,Oxford,3,2,2.0,1.0,H,H,2.45,3.4,2.87,1.95,1.9
E2,2022-03-01,19:45:00,Sheffield Weds,Burton,5,2,2.0,1.0,H,H,1.65,3.8,5.5,1.95,1.9
E2,2022-03-01,19:45:00,Shrewsbury,Rotherham,0,0,0.0,0.0,D,D,5.0,3.75,1.7,2.15,1.66
E2,2022-03-01,19:45:00,Wigan,Fleetwood Town,2,0,2.0,0.0,H,H,1.44,4.5,7.0,1.8,2.05
E2,2022-03-01,19:45:00,Wycombe,Cambridge,3,0,2.0,0.0,H,H,1.75,3.75,4.75,1.9,1.95
E2,2022-03-05,15:00:00,Cambridge,Shrewsbury,0,0,0.0,0.0,D,D,2.6,3.2,2.87,2.3,1.6
E2,2022-03-05,15:00:00,Charlton,Sunderland,0,0,0.0,0.0,D,D,3.2,3.3,2.3,1.93,1.93
E2,2022-03-05,15:00:00,Cheltenham,Doncaster,4,0,2.0,0.0,H,H,1.7,3.75,5.25,1.9,1.95
E2,2022-03-05,15:00:00,Crewe,Wycombe,1,3,0.0,1.0,A,A,4.2,3.8,1.8,1.88,1.98
E2,2022-03-05,15:00:00,Fleetwood Town,Ipswich,0,2,0.0,0.0,A,D,4.2,3.4,1.95,2.1,1.7
E2,2022-03-05,15:00:00,Gillingham,Bolton,0,3,0.0,1.0,A,A,3.3,3.4,2.2,2.05,1.75
E2,2022-03-05,15:00:00,Lincoln,Sheffield Weds,3,1,1.0,1.0,H,D,3.5,3.3,2.15,2.15,1.66
E2,2022-03-05,15:00:00,Oxford,Burton,4,1,4.0,1.0,H,H,1.7,4.0,4.75,1.72,2.07
E2,2022-03-05,15:00:00,Plymouth,Morecambe,2,0,2.0,0.0,H,H,1.61,3.9,5.75,1.66,2.15
E2,2022-03-05,15:00:00,Portsmouth,Accrington,4,0,2.0,0.0,H,H,1.95,3.75,3.7,1.88,1.98
E2,2022-03-05,15:00:00,Rotherham,Milton Keynes Dons,1,2,1.0,0.0,A,H,1.85,3.6,4.33,1.98,1.88
E2,2022-03-05,15:00:00,Wigan,AFC Wimbledon,1,0,1.0,0.0,H,H,1.5,4.2,7.0,1.85,1.95
E2,2022-03-08,19:45:00,Crewe,Portsmouth,1,3,0.0,2.0,A,A,5.25,3.75,1.65,1.95,1.9
E2,2022-03-08,19:45:00,Ipswich,Lincoln,2,0,2.0,0.0,H,H,1.6,4.0,5.5,2.1,1.7
E2,2022-03-08,19:45:00,Milton Keynes Dons,Cheltenham,3,1,2.0,0.0,H,H,1.83,3.5,4.5,2.05,1.8
E2,2022-03-08,19:45:00,Plymouth,AFC Wimbledon,2,0,1.0,0.0,H,H,1.72,3.6,5.25,1.98,1.88
E2,2022-03-08,19:45:00,Sunderland,Fleetwood Town,3,1,0.0,1.0,H,A,1.53,4.2,6.0,1.93,1.93
E2,2022-03-08,20:00:00,Bolton,Morecambe,1,1,0.0,1.0,D,A,1.66,4.0,4.75,1.85,2.0
E2,2022-03-12,15:00:00,Accrington,Charlton,2,1,2.0,1.0,H,H,2.3,3.25,3.2,2.0,1.85
E2,2022-03-12,15:00:00,AFC Wimbledon,Lincoln,0,2,0.0,1.0,A,A,2.87,3.25,2.5,2.02,1.83
E2,2022-03-12,15:00:00,Bolton,Plymouth,0,1,0.0,1.0,A,A,2.15,3.3,3.6,1.93,1.93
E2,2022-03-12,15:00:00,Burton,Fleetwood Town,3,2,0.0,1.0,H,A,1.95,3.4,4.2,2.0,1.85
E2,2022-03-12,15:00:00,Doncaster,Gillingham,0,1,0.0,1.0,A,A,2.87,3.25,2.5,2.07,1.72
E2,2022-03-12,15:00:00,Ipswich,Portsmouth,0,0,0.0,0.0,D,D,2.2,3.25,3.5,2.1,1.7
E2,2022-03-12,15:00:00,Milton Keynes Dons,Wigan,1,1,0.0,0.0,D,D,2.4,3.25,3.1,2.1,1.7
E2,2022-03-12,15:00:00,Morecambe,Cheltenham,1,3,0.0,1.0,A,A,2.8,3.25,2.55,2.0,1.8
E2,2022-03-12,15:00:00,Sheffield Weds,Cambridge,6,0,4.0,0.0,H,H,1.53,4.0,6.5,1.8,2.0
E2,2022-03-12,15:00:00,Shrewsbury,Oxford,1,2,0.0,1.0,A,A,3.4,3.25,2.25,2.1,1.77
E2,2022-03-12,15:00:00,Sunderland,Crewe,2,0,0.0,0.0,H,D,1.36,5.0,8.5,1.7,2.1
E2,2022-03-12,15:00:00,Wycombe,Rotherham,0,0,0.0,0.0,D,D,3.5,3.25,2.2,2.05,1.8
E2,2022-03-15,19:45:00,Charlton,Gillingham,1,0,1.0,0.0,H,H,1.75,3.6,4.75,2.07,1.72
E2,2022-03-15,19:45:00,Crewe,Wigan,0,2,0.0,1.0,A,A,7.0,3.8,1.55,2.02,1.83
E2,2022-03-15,19:45:00,Plymouth,Portsmouth,1,0,0.0,0.0,H,D,2.55,3.2,2.9,2.15,1.66
E2,2022-03-15,19:45:00,Rotherham,Lincoln,2,1,2.0,0.0,H,H,1.5,4.2,7.0,1.88,1.98
E2,2022-03-15,19:45:00,Sheffield Weds,Accrington,1,1,0.0,0.0,D,D,1.53,4.0,6.5,1.75,2.05
E2,2022-03-15,19:45:00,Shrewsbury,Morecambe,5,0,1.0,0.0,H,H,1.85,3.3,4.5,2.4,1.53
E2,2022-03-15,19:45:00,Wycombe,Fleetwood Town,1,0,0.0,0.0,H,D,1.5,4.33,7.0,1.72,2.07
E2,2022-03-19,15:00:00,Cambridge,Milton Keynes Dons,0,1,0.0,0.0,A,D,3.8,3.6,1.95,2.05,1.75
E2,2022-03-19,15:00:00,Charlton,Burton,2,0,2.0,0.0,H,H,2.2,3.4,3.3,2.1,1.7
E2,2022-03-19,15:00:00,Cheltenham,AFC Wimbledon,3,1,0.0,1.0,H,A,1.95,3.4,4.0,2.1,1.7
E2,2022-03-19,15:00:00,Crewe,Bolton,0,1,0.0,0.0,A,D,6.0,4.0,1.57,1.88,1.98
E2,2022-03-19,15:00:00,Fleetwood Town,Doncaster,0,0,0.0,0.0,D,D,1.83,3.75,4.2,1.93,1.93
E2,2022-03-19,15:00:00,Gillingham,Sheffield Weds,0,0,0.0,0.0,D,D,5.5,3.8,1.66,2.02,1.83
E2,2022-03-19,15:00:00,Lincoln,Sunderland,0,0,0.0,0.0,D,D,3.2,3.4,2.25,2.05,1.75
E2,2022-03-19,15:00:00,Oxford,Ipswich,1,1,0.0,0.0,D,D,2.7,3.4,2.62,1.95,1.9
E2,2022-03-19,15:00:00,Plymouth,Accrington,4,0,2.0,0.0,H,H,1.85,3.75,4.0,1.9,1.95
E2,2022-03-19,15:00:00,Portsmouth,Wycombe,0,0,0.0,0.0,D,D,2.3,3.3,3.2,2.05,1.75
E2,2022-03-19,15:00:00,Rotherham,Shrewsbury,0,3,0.0,1.0,A,A,1.61,3.8,5.75,2.05,1.75
E2,2022-03-19,15:00:00,Wigan,Morecambe,4,1,2.0,0.0,H,H,1.4,4.75,8.0,1.95,1.9
E2,2022-03-22,19:45:00,Plymouth,Cheltenham,2,0,2.0,0.0,H,H,1.72,3.8,4.75,1.95,1.9
E2,2022-03-26,15:00:00,Accrington,Gillingham,1,2,0.0,0.0,A,D,1.8,3.6,4.5,2.02,1.83
E2,2022-03-26,15:00:00,AFC Wimbledon,Cambridge,0,1,0.0,0.0,A,D,2.3,3.3,3.1,2.07,1.72
E2,2022-03-26,15:00:00,Doncaster,Charlton,0,1,0.0,0.0,A,D,4.0,3.5,1.9,2.02,1.83
E2,2022-03-26,15:00:00,Ipswich,Plymouth,1,0,1.0,0.0,H,H,1.9,3.6,3.8,2.02,1.83
E2,2022-03-26,15:00:00,Sheffield Weds,Cheltenham,4,1,1.0,1.0,H,D,1.53,4.0,6.0,1.88,1.98
E2,2022-03-26,15:00:00,Shrewsbury,Lincoln,1,0,0.0,0.0,H,D,2.0,3.3,4.0,2.25,1.61
E2,2022-04-02,12:30:00,Wigan,Bolton,1,1,1.0,0.0,D,H,1.95,3.5,4.0,2.1,1.7
E2,2022-04-02,15:00:00,Accrington,Cheltenham,4,4,2.0,1.0,D,H,2.2,3.6,3.1,1.88,1.98
E2,2022-04-02,15:00:00,Charlton,Lincoln,1,2,0.0,1.0,A,A,2.1,3.5,3.4,2.05,1.8
E2,2022-04-02,15:00:00,Crewe,Fleetwood Town,1,3,1.0,1.0,A,D,2.7,3.2,2.75,2.13,1.75
E2,2022-04-02,15:00:00,Ipswich,Cambridge,0,1,0.0,0.0,A,D,1.44,4.5,7.5,2.0,1.85
E2,2022-04-02,15:00:00,Milton Keynes Dons,Shrewsbury,2,0,1.0,0.0,H,H,1.95,3.3,4.33,2.3,1.6
E2,2022-04-02,15:00:00,Morecambe,Burton,3,0,2.0,0.0,H,H,2.7,3.4,2.55,2.0,1.85
E2,2022-04-02,15:00:00,Plymouth,Oxford,1,0,0.0,0.0,H,D,2.5,3.5,2.75,1.72,2.07
E2,2022-04-02,15:00:00,Sheffield Weds,AFC Wimbledon,2,1,1.0,1.0,H,D,1.36,4.5,9.5,1.95,1.9
E2,2022-04-02,15:00:00,Sunderland,Gillingham,1,0,0.0,0.0,H,D,1.45,4.2,8.0,1.93,1.93
E2,2022-04-02,15:00:00,Wycombe,Doncaster,2,0,1.0,0.0,H,H,1.36,4.75,9.0,1.85,2.0
E2,2022-04-05,19:45:00,AFC Wimbledon,Charlton,1,1,0.0,0.0,D,D,3.0,3.3,2.4,2.3,1.6
E2,2022-04-05,19:45:00,Cambridge,Wycombe,1,4,0.0,1.0,A,A,4.0,3.4,1.9,2.05,1.75
E2,2022-04-05,19:45:00,Fleetwood Town,Lincoln,1,1,1.0,0.0,D,H,2.5,3.2,2.9,2.05,1.75
E2,2022-04-05,19:45:00,Milton Keynes Dons,Crewe,2,1,2.0,0.0,H,H,1.28,5.75,10.0,1.65,2.2
E2,2022-04-05,19:45:00,Morecambe,Oxford,2,1,2.0,1.0,H,H,4.0,3.6,1.9,1.72,2.07
E2,2022-04-05,19:45:00,Wigan,Accrington,3,0,2.0,0.0,H,H,1.57,4.0,6.0,1.9,1.95
E2,2022-04-05,20:00:00,Bolton,Portsmouth,1,1,0.0,0.0,D,D,2.37,3.3,3.1,2.1,1.7
E2,2022-04-09,15:00:00,AFC Wimbledon,Milton Keynes Dons,1,1,1.0,0.0,D,H,4.75,3.6,1.75,2.15,1.66
E2,2022-04-09,15:00:00,Bolton,Sheffield Weds,1,1,0.0,0.0,D,D,3.1,3.4,2.3,2.05,1.75
E2,2022-04-09,15:00:00,Burton,Plymouth,0,0,0.0,0.0,D,D,3.0,3.5,2.3,2.02,1.83
E2,2022-04-09,15:00:00,Cambridge,Morecambe,2,1,1.0,0.0,H,H,2.37,3.4,3.0,2.05,1.8
E2,2022-04-09,15:00:00,Cheltenham,Portsmouth,1,0,0.0,0.0,H,D,3.0,3.5,2.3,2.02,1.83
E2,2022-04-09,15:00:00,Doncaster,Crewe,2,0,1.0,0.0,H,H,2.2,3.4,3.3,1.95,1.9
E2,2022-04-09,15:00:00,Fleetwood Town,Accrington,1,2,1.0,0.0,A,H,2.7,3.3,2.6,2.0,1.85
E2,2022-04-09,15:00:00,Gillingham,Wycombe,1,1,0.0,1.0,D,A,4.5,3.75,1.75,2.02,1.83
E2,2022-04-09,15:00:00,Lincoln,Wigan,1,3,1.0,2.0,A,A,4.0,3.5,1.95,2.1,1.7
E2,2022-04-09,15:00:00,Oxford,Sunderland,1,2,1.0,1.0,A,D,2.37,3.5,2.9,1.9,1.95
E2,2022-04-09,15:00:00,Rotherham,Charlton,0,1,0.0,0.0,A,D,1.5,4.33,6.25,1.95,1.9
E2,2022-04-09,15:00:00,Shrewsbury,Ipswich,1,1,0.0,1.0,D,A,3.25,3.3,2.25,2.5,1.5
E2,2022-04-12,19:45:00,Burton,Wigan,0,0,0.0,0.0,D,D,5.25,3.75,1.66,2.05,1.75
E2,2022-04-12,19:45:00,Portsmouth,Rotherham,3,0,1.0,0.0,H,H,3.25,3.4,2.25,2.07,1.72
E2,2022-04-15,15:00:00,Accrington,Burton,0,0,0.0,0.0,D,D,2.0,3.5,3.8,1.8,2.05
E2,2022-04-15,15:00:00,Charlton,Morecambe,2,3,0.0,2.0,A,A,1.8,3.8,4.5,1.93,1.93
E2,2022-04-15,15:00:00,Cheltenham,Gillingham,2,2,1.0,1.0,D,D,2.1,3.4,3.6,2.0,1.85
E2,2022-04-15,15:00:00,Crewe,AFC Wimbledon,3,1,0.0,1.0,H,A,3.2,3.2,2.37,2.25,1.61
E2,2022-04-15,15:00:00,Doncaster,Bolton,1,2,0.0,0.0,A,D,4.2,3.75,1.83,2.0,1.85
E2,2022-04-15,15:00:00,Fleetwood Town,Oxford,2,3,1.0,3.0,A,A,3.9,3.7,1.9,1.93,1.93
E2,2022-04-15,15:00:00,Portsmouth,Lincoln,3,2,0.0,0.0,H,D,1.8,3.75,4.75,2.02,1.83
E2,2022-04-15,15:00:00,Sunderland,Shrewsbury,3,2,2.0,0.0,H,H,1.75,3.5,5.25,2.15,1.66
E2,2022-04-15,15:00:00,Wycombe,Plymouth,2,0,2.0,0.0,H,H,2.0,3.7,3.6,1.9,1.95
E2,2022-04-16,12:30:00,Rotherham,Ipswich,1,0,0.0,0.0,H,D,2.3,3.3,3.25,2.25,1.61
E2,2022-04-16,17:15:00,Wigan,Cambridge,1,2,0.0,2.0,A,A,1.36,4.75,9.0,1.95,1.9
E2,2022-04-16,19:45:00,Milton Keynes Dons,Sheffield Weds,2,3,1.0,3.0,A,A,2.87,3.2,2.55,2.15,1.66
E2,2022-04-18,15:00:00,AFC Wimbledon,Wycombe,1,1,1.0,0.0,D,H,3.8,3.75,1.9,1.95,1.9
E2,2022-04-18,15:00:00,Bolton,Accrington,3,1,1.0,0.0,H,H,1.9,3.7,3.9,1.8,2.0
E2,2022-04-18,15:00:00,Gillingham,Fleetwood Town,0,0,0.0,0.0,D,D,2.4,3.1,3.25,2.3,1.6
E2,2022-04-18,15:00:00,Lincoln,Cheltenham,3,0,3.0,0.0,H,H,2.4,3.6,2.8,1.9,1.95
E2,2022-04-18,15:00:00,Morecambe,Portsmouth,1,1,0.0,1.0,D,A,3.25,3.6,2.15,1.9,1.95
E2,2022-04-18,15:00:00,Plymouth,Sunderland,0,0,0.0,0.0,D,D,2.7,3.25,2.7,1.95,1.9
E2,2022-04-18,15:00:00,Shrewsbury,Doncaster,3,3,3.0,0.0,D,H,1.61,3.75,6.0,2.02,1.83
E2,2022-04-19,19:45:00,Burton,Rotherham,2,0,1.0,0.0,H,H,4.75,3.8,1.72,1.98,1.88
E2,2022-04-19,19:45:00,Cambridge,Charlton,0,2,0.0,0.0,A,D,3.0,3.5,2.3,2.1,1.7
E2,2022-04-19,19:45:00,Ipswich,Wigan,2,2,0.0,1.0,D,A,2.6,3.25,2.8,2.15,1.66
E2,2022-04-19,19:45:00,Oxford,Milton Keynes Dons,1,0,0.0,0.0,H,D,2.3,3.4,3.1,1.93,1.93
E2,2022-04-19,19:45:00,Sheffield Weds,Crewe,1,0,0.0,0.0,H,D,1.22,6.5,13.0,1.7,2.1
E2,2022-04-23,15:00:00,Accrington,Lincoln,2,1,1.0,0.0,H,H,2.1,3.5,3.5,1.75,2.05
E2,2022-04-23,15:00:00,Charlton,Shrewsbury,2,0,0.0,0.0,H,D,2.25,3.3,3.3,2.3,1.6
E2,2022-04-23,15:00:00,Cheltenham,Bolton,1,2,0.0,0.0,A,D,2.9,3.5,2.37,1.85,2.0
E2,2022-04-23,15:00:00,Crewe,Ipswich,1,1,0.0,1.0,D,A,6.5,4.1,1.53,2.05,1.75
E2,2022-04-23,15:00:00,Doncaster,Burton,2,0,1.0,0.0,H,H,3.1,3.5,2.25,1.95,1.9
E2,2022-04-23,15:00:00,Fleetwood Town,AFC Wimbledon,1,1,0.0,1.0,D,A,2.4,3.1,3.2,2.3,1.6
E2,2022-04-23,15:00:00,Milton Keynes Dons,Morecambe,2,0,1.0,0.0,H,H,1.6,4.2,5.25,1.95,1.9
E2,2022-04-23,15:00:00,Portsmouth,Gillingham,3,1,2.0,1.0,H,H,1.75,3.6,5.0,2.07,1.72
E2,2022-04-23,15:00:00,Rotherham,Oxford,2,1,1.0,1.0,H,D,2.1,3.5,3.5,1.85,2.0
E2,2022-04-23,15:00:00,Sunderland,Cambridge,5,1,3.0,1.0,H,H,1.36,4.75,9.5,1.72,2.07
E2,2022-04-23,15:00:00,Wigan,Plymouth,1,1,0.0,0.0,D,D,1.8,3.5,4.75,2.05,1.75
E2,2022-04-23,15:00:00,Wycombe,Sheffield Weds,1,0,0.0,0.0,H,D,2.8,3.4,2.5,1.95,1.9
E2,2022-04-26,19:45:00,Fleetwood Town,Sheffield Weds,2,3,2.0,1.0,A,H,5.5,4.0,1.61,2.02,1.83
E2,2022-04-26,19:45:00,Portsmouth,Wigan,3,2,0.0,2.0,H,A,3.2,3.3,2.3,2.07,1.72
E2,2022-04-26,19:45:00,Sunderland,Rotherham,1,1,0.0,1.0,D,A,2.4,3.4,3.0,2.07,1.72
E2,2022-04-30,12:30:00,AFC Wimbledon,Accrington,3,4,0.0,3.0,A,A,2.62,3.6,2.5,1.8,2.0
E2,2022-04-30,12:30:00,Bolton,Fleetwood Town,4,2,1.0,1.0,H,D,2.3,3.6,2.87,1.85,2.0
E2,2022-04-30,12:30:00,Burton,Wycombe,1,2,0.0,1.0,A,A,4.75,4.0,1.7,1.72,2.07
E2,2022-04-30,12:30:00,Cambridge,Cheltenham,2,2,1.0,1.0,D,D,2.7,3.5,2.55,1.66,2.15
E2,2022-04-30,12:30:00,Gillingham,Rotherham,0,2,0.0,1.0,A,A,5.5,4.0,1.61,1.93,1.93
E2,2022-04-30,12:30:00,Ipswich,Charlton,4,0,2.0,0.0,H,H,1.9,3.6,3.8,1.83,2.02
E2,2022-04-30,12:30:00,Lincoln,Crewe,2,1,0.0,1.0,H,A,1.75,4.0,4.33,1.7,2.1
E2,2022-04-30,12:30:00,Morecambe,Sunderland,0,1,0.0,1.0,A,A,4.5,3.8,1.72,1.8,2.0
E2,2022-04-30,12:30:00,Oxford,Doncaster,1,1,1.0,0.0,D,H,1.5,5.0,6.0,1.53,2.4
E2,2022-04-30,12:30:00,Plymouth,Milton Keynes Dons,0,5,0.0,3.0,A,A,2.62,3.4,2.62,2.0,1.85
E2,2022-04-30,12:30:00,Sheffield Weds,Portsmouth,4,1,3.0,1.0,H,H,1.61,4.0,5.5,1.8,2.0
E2,2022-04-30,12:30:00,Shrewsbury,Wigan,0,3,0.0,1.0,A,A,5.0,3.6,1.75,2.05,1.8
E3,2021-08-07,15:00:00,Carlisle,Colchester,0,0,0.0,0.0,D,D,2.1,3.4,3.5,2.1,1.7
E3,2021-08-07,15:00:00,Exeter,Bradford,0,0,0.0,0.0,D,D,2.3,3.25,3.0,2.15,1.66
E3,2021-08-07,15:00:00,Forest Green,Sutton,2,1,1.0,0.0,H,H,1.8,3.75,4.2,1.93,1.93
E3,2021-08-07,15:00:00,Harrogate,Rochdale,3,2,2.0,1.0,H,H,2.2,3.3,3.25,2.07,1.72
E3,2021-08-07,15:00:00,Hartlepool,Crawley Town,1,0,0.0,0.0,H,D,2.2,3.25,3.3,2.1,1.7
E3,2021-08-07,15:00:00,Mansfield,Bristol Rvs,2,1,1.0,0.0,H,H,2.37,3.25,3.0,2.15,1.66
E3,2021-08-07,15:00:00,Northampton,Port Vale,1,0,1.0,0.0,H,H,2.1,3.4,3.5,2.1,1.7
E3,2021-08-07,15:00:00,Oldham,Newport County,0,1,0.0,0.0,A,D,2.62,3.25,2.62,2.05,1.75
E3,2021-08-07,15:00:00,Salford,Leyton Orient,1,1,1.0,1.0,D,D,1.9,3.4,4.0,2.15,1.66
E3,2021-08-07,15:00:00,Scunthorpe,Swindon,1,3,0.0,0.0,A,D,2.87,3.3,2.4,2.1,1.7
E3,2021-08-07,15:00:00,Stevenage,Barrow,1,0,0.0,0.0,H,D,2.15,3.2,3.5,2.25,1.61
E3,2021-08-07,15:00:00,Tranmere,Walsall,1,0,0.0,0.0,H,D,2.0,3.4,3.75,2.15,1.66
E3,2021-08-14,15:00:00,Barrow,Hartlepool,3,2,1.0,1.0,H,D,2.5,3.4,2.8,2.15,1.66
E3,2021-08-14,15:00:00,Bradford,Oldham,2,1,1.0,0.0,H,H,1.8,3.5,4.75,1.9,2.03
E3,2021-08-14,15:00:00,Bristol Rvs,Stevenage,0,2,0.0,0.0,A,D,2.3,3.4,3.1,2.15,1.66
E3,2021-08-14,15:00:00,Colchester,Northampton,0,1,0.0,1.0,A,A,2.62,3.2,2.8,2.15,1.66
E3,2021-08-14,15:00:00,Leyton Orient,Exeter,3,0,2.0,0.0,H,H,2.3,3.3,3.2,1.9,1.9
E3,2021-08-14,15:00:00,Mansfield,Newport County,2,1,2.0,1.0,H,H,1.95,3.3,4.2,2.15,1.66
E3,2021-08-14,15:00:00,Port Vale,Tranmere,0,0,0.0,0.0,D,D,2.4,3.3,3.0,2.15,1.66
E3,2021-08-14,15:00:00,Rochdale,Scunthorpe,0,0,0.0,0.0,D,D,1.9,3.5,4.2,2.1,1.7
E3,2021-08-14,15:00:00,Salford,Sutton,0,0,0.0,0.0,D,D,1.85,3.6,4.2,2.15,1.66
E3,2021-08-14,15:00:00,Swindon,Carlisle,1,2,1.0,2.0,A,A,2.9,3.3,2.45,2.1,1.7
E3,2021-08-14,15:00:00,Walsall,Forest Green,1,3,0.0,3.0,A,A,2.8,3.2,2.6,2.25,1.61
E3,2021-08-17,19:45:00,Barrow,Exeter,0,0,0.0,0.0,D,D,2.3,3.3,3.0,2.15,1.66
E3,2021-08-17,19:45:00,Bradford,Stevenage,4,1,3.0,1.0,H,H,2.25,3.0,3.75,2.35,1.57
E3,2021-08-17,19:45:00,Bristol Rvs,Oldham,1,0,1.0,0.0,H,H,1.85,3.6,4.2,1.95,1.85
E3,2021-08-17,19:45:00,Colchester,Mansfield,1,1,0.0,0.0,D,D,3.1,3.3,2.37,2.4,1.53
E3,2021-08-17,19:45:00,Crawley Town,Salford,2,1,1.0,1.0,H,D,4.2,3.4,1.9,2.1,1.7
E3,2021-08-17,19:45:00,Port Vale,Carlisle,0,0,0.0,0.0,D,D,2.4,3.3,3.0,2.25,1.61
E3,2021-08-17,19:45:00,Rochdale,Forest Green,1,2,0.0,1.0,A,A,3.2,3.4,2.25,2.0,1.8
E3,2021-08-17,19:45:00,Swindon,Tranmere,0,0,0.0,0.0,D,D,2.6,3.4,2.7,2.05,1.75
E3,2021-08-17,19:45:00,Walsall,Scunthorpe,1,1,0.0,0.0,D,D,1.83,3.6,4.33,2.05,1.75
E3,2021-08-21,15:00:00,Carlisle,Leyton Orient,1,1,1.0,0.0,D,H,2.15,3.25,3.6,2.05,1.75
E3,2021-08-21,15:00:00,Exeter,Bristol Rvs,4,1,4.0,0.0,H,H,2.2,3.25,3.5,2.05,1.88
E3,2021-08-21,15:00:00,Forest Green,Crawley Town,6,3,2.0,2.0,H,D,1.75,3.5,5.0,1.88,2.05
E3,2021-08-21,15:00:00,Harrogate,Barrow,2,1,0.0,1.0,H,A,2.37,3.4,2.87,2.05,1.75
E3,2021-08-21,15:00:00,Hartlepool,Walsall,2,0,1.0,0.0,H,H,2.2,3.3,3.4,2.15,1.66
E3,2021-08-21,15:00:00,Mansfield,Bradford,2,3,1.0,1.0,A,D,2.3,3.1,3.4,2.1,1.7
E3,2021-08-21,15:00:00,Northampton,Rochdale,1,3,1.0,1.0,A,D,1.9,3.6,4.0,1.95,1.85
E3,2021-08-21,15:00:00,Oldham,Colchester,1,2,0.0,2.0,A,A,2.55,3.5,2.7,1.95,1.85
E3,2021-08-21,15:00:00,Salford,Swindon,0,1,0.0,0.0,A,D,1.83,3.5,4.5,2.15,1.66
E3,2021-08-21,15:00:00,Scunthorpe,Sutton,1,1,0.0,0.0,D,D,3.0,3.2,2.45,2.25,1.61
E3,2021-08-21,15:00:00,Stevenage,Port Vale,1,1,1.0,1.0,D,D,2.4,3.1,3.25,2.25,1.61
E3,2021-08-21,15:00:00,Tranmere,Newport County,0,1,0.0,0.0,A,D,2.4,3.25,3.1,2.3,1.6
E3,2021-08-24,19:45:00,Leyton Orient,Harrogate,0,2,0.0,2.0,A,A,2.3,3.25,3.3,2.15,1.66
E3,2021-08-27,19:45:00,Rochdale,Colchester,1,1,0.0,1.0,D,A,2.15,3.4,3.4,2.25,1.61
E3,2021-08-28,15:00:00,Barrow,Bristol Rvs,1,1,1.0,1.0,D,D,2.3,3.2,3.3,2.2,1.65
E3,2021-08-28,15:00:00,Crawley Town,Northampton,0,0,0.0,0.0,D,D,3.0,3.3,2.45,2.0,1.8
E3,2021-08-28,15:00:00,Forest Green,Port Vale,0,2,0.0,2.0,A,A,2.0,3.4,4.0,2.0,1.8
E3,2021-08-28,15:00:00,Harrogate,Exeter,1,1,1.0,0.0,D,H,2.3,3.4,3.1,1.9,1.9
E3,2021-08-28,15:00:00,Hartlepool,Carlisle,2,1,1.0,1.0,H,D,2.55,3.25,2.87,2.25,1.61
E3,2021-08-28,15:00:00,Leyton Orient,Bradford,2,0,0.0,0.0,H,D,2.7,3.2,2.75,2.25,1.61
E3,2021-08-28,15:00:00,Salford,Newport County,3,0,3.0,0.0,H,H,2.37,3.1,3.25,2.5,1.5
E3,2021-08-28,15:00:00,Scunthorpe,Tranmere,1,0,1.0,0.0,H,H,3.6,3.1,2.2,2.4,1.53
E3,2021-08-28,15:00:00,Sutton,Oldham,1,2,0.0,0.0,A,D,1.9,3.5,4.33,2.1,1.7
E3,2021-08-28,15:00:00,Swindon,Mansfield,1,0,0.0,0.0,H,D,3.1,3.4,2.3,2.07,1.72
E3,2021-08-28,15:00:00,Walsall,Stevenage,1,0,1.0,0.0,H,H,3.0,3.2,2.5,2.35,1.57
E3,2021-09-04,15:00:00,Bradford,Walsall,1,1,1.0,1.0,D,D,1.66,3.5,5.75,2.15,1.66
E3,2021-09-04,15:00:00,Bristol Rvs,Crawley Town,1,0,0.0,0.0,H,D,2.0,3.5,3.8,2.0,1.8
E3,2021-09-04,15:00:00,Carlisle,Salford,2,1,1.0,1.0,H,D,2.6,3.2,2.8,2.35,1.57
E3,2021-09-04,15:00:00,Exeter,Forest Green,0,0,0.0,0.0,D,D,3.1,3.3,2.37,2.0,1.85
E3,2021-09-04,15:00:00,Mansfield,Harrogate,1,3,1.0,2.0,A,A,1.83,3.6,4.33,2.02,1.83
E3,2021-09-04,15:00:00,Newport County,Leyton Orient,2,2,1.0,1.0,D,D,3.0,3.1,2.5,2.4,1.53
E3,2021-09-04,15:00:00,Northampton,Scunthorpe,2,0,0.0,0.0,H,D,1.83,3.5,4.5,2.15,1.66
E3,2021-09-04,15:00:00,Oldham,Barrow,0,3,0.0,1.0,A,A,2.7,3.2,2.7,2.07,1.72
E3,2021-09-04,15:00:00,Port Vale,Rochdale,2,3,1.0,1.0,A,D,2.2,3.3,3.4,2.1,1.7
E3,2021-09-04,15:00:00,Stevenage,Swindon,1,1,0.0,0.0,D,D,2.45,3.1,3.1,2.3,1.6
E3,2021-09-04,15:00:00,Tranmere,Hartlepool,1,0,0.0,0.0,H,D,2.55,3.3,2.8,2.2,1.65
E3,2021-09-10,19:45:00,Barrow,Colchester,2,3,1.0,2.0,A,A,1.95,3.4,4.0,2.2,1.65
E3,2021-09-10,19:45:00,Harrogate,Newport County,2,2,2.0,2.0,D,D,2.1,3.4,3.6,1.98,1.88
E3,2021-09-11,15:00:00,Crawley Town,Carlisle,2,1,1.0,0.0,H,H,2.55,3.4,2.45,2.05,1.75
E3,2021-09-11,15:00:00,Forest Green,Northampton,1,0,0.0,0.0,H,D,1.95,3.5,3.8,2.0,1.8
E3,2021-09-11,15:00:00,Hartlepool,Bristol Rvs,1,0,0.0,0.0,H,D,2.0,3.3,3.75,2.15,1.66
E3,2021-09-11,15:00:00,Leyton Orient,Oldham,4,0,2.0,0.0,H,H,1.75,3.5,4.5,2.0,1.8
E3,2021-09-11,15:00:00,Rochdale,Tranmere,1,0,0.0,0.0,H,D,2.05,3.25,3.8,2.15,1.66
E3,2021-09-11,15:00:00,Salford,Bradford,1,0,0.0,0.0,H,D,2.2,3.25,3.3,2.15,1.66
E3,2021-09-11,15:00:00,Scunthorpe,Exeter,0,4,0.0,1.0,A,A,2.87,3.2,2.45,2.25,1.61
E3,2021-09-11,15:00:00,Sutton,Stevenage,2,1,0.0,0.0,H,D,2.8,3.1,2.45,2.3,1.6
E3,2021-09-11,15:00:00,Swindon,Port Vale,1,2,0.0,1.0,A,A,2.4,3.1,3.1,2.35,1.57
E3,2021-09-11,15:00:00,Walsall,Mansfield,3,1,2.0,0.0,H,H,3.0,3.3,2.3,2.15,1.66
E3,2021-09-14,19:45:00,Newport County,Northampton,0,1,0.0,1.0,A,A,2.5,3.25,2.9,2.3,1.6
E3,2021-09-14,19:45:00,Sutton,Hartlepool,1,0,1.0,0.0,H,H,2.37,3.25,3.1,2.2,1.65
E3,2021-09-18,14:00:00,Northampton,Swindon,1,1,0.0,0.0,D,D,2.15,3.5,3.3,2.07,1.72
E3,2021-09-18,15:00:00,Bradford,Barrow,1,1,0.0,1.0,D,A,1.95,3.5,4.0,2.07,1.86
E3,2021-09-18,15:00:00,Bristol Rvs,Leyton Orient,1,3,0.0,3.0,A,A,2.75,3.2,2.7,2.15,1.66
E3,2021-09-18,15:00:00,Carlisle,Scunthorpe,2,2,0.0,2.0,D,A,1.75,3.6,5.0,2.1,1.7
E3,2021-09-18,15:00:00,Colchester,Crawley Town,0,1,0.0,1.0,A,A,2.15,3.3,3.5,2.15,1.66
E3,2021-09-18,15:00:00,Exeter,Sutton,2,0,0.0,0.0,H,D,2.25,3.3,3.3,2.15,1.66
E3,2021-09-18,15:00:00,Mansfield,Rochdale,1,1,0.0,0.0,D,D,2.3,3.5,3.0,1.9,2.03
E3,2021-09-18,15:00:00,Newport County,Walsall,2,1,1.0,1.0,H,D,2.3,3.1,3.4,2.4,1.53
E3,2021-09-18,15:00:00,Oldham,Hartlepool,0,0,0.0,0.0,D,D,3.1,3.4,2.3,2.0,1.8
E3,2021-09-18,15:00:00,Port Vale,Harrogate,2,0,1.0,0.0,H,H,2.25,3.4,3.2,2.05,1.75
E3,2021-09-18,15:00:00,Stevenage,Forest Green,0,4,0.0,1.0,A,A,3.3,3.3,2.25,2.2,1.65
E3,2021-09-18,15:00:00,Tranmere,Salford,2,0,1.0,0.0,H,H,3.0,3.2,2.45,2.25,1.61
E3,2021-09-21,19:45:00,Crawley Town,Harrogate,2,2,2.0,1.0,D,H,2.8,3.25,2.55,2.0,1.8
E3,2021-09-24,19:45:00,Barrow,Newport County,2,1,0.0,1.0,H,A,2.3,3.3,3.2,2.2,1.65
E3,2021-09-25,15:00:00,Crawley Town,Bradford,2,1,1.0,0.0,H,H,3.4,3.4,2.15,2.07,1.72
E3,2021-09-25,15:00:00,Forest Green,Tranmere,0,0,0.0,0.0,D,D,1.83,3.6,4.33,2.05,1.75
E3,2021-09-25,15:00:00,Harrogate,Stevenage,0,0,0.0,0.0,D,D,1.9,3.4,4.2,2.15,1.66
E3,2021-09-25,15:00:00,Hartlepool,Exeter,1,1,1.0,1.0,D,D,2.4,3.3,3.0,2.15,1.66
E3,2021-09-25,15:00:00,Leyton Orient,Mansfield,0,0,0.0,0.0,D,D,2.2,3.4,3.3,2.02,1.83
E3,2021-09-25,15:00:00,Rochdale,Oldham,0,1,0.0,0.0,A,D,1.66,3.8,5.25,1.8,2.0
E3,2021-09-25,15:00:00,Salford,Northampton,2,2,1.0,1.0,D,D,2.15,3.2,3.6,2.2,1.65
E3,2021-09-25,15:00:00,Scunthorpe,Port Vale,0,1,0.0,1.0,A,A,4.2,3.75,1.83,2.2,1.65
E3,2021-09-25,15:00:00,Sutton,Carlisle,4,0,2.0,0.0,H,H,2.3,3.3,3.1,2.15,1.66
E3,2021-09-25,15:00:00,Swindon,Colchester,0,0,0.0,0.0,D,D,2.05,3.4,3.6,2.0,1.8
E3,2021-09-25,15:00:00,Walsall,Bristol Rvs,1,2,1.0,0.0,A,H,2.4,3.3,3.0,2.3,1.6
E3,2021-10-02,15:00:00,Bradford,Rochdale,2,0,1.0,0.0,H,H,2.15,3.5,3.3,1.85,1.95
E3,2021-10-02,15:00:00,Bristol Rvs,Swindon,1,3,1.0,0.0,A,H,2.37,3.3,3.1,2.15,1.66
E3,2021-10-02,15:00:00,Carlisle,Forest Green,0,2,0.0,2.0,A,A,3.6,3.4,2.1,2.0,1.8
E3,2021-10-02,15:00:00,Colchester,Salford,0,2,0.0,2.0,A,A,3.1,3.4,2.3,2.15,1.66
E3,2021-10-02,15:00:00,Exeter,Walsall,2,2,1.0,1.0,D,D,1.75,3.5,5.0,2.1,1.7
E3,2021-10-02,15:00:00,Mansfield,Barrow,0,1,0.0,0.0,A,D,2.25,3.3,3.3,2.1,1.7
E3,2021-10-02,15:00:00,Newport County,Scunthorpe,3,0,1.0,0.0,H,H,1.7,3.6,5.25,2.2,1.65
E3,2021-10-02,15:00:00,Northampton,Sutton,0,2,0.0,1.0,A,A,2.2,3.3,3.4,2.2,1.65
E3,2021-10-02,15:00:00,Oldham,Harrogate,1,2,0.0,1.0,A,A,3.25,3.5,2.15,1.9,1.9
E3,2021-10-02,15:00:00,Port Vale,Leyton Orient,3,2,1.0,0.0,H,H,2.3,3.1,3.4,2.25,1.61
E3,2021-10-02,15:00:00,Stevenage,Hartlepool,2,0,1.0,0.0,H,H,2.25,3.2,3.4,2.35,1.57
E3,2021-10-02,15:00:00,Tranmere,Crawley Town,2,1,1.0,0.0,H,H,2.25,3.25,3.3,2.15,1.66
E3,2021-10-08,19:45:00,Tranmere,Colchester,2,0,0.0,0.0,H,D,2.0,3.25,4.0,2.35,1.57
E3,2021-10-09,12:00:00,Forest Green,Swindon,0,2,0.0,0.0,A,D,1.83,3.75,4.2,2.05,1.75
E3,2021-10-09,15:00:00,Barrow,Leyton Orient,1,1,0.0,0.0,D,D,2.45,3.25,2.9,2.1,1.7
E3,2021-10-09,15:00:00,Bristol Rvs,Carlisle,3,0,1.0,0.0,H,H,2.5,3.25,2.87,2.15,1.66
E3,2021-10-09,15:00:00,Harrogate,Scunthorpe,6,1,5.0,0.0,H,H,1.61,3.75,6.0,1.85,1.95
E3,2021-10-09,15:00:00,Hartlepool,Northampton,2,1,0.0,0.0,H,D,2.5,3.25,2.9,2.4,1.53
E3,2021-10-09,15:00:00,Mansfield,Oldham,0,0,0.0,0.0,D,D,1.9,3.75,3.8,1.85,1.95
E3,2021-10-09,15:00:00,Newport County,Bradford,0,0,0.0,0.0,D,D,2.75,3.25,2.6,2.1,1.7
E3,2021-10-09,15:00:00,Rochdale,Crawley Town,0,1,0.0,1.0,A,A,1.9,3.5,4.1,2.0,1.8
E3,2021-10-09,15:00:00,Stevenage,Exeter,2,2,1.0,1.0,D,D,2.75,3.25,2.6,2.3,1.6
E3,2021-10-09,15:00:00,Sutton,Port Vale,4,3,1.0,2.0,H,A,2.62,3.25,2.75,2.3,1.6
E3,2021-10-09,15:00:00,Walsall,Salford,2,1,1.0,0.0,H,H,3.5,3.2,2.2,2.1,1.7
E3,2021-10-16,15:00:00,Bradford,Bristol Rvs,2,2,1.0,0.0,D,H,1.85,3.6,4.33,1.85,1.95
E3,2021-10-16,15:00:00,Carlisle,Tranmere,0,1,0.0,0.0,A,D,2.6,3.2,2.8,2.1,1.7
E3,2021-10-16,15:00:00,Colchester,Harrogate,1,0,0.0,0.0,H,D,3.3,3.25,2.3,2.1,1.7
E3,2021-10-16,15:00:00,Crawley Town,Sutton,0,1,0.0,0.0,A,D,3.1,3.25,2.37,2.0,1.8
E3,2021-10-16,15:00:00,Exeter,Newport County,2,2,1.0,2.0,D,A,2.15,3.4,3.4,2.15,1.66
E3,2021-10-16,15:00:00,Leyton Orient,Walsall,0,0,0.0,0.0,D,D,1.75,3.75,4.75,2.05,1.75
E3,2021-10-16,15:00:00,Northampton,Mansfield,2,0,1.0,0.0,H,H,2.25,3.2,3.4,2.15,1.66
E3,2021-10-16,15:00:00,Oldham,Stevenage,3,0,2.0,0.0,H,H,2.7,3.1,2.8,2.2,1.65
E3,2021-10-16,15:00:00,Port Vale,Barrow,3,1,0.0,1.0,H,A,2.1,3.2,3.8,2.1,1.7
E3,2021-10-16,15:00:00,Salford,Hartlepool,2,0,1.0,0.0,H,H,1.95,3.25,4.2,2.5,1.5
E3,2021-10-16,15:00:00,Scunthorpe,Forest Green,0,2,0.0,0.0,A,D,7.5,3.8,1.53,2.1,1.7
E3,2021-10-16,15:00:00,Swindon,Rochdale,2,2,1.0,0.0,D,H,2.15,3.25,3.6,2.1,1.7
E3,2021-10-19,19:45:00,Barrow,Scunthorpe,1,1,0.0,1.0,D,A,1.6,4.0,5.75,2.07,1.72
E3,2021-10-19,19:45:00,Bradford,Hartlepool,1,3,0.0,1.0,A,A,1.9,3.6,4.0,2.0,1.8
E3,2021-10-19,19:45:00,Colchester,Bristol Rvs,1,1,0.0,0.0,D,D,2.5,3.25,2.9,2.2,1.65
E3,2021-10-19,19:45:00,Crawley Town,Exeter,1,3,1.0,0.0,A,H,3.0,3.3,2.45,2.05,1.75
E3,2021-10-19,19:45:00,Harrogate,Tranmere,2,2,1.0,1.0,D,D,2.15,3.3,3.5,2.07,1.72
E3,2021-10-19,19:45:00,Leyton Orient,Forest Green,1,1,0.0,0.0,D,D,2.7,3.2,2.7,2.1,1.7
E3,2021-10-19,19:45:00,Mansfield,Port Vale,1,1,0.0,1.0,D,A,3.1,3.3,2.3,2.2,1.65
E3,2021-10-19,19:45:00,Newport County,Carlisle,2,2,2.0,1.0,D,H,2.05,3.4,3.75,2.1,1.7
E3,2021-10-19,19:45:00,Northampton,Stevenage,3,0,2.0,0.0,H,H,2.05,3.5,3.5,2.25,1.61
E3,2021-10-19,19:45:00,Oldham,Walsall,1,3,0.0,2.0,A,A,2.8,3.3,2.55,2.25,1.61
E3,2021-10-19,19:45:00,Salford,Rochdale,0,0,0.0,0.0,D,D,1.95,3.5,4.0,2.05,1.75
E3,2021-10-19,19:45:00,Sutton,Swindon,1,2,1.0,2.0,A,A,2.3,3.3,3.2,2.07,1.72
E3,2021-10-23,15:00:00,Bristol Rvs,Newport County,1,3,1.0,2.0,A,A,2.45,3.3,3.0,2.15,1.66
E3,2021-10-23,15:00:00,Carlisle,Oldham,0,0,0.0,0.0,D,D,2.0,3.4,3.8,2.15,1.66
E3,2021-10-23,15:00:00,Exeter,Mansfield,2,1,0.0,0.0,H,D,2.0,3.4,3.8,2.0,1.8
E3,2021-10-23,15:00:00,Forest Green,Salford,3,1,1.0,1.0,H,D,1.9,3.5,4.0,2.15,1.66
E3,2021-10-23,15:00:00,Hartlepool,Harrogate,3,2,0.0,2.0,H,A,2.7,3.2,2.7,2.15,1.66
E3,2021-10-23,15:00:00,Port Vale,Colchester,3,0,2.0,0.0,H,H,1.72,3.5,5.25,2.15,1.66
E3,2021-10-23,15:00:00,Rochdale,Sutton,3,2,1.0,0.0,H,H,2.37,3.3,3.0,2.1,1.7
E3,2021-10-23,15:00:00,Scunthorpe,Crawley Town,2,1,1.0,0.0,H,H,2.9,3.25,2.5,2.1,1.7
E3,2021-10-23,15:00:00,Stevenage,Leyton Orient,0,0,0.0,0.0,D,D,3.25,3.3,2.25,2.25,1.61
E3,2021-10-23,15:00:00,Swindon,Bradford,1,3,0.0,2.0,A,A,2.4,3.3,3.0,2.1,1.7
E3,2021-10-23,15:00:00,Tranmere,Northampton,0,2,0.0,0.0,A,D,2.4,3.2,3.1,2.3,1.6
E3,2021-10-23,15:00:00,Walsall,Barrow,2,2,1.0,1.0,D,D,2.4,3.25,3.0,2.15,1.66
E3,2021-10-26,19:45:00,Colchester,Sutton,1,3,1.0,2.0,A,A,2.87,3.2,2.6,2.25,1.61
E3,2021-10-30,14:00:00,Northampton,Carlisle,3,0,1.0,0.0,H,H,1.83,3.6,4.5,2.3,1.6
E3,2021-10-30,15:00:00,Bradford,Forest Green,1,1,1.0,0.0,D,H,2.62,3.25,2.75,2.05,1.75
E3,2021-10-30,15:00:00,Colchester,Scunthorpe,2,1,2.0,0.0,H,H,1.95,3.5,4.0,2.2,1.65
E3,2021-10-30,15:00:00,Crawley Town,Port Vale,1,4,1.0,0.0,A,H,3.2,3.4,2.25,2.05,1.75
E3,2021-10-30,15:00:00,Harrogate,Bristol Rvs,0,1,0.0,0.0,A,D,1.83,3.6,4.33,1.95,1.85
E3,2021-10-30,15:00:00,Leyton Orient,Hartlepool,5,0,2.0,0.0,H,H,1.9,3.5,4.2,2.3,1.6
E3,2021-10-30,15:00:00,Mansfield,Tranmere,2,0,1.0,0.0,H,H,2.37,3.2,3.1,2.25,1.61
E3,2021-10-30,15:00:00,Newport County,Stevenage,5,0,3.0,0.0,H,H,1.95,3.5,4.0,2.2,1.65
E3,2021-10-30,15:00:00,Oldham,Swindon,1,3,0.0,1.0,A,A,3.25,3.25,2.3,2.1,1.7
E3,2021-10-30,15:00:00,Salford,Exeter,1,2,0.0,0.0,A,D,2.2,3.4,3.3,2.15,1.66
E3,2021-10-30,15:00:00,Sutton,Walsall,0,1,0.0,0.0,A,D,1.9,3.6,4.0,2.07,1.72
E3,2021-10-30,15:30:00,Barrow,Rochdale,1,2,0.0,1.0,A,A,2.5,3.25,2.87,2.15,1.66
E3,2021-11-12,19:45:00,Hartlepool,Newport County,1,2,0.0,1.0,A,A,3.0,3.3,2.4,2.15,1.66
E3,2021-11-13,12:00:00,Port Vale,Bradford,1,1,0.0,0.0,D,D,2.2,3.4,3.4,2.02,1.83
E3,2021-11-13,13:00:00,Carlisle,Barrow,0,0,0.0,0.0,D,D,2.45,3.25,3.0,2.15,1.66
E3,2021-11-13,15:00:00,Bristol Rvs,Northampton,2,1,0.0,1.0,H,A,2.7,3.3,2.62,2.15,1.66
E3,2021-11-13,15:00:00,Exeter,Oldham,2,1,1.0,0.0,H,H,1.72,3.75,5.0,1.88,1.98
E3,2021-11-13,15:00:00,Rochdale,Leyton Orient,2,2,1.0,1.0,D,D,2.45,3.25,3.0,2.07,1.72
E3,2021-11-13,15:00:00,Scunthorpe,Salford,1,1,1.0,0.0,D,H,4.0,3.5,2.0,2.25,1.61
E3,2021-11-13,15:00:00,Stevenage,Mansfield,1,2,0.0,1.0,A,A,2.5,3.25,2.9,2.1,1.7
E3,2021-11-13,15:00:00,Tranmere,Sutton,0,1,0.0,0.0,A,D,2.7,3.2,2.7,2.2,1.65
E3,2021-11-13,15:00:00,Walsall,Harrogate,1,3,0.0,1.0,A,A,2.7,3.3,2.62,2.02,1.83
E3,2021-11-20,15:00:00,Barrow,Crawley Town,0,1,0.0,0.0,A,D,2.05,3.5,3.6,2.02,1.83
E3,2021-11-20,15:00:00,Bradford,Northampton,1,1,0.0,0.0,D,D,2.2,3.25,3.5,2.1,1.7
E3,2021-11-20,15:00:00,Bristol Rvs,Tranmere,2,2,2.0,1.0,D,H,2.4,3.2,3.1,2.15,1.66
E3,2021-11-20,15:00:00,Exeter,Carlisle,2,1,0.0,0.0,H,D,1.75,4.0,4.33,1.98,1.88
E3,2021-11-20,15:00:00,Harrogate,Salford,0,2,0.0,1.0,A,A,2.3,3.5,3.0,2.07,1.72
E3,2021-11-20,15:00:00,Hartlepool,Forest Green,1,3,0.0,3.0,A,A,3.6,3.5,2.05,2.1,1.7
E3,2021-11-20,15:00:00,Leyton Orient,Sutton,4,1,1.0,1.0,H,D,2.2,3.3,3.4,2.2,1.65
E3,2021-11-20,15:00:00,Mansfield,Scunthorpe,3,1,2.0,1.0,H,H,1.83,3.6,4.5,2.07,1.72
E3,2021-11-20,15:00:00,Newport County,Swindon,1,2,0.0,0.0,A,D,2.25,3.25,3.4,2.1,1.77
E3,2021-11-20,15:00:00,Oldham,Port Vale,3,2,1.0,1.0,H,D,4.1,3.4,1.95,2.05,1.75
E3,2021-11-20,15:00:00,Stevenage,Colchester,1,0,1.0,0.0,H,H,2.25,3.4,3.25,2.3,1.6
E3,2021-11-20,15:00:00,Walsall,Rochdale,0,0,0.0,0.0,D,D,2.37,3.3,3.1,2.07,1.72
E3,2021-11-23,19:45:00,Carlisle,Harrogate,0,2,0.0,1.0,A,A,2.45,3.3,2.9,2.1,1.7
E3,2021-11-23,19:45:00,Colchester,Exeter,3,1,2.0,0.0,H,H,3.75,3.4,2.05,2.15,1.66
E3,2021-11-23,19:45:00,Crawley Town,Newport County,1,1,0.0,0.0,D,D,3.3,3.4,2.2,2.07,1.72
E3,2021-11-23,19:45:00,Forest Green,Barrow,2,0,0.0,0.0,H,D,1.7,3.75,5.0,2.02,1.83
E3,2021-11-23,19:45:00,Northampton,Oldham,2,1,2.0,0.0,H,H,1.72,3.5,5.25,2.07,1.72
E3,2021-11-23,19:45:00,Port Vale,Walsall,0,1,0.0,1.0,A,A,2.0,3.4,4.0,2.3,1.6
E3,2021-11-23,19:45:00,Rochdale,Stevenage,2,2,2.0,1.0,D,H,2.05,3.5,3.6,2.05,1.8
E3,2021-11-23,19:45:00,Salford,Bristol Rvs,1,1,0.0,1.0,D,A,1.9,3.5,4.0,2.07,1.72
E3,2021-11-23,19:45:00,Scunthorpe,Leyton Orient,1,1,0.0,1.0,D,A,4.33,3.4,1.9,2.25,1.61
E3,2021-11-23,19:45:00,Sutton,Mansfield,2,0,1.0,0.0,H,H,2.05,3.3,3.75,2.05,1.75
E3,2021-11-23,19:45:00,Swindon,Hartlepool,3,1,0.0,0.0,H,D,1.75,3.75,4.6,1.98,1.88
E3,2021-11-23,19:45:00,Tranmere,Bradford,2,1,0.0,1.0,H,A,2.8,3.2,2.6,2.15,1.66
E3,2021-11-26,19:45:00,Colchester,Newport County,1,1,0.0,1.0,D,A,3.5,3.3,2.15,2.15,1.66
E3,2021-11-27,15:00:00,Carlisle,Walsall,1,0,0.0,0.0,H,D,2.5,3.4,2.8,2.1,1.7
E3,2021-11-27,15:00:00,Crawley Town,Mansfield,1,2,0.0,1.0,A,A,2.5,3.4,2.8,2.0,1.85
E3,2021-11-27,15:00:00,Forest Green,Bristol Rvs,2,0,1.0,0.0,H,H,1.7,3.75,5.0,1.85,2.0
E3,2021-11-27,15:00:00,Northampton,Leyton Orient,1,0,1.0,0.0,H,H,2.62,3.1,2.9,2.25,1.61
E3,2021-11-27,15:00:00,Port Vale,Hartlepool,2,0,1.0,0.0,H,H,1.8,3.75,4.5,2.0,1.85
E3,2021-11-27,15:00:00,Rochdale,Exeter,1,1,0.0,0.0,D,D,2.55,3.3,2.8,1.95,1.9
E3,2021-11-27,15:00:00,Salford,Oldham,2,0,1.0,0.0,H,H,1.72,3.6,5.25,1.93,1.93
E3,2021-11-27,15:00:00,Scunthorpe,Bradford,1,1,1.0,0.0,D,H,4.0,3.4,1.95,2.0,1.85
E3,2021-11-27,15:00:00,Sutton,Barrow,1,0,1.0,0.0,H,H,2.1,3.25,3.75,2.07,1.72
E3,2021-11-27,15:00:00,Swindon,Harrogate,1,1,0.0,1.0,D,A,2.1,3.5,3.5,1.83,2.02
E3,2021-12-07,19:45:00,Bristol Rvs,Port Vale,1,2,0.0,2.0,A,A,2.87,3.3,2.5,2.0,1.85
E3,2021-12-07,19:45:00,Exeter,Northampton,1,2,0.0,1.0,A,A,2.15,3.25,3.5,2.15,1.66
E3,2021-12-07,19:45:00,Harrogate,Forest Green,1,4,0.0,3.0,A,A,3.0,3.3,2.37,1.93,1.93
E3,2021-12-07,19:45:00,Leyton Orient,Swindon,4,1,1.0,1.0,H,D,2.2,3.4,3.3,2.02,1.83
E3,2021-12-07,19:45:00,Mansfield,Carlisle,1,0,1.0,0.0,H,H,2.0,3.4,4.0,2.07,1.72
E3,2021-12-07,19:45:00,Newport County,Sutton,3,2,0.0,2.0,H,A,2.3,3.4,3.0,2.1,1.7
E3,2021-12-07,19:45:00,Oldham,Tranmere,0,1,0.0,0.0,A,D,2.75,3.4,2.55,2.07,1.72
E3,2021-12-07,19:45:00,Stevenage,Scunthorpe,1,1,1.0,1.0,D,D,2.15,3.2,3.75,2.07,1.72
E3,2021-12-07,19:45:00,Walsall,Crawley Town,1,1,1.0,1.0,D,D,1.95,3.4,4.2,2.15,1.66
E3,2021-12-08,19:45:00,Bradford,Colchester,0,0,0.0,0.0,D,D,1.66,3.8,5.25,2.15,1.66
E3,2021-12-08,19:45:00,Hartlepool,Rochdale,2,1,0.0,0.0,H,D,2.62,3.4,2.6,1.95,1.9
E3,2021-12-11,15:00:00,Barrow,Swindon,2,0,0.0,0.0,H,D,2.8,3.3,2.55,2.15,1.66
E3,2021-12-11,15:00:00,Bradford,Sutton,2,2,1.0,1.0,D,D,2.25,3.3,3.3,2.05,1.75
E3,2021-12-11,15:00:00,Bristol Rvs,Rochdale,4,2,1.0,0.0,H,H,2.7,3.3,2.62,2.0,1.85
E3,2021-12-11,15:00:00,Exeter,Tranmere,0,1,0.0,1.0,A,A,2.1,3.25,3.75,2.25,1.61
E3,2021-12-11,15:00:00,Harrogate,Northampton,1,2,1.0,1.0,A,D,2.37,3.5,2.9,2.05,1.75
E3,2021-12-11,15:00:00,Hartlepool,Scunthorpe,0,0,0.0,0.0,D,D,1.8,3.8,4.2,1.95,1.9
E3,2021-12-11,15:00:00,Leyton Orient,Crawley Town,1,2,0.0,1.0,A,A,1.7,4.0,4.75,1.93,1.93
E3,2021-12-11,15:00:00,Mansfield,Salford,2,1,2.0,1.0,H,H,2.4,3.4,2.9,2.15,1.66
E3,2021-12-11,15:00:00,Newport County,Port Vale,2,1,0.0,1.0,H,A,2.37,3.4,3.0,2.15,1.66
E3,2021-12-11,15:00:00,Oldham,Forest Green,5,5,1.0,3.0,D,A,4.5,3.75,1.8,1.88,1.98
E3,2021-12-11,15:00:00,Stevenage,Carlisle,0,2,0.0,1.0,A,A,2.45,3.3,3.0,2.25,1.61
E3,2021-12-11,15:00:00,Walsall,Colchester,3,0,2.0,0.0,H,H,2.0,3.3,4.0,2.25,1.61
E3,2021-12-18,15:00:00,Rochdale,Newport County,3,0,1.0,0.0,H,H,2.6,3.3,2.75,2.05,1.75
E3,2021-12-18,15:00:00,Salford,Stevenage,1,0,1.0,0.0,H,H,2.05,3.25,3.9,2.2,1.65
E3,2021-12-18,15:00:00,Sutton,Harrogate,1,0,1.0,0.0,H,H,2.3,3.4,3.1,2.07,1.72
E3,2021-12-18,15:00:00,Tranmere,Leyton Orient,1,0,0.0,0.0,H,D,2.87,3.2,2.55,2.3,1.6
E3,2021-12-26,15:00:00,Mansfield,Hartlepool,3,2,0.0,1.0,H,A,1.9,3.6,4.0,2.1,1.7
E3,2021-12-26,15:00:00,Oldham,Scunthorpe,1,3,1.0,0.0,A,H,2.1,3.4,3.5,2.05,1.75
E3,2021-12-26,15:00:00,Tranmere,Barrow,2,0,1.0,0.0,H,H,2.15,3.25,3.5,2.15,1.66
E3,2021-12-29,19:45:00,Barrow,Oldham,0,0,0.0,0.0,D,D,1.85,3.5,4.33,2.05,1.8
E3,2021-12-29,19:45:00,Swindon,Stevenage,0,0,0.0,0.0,D,D,1.85,3.5,4.2,2.0,1.85
E3,2022-01-01,15:00:00,Barrow,Bradford,1,2,0.0,1.0,A,A,2.55,3.25,2.87,2.1,1.7
E3,2022-01-01,15:00:00,Crawley Town,Colchester,3,1,2.0,0.0,H,H,2.1,3.5,3.5,2.05,1.75
E3,2022-01-01,15:00:00,Forest Green,Stevenage,2,0,0.0,0.0,H,D,1.57,4.0,6.0,1.85,2.0
E3,2022-01-01,15:00:00,Hartlepool,Oldham,0,0,0.0,0.0,D,D,2.05,3.5,3.6,2.0,1.85
E3,2022-01-01,15:00:00,Scunthorpe,Carlisle,0,1,0.0,1.0,A,A,3.0,3.2,2.5,2.2,1.65
E3,2022-01-01,15:00:00,Sutton,Exeter,2,1,1.0,1.0,H,D,2.6,3.4,2.7,2.05,1.75
E3,2022-01-01,15:00:00,Swindon,Northampton,5,2,1.0,1.0,H,D,2.2,3.4,3.3,1.98,1.88
E3,2022-01-01,15:00:00,Walsall,Newport County,3,3,0.0,1.0,D,A,2.7,3.2,2.75,2.15,1.66
E3,2022-01-04,19:45:00,Forest Green,Exeter,0,0,0.0,0.0,D,D,1.6,4.0,5.75,1.75,2.05
E3,2022-01-08,15:00:00,Carlisle,Bradford,2,0,1.0,0.0,H,H,2.5,3.25,2.87,2.15,1.66
E3,2022-01-08,15:00:00,Newport County,Salford,0,2,0.0,1.0,A,A,2.1,3.25,3.75,2.15,1.66
E3,2022-01-08,15:00:00,Northampton,Crawley Town,0,1,0.0,1.0,A,A,1.85,3.5,4.5,2.07,1.72
E3,2022-01-08,15:00:00,Stevenage,Walsall,3,1,2.0,0.0,H,H,2.7,3.2,2.75,2.3,1.6
E3,2022-01-08,15:00:00,Tranmere,Scunthorpe,4,0,2.0,0.0,H,H,1.75,3.6,5.0,2.3,1.6
E3,2022-01-11,19:30:00,Mansfield,Swindon,3,2,3.0,1.0,H,H,2.3,3.6,2.9,1.7,2.1
E3,2022-01-11,19:45:00,Forest Green,Colchester,2,0,1.0,0.0,H,H,1.44,4.5,7.0,1.85,2.0
E3,2022-01-11,19:45:00,Salford,Tranmere,1,1,1.0,0.0,D,H,2.25,3.1,3.4,2.15,1.66
E3,2022-01-15,12:30:00,Newport County,Harrogate,4,0,2.0,0.0,H,H,1.9,3.4,4.2,1.98,1.88
E3,2022-01-15,15:00:00,Bradford,Salford,2,1,0.0,1.0,H,A,2.1,3.3,3.6,2.15,1.66
E3,2022-01-15,15:00:00,Bristol Rvs,Hartlepool,2,0,0.0,0.0,H,D,1.95,3.3,4.2,2.1,1.7
E3,2022-01-15,15:00:00,Carlisle,Crawley Town,1,1,0.0,1.0,D,A,2.15,3.4,3.4,2.07,1.72
E3,2022-01-15,15:00:00,Colchester,Barrow,0,2,0.0,0.0,A,D,2.7,3.2,2.7,2.25,1.61
E3,2022-01-15,15:00:00,Exeter,Scunthorpe,2,0,0.0,0.0,H,D,1.6,3.8,6.0,1.88,1.98
E3,2022-01-15,15:00:00,Mansfield,Walsall,2,0,0.0,0.0,H,D,2.15,3.25,3.6,2.25,1.61
E3,2022-01-15,15:00:00,Northampton,Forest Green,1,1,0.0,0.0,D,D,3.3,3.2,2.3,2.1,1.7
E3,2022-01-15,15:00:00,Port Vale,Swindon,1,3,1.0,2.0,A,A,2.25,3.3,3.25,2.1,1.7
E3,2022-01-15,15:00:00,Stevenage,Sutton,3,3,2.0,0.0,D,H,2.62,3.6,2.55,2.1,1.7
E3,2022-01-15,15:00:00,Tranmere,Rochdale,2,0,2.0,0.0,H,H,2.0,3.6,3.6,2.07,1.72
E3,2022-01-18,19:45:00,Carlisle,Hartlepool,0,0,0.0,0.0,D,D,2.25,3.3,3.3,2.2,1.65
E3,2022-01-18,19:45:00,Port Vale,Salford,0,1,0.0,0.0,A,D,2.25,3.3,3.3,2.15,1.66
E3,2022-01-18,19:45:00,Stevenage,Crawley Town,2,1,1.0,1.0,H,D,2.2,3.3,3.4,2.07,1.72
E3,2022-01-18,19:45:00,Sutton,Colchester,3,2,1.0,2.0,H,A,1.8,3.5,5.0,2.05,1.75
E3,2022-01-22,13:00:00,Swindon,Bristol Rvs,1,1,1.0,1.0,D,D,1.95,3.5,4.0,1.85,2.0
E3,2022-01-22,15:00:00,Barrow,Mansfield,1,3,1.0,2.0,A,A,2.62,3.25,2.75,2.1,1.7
E3,2022-01-22,15:00:00,Crawley Town,Tranmere,0,1,0.0,0.0,A,D,2.87,3.25,2.5,2.25,1.61
E3,2022-01-22,15:00:00,Forest Green,Carlisle,3,0,1.0,0.0,H,H,1.65,3.75,5.75,2.05,1.75
E3,2022-01-22,15:00:00,Harrogate,Oldham,3,0,1.0,0.0,H,H,1.8,3.75,4.5,1.88,1.98
E3,2022-01-22,15:00:00,Hartlepool,Stevenage,1,1,0.0,0.0,D,D,2.25,3.2,3.4,2.2,1.65
E3,2022-01-22,15:00:00,Leyton Orient,Port Vale,0,0,0.0,0.0,D,D,2.2,3.2,3.5,2.1,1.7
E3,2022-01-22,15:00:00,Rochdale,Bradford,0,0,0.0,0.0,D,D,2.55,3.2,2.9,2.05,1.75
E3,2022-01-22,15:00:00,Salford,Colchester,0,3,0.0,2.0,A,A,1.72,3.5,5.5,2.15,1.66
E3,2022-01-22,15:00:00,Scunthorpe,Newport County,0,1,0.0,0.0,A,D,4.2,3.5,1.9,2.05,1.75
E3,2022-01-22,15:00:00,Sutton,Northampton,0,0,0.0,0.0,D,D,2.37,3.25,3.1,2.2,1.65
E3,2022-01-22,15:00:00,Walsall,Exeter,0,2,0.0,1.0,A,A,2.62,3.25,2.75,2.15,1.66
E3,2022-01-25,19:45:00,Barrow,Salford,0,2,0.0,0.0,A,D,2.37,3.25,3.1,2.35,1.57
E3,2022-01-25,19:45:00,Leyton Orient,Newport County,0,1,0.0,0.0,A,D,2.45,3.4,2.9,1.98,1.88
E3,2022-01-25,19:45:00,Scunthorpe,Bristol Rvs,2,3,0.0,1.0,A,A,3.1,3.5,2.25,2.05,1.8
E3,2022-01-25,19:45:00,Walsall,Bradford,1,2,0.0,1.0,A,A,3.1,3.4,2.3,2.1,1.7
E3,2022-01-29,15:00:00,Bradford,Crawley Town,1,2,1.0,0.0,A,H,1.8,3.5,5.0,2.02,1.83
E3,2022-01-29,15:00:00,Bristol Rvs,Walsall,1,0,0.0,0.0,H,D,2.1,3.4,3.6,2.1,1.7
E3,2022-01-29,15:00:00,Carlisle,Sutton,0,2,0.0,2.0,A,A,2.7,3.25,2.62,2.15,1.66
E3,2022-01-29,15:00:00,Colchester,Swindon,1,1,0.0,0.0,D,D,2.87,3.25,2.5,1.98,1.88
E3,2022-01-29,15:00:00,Exeter,Hartlepool,0,0,0.0,0.0,D,D,1.8,3.5,5.0,2.02,1.83
E3,2022-01-29,15:00:00,Mansfield,Leyton Orient,2,0,1.0,0.0,H,H,2.2,3.4,3.25,1.95,1.9
E3,2022-01-29,15:00:00,Newport County,Barrow,2,1,2.0,0.0,H,H,1.83,3.5,4.75,2.07,1.72
E3,2022-01-29,15:00:00,Northampton,Salford,1,0,1.0,0.0,H,H,2.1,3.25,3.75,2.2,1.7
E3,2022-01-29,15:00:00,Oldham,Rochdale,0,0,0.0,0.0,D,D,3.0,3.4,2.37,1.98,1.88
E3,2022-01-29,15:00:00,Port Vale,Scunthorpe,1,0,0.0,0.0,H,D,1.57,3.8,6.5,2.1,1.7
E3,2022-01-29,15:00:00,Stevenage,Harrogate,3,0,2.0,0.0,H,H,2.4,3.2,3.1,2.15,1.66
E3,2022-01-29,15:00:00,Tranmere,Forest Green,0,4,0.0,2.0,A,A,3.2,3.2,2.37,2.25,1.61
E3,2022-02-01,19:45:00,Bradford,Leyton Orient,1,1,0.0,0.0,D,D,2.25,3.3,3.25,2.1,1.7
E3,2022-02-01,19:45:00,Colchester,Rochdale,1,1,0.0,0.0,D,D,2.87,3.3,2.5,2.05,1.75
E3,2022-02-01,19:45:00,Harrogate,Mansfield,0,0,0.0,0.0,D,D,2.7,3.5,2.5,1.85,2.0
E3,2022-02-01,19:45:00,Northampton,Barrow,0,1,0.0,0.0,A,D,1.9,3.4,4.33,2.4,1.53
E3,2022-02-01,19:45:00,Port Vale,Forest Green,1,1,1.0,0.0,D,H,3.2,3.4,2.25,2.1,1.7
E3,2022-02-01,19:45:00,Salford,Carlisle,2,1,0.0,0.0,H,D,1.95,3.4,4.2,2.25,1.61
E3,2022-02-01,19:45:00,Swindon,Crawley Town,1,1,0.0,1.0,D,A,1.83,3.6,4.33,1.85,2.0
E3,2022-02-01,19:45:00,Tranmere,Stevenage,1,0,0.0,0.0,H,D,2.1,3.25,3.6,2.15,1.66
E3,2022-02-05,13:00:00,Harrogate,Bradford,2,0,0.0,0.0,H,D,2.37,3.3,3.0,2.0,1.8
E3,2022-02-05,15:00:00,Barrow,Tranmere,1,1,0.0,1.0,D,A,2.62,3.2,2.75,2.3,1.6
E3,2022-02-05,15:00:00,Crawley Town,Stevenage,2,2,1.0,0.0,D,H,2.4,3.2,3.1,2.1,1.7
E3,2022-02-05,15:00:00,Forest Green,Newport County,2,0,1.0,0.0,H,H,2.0,3.5,3.75,2.02,1.83
E3,2022-02-05,15:00:00,Leyton Orient,Colchester,0,1,0.0,1.0,A,A,1.8,3.6,4.5,2.15,1.66
E3,2022-02-05,15:00:00,Scunthorpe,Oldham,0,1,0.0,0.0,A,D,2.37,3.3,3.0,2.15,1.73
E3,2022-02-05,15:00:00,Sutton,Bristol Rvs,1,1,1.0,0.0,D,H,2.0,3.4,3.75,2.02,1.83
E3,2022-02-05,15:00:00,Swindon,Exeter,1,2,0.0,0.0,A,D,2.3,3.25,3.25,2.05,1.75
E3,2022-02-05,15:00:00,Walsall,Northampton,0,1,0.0,1.0,A,A,2.9,3.2,2.55,2.4,1.53
E3,2022-02-08,19:45:00,Carlisle,Port Vale,1,3,1.0,2.0,A,A,3.1,3.2,2.4,2.4,1.53
E3,2022-02-08,19:45:00,Exeter,Leyton Orient,1,0,0.0,0.0,H,D,1.95,3.25,4.33,2.15,1.66
E3,2022-02-08,19:45:00,Forest Green,Rochdale,2,1,0.0,0.0,H,D,1.61,3.75,5.75,1.9,1.95
E3,2022-02-08,19:45:00,Harrogate,Crawley Town,1,3,0.0,0.0,A,D,2.05,3.25,3.8,2.02,1.83
E3,2022-02-08,19:45:00,Hartlepool,Barrow,3,1,3.0,1.0,H,H,2.37,3.0,3.3,2.35,1.57
E3,2022-02-08,19:45:00,Mansfield,Colchester,2,1,1.0,0.0,H,H,1.72,3.5,5.5,2.07,1.72
E3,2022-02-08,19:45:00,Northampton,Newport County,1,0,0.0,0.0,H,D,2.45,3.1,3.1,2.4,1.53
E3,2022-02-08,19:45:00,Oldham,Bristol Rvs,2,1,2.0,1.0,H,H,2.8,3.1,2.62,2.07,1.72
E3,2022-02-08,19:45:00,Scunthorpe,Walsall,1,0,1.0,0.0,H,H,3.5,3.2,2.25,2.35,1.57
E3,2022-02-08,19:45:00,Stevenage,Bradford,0,1,0.0,0.0,A,D,2.8,3.0,2.7,2.3,1.6
E3,2022-02-08,19:45:00,Sutton,Salford,0,0,0.0,0.0,D,D,2.2,3.2,3.6,2.2,1.65
E3,2022-02-08,19:45:00,Tranmere,Swindon,3,0,1.0,0.0,H,H,2.3,3.25,3.2,2.07,1.72
E3,2022-02-12,15:00:00,Barrow,Stevenage,0,0,0.0,0.0,D,D,2.37,3.3,3.1,2.25,1.61
E3,2022-02-12,15:00:00,Bradford,Exeter,0,1,0.0,1.0,A,A,2.5,3.25,2.87,2.1,1.7
E3,2022-02-12,15:00:00,Bristol Rvs,Mansfield,0,0,0.0,0.0,D,D,2.62,3.25,2.7,2.02,1.83
E3,2022-02-12,15:00:00,Colchester,Carlisle,2,2,0.0,0.0,D,D,2.3,3.2,3.3,2.25,1.61
E3,2022-02-12,15:00:00,Crawley Town,Hartlepool,0,1,0.0,1.0,A,A,2.37,3.25,3.1,2.1,1.7
E3,2022-02-12,15:00:00,Leyton Orient,Salford,0,2,0.0,0.0,A,D,2.2,3.25,3.5,2.25,1.61
E3,2022-02-12,15:00:00,Newport County,Oldham,3,3,2.0,1.0,D,H,1.57,4.0,6.0,1.8,2.0
E3,2022-02-12,15:00:00,Port Vale,Northampton,0,0,0.0,0.0,D,D,2.2,3.25,3.5,2.25,1.61
E3,2022-02-12,15:00:00,Rochdale,Harrogate,3,3,1.0,2.0,D,A,2.15,3.4,3.4,2.05,1.8
E3,2022-02-12,15:00:00,Sutton,Forest Green,1,1,1.0,0.0,D,H,3.2,3.4,2.25,2.02,1.83
E3,2022-02-12,15:00:00,Swindon,Scunthorpe,3,0,0.0,0.0,H,D,1.61,3.75,6.0,1.85,2.0
E3,2022-02-12,15:00:00,Walsall,Tranmere,1,0,0.0,0.0,H,D,2.9,3.25,2.5,2.35,1.57
E3,2022-02-15,19:45:00,Bristol Rvs,Sutton,2,0,1.0,0.0,H,H,2.62,3.4,2.7,2.1,1.7
E3,2022-02-15,19:45:00,Exeter,Harrogate,4,3,1.0,2.0,H,A,1.7,3.8,5.0,1.93,1.93
E3,2022-02-15,19:45:00,Hartlepool,Tranmere,1,0,1.0,0.0,H,H,2.5,3.1,3.0,2.4,1.53
E3,2022-02-19,14:00:00,Northampton,Colchester,3,0,1.0,0.0,H,H,1.72,3.6,5.0,2.25,1.61
E3,2022-02-19,15:00:00,Carlisle,Swindon,0,3,0.0,1.0,A,A,3.3,3.4,2.2,2.15,1.66
E3,2022-02-19,15:00:00,Forest Green,Walsall,0,1,0.0,1.0,A,A,1.6,4.0,5.75,2.0,1.85
E3,2022-02-19,15:00:00,Hartlepool,Sutton,1,1,0.0,1.0,D,A,2.7,3.25,2.7,2.3,1.6
E3,2022-02-19,15:00:00,Newport County,Mansfield,1,1,0.0,0.0,D,D,2.15,3.4,3.4,2.05,1.75
E3,2022-02-19,15:00:00,Oldham,Bradford,2,0,2.0,0.0,H,H,3.2,3.2,2.37,2.1,1.7
E3,2022-02-19,15:00:00,Scunthorpe,Rochdale,1,2,1.0,0.0,A,H,3.5,3.2,2.25,2.2,1.65
E3,2022-02-19,15:00:00,Stevenage,Bristol Rvs,0,4,0.0,1.0,A,A,2.37,3.25,3.2,2.15,1.66
E3,2022-02-19,15:00:00,Tranmere,Port Vale,1,1,0.0,0.0,D,D,2.55,3.3,2.87,2.25,1.61
E3,2022-02-22,19:45:00,Bradford,Harrogate,1,3,1.0,1.0,A,D,2.2,3.3,3.4,1.95,1.9
E3,2022-02-22,19:45:00,Colchester,Hartlepool,1,2,1.0,0.0,A,H,2.5,3.2,3.0,2.2,1.65
E3,2022-02-22,19:45:00,Leyton Orient,Bristol Rvs,0,2,0.0,2.0,A,A,2.35,3.2,3.2,2.1,1.7
E3,2022-02-22,19:45:00,Rochdale,Port Vale,1,1,0.0,1.0,D,A,2.45,3.2,3.1,2.1,1.7
E3,2022-02-22,19:45:00,Scunthorpe,Northampton,0,0,0.0,0.0,D,D,4.33,3.3,1.9,2.2,1.65
E3,2022-02-22,19:45:00,Swindon,Walsall,5,0,2.0,0.0,H,H,2.0,3.3,4.0,2.05,1.75
E3,2022-02-26,15:00:00,Barrow,Harrogate,0,0,0.0,0.0,D,D,2.55,3.25,2.87,2.07,1.72
E3,2022-02-26,15:00:00,Bradford,Mansfield,0,2,0.0,1.0,A,A,2.6,3.25,2.75,2.1,1.7
E3,2022-02-26,15:00:00,Bristol Rvs,Exeter,1,1,1.0,1.0,D,D,2.62,3.3,2.7,2.1,1.7
E3,2022-02-26,15:00:00,Colchester,Oldham,1,1,0.0,1.0,D,A,2.1,3.4,3.5,2.1,1.7
E3,2022-02-26,15:00:00,Crawley Town,Forest Green,2,1,2.0,0.0,H,H,4.0,3.5,1.9,1.98,1.88
E3,2022-02-26,15:00:00,Leyton Orient,Carlisle,0,1,0.0,1.0,A,A,1.8,3.6,4.5,2.1,1.7
E3,2022-02-26,15:00:00,Newport County,Tranmere,4,2,0.0,0.0,H,D,2.2,3.2,3.5,2.25,1.61
E3,2022-02-26,15:00:00,Port Vale,Stevenage,2,0,2.0,0.0,H,H,1.85,3.5,4.33,2.15,1.66
E3,2022-02-26,15:00:00,Rochdale,Northampton,1,0,0.0,0.0,H,D,2.62,3.2,2.8,2.15,1.66
E3,2022-02-26,15:00:00,Sutton,Scunthorpe,4,1,3.0,0.0,H,H,1.57,3.8,6.5,2.05,1.75
E3,2022-02-26,15:00:00,Swindon,Salford,1,2,0.0,0.0,A,D,2.3,3.25,3.2,2.15,1.66
E3,2022-02-26,15:00:00,Walsall,Hartlepool,3,1,2.0,0.0,H,H,2.37,3.3,3.0,2.25,1.61
E3,2022-03-01,19:45:00,Bristol Rvs,Barrow,1,0,0.0,0.0,H,D,2.0,3.5,3.8,2.05,1.75
E3,2022-03-01,19:45:00,Carlisle,Rochdale,2,0,1.0,0.0,H,H,3.2,3.3,2.3,2.07,1.72
E3,2022-03-01,19:45:00,Colchester,Leyton Orient,2,2,0.0,0.0,D,D,2.75,3.1,2.75,2.2,1.65
E3,2022-03-01,19:45:00,Crawley Town,Oldham,2,2,0.0,0.0,D,D,2.1,3.4,3.5,2.02,1.83
E3,2022-03-01,19:45:00,Harrogate,Port Vale,1,1,1.0,0.0,D,H,2.62,3.3,2.7,2.05,1.8
E3,2022-03-01,19:45:00,Newport County,Forest Green,1,1,1.0,0.0,D,H,2.6,3.25,2.75,2.2,1.65
E3,2022-03-01,19:45:00,Northampton,Walsall,1,1,1.0,0.0,D,H,2.0,3.3,4.0,2.4,1.53
E3,2022-03-04,19:45:00,Mansfield,Exeter,2,1,1.0,0.0,H,H,2.45,3.3,2.87,2.2,1.65
E3,2022-03-05,12:30:00,Harrogate,Hartlepool,1,2,1.0,1.0,A,D,2.25,3.4,3.25,2.0,1.85
E3,2022-03-05,15:00:00,Barrow,Walsall,1,1,1.0,0.0,D,H,2.45,3.1,3.2,2.4,1.53
E3,2022-03-05,15:00:00,Bradford,Swindon,1,2,1.0,1.0,A,D,2.55,3.3,2.8,1.98,1.88
E3,2022-03-05,15:00:00,Colchester,Port Vale,1,0,0.0,0.0,H,D,3.1,3.25,2.4,2.3,1.6
E3,2022-03-05,15:00:00,Crawley Town,Scunthorpe,0,0,0.0,0.0,D,D,1.75,3.75,4.75,1.95,1.9
E3,2022-03-05,15:00:00,Leyton Orient,Stevenage,2,2,1.0,2.0,D,A,2.1,3.25,3.8,2.1,1.7
E3,2022-03-05,15:00:00,Newport County,Bristol Rvs,1,0,1.0,0.0,H,H,2.1,3.3,3.75,1.93,1.93
E3,2022-03-05,15:00:00,Northampton,Tranmere,3,2,2.0,0.0,H,H,2.37,3.1,3.4,2.6,1.47
E3,2022-03-05,15:00:00,Oldham,Carlisle,1,2,1.0,0.0,A,H,2.4,3.3,3.0,2.15,1.66
E3,2022-03-05,15:00:00,Salford,Forest Green,1,1,1.0,0.0,D,H,3.5,3.3,2.15,2.07,1.72
E3,2022-03-05,15:00:00,Sutton,Rochdale,3,0,2.0,0.0,H,H,2.37,3.3,3.1,2.0,1.85
E3,2022-03-08,19:45:00,Crawley Town,Bristol Rvs,1,2,0.0,1.0,A,A,2.75,3.4,2.5,2.0,1.85
E3,2022-03-08,19:45:00,Exeter,Swindon,3,1,2.0,0.0,H,H,2.15,3.4,3.4,1.93,1.93
E3,2022-03-11,19:45:00,Tranmere,Mansfield,3,2,1.0,1.0,H,D,3.0,3.1,2.5,2.35,1.57
E3,2022-03-12,15:00:00,Bristol Rvs,Harrogate,3,0,2.0,0.0,H,H,1.8,3.6,4.75,1.85,2.0
E3,2022-03-12,15:00:00,Carlisle,Northampton,2,1,0.0,0.0,H,D,3.2,3.2,2.37,2.35,1.57
E3,2022-03-12,15:00:00,Exeter,Salford,0,0,0.0,0.0,D,D,1.9,3.4,4.2,2.15,1.66
E3,2022-03-12,15:00:00,Forest Green,Bradford,0,2,0.0,0.0,A,D,1.66,3.6,5.5,1.98,1.88
E3,2022-03-12,15:00:00,Hartlepool,Leyton Orient,0,0,0.0,0.0,D,D,2.37,3.4,3.0,2.2,1.65
E3,2022-03-12,15:00:00,Port Vale,Crawley Town,4,1,2.0,1.0,H,H,1.85,3.4,4.5,2.1,1.7
E3,2022-03-12,15:00:00,Rochdale,Barrow,0,0,0.0,0.0,D,D,1.85,3.3,4.5,2.1,1.7
E3,2022-03-12,15:00:00,Scunthorpe,Colchester,1,3,1.0,0.0,A,H,3.5,3.2,2.2,2.25,1.61
E3,2022-03-12,15:00:00,Stevenage,Newport County,0,2,0.0,0.0,A,D,3.0,3.3,2.4,2.0,1.85
E3,2022-03-12,15:00:00,Swindon,Oldham,1,0,0.0,0.0,H,D,1.7,3.6,5.25,1.9,1.95
E3,2022-03-12,15:00:00,Walsall,Sutton,1,0,1.0,0.0,H,H,2.6,3.2,2.8,2.2,1.65
E3,2022-03-15,19:45:00,Bristol Rvs,Colchester,1,0,0.0,0.0,H,D,1.95,3.4,4.2,2.1,1.7
E3,2022-03-15,19:45:00,Carlisle,Newport County,1,2,0.0,1.0,A,A,3.0,3.3,2.4,2.1,1.7
E3,2022-03-15,19:45:00,Exeter,Crawley Town,2,1,2.0,1.0,H,H,1.57,4.0,6.0,1.95,1.9
E3,2022-03-15,19:45:00,Forest Green,Leyton Orient,1,1,1.0,0.0,D,H,1.66,3.75,5.75,2.07,1.72
E3,2022-03-15,19:45:00,Hartlepool,Bradford,0,2,0.0,0.0,A,D,2.45,3.3,2.9,2.15,1.66
E3,2022-03-15,19:45:00,Port Vale,Mansfield,3,1,1.0,1.0,H,D,2.37,3.2,3.2,2.4,1.53
E3,2022-03-15,19:45:00,Rochdale,Salford,1,1,1.0,0.0,D,H,2.4,3.2,3.0,2.25,1.61
E3,2022-03-15,19:45:00,Scunthorpe,Barrow,0,1,0.0,1.0,A,A,3.3,3.4,2.15,2.35,1.57
E3,2022-03-15,19:45:00,Stevenage,Northampton,1,2,0.0,1.0,A,A,3.0,3.1,2.5,2.87,1.4
E3,2022-03-15,19:45:00,Swindon,Sutton,2,1,1.0,1.0,H,D,2.25,3.3,3.25,2.05,1.75
E3,2022-03-15,19:45:00,Tranmere,Harrogate,2,0,0.0,0.0,H,D,2.15,3.3,3.6,2.2,1.65
E3,2022-03-15,19:45:00,Walsall,Oldham,2,1,1.0,1.0,H,D,2.0,3.5,3.75,2.2,1.65
E3,2022-03-18,19:45:00,Newport County,Hartlepool,2,3,1.0,2.0,A,A,1.75,3.5,4.75,2.05,1.75
E3,2022-03-19,15:00:00,Barrow,Carlisle,1,2,0.0,1.0,A,A,2.3,3.3,3.2,2.25,1.61
E3,2022-03-19,15:00:00,Bradford,Port Vale,1,2,0.0,0.0,A,D,2.5,3.3,2.87,2.2,1.65
E3,2022-03-19,15:00:00,Crawley Town,Swindon,3,1,1.0,0.0,H,H,2.75,3.3,2.6,1.95,1.9
E3,2022-03-19,15:00:00,Harrogate,Walsall,1,1,0.0,0.0,D,D,2.55,3.25,2.87,2.2,1.65
E3,2022-03-19,15:00:00,Leyton Orient,Rochdale,3,1,1.0,1.0,H,D,2.37,3.25,3.2,2.2,1.65
E3,2022-03-19,15:00:00,Northampton,Bristol Rvs,0,1,0.0,1.0,A,A,2.3,3.2,3.3,2.2,1.65
E3,2022-03-19,15:00:00,Oldham,Exeter,0,2,0.0,0.0,A,D,4.0,3.6,1.9,1.98,1.88
E3,2022-03-19,15:00:00,Salford,Scunthorpe,5,1,2.0,0.0,H,H,1.55,4.0,6.5,2.05,1.75
E3,2022-03-19,15:00:00,Sutton,Tranmere,1,1,1.0,0.0,D,H,2.3,3.3,3.2,2.2,1.65
E3,2022-03-21,19:45:00,Colchester,Forest Green,0,1,0.0,1.0,A,A,,,,,
E3,2022-03-22,19:00:00,Harrogate,Leyton Orient,0,3,0.0,0.0,A,D,2.8,3.1,2.7,2.35,1.57
E3,2022-03-22,19:45:00,Oldham,Sutton,1,3,0.0,1.0,A,A,3.4,3.3,2.2,2.02,1.83
E3,2022-03-22,19:45:00,Port Vale,Exeter,0,0,0.0,0.0,D,D,2.4,3.25,3.1,2.3,1.6
E3,2022-03-22,19:45:00,Rochdale,Mansfield,0,1,0.0,0.0,A,D,2.75,3.2,2.7,2.1,1.7
E3,2022-03-26,15:00:00,Bradford,Newport County,0,0,0.0,0.0,D,D,2.75,3.25,2.62,2.13,1.75
E3,2022-03-26,15:00:00,Carlisle,Bristol Rvs,1,0,0.0,0.0,H,D,3.3,3.3,2.2,2.05,1.75
E3,2022-03-26,15:00:00,Colchester,Tranmere,1,0,0.0,0.0,H,D,2.75,3.2,2.62,2.25,1.61
E3,2022-03-26,15:00:00,Crawley Town,Rochdale,1,0,1.0,0.0,H,H,2.4,3.25,3.0,2.0,1.85
E3,2022-03-26,15:00:00,Exeter,Stevenage,2,1,2.0,1.0,H,H,1.72,3.75,4.75,2.13,1.75
E3,2022-03-26,15:00:00,Leyton Orient,Barrow,2,0,0.0,0.0,H,D,2.1,3.5,3.5,2.2,1.65
E3,2022-03-26,15:00:00,Northampton,Hartlepool,2,0,1.0,0.0,H,H,2.15,3.4,3.5,2.4,1.53
E3,2022-03-26,15:00:00,Oldham,Mansfield,1,2,1.0,0.0,A,H,3.8,3.6,1.95,1.95,1.9
E3,2022-03-26,15:00:00,Port Vale,Sutton,2,0,2.0,0.0,H,H,2.0,3.25,4.0,2.25,1.61
E3,2022-03-26,15:00:00,Salford,Walsall,2,1,1.0,1.0,H,D,2.15,3.25,3.6,2.25,1.61
E3,2022-03-26,15:00:00,Scunthorpe,Harrogate,0,3,0.0,1.0,A,A,4.0,3.4,1.95,2.1,1.7
E3,2022-03-29,19:45:00,Hartlepool,Mansfield,2,2,2.0,2.0,D,D,3.1,3.3,2.3,2.35,1.57
E3,2022-03-29,19:45:00,Oldham,Leyton Orient,2,0,1.0,0.0,H,H,3.6,3.4,2.1,2.25,1.61
E3,2022-03-29,19:45:00,Rochdale,Carlisle,2,0,1.0,0.0,H,H,1.95,3.4,4.0,2.1,1.7
E3,2022-03-29,19:45:00,Salford,Crawley Town,2,1,1.0,0.0,H,H,1.85,3.4,4.5,2.1,1.7
E3,2022-04-02,15:00:00,Barrow,Port Vale,1,2,1.0,0.0,A,H,3.5,3.2,2.2,2.5,1.5
E3,2022-04-02,15:00:00,Bristol Rvs,Bradford,2,1,0.0,0.0,H,D,2.0,3.6,3.75,2.07,1.72
E3,2022-04-02,15:00:00,Forest Green,Scunthorpe,1,0,0.0,0.0,H,D,1.25,6.5,10.0,1.72,2.07
E3,2022-04-02,15:00:00,Harrogate,Colchester,1,2,1.0,2.0,A,A,2.2,3.4,3.3,2.07,1.72
E3,2022-04-02,15:00:00,Hartlepool,Salford,0,2,0.0,2.0,A,A,3.0,3.2,2.45,2.2,1.65
E3,2022-04-02,15:00:00,Mansfield,Northampton,1,0,1.0,0.0,H,H,2.15,3.3,3.6,2.25,1.61
E3,2022-04-02,15:00:00,Newport County,Exeter,0,1,0.0,0.0,A,D,2.4,3.3,3.0,2.0,1.8
E3,2022-04-02,15:00:00,Rochdale,Swindon,0,0,0.0,0.0,D,D,2.62,3.4,2.7,2.0,1.85
E3,2022-04-02,15:00:00,Stevenage,Oldham,0,1,0.0,1.0,A,A,1.83,3.5,4.5,2.15,1.66
E3,2022-04-02,15:00:00,Tranmere,Carlisle,2,2,1.0,0.0,D,H,1.83,3.5,4.5,2.2,1.65
E3,2022-04-02,15:00:00,Walsall,Leyton Orient,0,2,0.0,2.0,A,A,2.4,3.1,3.2,2.5,1.5
E3,2022-04-05,19:45:00,Forest Green,Mansfield,1,0,1.0,0.0,H,H,2.1,3.4,3.6,2.07,1.72
E3,2022-04-05,19:45:00,Salford,Port Vale,0,1,0.0,0.0,A,D,2.62,3.1,2.9,2.15,1.66
E3,2022-04-09,15:00:00,Carlisle,Exeter,0,1,0.0,0.0,A,D,4.0,3.4,1.95,2.15,1.66
E3,2022-04-09,15:00:00,Colchester,Stevenage,0,2,0.0,1.0,A,A,2.4,3.3,2.9,2.3,1.6
E3,2022-04-09,15:00:00,Crawley Town,Barrow,1,0,0.0,0.0,H,D,2.3,3.3,3.2,2.15,1.66
E3,2022-04-09,15:00:00,Forest Green,Hartlepool,1,1,0.0,0.0,D,D,1.57,3.8,6.5,2.1,1.77
E3,2022-04-09,15:00:00,Northampton,Bradford,0,0,0.0,0.0,D,D,2.0,3.3,4.0,2.25,1.61
E3,2022-04-09,15:00:00,Port Vale,Oldham,3,2,2.0,2.0,H,D,1.5,4.0,7.5,2.05,1.75
E3,2022-04-09,15:00:00,Rochdale,Walsall,1,0,0.0,0.0,H,D,2.37,3.2,3.2,2.15,1.66
E3,2022-04-09,15:00:00,Salford,Harrogate,2,0,0.0,0.0,H,D,1.72,3.75,5.0,1.93,1.93
E3,2022-04-09,15:00:00,Scunthorpe,Mansfield,0,4,0.0,3.0,A,A,7.5,4.2,1.45,1.95,1.9
E3,2022-04-09,15:00:00,Sutton,Leyton Orient,1,0,1.0,0.0,H,H,2.2,3.4,3.3,2.25,1.61
E3,2022-04-09,15:00:00,Swindon,Newport County,0,1,0.0,0.0,A,D,2.37,3.3,3.1,2.07,1.72
E3,2022-04-09,15:00:00,Tranmere,Bristol Rvs,1,1,0.0,0.0,D,D,2.7,3.3,2.7,2.15,1.66
E3,2022-04-15,13:00:00,Exeter,Colchester,2,0,1.0,0.0,H,H,1.66,3.75,5.5,1.95,1.9
E3,2022-04-15,15:00:00,Barrow,Forest Green,4,0,2.0,0.0,H,H,3.8,3.3,2.05,2.15,1.66
E3,2022-04-15,15:00:00,Bradford,Tranmere,1,1,1.0,0.0,D,H,2.62,3.1,2.9,2.25,1.61
E3,2022-04-15,15:00:00,Bristol Rvs,Salford,1,0,0.0,0.0,H,D,2.4,3.3,3.0,2.02,1.83
E3,2022-04-15,15:00:00,Harrogate,Swindon,1,4,0.0,2.0,A,A,3.2,3.3,2.3,1.9,1.95
E3,2022-04-15,15:00:00,Hartlepool,Port Vale,0,1,0.0,0.0,A,D,3.6,3.2,2.15,2.4,1.53
E3,2022-04-15,15:00:00,Leyton Orient,Scunthorpe,3,0,3.0,0.0,H,H,1.4,4.5,8.5,2.0,1.85
E3,2022-04-15,15:00:00,Mansfield,Sutton,2,3,0.0,1.0,A,A,1.85,3.6,4.33,2.02,1.83
E3,2022-04-15,15:00:00,Newport County,Crawley Town,1,2,0.0,2.0,A,A,1.9,3.75,3.8,1.85,2.0
E3,2022-04-15,15:00:00,Oldham,Northampton,0,2,0.0,1.0,A,A,3.8,3.25,2.1,2.15,1.66
E3,2022-04-15,15:00:00,Stevenage,Rochdale,1,0,0.0,0.0,H,D,2.4,3.2,3.1,2.2,1.65
E3,2022-04-15,15:00:00,Walsall,Carlisle,1,0,1.0,0.0,H,H,1.9,3.3,4.5,2.35,1.57
E3,2022-04-18,15:00:00,Carlisle,Mansfield,1,0,0.0,0.0,H,D,4.33,3.4,1.9,2.25,1.61
E3,2022-04-18,15:00:00,Colchester,Bradford,3,0,2.0,0.0,H,H,2.6,3.2,2.8,2.25,1.61
E3,2022-04-18,15:00:00,Crawley Town,Walsall,1,0,0.0,0.0,H,D,2.3,3.25,3.3,2.15,1.66
E3,2022-04-18,15:00:00,Forest Green,Oldham,2,0,2.0,0.0,H,H,1.4,4.75,8.0,1.7,2.1
E3,2022-04-18,15:00:00,Northampton,Harrogate,3,0,1.0,0.0,H,H,1.65,3.6,6.0,2.25,1.61
E3,2022-04-18,15:00:00,Port Vale,Bristol Rvs,1,3,1.0,2.0,A,A,2.05,3.3,3.8,2.25,1.61
E3,2022-04-18,15:00:00,Rochdale,Hartlepool,2,1,0.0,1.0,H,A,2.0,3.3,4.0,2.25,1.61
E3,2022-04-18,15:00:00,Salford,Barrow,2,2,1.0,0.0,D,H,1.85,3.5,4.5,2.25,1.61
E3,2022-04-18,15:00:00,Scunthorpe,Stevenage,1,1,0.0,0.0,D,D,5.5,3.6,1.7,2.15,1.66
E3,2022-04-18,15:00:00,Sutton,Newport County,1,0,1.0,0.0,H,H,2.37,3.3,3.1,2.07,1.72
E3,2022-04-18,15:00:00,Swindon,Leyton Orient,1,2,0.0,1.0,A,A,2.0,3.5,3.75,2.02,1.83
E3,2022-04-18,15:00:00,Tranmere,Exeter,2,0,1.0,0.0,H,H,3.4,3.1,2.3,2.4,1.53
E3,2022-04-22,19:45:00,Newport County,Colchester,1,2,1.0,0.0,A,H,1.65,3.6,5.75,1.98,1.88
E3,2022-04-23,15:00:00,Barrow,Sutton,1,0,0.0,0.0,H,D,2.8,3.1,2.7,2.25,1.61
E3,2022-04-23,15:00:00,Bradford,Scunthorpe,2,1,2.0,1.0,H,H,1.44,4.33,8.0,1.93,1.93
E3,2022-04-23,15:00:00,Bristol Rvs,Forest Green,0,0,0.0,0.0,D,D,2.62,3.25,2.75,2.05,1.75
E3,2022-04-23,15:00:00,Exeter,Rochdale,2,0,1.0,0.0,H,H,1.7,3.8,5.0,2.02,1.83
E3,2022-04-23,15:00:00,Harrogate,Carlisle,3,0,2.0,0.0,H,H,2.4,3.5,2.87,2.1,1.77
E3,2022-04-23,15:00:00,Hartlepool,Swindon,0,3,0.0,1.0,A,A,3.7,3.3,2.1,2.1,1.7
E3,2022-04-23,15:00:00,Leyton Orient,Northampton,2,4,1.0,4.0,A,A,2.9,3.0,2.7,2.7,1.44
E3,2022-04-23,15:00:00,Mansfield,Crawley Town,2,0,1.0,0.0,H,H,1.7,4.0,4.75,1.9,1.95
E3,2022-04-23,15:00:00,Oldham,Salford,1,2,1.0,2.0,A,A,3.6,3.4,2.1,1.93,1.93
E3,2022-04-23,15:00:00,Stevenage,Tranmere,2,0,1.0,0.0,H,H,2.5,3.0,3.1,2.6,1.47
E3,2022-04-23,15:00:00,Walsall,Port Vale,2,0,0.0,0.0,H,D,4.0,3.3,2.0,2.4,1.53
E3,2022-04-26,19:45:00,Exeter,Barrow,2,1,1.0,1.0,H,D,1.5,4.0,7.0,2.0,1.8
E3,2022-04-26,19:45:00,Mansfield,Stevenage,2,0,0.0,0.0,H,D,1.57,4.0,6.5,1.93,1.93
E3,2022-04-26,19:45:00,Sutton,Crawley Town,3,0,2.0,0.0,H,H,1.8,3.6,4.5,1.98,1.88
E3,2022-04-26,19:45:00,Swindon,Forest Green,2,1,2.0,0.0,H,H,2.25,3.6,3.0,1.93,1.93
E3,2022-04-30,15:00:00,Carlisle,Stevenage,2,1,0.0,0.0,H,D,2.8,3.2,2.6,2.15,1.66
E3,2022-04-30,15:00:00,Colchester,Walsall,2,2,1.0,1.0,D,D,2.37,3.3,3.0,2.25,1.61
E3,2022-04-30,15:00:00,Crawley Town,Leyton Orient,0,2,0.0,1.0,A,A,2.6,3.3,2.75,1.95,1.9
E3,2022-04-30,15:00:00,Forest Green,Harrogate,1,3,1.0,1.0,A,D,1.4,5.0,7.0,1.7,2.1
E3,2022-04-30,15:00:00,Northampton,Exeter,1,1,1.0,0.0,D,H,2.2,3.2,3.5,2.25,1.61
E3,2022-04-30,15:00:00,Rochdale,Bristol Rvs,3,4,2.0,0.0,A,H,3.5,3.4,2.1,2.1,1.77
E3,2022-04-30,15:00:00,Scunthorpe,Hartlepool,1,1,0.0,0.0,D,D,4.2,3.4,1.9,2.0,1.8
E3,2022-04-30,15:00:00,Sutton,Bradford,1,4,0.0,1.0,A,A,1.66,3.75,5.25,1.98,1.88
E3,2022-04-30,15:00:00,Swindon,Barrow,2,1,1.0,0.0,H,H,1.45,4.5,6.5,1.8,2.05
E3,2022-04-30,15:00:00,Tranmere,Oldham,2,0,1.0,0.0,H,H,1.66,3.8,5.0,1.95,1.85
E3,2022-05-02,12:30:00,Salford,Mansfield,2,2,1.0,2.0,D,A,2.3,3.3,2.87,2.05,1.75
E3,2022-05-02,15:00:00,Port Vale,Newport County,1,2,0.0,1.0,A,A,1.9,3.3,4.0,2.1,1.7
E3,2022-05-07,15:00:00,Barrow,Northampton,1,3,1.0,3.0,A,A,5.25,4.2,1.61,2.0,1.85
E3,2022-05-07,15:00:00,Bradford,Carlisle,2,0,1.0,0.0,H,H,1.95,3.6,3.8,1.72,2.07
E3,2022-05-07,15:00:00,Bristol Rvs,Scunthorpe,7,0,2.0,0.0,H,H,1.14,8.0,19.0,1.5,2.5
E3,2022-05-07,15:00:00,Exeter,Port Vale,0,1,0.0,1.0,A,A,2.25,3.3,3.2,2.02,1.83
E3,2022-05-07,15:00:00,Harrogate,Sutton,0,2,0.0,1.0,A,A,4.2,4.0,1.75,1.65,2.2
E3,2022-05-07,15:00:00,Hartlepool,Colchester,0,2,0.0,1.0,A,A,2.2,3.5,3.2,1.8,2.0
E3,2022-05-07,15:00:00,Leyton Orient,Tranmere,0,1,0.0,1.0,A,A,2.45,3.5,2.75,2.0,1.85
E3,2022-05-07,15:00:00,Mansfield,Forest Green,2,2,1.0,0.0,D,H,2.0,3.6,3.6,1.75,2.05
E3,2022-05-07,15:00:00,Newport County,Rochdale,0,2,0.0,1.0,A,A,1.95,3.6,3.75,1.72,2.07
E3,2022-05-07,15:00:00,Oldham,Crawley Town,3,3,2.0,2.0,D,D,2.6,3.4,2.62,1.75,2.05
E3,2022-05-07,15:00:00,Stevenage,Salford,4,2,2.0,1.0,H,H,2.8,3.5,2.45,1.85,2.0
E3,2022-05-07,15:00:00,Walsall,Swindon,0,3,0.0,3.0,A,A,4.33,4.0,1.75,1.83,2.02
D1,2021-08-13,19:30:00,M'gladbach,Bayern Munich,1,1,1.0,1.0,D,D,4.33,4.5,1.66,1.4,3.0
D1,2021-08-14,14:30:00,Augsburg,Hoffenheim,0,4,0.0,1.0,A,A,3.2,3.75,2.1,1.61,2.3
D1,2021-08-14,14:30:00,Bielefeld,Freiburg,0,0,0.0,0.0,D,D,2.8,3.4,2.5,2.05,1.88
D1,2021-08-14,14:30:00,Stuttgart,Greuther Furth,5,1,2.0,0.0,H,H,1.83,4.0,4.0,1.61,2.3
D1,2021-08-14,14:30:00,Union Berlin,Leverkusen,1,1,1.0,1.0,D,D,2.75,3.4,2.55,1.9,1.9
D1,2021-08-14,14:30:00,Wolfsburg,Bochum,1,0,1.0,0.0,H,H,1.53,4.5,5.75,1.57,2.37
D1,2021-08-14,17:30:00,Dortmund,Ein Frankfurt,5,2,3.0,1.0,H,H,1.4,5.5,6.5,1.36,3.2
D1,2021-08-15,14:30:00,Mainz,RB Leipzig,1,0,1.0,0.0,H,H,8.0,5.5,1.33,1.53,2.5
D1,2021-08-15,16:30:00,FC Koln,Hertha,3,1,1.0,1.0,H,D,2.55,3.4,2.75,2.0,1.93
D1,2021-08-20,19:30:00,RB Leipzig,Stuttgart,4,0,1.0,0.0,H,H,1.36,5.25,7.0,1.53,2.5
D1,2021-08-21,14:30:00,Bochum,Mainz,2,0,1.0,0.0,H,H,2.62,3.5,2.62,1.8,2.0
D1,2021-08-21,14:30:00,Ein Frankfurt,Augsburg,0,0,0.0,0.0,D,D,1.57,4.5,5.25,1.53,2.5
D1,2021-08-21,14:30:00,Freiburg,Dortmund,2,1,1.0,0.0,H,H,5.5,4.75,1.5,1.5,2.62
D1,2021-08-21,14:30:00,Greuther Furth,Bielefeld,1,1,0.0,1.0,D,A,2.55,3.4,2.7,2.0,1.8
D1,2021-08-21,14:30:00,Hertha,Wolfsburg,1,2,0.0,0.0,A,D,3.0,3.4,2.37,1.8,2.0
D1,2021-08-21,17:30:00,Leverkusen,M'gladbach,4,0,2.0,0.0,H,H,2.2,3.75,3.0,1.57,2.37
D1,2021-08-22,14:30:00,Hoffenheim,Union Berlin,2,2,2.0,1.0,D,H,2.0,3.6,3.6,1.72,2.1
D1,2021-08-22,16:30:00,Bayern Munich,FC Koln,3,2,0.0,0.0,H,D,1.11,11.0,16.0,1.28,3.75
D1,2021-08-27,19:30:00,Dortmund,Hoffenheim,3,2,0.0,0.0,H,D,1.4,5.5,6.5,1.3,3.5
D1,2021-08-28,14:30:00,Augsburg,Leverkusen,1,4,1.0,2.0,A,A,4.75,3.8,1.72,1.8,2.0
D1,2021-08-28,14:30:00,Bielefeld,Ein Frankfurt,1,1,0.0,1.0,D,A,3.3,3.6,2.1,1.8,2.0
D1,2021-08-28,14:30:00,FC Koln,Bochum,2,1,0.0,0.0,H,D,1.83,3.75,4.2,1.72,2.1
D1,2021-08-28,14:30:00,Mainz,Greuther Furth,3,0,2.0,0.0,H,H,1.66,4.0,5.0,1.72,2.1
D1,2021-08-28,14:30:00,Stuttgart,Freiburg,2,3,2.0,3.0,A,A,2.15,3.6,3.2,1.72,2.1
D1,2021-08-28,17:30:00,Bayern Munich,Hertha,5,0,2.0,0.0,H,H,1.14,9.0,15.0,1.25,4.0
D1,2021-08-29,14:30:00,Union Berlin,M'gladbach,2,1,2.0,0.0,H,H,2.45,3.25,2.9,1.8,2.0
D1,2021-08-29,16:30:00,Wolfsburg,RB Leipzig,1,0,0.0,0.0,H,D,3.6,3.5,2.05,1.8,2.0
D1,2021-09-11,14:30:00,Freiburg,FC Koln,1,1,0.0,1.0,D,A,2.2,3.6,3.1,1.66,2.2
D1,2021-09-11,14:30:00,Greuther Furth,Wolfsburg,0,2,0.0,1.0,A,A,5.5,4.33,1.57,1.61,2.3
D1,2021-09-11,14:30:00,Hoffenheim,Mainz,0,2,0.0,1.0,A,A,2.0,3.75,3.5,1.57,2.37
D1,2021-09-11,14:30:00,Leverkusen,Dortmund,3,4,2.0,1.0,A,H,3.1,3.8,2.15,1.4,3.0
D1,2021-09-11,14:30:00,Union Berlin,Augsburg,0,0,0.0,0.0,D,D,1.7,3.75,5.0,1.91,1.99
D1,2021-09-11,17:30:00,RB Leipzig,Bayern Munich,1,4,0.0,1.0,A,A,3.0,3.8,2.2,1.44,2.75
D1,2021-09-12,14:30:00,Ein Frankfurt,Stuttgart,1,1,0.0,0.0,D,D,2.0,3.75,3.5,1.5,2.62
D1,2021-09-12,16:30:00,Bochum,Hertha,1,3,0.0,2.0,A,A,2.8,3.4,2.5,2.02,1.88
D1,2021-09-12,18:30:00,M'gladbach,Bielefeld,3,1,1.0,1.0,H,D,1.44,4.75,7.0,1.66,2.2
D1,2021-09-17,19:30:00,Hertha,Greuther Furth,2,1,0.0,0.0,H,D,1.75,3.75,4.2,1.86,2.04
D1,2021-09-18,14:30:00,Augsburg,M'gladbach,1,0,0.0,0.0,H,D,4.2,4.0,1.8,1.57,2.37
D1,2021-09-18,14:30:00,Bayern Munich,Bochum,7,0,4.0,0.0,H,H,1.06,13.0,29.0,1.16,5.0
D1,2021-09-18,14:30:00,Bielefeld,Hoffenheim,0,0,0.0,0.0,D,D,3.5,3.6,2.05,1.72,2.1
D1,2021-09-18,14:30:00,Mainz,Freiburg,0,0,0.0,0.0,D,D,2.0,3.6,3.6,1.8,2.0
D1,2021-09-18,17:30:00,FC Koln,RB Leipzig,1,1,0.0,0.0,D,D,4.5,4.0,1.72,1.57,2.37
D1,2021-09-19,14:30:00,Stuttgart,Leverkusen,1,3,1.0,2.0,A,A,3.3,3.75,2.1,1.53,2.5
D1,2021-09-19,16:30:00,Dortmund,Union Berlin,4,2,2.0,0.0,H,H,1.36,5.25,8.0,1.44,2.75
D1,2021-09-19,18:30:00,Wolfsburg,Ein Frankfurt,1,1,0.0,1.0,D,A,1.8,3.8,4.33,1.72,2.1
D1,2021-09-24,19:30:00,Greuther Furth,Bayern Munich,1,3,0.0,2.0,A,A,23.0,13.0,1.07,1.14,5.5
D1,2021-09-25,14:30:00,Ein Frankfurt,FC Koln,1,1,1.0,1.0,D,D,2.0,3.75,3.5,1.57,2.37
D1,2021-09-25,14:30:00,Hoffenheim,Wolfsburg,3,1,1.0,1.0,H,D,2.75,3.5,2.5,1.66,2.2
D1,2021-09-25,14:30:00,Leverkusen,Mainz,1,0,0.0,0.0,H,D,1.72,4.0,4.5,1.61,2.3
D1,2021-09-25,14:30:00,RB Leipzig,Hertha,6,0,3.0,0.0,H,H,1.3,5.5,10.0,1.57,2.37
D1,2021-09-25,14:30:00,Union Berlin,Bielefeld,1,0,0.0,0.0,H,D,1.66,3.8,5.5,2.06,1.84
D1,2021-09-25,17:30:00,M'gladbach,Dortmund,1,0,1.0,0.0,H,H,4.33,4.2,1.72,1.36,3.2
D1,2021-09-26,14:30:00,Bochum,Stuttgart,0,0,0.0,0.0,D,D,3.0,3.5,2.3,1.72,2.1
D1,2021-09-26,16:30:00,Freiburg,Augsburg,3,0,3.0,0.0,H,H,1.85,3.6,4.33,2.0,1.8
D1,2021-10-01,19:30:00,FC Koln,Greuther Furth,3,1,0.0,1.0,H,A,1.4,5.0,7.0,1.44,2.75
D1,2021-10-02,14:30:00,Dortmund,Augsburg,2,1,1.0,1.0,H,D,1.22,6.5,12.0,1.36,3.2
D1,2021-10-02,14:30:00,Hertha,Freiburg,1,2,0.0,1.0,A,A,2.9,3.4,2.4,1.97,1.93
D1,2021-10-02,14:30:00,Stuttgart,Hoffenheim,3,1,1.0,0.0,H,H,2.62,3.75,2.45,1.44,2.75
D1,2021-10-02,14:30:00,Wolfsburg,M'gladbach,1,3,1.0,2.0,A,A,2.1,3.6,3.4,1.72,2.1
D1,2021-10-02,17:30:00,RB Leipzig,Bochum,3,0,0.0,0.0,H,D,1.2,7.0,12.0,1.4,3.0
D1,2021-10-03,14:30:00,Mainz,Union Berlin,1,2,1.0,0.0,A,H,2.05,3.5,3.6,2.0,1.8
D1,2021-10-03,16:30:00,Bayern Munich,Ein Frankfurt,1,2,1.0,1.0,A,D,1.16,8.0,15.0,1.2,4.5
D1,2021-10-03,18:30:00,Bielefeld,Leverkusen,0,4,0.0,2.0,A,A,5.0,4.0,1.61,1.72,2.1
D1,2021-10-15,19:30:00,Hoffenheim,FC Koln,5,0,1.0,0.0,H,H,2.0,3.9,3.3,1.44,2.75
D1,2021-10-16,14:30:00,Dortmund,Mainz,3,1,1.0,0.0,H,H,1.4,5.0,7.5,1.44,2.75
D1,2021-10-16,14:30:00,Ein Frankfurt,Hertha,1,2,0.0,1.0,A,A,1.75,3.8,4.5,1.8,2.0
D1,2021-10-16,14:30:00,Freiburg,RB Leipzig,1,1,0.0,1.0,D,A,4.0,4.0,1.85,1.66,2.2
D1,2021-10-16,14:30:00,Greuther Furth,Bochum,0,1,0.0,0.0,A,D,2.37,3.5,2.9,1.72,2.1
D1,2021-10-16,14:30:00,Union Berlin,Wolfsburg,2,0,0.0,0.0,H,D,2.7,3.25,2.7,2.1,1.72
D1,2021-10-16,17:30:00,M'gladbach,Stuttgart,1,1,1.0,1.0,D,D,1.5,4.75,6.0,1.53,2.5
D1,2021-10-17,14:30:00,Leverkusen,Bayern Munich,1,5,0.0,5.0,A,A,4.75,4.6,1.6,1.28,3.75
D1,2021-10-17,16:30:00,Augsburg,Bielefeld,1,1,1.0,0.0,D,H,2.25,3.2,3.4,2.2,1.66
D1,2021-10-22,19:30:00,Mainz,Augsburg,4,1,3.0,0.0,H,H,1.61,3.8,5.75,2.0,1.8
D1,2021-10-23,14:30:00,Bayern Munich,Hoffenheim,4,0,2.0,0.0,H,H,1.14,9.0,15.0,1.2,4.5
D1,2021-10-23,14:30:00,Bielefeld,Dortmund,1,3,0.0,2.0,A,A,6.0,4.5,1.5,1.61,2.3
D1,2021-10-23,14:30:00,RB Leipzig,Greuther Furth,4,1,0.0,1.0,H,A,1.12,8.5,21.0,1.33,3.4
D1,2021-10-23,14:30:00,Wolfsburg,Freiburg,0,2,0.0,1.0,A,A,2.1,3.3,3.6,2.1,1.72
D1,2021-10-23,17:30:00,Hertha,M'gladbach,1,0,1.0,0.0,H,H,3.75,3.5,2.0,1.72,2.1
D1,2021-10-24,14:30:00,FC Koln,Leverkusen,2,2,0.0,2.0,D,A,3.3,3.8,2.05,1.53,2.5
D1,2021-10-24,16:30:00,Stuttgart,Union Berlin,1,1,0.0,1.0,D,A,2.37,3.5,2.9,1.9,1.9
D1,2021-10-24,18:30:00,Bochum,Ein Frankfurt,2,0,1.0,0.0,H,H,3.2,3.5,2.2,1.8,2.0
D1,2021-10-29,19:30:00,Hoffenheim,Hertha,2,0,2.0,0.0,H,H,1.66,4.0,4.75,1.66,2.2
D1,2021-10-30,14:30:00,Bielefeld,Mainz,1,2,1.0,1.0,A,D,3.75,3.5,2.0,2.1,1.72
D1,2021-10-30,14:30:00,Dortmund,FC Koln,2,0,1.0,0.0,H,H,1.45,5.0,6.0,1.4,3.0
D1,2021-10-30,14:30:00,Freiburg,Greuther Furth,3,1,2.0,0.0,H,H,1.36,5.0,8.0,1.61,2.3
D1,2021-10-30,14:30:00,Leverkusen,Wolfsburg,0,2,0.0,0.0,A,D,1.9,3.75,4.0,1.8,2.0
D1,2021-10-30,14:30:00,Union Berlin,Bayern Munich,2,5,1.0,3.0,A,A,9.0,5.75,1.3,1.4,3.0
D1,2021-10-30,17:30:00,Ein Frankfurt,RB Leipzig,1,1,0.0,1.0,D,A,4.2,4.0,1.75,1.53,2.5
D1,2021-10-31,14:30:00,Augsburg,Stuttgart,4,1,1.0,1.0,H,D,3.0,3.3,2.4,1.95,1.98
D1,2021-10-31,16:30:00,M'gladbach,Bochum,2,1,2.0,0.0,H,H,1.36,5.0,8.5,1.53,2.5
D1,2021-11-05,19:30:00,Mainz,M'gladbach,1,1,0.0,1.0,D,A,2.62,3.6,2.55,1.72,2.1
D1,2021-11-06,14:30:00,Bayern Munich,Freiburg,2,1,1.0,0.0,H,H,1.16,8.0,15.0,1.25,4.0
D1,2021-11-06,14:30:00,Bochum,Hoffenheim,2,0,0.0,0.0,H,D,3.8,3.8,1.9,1.61,2.3
D1,2021-11-06,14:30:00,Stuttgart,Bielefeld,0,1,0.0,1.0,A,A,1.8,3.8,4.33,1.8,2.0
D1,2021-11-06,14:30:00,Wolfsburg,Augsburg,1,0,1.0,0.0,H,H,1.5,4.2,6.5,1.8,2.0
D1,2021-11-06,17:30:00,RB Leipzig,Dortmund,2,1,1.0,0.0,H,H,1.9,3.8,3.8,1.57,2.37
D1,2021-11-07,14:30:00,Hertha,Leverkusen,1,1,1.0,0.0,D,H,3.5,3.75,2.0,1.72,2.1
D1,2021-11-07,16:30:00,FC Koln,Union Berlin,2,2,1.0,2.0,D,A,2.05,3.5,3.6,1.72,2.1
D1,2021-11-07,18:30:00,Greuther Furth,Ein Frankfurt,1,2,0.0,0.0,A,D,3.75,3.75,1.95,1.72,2.1
D1,2021-11-19,19:30:00,Augsburg,Bayern Munich,2,1,2.0,1.0,H,H,15.0,8.0,1.16,1.3,3.5
D1,2021-11-20,14:30:00,Bielefeld,Wolfsburg,2,2,1.0,0.0,D,H,4.2,3.5,1.9,2.05,1.85
D1,2021-11-20,14:30:00,Dortmund,Stuttgart,2,1,0.0,0.0,H,D,1.33,5.5,8.0,1.44,2.75
D1,2021-11-20,14:30:00,Hoffenheim,RB Leipzig,2,0,1.0,0.0,H,H,4.0,4.33,1.75,1.57,2.37
D1,2021-11-20,14:30:00,Leverkusen,Bochum,1,0,1.0,0.0,H,H,1.36,5.0,9.0,1.53,2.5
D1,2021-11-20,14:30:00,M'gladbach,Greuther Furth,4,0,3.0,0.0,H,H,1.28,6.0,10.0,1.44,2.75
D1,2021-11-20,17:30:00,Union Berlin,Hertha,2,0,2.0,0.0,H,H,2.0,3.5,3.8,2.2,1.66
D1,2021-11-21,14:30:00,Freiburg,Ein Frankfurt,0,2,0.0,2.0,A,A,2.0,3.6,3.6,1.72,2.1
D1,2021-11-21,16:30:00,Mainz,FC Koln,1,1,1.0,0.0,D,H,2.1,3.6,3.4,1.72,2.1
D1,2021-11-26,19:30:00,Stuttgart,Mainz,2,1,1.0,1.0,H,D,2.9,3.3,2.45,2.08,1.85
D1,2021-11-27,14:30:00,Bochum,Freiburg,2,1,0.0,0.0,H,D,3.2,3.4,2.25,2.03,1.9
D1,2021-11-27,14:30:00,FC Koln,M'gladbach,4,1,0.0,0.0,H,D,2.7,3.8,2.37,1.57,2.37
D1,2021-11-27,14:30:00,Greuther Furth,Hoffenheim,3,6,1.0,2.0,A,A,4.75,4.33,1.65,1.53,2.5
D1,2021-11-27,14:30:00,Hertha,Augsburg,1,1,1.0,0.0,D,H,2.05,3.25,3.8,2.2,1.66
D1,2021-11-27,14:30:00,Wolfsburg,Dortmund,1,3,1.0,1.0,A,D,2.9,3.5,2.37,1.89,2.04
D1,2021-11-27,17:30:00,Bayern Munich,Bielefeld,1,0,0.0,0.0,H,D,1.07,12.0,27.0,1.22,4.33
D1,2021-11-28,14:30:00,Ein Frankfurt,Union Berlin,2,1,1.0,0.0,H,H,2.3,3.5,3.0,1.97,1.96
D1,2021-11-28,16:30:00,RB Leipzig,Leverkusen,1,3,0.0,2.0,A,A,1.85,4.0,3.8,1.53,2.5
D1,2021-12-03,19:30:00,Union Berlin,RB Leipzig,2,1,1.0,1.0,H,D,3.5,3.7,2.0,1.72,2.1
D1,2021-12-04,14:30:00,Augsburg,Bochum,2,3,0.0,3.0,A,A,2.3,3.4,3.1,2.04,1.86
D1,2021-12-04,14:30:00,Bielefeld,FC Koln,1,1,0.0,1.0,D,A,3.4,3.5,2.1,1.87,2.03
D1,2021-12-04,14:30:00,Hoffenheim,Ein Frankfurt,3,2,2.0,1.0,H,H,1.9,3.8,3.75,1.57,2.37
D1,2021-12-04,14:30:00,Leverkusen,Greuther Furth,7,1,3.0,1.0,H,H,1.22,6.5,12.0,1.33,3.4
D1,2021-12-04,14:30:00,Mainz,Wolfsburg,3,0,2.0,0.0,H,H,2.5,3.3,2.87,2.1,1.72
D1,2021-12-04,17:30:00,Dortmund,Bayern Munich,2,3,1.0,2.0,A,A,4.0,4.33,1.75,1.33,3.4
D1,2021-12-05,14:30:00,Stuttgart,Hertha,2,2,2.0,1.0,D,H,2.2,3.4,3.3,1.99,1.91
D1,2021-12-05,16:30:00,M'gladbach,Freiburg,0,6,0.0,6.0,A,A,1.83,3.75,4.2,1.72,2.1
D1,2021-12-10,19:30:00,FC Koln,Augsburg,0,2,0.0,0.0,A,D,1.65,4.0,5.0,1.72,2.1
D1,2021-12-11,14:30:00,Bayern Munich,Mainz,2,1,0.0,1.0,H,A,1.2,7.5,12.0,1.33,3.4
D1,2021-12-11,14:30:00,Bochum,Dortmund,1,1,1.0,0.0,D,H,6.0,4.5,1.5,1.44,2.75
D1,2021-12-11,14:30:00,Freiburg,Hoffenheim,1,2,1.0,1.0,A,D,2.3,3.5,3.0,1.61,2.3
D1,2021-12-11,14:30:00,Hertha,Bielefeld,2,0,0.0,0.0,H,D,2.0,3.3,4.0,2.0,1.8
D1,2021-12-11,14:30:00,RB Leipzig,M'gladbach,4,1,2.0,0.0,H,H,1.75,4.2,4.2,1.53,2.5
D1,2021-12-11,17:30:00,Wolfsburg,Stuttgart,0,2,0.0,1.0,A,A,1.8,3.75,4.33,1.94,1.99
D1,2021-12-12,14:30:00,Greuther Furth,Union Berlin,1,0,0.0,0.0,H,D,4.75,4.0,1.7,1.72,2.1
D1,2021-12-12,16:30:00,Ein Frankfurt,Leverkusen,5,2,2.0,2.0,H,D,3.2,3.8,2.1,1.57,2.37
D1,2021-12-14,17:30:00,Stuttgart,Bayern Munich,0,5,0.0,1.0,A,A,9.0,6.0,1.28,1.36,3.2
D1,2021-12-14,19:30:00,Bielefeld,Bochum,2,0,0.0,0.0,H,D,2.3,3.4,3.1,1.97,1.96
D1,2021-12-14,19:30:00,Mainz,Hertha,4,0,2.0,0.0,H,H,1.9,3.5,4.2,2.04,1.89
D1,2021-12-14,19:30:00,Wolfsburg,FC Koln,2,3,1.0,1.0,A,D,2.1,3.5,3.4,1.9,2.03
D1,2021-12-15,17:30:00,M'gladbach,Ein Frankfurt,2,3,1.0,1.0,A,D,1.95,3.8,3.6,1.66,2.2
D1,2021-12-15,19:30:00,Augsburg,RB Leipzig,1,1,0.0,1.0,D,A,6.5,4.75,1.45,1.61,2.3
D1,2021-12-15,19:30:00,Dortmund,Greuther Furth,3,0,1.0,0.0,H,H,1.1,10.0,21.0,1.25,4.0
D1,2021-12-15,19:30:00,Leverkusen,Hoffenheim,2,2,1.0,0.0,D,H,1.8,4.0,4.0,1.44,2.75
D1,2021-12-15,19:30:00,Union Berlin,Freiburg,0,0,0.0,0.0,D,D,2.4,3.4,2.9,2.05,1.85
D1,2021-12-17,19:30:00,Bayern Munich,Wolfsburg,4,0,1.0,0.0,H,H,1.18,8.0,13.0,1.3,3.5
D1,2021-12-18,14:30:00,Bochum,Union Berlin,0,1,0.0,1.0,A,A,2.9,3.4,2.37,2.0,1.8
D1,2021-12-18,14:30:00,Ein Frankfurt,Mainz,1,0,1.0,0.0,H,H,2.25,3.5,3.0,1.8,2.0
D1,2021-12-18,14:30:00,Greuther Furth,Augsburg,0,0,0.0,0.0,D,D,2.9,3.4,2.37,1.96,1.94
D1,2021-12-18,14:30:00,Hoffenheim,M'gladbach,1,1,0.0,1.0,D,A,1.95,3.8,3.5,1.5,2.62
D1,2021-12-18,14:30:00,RB Leipzig,Bielefeld,0,2,0.0,0.0,A,D,1.2,7.0,13.0,1.53,2.5
D1,2021-12-18,17:30:00,Hertha,Dortmund,3,2,0.0,1.0,H,A,5.25,4.33,1.57,1.57,2.37
D1,2021-12-19,14:30:00,Freiburg,Leverkusen,2,1,1.0,1.0,H,D,2.75,3.5,2.45,1.66,2.2
D1,2021-12-19,16:30:00,FC Koln,Stuttgart,1,0,0.0,0.0,H,D,1.9,3.9,3.6,1.61,2.3
D1,2022-01-07,19:30:00,Bayern Munich,M'gladbach,1,2,1.0,2.0,A,A,1.33,5.75,8.0,1.28,3.75
D1,2022-01-08,14:30:00,Freiburg,Bielefeld,2,2,1.0,0.0,D,H,1.6,4.0,5.75,2.0,1.9
D1,2022-01-08,14:30:00,Greuther Furth,Stuttgart,0,0,0.0,0.0,D,D,3.75,3.6,1.95,1.87,2.03
D1,2022-01-08,14:30:00,Hoffenheim,Augsburg,3,1,2.0,1.0,H,H,1.53,4.33,5.75,1.61,2.3
D1,2022-01-08,14:30:00,Leverkusen,Union Berlin,2,2,1.0,1.0,D,D,1.8,3.8,4.2,1.72,2.1
D1,2022-01-08,14:30:00,RB Leipzig,Mainz,4,1,1.0,0.0,H,H,1.8,3.75,4.33,1.72,2.1
D1,2022-01-08,17:30:00,Ein Frankfurt,Dortmund,2,3,2.0,0.0,A,H,3.5,3.9,1.95,1.44,2.75
D1,2022-01-09,14:30:00,Hertha,FC Koln,1,3,0.0,2.0,A,A,2.75,3.5,2.5,1.72,2.1
D1,2022-01-09,16:30:00,Bochum,Wolfsburg,1,0,0.0,0.0,H,D,3.5,3.4,2.1,1.96,1.94
D1,2022-01-14,19:30:00,Dortmund,Freiburg,5,1,3.0,0.0,H,H,1.44,5.0,5.75,1.4,3.0
D1,2022-01-15,14:30:00,FC Koln,Bayern Munich,0,4,0.0,2.0,A,A,8.0,5.75,1.33,1.3,3.5
D1,2022-01-15,14:30:00,Mainz,Bochum,1,0,0.0,0.0,H,D,1.65,3.75,5.5,2.0,1.9
D1,2022-01-15,14:30:00,Stuttgart,RB Leipzig,0,2,0.0,1.0,A,A,6.0,4.0,1.57,1.57,2.37
D1,2022-01-15,14:30:00,Union Berlin,Hoffenheim,2,1,1.0,1.0,H,D,2.87,3.5,2.4,1.72,2.1
D1,2022-01-15,14:30:00,Wolfsburg,Hertha,0,0,0.0,0.0,D,D,1.95,3.6,3.8,1.99,1.91
D1,2022-01-15,17:30:00,M'gladbach,Leverkusen,1,2,0.0,0.0,A,D,2.55,3.8,2.45,1.44,2.75
D1,2022-01-16,14:30:00,Augsburg,Ein Frankfurt,1,1,1.0,1.0,D,D,3.3,3.5,2.15,1.85,2.05
D1,2022-01-16,16:30:00,Bielefeld,Greuther Furth,2,2,1.0,1.0,D,D,1.95,3.6,4.0,2.07,1.83
D1,2022-01-21,19:30:00,Ein Frankfurt,Bielefeld,0,2,0.0,2.0,A,A,1.75,3.75,4.75,1.83,2.07
D1,2022-01-22,14:30:00,Freiburg,Stuttgart,2,0,1.0,0.0,H,H,1.9,3.6,4.0,2.02,1.88
D1,2022-01-22,14:30:00,Greuther Furth,Mainz,2,1,1.0,0.0,H,H,5.0,3.6,1.75,2.02,1.88
D1,2022-01-22,14:30:00,Hoffenheim,Dortmund,2,3,1.0,1.0,A,D,3.0,4.0,2.1,1.4,3.0
D1,2022-01-22,14:30:00,Leverkusen,Augsburg,5,1,2.0,0.0,H,H,1.44,4.5,7.0,1.57,2.37
D1,2022-01-22,14:30:00,M'gladbach,Union Berlin,1,2,1.0,1.0,A,D,2.15,3.6,3.2,1.85,2.05
D1,2022-01-22,17:30:00,Bochum,FC Koln,2,2,1.0,2.0,D,A,3.2,3.4,2.25,1.72,2.1
D1,2022-01-23,14:30:00,RB Leipzig,Wolfsburg,2,0,0.0,0.0,H,D,1.53,4.33,6.0,1.72,2.1
D1,2022-01-23,16:30:00,Hertha,Bayern Munich,1,4,0.0,2.0,A,A,11.0,6.5,1.2,1.36,3.2
D1,2022-02-04,19:30:00,Hertha,Bochum,1,1,1.0,0.0,D,H,2.15,3.6,3.25,1.9,2.0
D1,2022-02-05,14:30:00,Augsburg,Union Berlin,2,0,1.0,0.0,H,H,2.75,3.3,2.6,2.05,1.85
D1,2022-02-05,14:30:00,Bielefeld,M'gladbach,1,1,1.0,1.0,D,D,3.4,3.6,2.1,1.8,2.0
D1,2022-02-05,14:30:00,FC Koln,Freiburg,1,0,1.0,0.0,H,H,2.3,3.5,3.0,1.72,2.1
D1,2022-02-05,14:30:00,Mainz,Hoffenheim,2,0,0.0,0.0,H,D,2.6,3.4,2.7,1.72,2.1
D1,2022-02-05,14:30:00,Stuttgart,Ein Frankfurt,2,3,1.0,1.0,A,D,2.7,3.4,2.62,1.8,2.0
D1,2022-02-05,17:30:00,Bayern Munich,RB Leipzig,3,2,2.0,1.0,H,H,1.4,5.5,6.0,1.36,3.2
D1,2022-02-06,14:30:00,Dortmund,Leverkusen,2,5,1.0,3.0,A,A,1.95,4.2,3.3,1.4,3.0
D1,2022-02-06,16:30:00,Wolfsburg,Greuther Furth,4,1,1.0,1.0,H,D,1.57,3.8,6.0,1.94,1.96
D1,2022-02-11,19:30:00,RB Leipzig,FC Koln,3,1,1.0,0.0,H,H,1.44,4.75,7.0,1.5,2.62
D1,2022-02-12,14:30:00,Bochum,Bayern Munich,4,2,4.0,1.0,H,H,10.0,7.5,1.22,1.28,3.75
D1,2022-02-12,14:30:00,Ein Frankfurt,Wolfsburg,0,2,0.0,1.0,A,A,2.2,3.6,3.2,1.96,1.94
D1,2022-02-12,14:30:00,Freiburg,Mainz,1,1,0.0,1.0,D,A,2.15,3.3,3.5,2.03,1.87
D1,2022-02-12,14:30:00,Greuther Furth,Hertha,2,1,1.0,0.0,H,H,3.0,3.25,2.45,1.99,1.91
D1,2022-02-12,14:30:00,M'gladbach,Augsburg,3,2,1.0,0.0,H,H,1.65,4.33,4.75,1.66,2.2
D1,2022-02-12,17:30:00,Leverkusen,Stuttgart,4,2,1.0,0.0,H,H,1.4,4.75,7.0,1.44,2.75
D1,2022-02-13,14:30:00,Union Berlin,Dortmund,0,3,0.0,2.0,A,A,4.0,3.75,1.83,1.61,2.3
D1,2022-02-13,16:30:00,Hoffenheim,Bielefeld,2,0,1.0,0.0,H,H,1.5,4.33,5.75,1.66,2.2
D1,2022-02-18,19:30:00,Mainz,Leverkusen,3,2,0.0,1.0,H,A,3.1,3.75,2.15,1.72,2.1
D1,2022-02-19,14:30:00,Augsburg,Freiburg,1,2,1.0,2.0,A,A,3.1,3.4,2.3,2.03,1.87
D1,2022-02-19,14:30:00,Bielefeld,Union Berlin,1,0,0.0,0.0,H,D,3.0,3.25,2.45,2.2,1.66
D1,2022-02-19,14:30:00,Stuttgart,Bochum,1,1,0.0,0.0,D,D,2.2,3.4,3.3,1.95,1.95
D1,2022-02-19,14:30:00,Wolfsburg,Hoffenheim,1,2,1.0,0.0,A,H,2.7,3.5,2.55,1.72,2.1
D1,2022-02-19,17:30:00,FC Koln,Ein Frankfurt,1,0,0.0,0.0,H,D,2.25,3.5,3.1,1.61,2.3
D1,2022-02-20,14:30:00,Bayern Munich,Greuther Furth,4,1,0.0,1.0,H,A,1.07,13.0,26.0,1.14,5.5
D1,2022-02-20,16:30:00,Dortmund,M'gladbach,6,0,2.0,0.0,H,H,1.6,4.2,5.25,1.44,2.75
D1,2022-02-20,18:30:00,Hertha,RB Leipzig,1,6,0.0,1.0,A,A,6.5,4.2,1.53,1.66,2.2
D1,2022-02-25,19:30:00,Hoffenheim,Stuttgart,2,1,0.0,0.0,H,D,1.5,4.5,5.75,1.53,2.5
D1,2022-02-26,14:30:00,Freiburg,Hertha,3,0,1.0,0.0,H,H,1.55,4.33,5.5,1.72,2.1
D1,2022-02-26,14:30:00,Greuther Furth,FC Koln,1,1,0.0,0.0,D,D,3.6,3.6,2.0,1.72,2.1
D1,2022-02-26,14:30:00,Leverkusen,Bielefeld,3,0,1.0,0.0,H,H,1.36,5.25,8.0,1.53,2.5
D1,2022-02-26,14:30:00,M'gladbach,Wolfsburg,2,2,1.0,2.0,D,A,2.0,3.4,3.75,1.8,2.0
D1,2022-02-26,14:30:00,Union Berlin,Mainz,3,1,1.0,0.0,H,H,2.6,3.3,2.75,2.2,1.66
D1,2022-02-26,17:30:00,Ein Frankfurt,Bayern Munich,0,1,0.0,0.0,A,D,6.0,5.0,1.44,1.33,3.4
D1,2022-02-27,14:30:00,Bochum,RB Leipzig,0,1,0.0,0.0,A,D,5.0,4.0,1.65,1.66,2.2
D1,2022-02-27,16:30:00,Augsburg,Dortmund,1,1,0.0,1.0,D,A,5.0,4.33,1.61,1.5,2.62
D1,2022-03-04,19:30:00,Bielefeld,Augsburg,0,1,0.0,0.0,A,D,2.5,3.25,2.9,2.1,1.72
D1,2022-03-05,14:30:00,Bayern Munich,Leverkusen,1,1,1.0,1.0,D,D,1.4,5.75,6.0,1.25,4.0
D1,2022-03-05,14:30:00,Bochum,Greuther Furth,2,1,1.0,0.0,H,H,1.72,3.75,4.75,2.0,1.9
D1,2022-03-05,14:30:00,Hertha,Ein Frankfurt,1,4,0.0,1.0,A,A,3.3,3.4,2.15,1.72,2.1
D1,2022-03-05,14:30:00,RB Leipzig,Freiburg,1,1,0.0,1.0,D,A,1.61,4.2,5.25,1.66,2.2
D1,2022-03-05,14:30:00,Wolfsburg,Union Berlin,1,0,1.0,0.0,H,H,2.2,3.2,3.5,2.2,1.66
D1,2022-03-05,17:30:00,Stuttgart,M'gladbach,3,2,1.0,2.0,H,A,3.1,3.6,2.15,1.72,2.1
D1,2022-03-06,16:30:00,FC Koln,Hoffenheim,0,1,0.0,0.0,A,D,2.62,3.6,2.55,1.53,2.5
D1,2022-03-12,14:30:00,Freiburg,Wolfsburg,3,2,2.0,0.0,H,H,2.1,3.5,3.4,2.1,1.72
D1,2022-03-12,14:30:00,Hoffenheim,Bayern Munich,1,1,1.0,1.0,D,D,4.75,4.75,1.55,1.28,3.75
D1,2022-03-12,14:30:00,Union Berlin,Stuttgart,1,1,1.0,0.0,D,H,2.1,3.5,3.5,2.03,1.87
D1,2022-03-12,17:30:00,M'gladbach,Hertha,2,0,1.0,0.0,H,H,1.57,4.33,5.25,1.53,2.5
D1,2022-03-13,14:30:00,Leverkusen,FC Koln,0,1,0.0,0.0,A,D,1.61,4.2,5.25,1.5,2.62
D1,2022-03-13,16:30:00,Dortmund,Bielefeld,1,0,1.0,0.0,H,H,1.28,6.0,10.0,1.44,2.75
D1,2022-03-13,16:30:00,Ein Frankfurt,Bochum,2,1,0.0,1.0,H,A,1.9,3.5,4.2,1.8,2.0
D1,2022-03-13,18:30:00,Greuther Furth,RB Leipzig,1,6,1.0,4.0,A,A,8.5,5.0,1.36,1.57,2.37
D1,2022-03-16,17:30:00,Mainz,Dortmund,0,1,0.0,0.0,A,D,4.0,3.8,1.85,1.61,2.3
D1,2022-03-18,19:30:00,Bochum,M'gladbach,0,2,0.0,0.0,A,D,2.8,3.6,2.37,1.72,2.1
D1,2022-03-19,14:30:00,Greuther Furth,Freiburg,0,0,0.0,0.0,D,D,4.75,4.0,1.7,1.8,2.0
D1,2022-03-19,14:30:00,Hertha,Hoffenheim,3,0,1.0,0.0,H,H,4.2,4.2,1.72,1.57,2.37
D1,2022-03-19,14:30:00,Mainz,Bielefeld,4,0,1.0,0.0,H,H,1.6,3.75,6.0,2.2,1.66
D1,2022-03-19,14:30:00,Stuttgart,Augsburg,3,2,1.0,2.0,H,A,2.0,3.6,3.6,1.96,1.94
D1,2022-03-19,17:30:00,Bayern Munich,Union Berlin,4,0,3.0,0.0,H,H,1.16,8.0,13.0,1.3,3.5
D1,2022-03-20,14:30:00,RB Leipzig,Ein Frankfurt,0,0,0.0,0.0,D,D,1.44,4.5,7.5,1.57,2.37
D1,2022-03-20,16:30:00,Wolfsburg,Leverkusen,0,2,0.0,0.0,A,D,3.0,3.4,2.3,1.72,2.1
D1,2022-03-20,18:30:00,FC Koln,Dortmund,1,1,1.0,1.0,D,D,3.5,3.75,2.0,1.57,2.37
D1,2022-04-01,19:30:00,Union Berlin,FC Koln,1,0,0.0,0.0,H,D,2.25,3.3,3.3,2.1,1.72
D1,2022-04-02,14:30:00,Bielefeld,Stuttgart,1,1,0.0,1.0,D,A,3.0,3.4,2.35,2.03,1.87
D1,2022-04-02,14:30:00,Ein Frankfurt,Greuther Furth,0,0,0.0,0.0,D,D,1.44,4.75,6.5,1.61,2.3
D1,2022-04-02,14:30:00,Freiburg,Bayern Munich,1,4,0.0,0.0,A,D,5.5,4.75,1.5,1.44,2.75
D1,2022-04-02,14:30:00,Hoffenheim,Bochum,1,2,0.0,1.0,A,A,1.5,4.33,6.5,1.57,2.37
D1,2022-04-02,14:30:00,Leverkusen,Hertha,2,1,2.0,1.0,H,H,1.4,5.25,6.0,1.44,2.75
D1,2022-04-02,17:30:00,Dortmund,RB Leipzig,1,4,0.0,2.0,A,A,2.5,3.6,2.62,1.53,2.5
D1,2022-04-03,14:30:00,Augsburg,Wolfsburg,3,0,1.0,0.0,H,H,2.8,3.4,2.5,2.1,1.72
D1,2022-04-03,16:30:00,M'gladbach,Mainz,1,1,1.0,0.0,D,H,2.25,3.4,3.2,1.72,2.1
D1,2022-04-06,17:30:00,Augsburg,Mainz,2,1,1.0,0.0,H,H,3.3,3.3,2.25,2.06,1.84
D1,2022-04-08,19:30:00,Stuttgart,Dortmund,0,2,0.0,1.0,A,A,3.9,4.1,1.8,1.61,2.3
D1,2022-04-09,14:30:00,Bayern Munich,Augsburg,1,0,0.0,0.0,H,D,1.11,10.0,19.0,1.22,4.33
D1,2022-04-09,14:30:00,FC Koln,Mainz,3,2,0.0,1.0,H,A,2.45,3.4,2.9,1.97,1.93
D1,2022-04-09,14:30:00,Greuther Furth,M'gladbach,0,2,0.0,2.0,A,A,4.75,4.0,1.7,1.66,2.2
D1,2022-04-09,14:30:00,Wolfsburg,Bielefeld,4,0,2.0,0.0,H,H,1.66,3.8,5.25,1.97,1.93
D1,2022-04-09,17:30:00,Hertha,Union Berlin,1,4,0.0,1.0,A,A,2.87,3.2,2.6,2.2,1.66
D1,2022-04-10,14:30:00,Bochum,Leverkusen,0,0,0.0,0.0,D,D,4.0,4.2,1.8,1.61,2.3
D1,2022-04-10,16:30:00,Ein Frankfurt,Freiburg,1,2,0.0,1.0,A,A,2.4,3.4,2.9,1.8,2.1
D1,2022-04-10,18:30:00,RB Leipzig,Hoffenheim,3,0,3.0,0.0,H,H,1.5,4.75,6.0,1.44,2.75
D1,2022-04-16,14:30:00,Augsburg,Hertha,0,1,0.0,0.0,A,D,1.9,3.5,4.2,1.91,1.99
D1,2022-04-16,14:30:00,Dortmund,Wolfsburg,6,1,5.0,0.0,H,H,1.53,4.33,5.75,1.57,2.37
D1,2022-04-16,14:30:00,Freiburg,Bochum,3,0,2.0,0.0,H,H,1.65,4.0,5.25,1.93,1.97
D1,2022-04-16,14:30:00,Mainz,Stuttgart,0,0,0.0,0.0,D,D,2.05,3.5,3.6,1.95,1.95
D1,2022-04-16,17:30:00,M'gladbach,FC Koln,1,3,0.0,3.0,A,A,2.05,3.6,3.5,1.61,2.3
D1,2022-04-17,14:30:00,Bielefeld,Bayern Munich,0,3,0.0,2.0,A,A,13.0,7.5,1.18,1.33,3.4
D1,2022-04-17,16:30:00,Hoffenheim,Greuther Furth,0,0,0.0,0.0,D,D,1.28,6.5,9.0,1.4,3.0
D1,2022-04-17,16:30:00,Union Berlin,Ein Frankfurt,2,0,2.0,0.0,H,H,2.15,3.4,3.4,2.04,1.86
D1,2022-04-17,18:30:00,Leverkusen,RB Leipzig,0,1,0.0,0.0,A,D,3.0,3.6,2.3,1.66,2.2
D1,2022-04-22,19:30:00,Wolfsburg,Mainz,5,0,5.0,0.0,H,H,2.3,3.4,3.1,1.93,1.97
D1,2022-04-23,14:30:00,Ein Frankfurt,Hoffenheim,2,2,1.0,1.0,D,D,2.55,3.6,2.62,1.53,2.5
D1,2022-04-23,14:30:00,FC Koln,Bielefeld,3,1,2.0,1.0,H,H,1.53,4.2,6.5,1.72,2.1
D1,2022-04-23,14:30:00,Freiburg,M'gladbach,3,3,0.0,2.0,D,A,1.83,4.0,4.0,1.57,2.37
D1,2022-04-23,14:30:00,Greuther Furth,Leverkusen,1,4,1.0,2.0,A,A,8.5,5.25,1.33,1.53,2.5
D1,2022-04-23,14:30:00,RB Leipzig,Union Berlin,1,2,0.0,0.0,A,D,1.55,4.0,6.5,2.0,1.9
D1,2022-04-23,17:30:00,Bayern Munich,Dortmund,3,1,2.0,0.0,H,H,1.36,5.75,7.0,1.25,4.0
D1,2022-04-24,14:30:00,Bochum,Augsburg,0,2,0.0,2.0,A,A,2.25,3.2,3.5,2.01,1.89
D1,2022-04-24,16:30:00,Hertha,Stuttgart,2,0,1.0,0.0,H,H,3.1,3.3,2.3,1.98,1.92
D1,2022-04-29,19:30:00,Union Berlin,Greuther Furth,1,1,0.0,1.0,D,A,1.28,5.25,13.0,1.8,2.0
D1,2022-04-30,14:30:00,Augsburg,FC Koln,1,4,0.0,2.0,A,A,2.8,3.25,2.6,1.84,2.06
D1,2022-04-30,14:30:00,Bielefeld,Hertha,1,1,0.0,0.0,D,D,2.62,3.2,2.8,2.1,1.72
D1,2022-04-30,14:30:00,Dortmund,Bochum,3,4,2.0,2.0,A,D,1.36,5.25,7.5,1.44,2.75
D1,2022-04-30,14:30:00,Mainz,Bayern Munich,3,1,2.0,1.0,H,H,5.75,4.5,1.53,1.44,2.75
D1,2022-04-30,14:30:00,Stuttgart,Wolfsburg,1,1,0.0,1.0,D,A,2.05,3.5,3.6,1.72,2.1
D1,2022-04-30,17:30:00,Hoffenheim,Freiburg,3,4,1.0,1.0,A,D,2.5,3.5,2.75,1.66,2.2
D1,2022-05-02,19:30:00,Leverkusen,Ein Frankfurt,2,0,1.0,0.0,H,H,1.4,5.0,7.0,1.44,2.75
D1,2022-05-02,19:30:00,M'gladbach,RB Leipzig,3,1,2.0,1.0,H,H,4.33,4.0,1.75,1.57,2.37
D1,2022-05-06,19:30:00,Bochum,Bielefeld,2,1,1.0,1.0,H,D,2.15,3.6,3.2,1.8,2.0
D1,2022-05-07,14:30:00,FC Koln,Wolfsburg,0,1,0.0,1.0,A,A,1.6,4.5,5.0,1.53,2.5
D1,2022-05-07,14:30:00,Freiburg,Union Berlin,1,4,0.0,3.0,A,A,1.9,3.6,4.0,1.8,2.0
D1,2022-05-07,14:30:00,Greuther Furth,Dortmund,1,3,0.0,1.0,A,A,9.0,6.0,1.3,1.36,3.2
D1,2022-05-07,14:30:00,Hoffenheim,Leverkusen,2,4,2.0,1.0,A,H,3.2,4.0,2.05,1.44,2.75
D1,2022-05-07,17:30:00,Hertha,Mainz,1,2,1.0,1.0,A,D,2.55,3.4,2.7,1.87,2.03
D1,2022-05-08,14:30:00,Ein Frankfurt,M'gladbach,1,1,0.0,1.0,D,A,2.3,3.8,2.8,1.4,3.0
D1,2022-05-08,16:30:00,Bayern Munich,Stuttgart,2,2,2.0,1.0,D,H,1.25,7.0,9.5,1.3,3.5
D1,2022-05-08,18:30:00,RB Leipzig,Augsburg,4,0,1.0,0.0,H,H,1.25,6.0,12.0,1.5,2.62
D1,2022-05-14,14:30:00,Augsburg,Greuther Furth,2,1,1.0,1.0,H,D,1.55,4.75,5.0,1.4,3.0
D1,2022-05-14,14:30:00,Bielefeld,RB Leipzig,1,1,0.0,0.0,D,D,10.0,6.0,1.25,1.4,3.0
D1,2022-05-14,14:30:00,Dortmund,Hertha,2,1,0.0,1.0,H,A,1.5,5.0,5.25,1.3,3.5
D1,2022-05-14,14:30:00,Leverkusen,Freiburg,2,1,0.0,0.0,H,D,2.4,3.8,2.62,1.4,3.0
D1,2022-05-14,14:30:00,Mainz,Ein Frankfurt,2,2,1.0,2.0,D,A,1.7,4.33,4.33,1.4,3.0
D1,2022-05-14,14:30:00,M'gladbach,Hoffenheim,5,1,3.0,1.0,H,H,2.0,4.33,3.1,1.22,4.33
D1,2022-05-14,14:30:00,Stuttgart,FC Koln,2,1,1.0,0.0,H,H,2.2,4.0,2.87,1.4,3.0
D1,2022-05-14,14:30:00,Union Berlin,Bochum,3,2,2.0,0.0,H,H,1.4,5.0,7.0,1.53,2.5
D1,2022-05-14,14:30:00,Wolfsburg,Bayern Munich,2,2,1.0,2.0,D,A,5.0,4.75,1.55,1.22,4.33
SP1,2021-08-13,20:00:00,Valencia,Getafe,1,0,1.0,0.0,H,H,2.55,3.0,3.1,2.62,1.5
SP1,2021-08-14,18:30:00,Cadiz,Levante,1,1,0.0,1.0,D,A,2.8,3.25,2.6,2.1,1.72
SP1,2021-08-14,18:30:00,Mallorca,Betis,1,1,1.0,0.0,D,H,3.3,3.4,2.2,2.0,1.8
SP1,2021-08-14,21:00:00,Alaves,Real Madrid,1,4,0.0,0.0,A,D,7.0,4.75,1.44,1.8,2.0
SP1,2021-08-14,21:00:00,Osasuna,Espanol,0,0,0.0,0.0,D,D,2.25,3.2,3.4,2.3,1.61
SP1,2021-08-15,16:30:00,Celta,Ath Madrid,1,2,0.0,1.0,A,A,4.2,3.4,1.9,2.2,1.66
SP1,2021-08-15,19:00:00,Barcelona,Sociedad,4,2,2.0,0.0,H,H,1.72,4.0,4.5,1.57,2.37
SP1,2021-08-15,21:15:00,Sevilla,Vallecano,3,0,1.0,0.0,H,H,1.44,4.2,8.0,1.99,1.94
SP1,2021-08-16,19:00:00,Villarreal,Granada,0,0,0.0,0.0,D,D,1.53,4.2,6.5,1.89,2.04
SP1,2021-08-16,21:00:00,Elche,Ath Bilbao,0,0,0.0,0.0,D,D,3.8,3.3,2.05,2.37,1.57
SP1,2021-08-20,20:00:00,Betis,Cadiz,1,1,1.0,1.0,D,D,1.5,4.2,7.0,1.9,1.9
SP1,2021-08-21,16:00:00,Alaves,Mallorca,0,1,0.0,0.0,A,D,2.25,3.2,3.4,2.5,1.53
SP1,2021-08-21,18:30:00,Espanol,Villarreal,0,0,0.0,0.0,D,D,3.1,3.4,2.3,2.2,1.66
SP1,2021-08-21,18:30:00,Granada,Valencia,1,1,1.0,0.0,D,H,2.45,3.4,2.87,2.3,1.61
SP1,2021-08-21,21:00:00,Ath Bilbao,Barcelona,1,1,0.0,0.0,D,D,4.0,3.75,1.85,1.8,2.0
SP1,2021-08-22,16:00:00,Sociedad,Vallecano,1,0,0.0,0.0,H,D,1.44,4.33,7.5,1.8,2.0
SP1,2021-08-22,18:30:00,Ath Madrid,Elche,1,0,1.0,0.0,H,H,1.22,5.75,17.0,1.9,1.9
SP1,2021-08-22,21:00:00,Levante,Real Madrid,3,3,0.0,1.0,D,A,5.0,4.33,1.6,1.61,2.3
SP1,2021-08-23,19:00:00,Getafe,Sevilla,0,1,0.0,0.0,A,D,3.5,3.2,2.2,2.5,1.53
SP1,2021-08-23,21:00:00,Osasuna,Celta,0,0,0.0,0.0,D,D,2.62,3.25,2.75,2.2,1.66
SP1,2021-08-27,19:00:00,Mallorca,Espanol,1,0,1.0,0.0,H,H,2.6,2.9,3.1,2.75,1.44
SP1,2021-08-27,21:15:00,Valencia,Alaves,3,0,2.0,0.0,H,H,1.75,3.6,4.75,2.2,1.66
SP1,2021-08-28,16:00:00,Celta,Ath Bilbao,0,1,0.0,1.0,A,A,2.4,3.2,3.1,2.3,1.61
SP1,2021-08-28,18:30:00,Elche,Sevilla,1,1,1.0,1.0,D,D,5.0,3.6,1.72,2.2,1.66
SP1,2021-08-28,18:30:00,Sociedad,Levante,1,0,1.0,0.0,H,H,1.53,4.2,6.0,1.72,2.1
SP1,2021-08-28,21:00:00,Betis,Real Madrid,0,1,0.0,0.0,A,D,4.2,3.8,1.8,1.66,2.2
SP1,2021-08-29,16:00:00,Barcelona,Getafe,2,1,2.0,1.0,H,H,1.4,4.75,7.5,1.72,2.1
SP1,2021-08-29,18:30:00,Cadiz,Osasuna,2,3,1.0,0.0,A,H,3.2,3.0,2.45,2.5,1.53
SP1,2021-08-29,18:30:00,Vallecano,Granada,4,0,3.0,0.0,H,H,2.55,3.2,2.87,2.3,1.61
SP1,2021-08-29,21:00:00,Ath Madrid,Villarreal,2,2,0.0,0.0,D,D,1.75,3.4,5.25,2.2,1.66
SP1,2021-09-11,17:30:00,Levante,Vallecano,1,1,1.0,0.0,D,H,2.1,3.4,3.5,2.0,1.8
SP1,2021-09-11,20:00:00,Ath Bilbao,Mallorca,2,0,0.0,0.0,H,D,1.72,3.6,5.25,2.3,1.61
SP1,2021-09-12,13:00:00,Espanol,Ath Madrid,1,2,1.0,0.0,A,H,4.33,3.3,1.9,2.37,1.57
SP1,2021-09-12,15:15:00,Osasuna,Valencia,1,4,1.0,1.0,A,D,2.4,3.2,3.1,2.3,1.61
SP1,2021-09-12,17:30:00,Cadiz,Sociedad,0,2,0.0,0.0,A,D,5.0,3.6,1.75,2.1,1.72
SP1,2021-09-12,20:00:00,Real Madrid,Celta,5,2,1.0,2.0,H,A,1.36,5.25,8.0,1.53,2.5
SP1,2021-09-13,19:00:00,Getafe,Elche,0,1,0.0,0.0,A,D,1.8,3.4,4.75,2.75,1.44
SP1,2021-09-13,21:00:00,Granada,Betis,1,2,0.0,1.0,A,A,3.1,3.25,2.37,2.1,1.72
SP1,2021-09-17,20:00:00,Celta,Cadiz,1,2,0.0,2.0,A,A,1.45,4.33,7.0,1.9,1.9
SP1,2021-09-18,13:00:00,Vallecano,Getafe,3,0,1.0,0.0,H,H,2.37,2.9,3.4,2.62,1.5
SP1,2021-09-18,15:15:00,Ath Madrid,Ath Bilbao,0,0,0.0,0.0,D,D,1.65,3.6,6.0,2.3,1.61
SP1,2021-09-18,17:30:00,Elche,Levante,1,1,1.0,0.0,D,H,2.4,3.1,3.2,2.3,1.61
SP1,2021-09-18,20:00:00,Alaves,Osasuna,0,2,0.0,2.0,A,A,3.1,3.0,2.55,2.5,1.53
SP1,2021-09-19,13:00:00,Mallorca,Villarreal,0,0,0.0,0.0,D,D,3.5,3.0,2.3,2.37,1.57
SP1,2021-09-19,15:15:00,Sociedad,Sevilla,0,0,0.0,0.0,D,D,2.55,3.2,2.87,2.2,1.66
SP1,2021-09-19,17:30:00,Betis,Espanol,2,2,2.0,1.0,D,H,2.0,3.2,4.2,2.3,1.61
SP1,2021-09-19,20:00:00,Valencia,Real Madrid,1,2,0.0,0.0,A,D,3.8,3.8,1.9,1.72,2.1
SP1,2021-09-20,20:00:00,Barcelona,Granada,1,1,0.0,1.0,D,A,1.28,5.75,10.0,1.5,2.62
SP1,2021-09-21,18:30:00,Getafe,Ath Madrid,1,2,1.0,0.0,A,H,6.0,3.5,1.66,2.62,1.5
SP1,2021-09-21,21:00:00,Ath Bilbao,Vallecano,1,2,1.0,1.0,A,D,1.85,3.5,4.33,2.5,1.53
SP1,2021-09-21,21:00:00,Levante,Celta,0,2,0.0,0.0,A,D,2.6,3.4,2.7,1.9,1.9
SP1,2021-09-22,18:30:00,Espanol,Alaves,1,0,0.0,0.0,H,D,1.8,3.5,4.75,2.5,1.53
SP1,2021-09-22,18:30:00,Sevilla,Valencia,3,1,3.0,1.0,H,H,1.61,3.8,6.0,2.0,1.8
SP1,2021-09-22,21:00:00,Real Madrid,Mallorca,6,1,3.0,1.0,H,H,1.22,6.5,12.0,1.57,2.37
SP1,2021-09-22,21:00:00,Villarreal,Elche,4,1,2.0,1.0,H,H,1.5,4.2,6.5,2.1,1.72
SP1,2021-09-23,18:30:00,Granada,Sociedad,2,3,1.0,0.0,A,H,4.2,3.4,1.9,2.0,1.8
SP1,2021-09-23,18:30:00,Osasuna,Betis,1,3,1.0,1.0,A,D,2.37,3.25,3.0,2.1,1.72
SP1,2021-09-23,21:00:00,Cadiz,Barcelona,0,0,0.0,0.0,D,D,6.0,4.33,1.5,1.61,2.3
SP1,2021-09-25,13:00:00,Alaves,Ath Madrid,1,0,1.0,0.0,H,H,7.5,4.0,1.5,2.2,1.66
SP1,2021-09-25,15:15:00,Valencia,Ath Bilbao,1,1,0.0,0.0,D,D,2.6,3.2,2.8,2.3,1.61
SP1,2021-09-25,17:30:00,Sevilla,Espanol,2,0,1.0,0.0,H,H,1.57,3.8,6.5,2.2,1.66
SP1,2021-09-25,20:00:00,Real Madrid,Villarreal,0,0,0.0,0.0,D,D,1.5,4.75,5.75,1.57,2.37
SP1,2021-09-26,13:00:00,Mallorca,Osasuna,2,3,2.0,1.0,A,H,2.7,3.2,2.75,2.5,1.53
SP1,2021-09-26,15:15:00,Barcelona,Levante,3,0,2.0,0.0,H,H,1.4,5.5,6.5,1.5,2.62
SP1,2021-09-26,17:30:00,Sociedad,Elche,1,0,0.0,0.0,H,D,1.4,4.5,9.0,2.0,1.8
SP1,2021-09-26,17:30:00,Vallecano,Cadiz,3,1,2.0,1.0,H,H,1.6,3.8,6.0,2.0,1.8
SP1,2021-09-26,20:00:00,Betis,Getafe,2,0,1.0,0.0,H,H,1.75,3.6,4.75,2.3,1.61
SP1,2021-09-27,20:00:00,Celta,Granada,1,0,0.0,0.0,H,D,1.61,4.0,5.5,1.9,1.9
SP1,2021-10-01,20:00:00,Ath Bilbao,Alaves,1,0,1.0,0.0,H,H,1.53,3.75,7.5,2.3,1.61
SP1,2021-10-02,13:00:00,Osasuna,Vallecano,1,0,0.0,0.0,H,D,2.15,3.4,3.4,2.1,1.72
SP1,2021-10-02,15:15:00,Mallorca,Levante,1,0,0.0,0.0,H,D,2.1,3.2,3.4,2.1,1.72
SP1,2021-10-02,17:30:00,Cadiz,Valencia,0,0,0.0,0.0,D,D,3.4,3.0,2.3,2.5,1.53
SP1,2021-10-02,20:00:00,Ath Madrid,Barcelona,2,0,2.0,0.0,H,H,1.9,3.5,4.0,2.0,1.8
SP1,2021-10-03,13:00:00,Elche,Celta,1,0,0.0,0.0,H,D,3.3,3.2,2.3,2.3,1.61
SP1,2021-10-03,15:15:00,Espanol,Real Madrid,2,1,1.0,0.0,H,H,5.0,4.0,1.66,1.72,2.1
SP1,2021-10-03,17:30:00,Getafe,Sociedad,1,1,1.0,0.0,D,H,3.6,3.1,2.2,2.75,1.44
SP1,2021-10-03,17:30:00,Villarreal,Betis,2,0,1.0,0.0,H,H,2.0,3.6,3.6,1.9,1.9
SP1,2021-10-03,20:00:00,Granada,Sevilla,1,0,1.0,0.0,H,H,4.8,3.4,1.72,2.2,1.66
SP1,2021-10-16,17:30:00,Levante,Getafe,0,0,0.0,0.0,D,D,2.5,2.9,3.25,2.5,1.53
SP1,2021-10-16,20:00:00,Sociedad,Mallorca,1,0,0.0,0.0,H,D,1.4,4.5,8.5,1.9,1.9
SP1,2021-10-17,13:00:00,Vallecano,Elche,2,1,1.0,1.0,H,D,1.8,3.5,4.75,2.3,1.61
SP1,2021-10-17,15:15:00,Celta,Sevilla,0,1,0.0,0.0,A,D,3.4,3.25,2.2,2.2,1.66
SP1,2021-10-17,17:30:00,Villarreal,Osasuna,1,2,0.0,1.0,A,A,1.66,3.75,5.25,1.9,1.9
SP1,2021-10-17,20:00:00,Barcelona,Valencia,3,1,2.0,1.0,H,H,1.5,4.33,6.5,1.66,2.2
SP1,2021-10-18,18:00:00,Alaves,Betis,0,1,0.0,0.0,A,D,3.5,3.3,2.15,2.1,1.72
SP1,2021-10-18,20:00:00,Espanol,Cadiz,2,0,1.0,0.0,H,H,1.66,3.6,5.75,2.3,1.61
SP1,2021-10-22,20:00:00,Osasuna,Granada,1,1,1.0,0.0,D,H,1.72,3.5,5.25,2.2,1.66
SP1,2021-10-23,13:00:00,Valencia,Mallorca,2,2,0.0,2.0,D,A,1.66,3.8,5.25,2.1,1.72
SP1,2021-10-23,15:15:00,Cadiz,Alaves,0,2,0.0,1.0,A,A,2.5,2.9,3.2,2.75,1.44
SP1,2021-10-23,17:30:00,Elche,Espanol,2,2,1.0,0.0,D,H,2.7,3.0,2.87,2.5,1.53
SP1,2021-10-23,20:00:00,Ath Bilbao,Villarreal,2,1,1.0,1.0,H,D,2.45,3.0,3.2,2.2,1.66
SP1,2021-10-24,13:00:00,Sevilla,Levante,5,3,3.0,1.0,H,H,1.44,4.2,8.0,2.0,1.9
SP1,2021-10-24,15:15:00,Barcelona,Real Madrid,1,2,0.0,1.0,A,A,2.75,3.6,2.45,1.66,2.2
SP1,2021-10-24,17:30:00,Betis,Vallecano,3,2,2.0,1.0,H,H,1.83,3.75,4.2,1.8,2.0
SP1,2021-10-24,20:00:00,Ath Madrid,Sociedad,2,2,0.0,1.0,D,A,1.61,3.7,6.0,2.2,1.66
SP1,2021-10-25,20:00:00,Getafe,Celta,0,3,0.0,0.0,A,D,2.5,3.0,3.1,2.75,1.44
SP1,2021-10-26,18:00:00,Alaves,Elche,1,0,0.0,0.0,H,D,2.3,3.0,3.5,2.75,1.44
SP1,2021-10-26,20:00:00,Espanol,Ath Bilbao,1,1,1.0,0.0,D,H,2.9,3.0,2.62,2.5,1.53
SP1,2021-10-26,20:30:00,Villarreal,Cadiz,3,3,1.0,2.0,D,A,1.3,5.5,9.5,1.72,2.1
SP1,2021-10-27,18:00:00,Mallorca,Sevilla,1,1,1.0,0.0,D,H,5.5,3.3,1.75,2.3,1.61
SP1,2021-10-27,18:00:00,Vallecano,Barcelona,1,0,1.0,0.0,H,H,4.33,3.75,1.8,1.72,2.1
SP1,2021-10-27,19:00:00,Betis,Valencia,4,1,2.0,1.0,H,H,1.85,3.5,4.5,1.9,1.9
SP1,2021-10-27,20:30:00,Real Madrid,Osasuna,0,0,0.0,0.0,D,D,1.3,5.5,9.0,1.57,2.37
SP1,2021-10-28,18:00:00,Celta,Sociedad,0,2,0.0,0.0,A,D,2.87,3.4,2.45,2.0,1.8
SP1,2021-10-28,19:00:00,Granada,Getafe,1,1,0.0,1.0,D,A,2.6,2.8,3.25,2.75,1.44
SP1,2021-10-28,20:30:00,Levante,Ath Madrid,2,2,1.0,1.0,D,D,5.5,3.8,1.65,2.1,1.72
SP1,2021-10-30,13:00:00,Elche,Real Madrid,1,2,0.0,1.0,A,A,7.5,4.5,1.44,1.72,2.1
SP1,2021-10-30,15:15:00,Sevilla,Osasuna,2,0,1.0,0.0,H,H,1.53,4.0,7.0,2.1,1.72
SP1,2021-10-30,17:30:00,Valencia,Villarreal,2,0,1.0,0.0,H,H,2.9,3.4,2.45,1.9,1.9
SP1,2021-10-30,20:00:00,Barcelona,Alaves,1,1,0.0,0.0,D,D,1.28,5.5,11.0,1.53,2.5
SP1,2021-10-31,13:00:00,Cadiz,Mallorca,1,1,0.0,1.0,D,A,2.5,3.0,3.2,2.62,1.5
SP1,2021-10-31,15:15:00,Ath Madrid,Betis,3,0,1.0,0.0,H,H,1.6,3.8,6.0,2.0,1.8
SP1,2021-10-31,17:30:00,Getafe,Espanol,2,1,1.0,1.0,H,D,2.45,3.0,3.2,2.75,1.44
SP1,2021-10-31,20:00:00,Sociedad,Ath Bilbao,1,1,0.0,0.0,D,D,2.1,3.2,3.8,2.2,1.66
SP1,2021-11-01,17:30:00,Vallecano,Celta,0,0,0.0,0.0,D,D,2.37,3.25,3.1,1.9,1.9
SP1,2021-11-01,20:00:00,Levante,Granada,0,3,0.0,2.0,A,A,1.95,3.4,4.0,2.1,1.72
SP1,2021-11-05,20:00:00,Ath Bilbao,Cadiz,0,1,0.0,1.0,A,A,1.36,4.75,9.0,1.9,1.9
SP1,2021-11-06,13:00:00,Espanol,Granada,2,0,2.0,0.0,H,H,1.85,3.4,4.5,2.2,1.66
SP1,2021-11-06,15:15:00,Celta,Barcelona,3,3,0.0,3.0,D,A,3.3,3.6,2.1,1.8,2.0
SP1,2021-11-06,17:30:00,Alaves,Levante,2,1,0.0,1.0,H,A,2.5,3.0,3.2,2.37,1.57
SP1,2021-11-06,20:00:00,Real Madrid,Vallecano,2,1,2.0,0.0,H,H,1.33,5.5,8.0,1.53,2.5
SP1,2021-11-07,13:00:00,Villarreal,Getafe,1,0,1.0,0.0,H,H,1.5,4.0,7.0,2.2,1.66
SP1,2021-11-07,15:15:00,Valencia,Ath Madrid,3,3,0.0,1.0,D,A,4.5,3.2,1.95,2.2,1.66
SP1,2021-11-07,17:30:00,Mallorca,Elche,2,2,0.0,0.0,D,D,2.05,3.0,4.33,2.5,1.53
SP1,2021-11-07,17:30:00,Osasuna,Sociedad,0,2,0.0,0.0,A,D,3.1,3.3,2.35,2.2,1.66
SP1,2021-11-07,20:00:00,Betis,Sevilla,0,2,0.0,0.0,A,D,3.0,3.3,2.45,2.1,1.72
SP1,2021-11-19,20:00:00,Levante,Ath Bilbao,0,0,0.0,0.0,D,D,3.5,3.3,2.15,2.2,1.66
SP1,2021-11-20,13:00:00,Celta,Villarreal,1,1,0.0,1.0,D,A,2.75,3.3,2.55,2.1,1.72
SP1,2021-11-20,15:15:00,Sevilla,Alaves,2,2,1.0,2.0,D,A,1.44,4.33,8.5,2.05,1.85
SP1,2021-11-20,17:30:00,Ath Madrid,Osasuna,1,0,0.0,0.0,H,D,1.44,4.33,8.0,2.0,1.8
SP1,2021-11-20,20:00:00,Barcelona,Espanol,1,0,0.0,0.0,H,D,1.36,5.25,7.5,1.57,2.37
SP1,2021-11-21,13:00:00,Getafe,Cadiz,4,0,1.0,0.0,H,H,2.0,3.1,4.33,3.0,1.4
SP1,2021-11-21,15:15:00,Granada,Real Madrid,1,4,1.0,2.0,A,A,7.0,4.5,1.45,1.61,2.3
SP1,2021-11-21,17:30:00,Elche,Betis,0,3,0.0,3.0,A,A,3.6,3.4,2.1,2.05,1.85
SP1,2021-11-21,20:00:00,Sociedad,Valencia,0,0,0.0,0.0,D,D,1.72,3.8,4.75,2.03,1.87
SP1,2021-11-22,20:00:00,Vallecano,Mallorca,3,1,2.0,0.0,H,H,1.8,3.5,4.75,2.2,1.66
SP1,2021-11-26,20:00:00,Ath Bilbao,Granada,2,2,1.0,2.0,D,A,1.36,4.75,9.5,2.0,1.8
SP1,2021-11-27,13:00:00,Alaves,Celta,1,2,1.0,1.0,A,D,2.9,3.1,2.55,2.37,1.57
SP1,2021-11-27,15:15:00,Valencia,Vallecano,1,1,1.0,0.0,D,H,2.0,3.4,3.9,2.2,1.66
SP1,2021-11-27,17:30:00,Mallorca,Getafe,0,0,0.0,0.0,D,D,2.3,2.9,3.75,2.75,1.44
SP1,2021-11-27,20:00:00,Villarreal,Barcelona,1,3,0.0,0.0,A,D,2.7,3.4,2.6,1.8,2.0
SP1,2021-11-28,13:00:00,Betis,Levante,3,1,0.0,1.0,H,A,1.66,4.2,4.75,1.72,2.1
SP1,2021-11-28,15:15:00,Espanol,Sociedad,1,0,0.0,0.0,H,D,3.2,3.2,2.3,2.1,1.72
SP1,2021-11-28,17:30:00,Cadiz,Ath Madrid,1,4,0.0,0.0,A,D,8.0,3.8,1.5,2.2,1.66
SP1,2021-11-28,20:00:00,Real Madrid,Sevilla,2,1,1.0,1.0,H,D,1.7,4.0,4.75,1.91,2.02
SP1,2021-11-29,20:00:00,Osasuna,Elche,1,1,1.0,1.0,D,D,1.8,3.4,4.75,2.5,1.53
SP1,2021-12-01,20:00:00,Real Madrid,Ath Bilbao,1,0,1.0,0.0,H,H,1.44,4.75,7.0,1.72,2.1
SP1,2021-12-03,20:00:00,Granada,Alaves,2,1,1.0,0.0,H,H,2.37,3.1,3.25,2.5,1.53
SP1,2021-12-04,13:00:00,Sevilla,Villarreal,1,0,1.0,0.0,H,H,2.0,3.3,4.0,2.0,1.8
SP1,2021-12-04,15:15:00,Barcelona,Betis,0,1,0.0,0.0,A,D,1.5,4.5,6.5,1.5,2.62
SP1,2021-12-04,17:30:00,Ath Madrid,Mallorca,1,2,0.0,0.0,A,D,1.3,5.25,11.0,1.97,1.93
SP1,2021-12-04,20:00:00,Sociedad,Real Madrid,0,2,0.0,0.0,A,D,3.3,3.3,2.25,1.95,1.95
SP1,2021-12-05,13:00:00,Vallecano,Espanol,1,0,0.0,0.0,H,D,2.15,3.1,3.8,2.2,1.66
SP1,2021-12-05,15:15:00,Elche,Cadiz,3,1,1.0,0.0,H,H,2.05,3.1,4.2,2.62,1.5
SP1,2021-12-05,17:30:00,Levante,Osasuna,0,0,0.0,0.0,D,D,2.4,3.2,3.1,2.2,1.66
SP1,2021-12-05,20:00:00,Celta,Valencia,1,2,1.0,1.0,A,D,2.1,3.25,3.75,2.1,1.72
SP1,2021-12-06,20:00:00,Getafe,Ath Bilbao,0,0,0.0,0.0,D,D,3.5,3.0,2.3,3.0,1.4
SP1,2021-12-10,20:00:00,Mallorca,Celta,0,0,0.0,0.0,D,D,2.5,3.0,3.1,2.5,1.53
SP1,2021-12-11,13:00:00,Espanol,Levante,4,3,1.0,2.0,H,A,2.05,3.3,3.8,2.1,1.72
SP1,2021-12-11,15:15:00,Alaves,Getafe,1,1,0.0,1.0,D,A,2.45,2.9,3.2,3.0,1.4
SP1,2021-12-11,17:30:00,Valencia,Elche,2,1,1.0,0.0,H,H,1.75,3.5,5.0,2.2,1.66
SP1,2021-12-11,20:00:00,Ath Bilbao,Sevilla,0,1,0.0,1.0,A,A,2.5,3.0,3.1,2.5,1.53
SP1,2021-12-12,13:00:00,Villarreal,Vallecano,2,0,2.0,0.0,H,H,1.72,3.8,4.75,1.99,1.94
SP1,2021-12-12,15:15:00,Osasuna,Barcelona,2,2,1.0,1.0,D,D,4.0,3.5,1.9,2.06,1.87
SP1,2021-12-12,17:30:00,Betis,Sociedad,4,0,1.0,0.0,H,H,2.25,3.3,3.3,2.08,1.85
SP1,2021-12-12,20:00:00,Real Madrid,Ath Madrid,2,0,1.0,0.0,H,H,2.05,3.5,3.6,2.03,1.9
SP1,2021-12-13,20:00:00,Cadiz,Granada,1,1,1.0,0.0,D,H,2.6,3.1,2.9,2.3,1.61
SP1,2021-12-17,20:00:00,Celta,Espanol,3,1,1.0,0.0,H,H,1.95,3.4,4.0,2.1,1.72
SP1,2021-12-18,13:00:00,Vallecano,Alaves,2,0,2.0,0.0,H,H,1.72,3.6,5.0,2.2,1.66
SP1,2021-12-18,15:15:00,Sociedad,Villarreal,1,3,1.0,1.0,A,D,2.15,3.3,3.5,2.1,1.72
SP1,2021-12-18,17:30:00,Barcelona,Elche,3,2,2.0,0.0,H,H,1.3,5.5,10.0,1.66,2.2
SP1,2021-12-18,20:00:00,Sevilla,Ath Madrid,2,1,1.0,1.0,H,D,2.75,3.0,2.8,2.5,1.53
SP1,2021-12-19,13:00:00,Granada,Mallorca,4,1,1.0,1.0,H,D,2.5,3.0,3.1,2.37,1.57
SP1,2021-12-19,15:15:00,Ath Bilbao,Betis,3,2,1.0,1.0,H,D,2.15,3.25,3.5,2.1,1.72
SP1,2021-12-19,17:30:00,Getafe,Osasuna,1,0,0.0,0.0,H,D,2.4,2.9,3.4,3.2,1.36
SP1,2021-12-19,20:00:00,Real Madrid,Cadiz,0,0,0.0,0.0,D,D,1.2,7.5,11.0,1.44,2.75
SP1,2021-12-20,20:00:00,Levante,Valencia,3,4,2.0,1.0,A,H,2.7,3.2,2.75,2.1,1.72
SP1,2021-12-21,18:00:00,Villarreal,Alaves,5,2,2.0,1.0,H,H,1.33,5.0,9.5,1.72,2.1
SP1,2021-12-21,20:30:00,Sevilla,Barcelona,1,1,1.0,1.0,D,D,2.5,3.2,2.9,2.2,1.66
SP1,2021-12-22,18:00:00,Granada,Ath Madrid,2,1,1.0,1.0,H,D,6.0,3.7,1.61,2.1,1.72
SP1,2021-12-22,20:30:00,Ath Bilbao,Real Madrid,1,2,1.0,2.0,A,A,3.4,3.5,2.1,2.01,1.89
SP1,2021-12-31,15:15:00,Valencia,Espanol,1,2,0.0,0.0,A,D,1.8,3.8,4.2,1.72,2.1
SP1,2022-01-02,13:00:00,Getafe,Real Madrid,1,0,1.0,0.0,H,H,5.5,3.75,1.65,2.0,1.8
SP1,2022-01-02,15:15:00,Ath Madrid,Vallecano,2,0,1.0,0.0,H,H,1.36,4.5,9.5,1.95,1.95
SP1,2022-01-02,15:15:00,Elche,Granada,0,0,0.0,0.0,D,D,2.5,3.1,3.0,2.37,1.57
SP1,2022-01-02,17:30:00,Alaves,Sociedad,1,1,0.0,1.0,D,A,3.5,3.1,2.25,2.5,1.53
SP1,2022-01-02,17:30:00,Betis,Celta,0,2,0.0,2.0,A,A,1.72,3.75,4.75,1.86,2.04
SP1,2022-01-02,20:00:00,Mallorca,Barcelona,0,1,0.0,1.0,A,A,3.4,3.4,2.15,2.01,1.89
SP1,2022-01-03,18:00:00,Villarreal,Levante,5,0,3.0,0.0,H,H,1.4,5.0,7.0,1.61,2.3
SP1,2022-01-03,20:00:00,Osasuna,Ath Bilbao,1,3,1.0,2.0,A,A,3.1,3.0,2.5,2.5,1.53
SP1,2022-01-03,20:15:00,Cadiz,Sevilla,0,1,0.0,0.0,A,D,4.75,3.3,1.85,2.5,1.53
SP1,2022-01-08,13:00:00,Levante,Mallorca,2,0,0.0,0.0,H,D,2.2,3.25,3.4,2.1,1.72
SP1,2022-01-08,15:15:00,Sociedad,Celta,1,0,1.0,0.0,H,H,1.83,3.3,4.75,2.2,1.66
SP1,2022-01-08,17:30:00,Granada,Barcelona,1,1,0.0,0.0,D,D,4.5,3.8,1.75,1.87,2.03
SP1,2022-01-08,20:00:00,Real Madrid,Valencia,4,1,1.0,0.0,H,H,1.37,5.0,8.0,1.57,2.37
SP1,2022-01-09,13:00:00,Vallecano,Betis,1,1,0.0,1.0,D,A,2.5,3.4,2.8,1.91,1.99
SP1,2022-01-09,15:15:00,Sevilla,Getafe,1,0,1.0,0.0,H,H,1.61,3.4,7.5,2.5,1.53
SP1,2022-01-09,17:30:00,Alaves,Ath Bilbao,0,0,0.0,0.0,D,D,4.0,3.3,1.95,2.3,1.61
SP1,2022-01-09,17:30:00,Osasuna,Cadiz,2,0,1.0,0.0,H,H,1.75,3.3,5.75,2.5,1.53
SP1,2022-01-09,20:00:00,Villarreal,Ath Madrid,2,2,1.0,1.0,D,D,2.8,3.2,2.62,2.1,1.72
SP1,2022-01-10,20:00:00,Espanol,Elche,1,2,1.0,2.0,A,A,1.9,3.25,4.5,2.2,1.66
SP1,2022-01-16,13:00:00,Elche,Villarreal,1,0,0.0,0.0,H,D,4.5,3.6,1.8,1.9,2.0
SP1,2022-01-18,19:00:00,Betis,Alaves,4,0,3.0,0.0,H,H,1.45,4.33,7.0,1.8,2.0
SP1,2022-01-18,20:30:00,Cadiz,Espanol,2,2,0.0,1.0,D,A,3.25,3.1,2.37,2.37,1.57
SP1,2022-01-19,18:00:00,Celta,Osasuna,2,0,2.0,0.0,H,H,1.85,3.5,4.33,2.2,1.66
SP1,2022-01-19,20:30:00,Valencia,Sevilla,1,1,1.0,1.0,D,D,3.3,3.25,2.25,2.3,1.61
SP1,2022-01-20,18:00:00,Getafe,Granada,4,2,1.0,1.0,H,D,2.1,3.2,3.8,2.62,1.5
SP1,2022-01-21,20:00:00,Espanol,Betis,1,4,1.0,2.0,A,A,3.25,3.25,2.25,1.87,2.03
SP1,2022-01-22,13:00:00,Levante,Cadiz,0,2,0.0,1.0,A,A,1.8,3.5,5.0,2.1,1.72
SP1,2022-01-22,15:15:00,Villarreal,Mallorca,3,0,2.0,0.0,H,H,1.44,4.33,8.0,1.88,2.02
SP1,2022-01-22,17:30:00,Sevilla,Celta,2,2,0.0,2.0,D,A,1.75,3.5,5.25,2.2,1.66
SP1,2022-01-22,20:00:00,Ath Madrid,Valencia,3,2,0.0,2.0,H,A,1.44,4.2,8.5,2.01,1.89
SP1,2022-01-23,13:00:00,Granada,Osasuna,0,2,0.0,0.0,A,D,2.5,3.2,3.0,2.2,1.66
SP1,2022-01-23,15:15:00,Real Madrid,Elche,2,2,0.0,1.0,D,A,1.16,8.0,15.0,1.5,2.62
SP1,2022-01-23,17:30:00,Sociedad,Getafe,0,0,0.0,0.0,D,D,1.66,3.5,6.0,2.5,1.53
SP1,2022-01-23,17:30:00,Vallecano,Ath Bilbao,0,1,0.0,1.0,A,A,2.75,3.0,2.8,2.5,1.53
SP1,2022-01-23,20:00:00,Alaves,Barcelona,0,1,0.0,0.0,A,D,6.0,4.0,1.57,1.8,2.0
SP1,2022-02-04,20:00:00,Getafe,Levante,3,0,2.0,0.0,H,H,1.95,3.1,4.5,2.62,1.5
SP1,2022-02-05,13:00:00,Elche,Alaves,3,1,0.0,1.0,H,A,2.37,3.1,3.3,2.37,1.57
SP1,2022-02-05,15:15:00,Mallorca,Cadiz,2,1,1.0,1.0,H,D,1.83,3.4,4.6,2.3,1.61
SP1,2022-02-05,17:30:00,Celta,Vallecano,2,0,1.0,0.0,H,H,1.9,3.4,4.33,2.2,1.66
SP1,2022-02-05,20:00:00,Osasuna,Sevilla,0,0,0.0,0.0,D,D,3.6,3.2,2.15,2.5,1.53
SP1,2022-02-06,13:00:00,Valencia,Sociedad,0,0,0.0,0.0,D,D,2.87,3.2,2.6,2.1,1.72
SP1,2022-02-06,15:15:00,Barcelona,Ath Madrid,4,2,3.0,1.0,H,H,2.25,3.4,3.2,2.07,1.83
SP1,2022-02-06,17:30:00,Betis,Villarreal,0,2,0.0,1.0,A,A,2.37,3.5,2.9,1.72,2.1
SP1,2022-02-06,20:00:00,Real Madrid,Granada,1,0,0.0,0.0,H,D,1.25,6.0,11.0,1.44,2.75
SP1,2022-02-07,20:00:00,Ath Bilbao,Espanol,2,1,2.0,1.0,H,H,1.6,3.8,6.0,2.0,1.8
SP1,2022-02-11,20:00:00,Sevilla,Elche,2,0,0.0,0.0,H,D,1.45,4.33,7.5,2.1,1.72
SP1,2022-02-12,13:00:00,Cadiz,Celta,0,0,0.0,0.0,D,D,3.8,3.4,2.05,2.2,1.66
SP1,2022-02-12,15:15:00,Villarreal,Real Madrid,0,0,0.0,0.0,D,D,2.5,3.5,2.7,1.8,2.0
SP1,2022-02-12,17:30:00,Vallecano,Osasuna,0,3,0.0,2.0,A,A,2.15,3.25,3.5,2.3,1.61
SP1,2022-02-12,20:00:00,Ath Madrid,Getafe,4,3,3.0,3.0,H,D,1.45,4.2,8.0,2.2,1.66
SP1,2022-02-13,13:00:00,Alaves,Valencia,2,1,1.0,0.0,H,H,2.8,3.2,2.6,2.2,1.66
SP1,2022-02-13,15:15:00,Levante,Betis,2,4,1.0,3.0,A,A,3.4,3.6,2.1,1.66,2.2
SP1,2022-02-13,17:30:00,Sociedad,Granada,2,0,1.0,0.0,H,H,1.4,4.5,9.0,1.99,1.91
SP1,2022-02-13,20:00:00,Espanol,Barcelona,2,2,1.0,1.0,D,D,5.0,3.6,1.75,1.72,2.1
SP1,2022-02-14,20:00:00,Mallorca,Ath Bilbao,3,2,2.0,0.0,H,H,3.4,3.1,2.3,2.62,1.5
SP1,2022-02-16,18:00:00,Ath Madrid,Levante,0,1,0.0,0.0,A,D,1.33,5.25,9.0,1.72,2.1
SP1,2022-02-18,20:00:00,Elche,Vallecano,2,1,0.0,0.0,H,D,3.0,3.0,2.62,2.75,1.44
SP1,2022-02-19,13:00:00,Granada,Villarreal,1,4,0.0,2.0,A,A,4.0,3.4,1.95,2.0,1.9
SP1,2022-02-19,15:15:00,Osasuna,Ath Madrid,0,3,0.0,1.0,A,A,3.9,3.25,2.05,2.2,1.66
SP1,2022-02-19,17:30:00,Cadiz,Getafe,1,1,1.0,1.0,D,D,3.2,2.9,2.55,3.0,1.4
SP1,2022-02-19,20:00:00,Real Madrid,Alaves,3,0,0.0,0.0,H,D,1.22,6.5,12.0,1.53,2.5
SP1,2022-02-20,13:00:00,Espanol,Sevilla,1,1,0.0,1.0,D,A,3.4,3.3,2.2,2.3,1.61
SP1,2022-02-20,15:15:00,Valencia,Barcelona,1,4,0.0,3.0,A,A,3.6,3.5,2.05,1.8,2.0
SP1,2022-02-20,17:30:00,Betis,Mallorca,2,1,1.0,0.0,H,H,1.6,4.0,5.75,1.8,2.0
SP1,2022-02-20,20:00:00,Ath Bilbao,Sociedad,4,0,0.0,0.0,H,D,2.37,3.0,3.4,2.5,1.53
SP1,2022-02-21,20:00:00,Celta,Levante,1,1,0.0,0.0,D,D,1.6,3.8,6.0,1.85,2.05
SP1,2022-02-25,20:00:00,Levante,Elche,3,0,1.0,0.0,H,H,2.05,3.4,3.75,2.2,1.66
SP1,2022-02-26,13:00:00,Mallorca,Valencia,0,1,0.0,1.0,A,A,2.4,3.1,3.1,2.2,1.66
SP1,2022-02-26,15:15:00,Getafe,Alaves,2,2,0.0,1.0,D,A,1.95,3.0,4.75,3.0,1.4
SP1,2022-02-26,17:30:00,Vallecano,Real Madrid,0,1,0.0,0.0,A,D,5.0,3.8,1.66,1.86,2.04
SP1,2022-02-26,20:00:00,Ath Madrid,Celta,2,0,1.0,0.0,H,H,1.61,3.8,6.0,2.04,1.86
SP1,2022-02-27,13:00:00,Villarreal,Espanol,5,1,3.0,0.0,H,H,1.5,4.2,7.0,1.8,2.0
SP1,2022-02-27,15:15:00,Sevilla,Betis,2,1,2.0,0.0,H,H,2.2,3.25,3.5,2.1,1.72
SP1,2022-02-27,17:30:00,Sociedad,Osasuna,1,0,0.0,0.0,H,D,1.85,3.4,4.75,2.2,1.66
SP1,2022-02-27,20:00:00,Barcelona,Ath Bilbao,4,0,1.0,0.0,H,H,1.6,4.2,5.25,1.9,2.0
SP1,2022-02-28,20:00:00,Granada,Cadiz,0,0,0.0,0.0,D,D,2.0,3.3,4.0,2.3,1.61
SP1,2022-03-02,20:00:00,Mallorca,Sociedad,0,2,0.0,1.0,A,A,3.4,3.2,2.25,2.3,1.61
SP1,2022-03-04,20:00:00,Alaves,Sevilla,0,0,0.0,0.0,D,D,4.5,3.1,1.95,2.62,1.5
SP1,2022-03-05,13:00:00,Osasuna,Villarreal,1,0,0.0,0.0,H,D,3.5,3.4,2.1,2.0,1.8
SP1,2022-03-05,15:15:00,Espanol,Getafe,2,0,2.0,0.0,H,H,2.15,3.0,3.6,2.62,1.5
SP1,2022-03-05,17:30:00,Valencia,Granada,3,1,0.0,0.0,H,D,1.75,3.6,4.5,2.01,1.89
SP1,2022-03-05,20:00:00,Real Madrid,Sociedad,4,1,2.0,1.0,H,H,1.6,4.2,5.25,1.83,2.07
SP1,2022-03-06,13:00:00,Cadiz,Vallecano,2,0,0.0,0.0,H,D,2.7,3.1,2.7,2.5,1.53
SP1,2022-03-06,15:15:00,Elche,Barcelona,1,2,1.0,0.0,A,H,7.5,4.33,1.4,1.72,2.1
SP1,2022-03-06,17:30:00,Celta,Mallorca,4,3,2.0,1.0,H,H,1.75,3.4,5.25,2.2,1.66
SP1,2022-03-06,20:00:00,Betis,Ath Madrid,1,3,1.0,1.0,A,D,3.0,3.2,2.37,1.98,1.92
SP1,2022-03-07,20:00:00,Ath Bilbao,Levante,3,1,0.0,0.0,H,D,1.57,4.0,5.5,1.92,1.98
SP1,2022-03-11,20:00:00,Ath Madrid,Cadiz,2,1,1.0,1.0,H,D,1.36,4.6,9.5,2.06,1.84
SP1,2022-03-12,13:00:00,Levante,Espanol,1,1,0.0,0.0,D,D,2.3,3.3,3.2,1.95,1.95
SP1,2022-03-12,15:15:00,Granada,Elche,0,1,0.0,1.0,A,A,2.25,3.2,3.4,2.3,1.61
SP1,2022-03-12,17:30:00,Villarreal,Celta,1,0,0.0,0.0,H,D,1.65,4.2,4.75,1.8,2.0
SP1,2022-03-12,20:00:00,Getafe,Valencia,0,0,0.0,0.0,D,D,2.37,3.2,3.2,2.5,1.53
SP1,2022-03-13,13:00:00,Vallecano,Sevilla,1,1,0.0,0.0,D,D,3.4,3.1,2.3,2.5,1.53
SP1,2022-03-13,15:15:00,Betis,Ath Bilbao,1,0,1.0,0.0,H,H,2.3,3.3,3.2,2.04,1.86
SP1,2022-03-13,17:30:00,Sociedad,Alaves,1,0,0.0,0.0,H,D,1.53,4.0,7.0,2.0,1.8
SP1,2022-03-13,20:00:00,Barcelona,Osasuna,4,0,3.0,0.0,H,H,1.33,4.75,10.0,1.72,2.1
SP1,2022-03-14,20:00:00,Mallorca,Real Madrid,0,3,0.0,0.0,A,D,6.0,4.0,1.57,1.72,2.1
SP1,2022-03-18,20:00:00,Ath Bilbao,Getafe,1,1,1.0,1.0,D,D,1.72,3.2,6.0,2.75,1.44
SP1,2022-03-19,13:00:00,Alaves,Granada,2,3,0.0,0.0,A,D,2.0,3.3,4.0,2.2,1.66
SP1,2022-03-19,15:15:00,Elche,Valencia,0,1,0.0,0.0,A,D,2.62,3.25,2.7,2.2,1.66
SP1,2022-03-19,17:30:00,Osasuna,Levante,3,1,1.0,0.0,H,H,1.9,3.5,4.2,2.1,1.72
SP1,2022-03-19,20:00:00,Vallecano,Ath Madrid,0,1,0.0,0.0,A,D,4.0,3.25,2.0,2.3,1.61
SP1,2022-03-20,13:00:00,Espanol,Mallorca,1,0,1.0,0.0,H,H,2.05,3.5,3.5,2.1,1.72
SP1,2022-03-20,15:15:00,Cadiz,Villarreal,1,0,0.0,0.0,H,D,4.75,3.5,1.83,2.06,1.84
SP1,2022-03-20,15:15:00,Celta,Betis,0,0,0.0,0.0,D,D,2.2,3.5,3.2,2.02,1.88
SP1,2022-03-20,17:30:00,Sevilla,Sociedad,0,0,0.0,0.0,D,D,2.05,3.25,3.8,2.3,1.61
SP1,2022-03-20,20:00:00,Real Madrid,Barcelona,0,4,0.0,2.0,A,A,2.15,3.6,3.25,1.66,2.2
SP1,2022-04-02,13:00:00,Getafe,Mallorca,1,0,0.0,0.0,H,D,2.15,3.0,4.0,2.75,1.44
SP1,2022-04-02,15:15:00,Levante,Villarreal,2,0,0.0,0.0,H,D,3.8,3.6,1.95,1.72,2.1
SP1,2022-04-02,17:30:00,Celta,Real Madrid,1,2,0.0,1.0,A,A,4.0,3.6,1.9,1.95,1.95
SP1,2022-04-02,20:00:00,Ath Madrid,Alaves,4,1,1.0,0.0,H,H,1.33,4.8,10.0,2.02,1.88
SP1,2022-04-03,13:00:00,Ath Bilbao,Elche,2,1,1.0,0.0,H,H,1.45,4.2,7.5,2.05,1.85
SP1,2022-04-03,15:15:00,Betis,Osasuna,4,1,2.0,0.0,H,H,1.9,3.5,4.0,2.07,1.83
SP1,2022-04-03,17:30:00,Granada,Vallecano,2,2,0.0,2.0,D,A,2.6,3.1,2.9,2.2,1.66
SP1,2022-04-03,17:30:00,Valencia,Cadiz,0,0,0.0,0.0,D,D,1.85,3.3,4.75,2.3,1.61
SP1,2022-04-03,20:00:00,Barcelona,Sevilla,1,0,0.0,0.0,H,D,1.45,4.5,7.0,1.85,2.05
SP1,2022-04-04,20:00:00,Sociedad,Espanol,1,0,0.0,0.0,H,D,1.6,4.0,5.75,2.1,1.72
SP1,2022-04-08,20:00:00,Sevilla,Granada,4,2,1.0,1.0,H,D,1.5,4.33,7.0,2.1,1.72
SP1,2022-04-09,13:00:00,Cadiz,Betis,1,2,0.0,0.0,A,D,3.4,3.2,2.25,2.2,1.66
SP1,2022-04-09,15:15:00,Mallorca,Ath Madrid,1,0,0.0,0.0,H,D,4.0,3.4,1.95,2.3,1.61
SP1,2022-04-09,17:30:00,Villarreal,Ath Bilbao,1,1,0.0,1.0,D,A,2.3,3.4,3.1,1.99,1.91
SP1,2022-04-09,20:00:00,Real Madrid,Getafe,2,0,1.0,0.0,H,H,1.4,4.5,8.5,2.07,1.83
SP1,2022-04-10,13:00:00,Osasuna,Alaves,1,0,0.0,0.0,H,D,1.95,3.3,4.33,2.3,1.61
SP1,2022-04-10,15:15:00,Espanol,Celta,1,0,0.0,0.0,H,D,2.75,3.2,2.7,2.2,1.66
SP1,2022-04-10,17:30:00,Elche,Sociedad,1,2,1.0,2.0,A,A,3.9,3.4,2.0,2.2,1.66
SP1,2022-04-10,20:00:00,Levante,Barcelona,2,3,0.0,0.0,A,D,6.0,5.0,1.45,1.44,2.75
SP1,2022-04-11,20:00:00,Vallecano,Valencia,1,1,0.0,0.0,D,D,2.2,3.3,3.3,2.3,1.61
SP1,2022-04-15,20:00:00,Sociedad,Betis,0,0,0.0,0.0,D,D,2.1,3.5,3.4,1.95,1.95
SP1,2022-04-16,13:00:00,Elche,Mallorca,3,0,1.0,0.0,H,H,2.7,3.0,2.9,2.5,1.53
SP1,2022-04-16,15:15:00,Alaves,Vallecano,1,0,0.0,0.0,H,D,2.7,3.1,2.8,2.3,1.61
SP1,2022-04-16,17:30:00,Valencia,Osasuna,1,2,0.0,0.0,A,D,2.15,3.2,3.7,2.3,1.61
SP1,2022-04-16,20:00:00,Getafe,Villarreal,1,2,0.0,2.0,A,A,3.1,3.1,2.5,2.37,1.57
SP1,2022-04-17,13:00:00,Granada,Levante,1,4,0.0,1.0,A,A,2.37,3.4,3.0,1.89,2.01
SP1,2022-04-17,15:15:00,Ath Madrid,Espanol,2,1,0.0,0.0,H,D,1.4,4.5,8.5,1.95,1.95
SP1,2022-04-17,17:30:00,Ath Bilbao,Celta,0,2,0.0,2.0,A,A,1.75,3.6,5.0,2.2,1.66
SP1,2022-04-17,20:00:00,Sevilla,Real Madrid,2,3,2.0,0.0,A,H,3.0,3.4,2.4,2.0,1.8
SP1,2022-04-18,20:00:00,Barcelona,Cadiz,0,1,0.0,0.0,A,D,1.2,6.5,15.0,1.57,2.37
SP1,2022-04-19,18:00:00,Mallorca,Alaves,2,1,2.0,0.0,H,H,1.95,3.3,4.2,2.5,1.53
SP1,2022-04-19,20:00:00,Betis,Elche,0,1,0.0,0.0,A,D,1.55,4.0,6.0,1.84,2.06
SP1,2022-04-19,20:30:00,Villarreal,Valencia,2,0,2.0,0.0,H,H,1.44,4.75,6.5,1.72,2.1
SP1,2022-04-20,18:00:00,Ath Madrid,Granada,0,0,0.0,0.0,D,D,1.3,5.25,10.0,1.72,2.1
SP1,2022-04-20,19:00:00,Celta,Getafe,0,2,0.0,1.0,A,A,2.15,3.1,3.75,2.62,1.5
SP1,2022-04-20,20:30:00,Osasuna,Real Madrid,1,3,1.0,2.0,A,A,5.0,3.75,1.66,1.85,2.05
SP1,2022-04-21,18:00:00,Espanol,Vallecano,0,1,0.0,1.0,A,A,2.37,3.2,3.1,2.3,1.61
SP1,2022-04-21,18:00:00,Levante,Sevilla,2,3,1.0,2.0,A,A,3.5,3.5,2.1,2.06,1.84
SP1,2022-04-21,19:00:00,Cadiz,Ath Bilbao,2,3,0.0,3.0,A,A,3.4,3.0,2.3,2.5,1.53
SP1,2022-04-21,20:30:00,Sociedad,Barcelona,0,1,0.0,1.0,A,A,3.5,3.5,2.1,1.84,2.06
SP1,2022-04-24,20:00:00,Barcelona,Vallecano,0,1,0.0,1.0,A,A,1.3,5.5,10.0,1.53,2.5
SP1,2022-04-29,20:00:00,Sevilla,Cadiz,1,1,1.0,0.0,D,H,1.65,3.5,6.0,2.2,1.66
SP1,2022-04-30,13:00:00,Alaves,Villarreal,2,1,2.0,0.0,H,H,3.4,3.5,2.1,2.02,1.88
SP1,2022-04-30,15:15:00,Real Madrid,Espanol,4,0,2.0,0.0,H,H,1.5,4.5,6.0,1.66,2.2
SP1,2022-04-30,17:30:00,Valencia,Levante,1,1,1.0,0.0,D,H,2.2,3.5,3.2,1.86,2.04
SP1,2022-04-30,20:00:00,Ath Bilbao,Ath Madrid,2,0,1.0,0.0,H,H,3.0,3.0,2.55,2.37,1.57
SP1,2022-05-01,13:00:00,Elche,Osasuna,1,1,0.0,0.0,D,D,2.8,3.2,2.7,2.3,1.61
SP1,2022-05-01,15:15:00,Granada,Celta,1,1,0.0,0.0,D,D,2.8,3.2,2.62,2.1,1.72
SP1,2022-05-01,17:30:00,Vallecano,Sociedad,1,1,0.0,1.0,D,A,3.3,3.1,2.37,2.3,1.61
SP1,2022-05-01,20:00:00,Barcelona,Mallorca,2,1,1.0,0.0,H,H,1.3,5.5,9.0,1.53,2.5
SP1,2022-05-02,20:00:00,Getafe,Betis,0,0,0.0,0.0,D,D,2.75,3.1,2.7,2.37,1.57
SP1,2022-05-06,20:00:00,Levante,Sociedad,2,1,0.0,0.0,H,D,3.3,3.6,2.1,1.9,2.0
SP1,2022-05-07,13:00:00,Mallorca,Granada,2,6,1.0,1.0,A,D,1.95,3.5,4.0,2.2,1.66
SP1,2022-05-07,15:15:00,Ath Bilbao,Valencia,0,0,0.0,0.0,D,D,1.55,4.0,6.5,2.02,1.88
SP1,2022-05-07,17:30:00,Cadiz,Elche,3,0,0.0,0.0,H,D,1.7,3.75,5.0,2.3,1.61
SP1,2022-05-07,17:30:00,Celta,Alaves,4,0,2.0,0.0,H,H,1.9,3.4,4.33,2.2,1.66
SP1,2022-05-07,20:00:00,Betis,Barcelona,1,2,0.0,0.0,A,D,3.0,3.6,2.25,1.57,2.37
SP1,2022-05-08,13:00:00,Getafe,Vallecano,0,0,0.0,0.0,D,D,2.05,3.1,4.2,2.75,1.44
SP1,2022-05-08,15:15:00,Villarreal,Sevilla,1,1,0.0,0.0,D,D,2.3,3.3,3.1,2.1,1.72
SP1,2022-05-08,17:30:00,Espanol,Osasuna,1,1,0.0,1.0,D,A,2.3,3.3,3.2,2.1,1.72
SP1,2022-05-08,20:00:00,Ath Madrid,Real Madrid,1,0,1.0,0.0,H,H,2.1,3.5,3.5,1.95,1.95
SP1,2022-05-10,18:00:00,Valencia,Betis,0,3,0.0,0.0,A,D,3.1,3.4,2.2,2.04,1.86
SP1,2022-05-10,19:00:00,Granada,Ath Bilbao,1,0,1.0,0.0,H,H,3.2,3.3,2.25,2.02,1.88
SP1,2022-05-10,20:30:00,Barcelona,Celta,3,1,2.0,0.0,H,H,1.44,5.0,6.0,1.53,2.5
SP1,2022-05-11,18:00:00,Alaves,Espanol,2,1,1.0,1.0,H,D,2.1,3.4,3.5,2.0,1.8
SP1,2022-05-11,18:00:00,Osasuna,Getafe,1,1,1.0,1.0,D,D,2.7,2.9,3.0,2.75,1.44
SP1,2022-05-11,19:30:00,Sevilla,Mallorca,0,0,0.0,0.0,D,D,1.61,4.0,5.5,2.1,1.72
SP1,2022-05-11,20:30:00,Elche,Ath Madrid,0,2,0.0,1.0,A,A,6.0,3.6,1.65,2.1,1.72
SP1,2022-05-12,18:00:00,Sociedad,Cadiz,3,0,1.0,0.0,H,H,1.66,3.6,5.5,2.2,1.66
SP1,2022-05-12,19:00:00,Vallecano,Villarreal,1,5,1.0,4.0,A,A,4.2,3.8,1.8,2.02,1.88
SP1,2022-05-12,20:30:00,Real Madrid,Levante,6,0,4.0,0.0,H,H,1.45,5.25,5.5,1.36,3.2
SP1,2022-05-14,17:30:00,Espanol,Valencia,1,1,1.0,1.0,D,D,2.5,3.4,2.8,2.01,1.89
SP1,2022-05-15,18:30:00,Ath Bilbao,Osasuna,2,0,1.0,0.0,H,H,1.53,4.2,6.0,2.01,1.89
SP1,2022-05-15,18:30:00,Ath Madrid,Sevilla,1,1,1.0,0.0,D,H,2.25,3.0,3.6,2.37,1.57
SP1,2022-05-15,18:30:00,Betis,Granada,2,0,1.0,0.0,H,H,1.5,4.33,6.0,1.72,2.1
SP1,2022-05-15,18:30:00,Cadiz,Real Madrid,1,1,1.0,1.0,D,D,3.3,3.3,2.2,1.93,1.97
SP1,2022-05-15,18:30:00,Celta,Elche,1,0,1.0,0.0,H,H,1.65,3.8,5.5,2.02,1.88
SP1,2022-05-15,18:30:00,Getafe,Barcelona,0,0,0.0,0.0,D,D,3.75,3.25,2.1,2.05,1.85
SP1,2022-05-15,18:30:00,Levante,Alaves,3,1,0.0,1.0,H,A,2.8,3.8,2.25,1.66,2.2
SP1,2022-05-15,18:30:00,Mallorca,Vallecano,2,1,1.0,0.0,H,H,1.57,3.8,6.5,2.2,1.66
SP1,2022-05-15,18:30:00,Villarreal,Sociedad,1,2,1.0,0.0,A,H,2.1,3.6,3.3,1.93,1.97
SP1,2022-05-20,20:00:00,Real Madrid,Betis,0,0,0.0,0.0,D,D,1.65,4.5,4.33,1.4,3.0
SP1,2022-05-20,20:00:00,Vallecano,Levante,2,4,1.0,3.0,A,A,1.85,4.0,3.8,1.57,2.37
SP1,2022-05-21,16:30:00,Valencia,Celta,2,0,1.0,0.0,H,H,2.75,3.3,2.62,2.1,1.72
SP1,2022-05-22,16:30:00,Elche,Getafe,3,1,1.0,1.0,H,D,3.1,2.87,2.62,2.37,1.57
SP1,2022-05-22,19:00:00,Alaves,Cadiz,0,1,0.0,0.0,A,D,4.2,3.7,1.83,1.93,1.97
SP1,2022-05-22,19:00:00,Granada,Espanol,0,0,0.0,0.0,D,D,1.44,4.33,7.5,1.66,2.2
SP1,2022-05-22,19:00:00,Osasuna,Mallorca,0,2,0.0,0.0,A,D,3.3,3.4,2.2,1.99,1.91
SP1,2022-05-22,21:00:00,Barcelona,Villarreal,0,2,0.0,1.0,A,A,2.1,4.0,3.0,1.5,2.62
SP1,2022-05-22,21:00:00,Sevilla,Ath Bilbao,1,0,0.0,0.0,H,D,2.5,3.3,2.87,2.1,1.72
SP1,2022-05-22,21:00:00,Sociedad,Ath Madrid,1,2,0.0,0.0,A,D,2.62,3.3,2.7,2.1,1.72
I1,2021-08-21,17:30:00,Inter,Genoa,4,0,2.0,0.0,H,H,1.33,5.25,9.0,1.66,2.2
I1,2021-08-21,17:30:00,Verona,Sassuolo,2,3,0.0,1.0,A,A,2.62,3.3,2.62,1.9,2.03
I1,2021-08-21,19:45:00,Empoli,Lazio,1,3,1.0,3.0,A,A,4.6,4.0,1.7,1.72,2.1
I1,2021-08-21,19:45:00,Torino,Atalanta,1,2,0.0,1.0,A,A,5.5,4.33,1.55,1.57,2.37
I1,2021-08-22,17:30:00,Bologna,Salernitana,3,2,0.0,0.0,H,D,1.65,4.0,5.0,1.8,2.0
I1,2021-08-22,17:30:00,Udinese,Juventus,2,2,0.0,2.0,D,A,7.5,4.33,1.45,1.72,2.1
I1,2021-08-22,19:45:00,Napoli,Venezia,2,0,0.0,0.0,H,D,1.22,6.5,12.0,1.44,2.75
I1,2021-08-22,19:45:00,Roma,Fiorentina,3,1,1.0,0.0,H,H,1.72,3.8,4.75,1.66,2.2
I1,2021-08-23,17:30:00,Cagliari,Spezia,2,2,0.0,1.0,D,A,1.95,3.4,4.0,1.9,1.9
I1,2021-08-23,19:45:00,Sampdoria,Milan,0,1,0.0,1.0,A,A,4.0,3.6,1.9,1.8,2.0
I1,2021-08-27,17:30:00,Udinese,Venezia,3,0,1.0,0.0,H,H,1.7,3.75,5.0,2.1,1.72
I1,2021-08-27,19:45:00,Verona,Inter,1,3,1.0,0.0,A,H,5.5,4.33,1.55,1.66,2.2
I1,2021-08-28,17:30:00,Atalanta,Bologna,0,0,0.0,0.0,D,D,1.33,5.5,8.0,1.36,3.2
I1,2021-08-28,17:30:00,Lazio,Spezia,6,1,3.0,1.0,H,H,1.33,4.75,9.5,1.53,2.5
I1,2021-08-28,19:45:00,Fiorentina,Torino,2,1,1.0,0.0,H,H,2.2,3.4,3.25,1.8,2.0
I1,2021-08-28,19:45:00,Juventus,Empoli,0,1,0.0,1.0,A,A,1.22,6.5,12.0,1.44,2.75
I1,2021-08-29,17:30:00,Genoa,Napoli,1,2,0.0,1.0,A,A,6.0,4.5,1.5,1.66,2.2
I1,2021-08-29,17:30:00,Sassuolo,Sampdoria,0,0,0.0,0.0,D,D,2.0,3.6,3.6,1.61,2.3
I1,2021-08-29,19:45:00,Milan,Cagliari,4,1,4.0,1.0,H,H,1.44,4.5,7.0,1.57,2.37
I1,2021-08-29,19:45:00,Salernitana,Roma,0,4,0.0,0.0,A,D,5.5,4.33,1.55,1.57,2.37
I1,2021-09-11,14:00:00,Empoli,Venezia,1,2,0.0,1.0,A,A,1.8,3.8,4.2,1.8,2.0
I1,2021-09-11,17:00:00,Napoli,Juventus,2,1,0.0,1.0,H,A,2.4,3.6,2.8,1.91,1.99
I1,2021-09-11,19:45:00,Atalanta,Fiorentina,1,2,0.0,1.0,A,A,1.55,4.33,5.5,1.53,2.5
I1,2021-09-12,11:30:00,Sampdoria,Inter,2,2,1.0,2.0,D,A,5.0,4.0,1.61,1.66,2.2
I1,2021-09-12,14:00:00,Cagliari,Genoa,2,3,1.0,0.0,A,H,2.0,3.5,3.75,1.9,1.9
I1,2021-09-12,14:00:00,Spezia,Udinese,0,1,0.0,0.0,A,D,3.2,3.4,2.3,1.9,1.9
I1,2021-09-12,14:00:00,Torino,Salernitana,4,0,1.0,0.0,H,H,1.57,4.2,5.75,1.8,2.0
I1,2021-09-12,17:00:00,Milan,Lazio,2,0,1.0,0.0,H,H,2.2,3.6,3.1,1.66,2.2
I1,2021-09-12,19:45:00,Roma,Sassuolo,2,1,1.0,0.0,H,H,1.57,4.75,5.0,1.44,2.75
I1,2021-09-13,19:45:00,Bologna,Verona,1,0,0.0,0.0,H,D,2.1,3.7,3.2,1.66,2.2
I1,2021-09-17,19:45:00,Sassuolo,Torino,0,1,0.0,0.0,A,D,1.72,4.0,4.33,1.53,2.5
I1,2021-09-18,14:00:00,Genoa,Fiorentina,1,2,0.0,0.0,A,D,3.3,3.3,2.25,1.9,1.9
I1,2021-09-18,17:00:00,Inter,Bologna,6,1,3.0,0.0,H,H,1.36,5.0,8.5,1.53,2.5
I1,2021-09-18,19:45:00,Salernitana,Atalanta,0,1,0.0,0.0,A,D,10.0,5.5,1.3,1.53,2.5
I1,2021-09-19,11:30:00,Empoli,Sampdoria,0,3,0.0,1.0,A,A,2.55,3.6,2.6,1.72,2.1
I1,2021-09-19,14:00:00,Venezia,Spezia,1,2,0.0,1.0,A,A,2.45,3.4,2.9,1.72,2.1
I1,2021-09-19,17:00:00,Lazio,Cagliari,2,2,1.0,0.0,D,H,1.44,4.75,7.0,1.57,2.37
I1,2021-09-19,17:00:00,Verona,Roma,3,2,0.0,1.0,H,A,4.0,3.8,1.83,1.72,2.1
I1,2021-09-19,19:45:00,Juventus,Milan,1,1,1.0,0.0,D,H,2.1,3.4,3.5,1.72,2.1
I1,2021-09-20,19:45:00,Udinese,Napoli,0,4,0.0,2.0,A,A,4.5,3.6,1.83,1.9,1.9
I1,2021-09-21,17:30:00,Bologna,Genoa,2,2,0.0,0.0,D,D,1.95,3.5,3.75,1.9,1.9
I1,2021-09-21,19:45:00,Atalanta,Sassuolo,2,1,2.0,1.0,H,H,1.5,4.75,6.0,1.53,2.5
I1,2021-09-21,19:45:00,Fiorentina,Inter,1,3,1.0,0.0,A,H,3.75,3.6,1.9,1.72,2.1
I1,2021-09-22,17:30:00,Salernitana,Verona,2,2,1.0,2.0,D,A,3.5,3.4,2.05,2.0,1.8
I1,2021-09-22,17:30:00,Spezia,Juventus,2,3,1.0,1.0,A,D,8.0,5.5,1.33,1.57,2.37
I1,2021-09-22,19:45:00,Cagliari,Empoli,0,2,0.0,1.0,A,A,2.0,3.75,3.4,1.72,2.1
I1,2021-09-22,19:45:00,Milan,Venezia,2,0,0.0,0.0,H,D,1.25,6.0,12.0,1.44,2.75
I1,2021-09-23,17:30:00,Sampdoria,Napoli,0,4,0.0,2.0,A,A,4.2,3.6,1.83,1.72,2.1
I1,2021-09-23,17:30:00,Torino,Lazio,1,1,0.0,0.0,D,D,3.25,3.5,2.15,1.72,2.1
I1,2021-09-23,19:45:00,Roma,Udinese,1,0,1.0,0.0,H,H,1.55,4.2,5.5,1.66,2.2
I1,2021-09-25,14:00:00,Spezia,Milan,1,2,0.0,0.0,A,D,7.0,4.5,1.45,1.57,2.37
I1,2021-09-25,17:00:00,Inter,Atalanta,2,2,1.0,2.0,D,A,1.9,3.75,3.8,1.72,2.1
I1,2021-09-25,19:45:00,Genoa,Verona,3,3,0.0,1.0,D,A,2.75,3.25,2.62,2.05,1.85
I1,2021-09-26,11:30:00,Juventus,Sampdoria,3,2,2.0,1.0,H,H,1.3,5.75,9.0,1.57,2.37
I1,2021-09-26,14:00:00,Empoli,Bologna,4,2,2.0,1.0,H,H,2.6,3.75,2.5,1.57,2.37
I1,2021-09-26,14:00:00,Sassuolo,Salernitana,1,0,0.0,0.0,H,D,1.4,5.0,7.5,1.53,2.5
I1,2021-09-26,14:00:00,Udinese,Fiorentina,0,1,0.0,1.0,A,A,3.1,3.4,2.3,1.9,1.9
I1,2021-09-26,17:00:00,Lazio,Roma,3,2,2.0,1.0,H,H,2.62,3.5,2.6,1.72,2.1
I1,2021-09-26,19:45:00,Napoli,Cagliari,2,0,1.0,0.0,H,H,1.25,6.0,11.0,1.53,2.5
I1,2021-09-27,19:45:00,Venezia,Torino,1,1,0.0,0.0,D,D,3.6,3.5,2.05,1.9,1.9
I1,2021-10-01,19:45:00,Cagliari,Venezia,1,1,1.0,0.0,D,H,1.85,3.5,4.33,2.07,1.83
I1,2021-10-02,14:00:00,Salernitana,Genoa,1,0,0.0,0.0,H,D,2.87,3.3,2.45,2.03,1.87
I1,2021-10-02,17:00:00,Torino,Juventus,0,1,0.0,0.0,A,D,4.5,3.5,1.8,1.96,1.94
I1,2021-10-02,19:45:00,Sassuolo,Inter,1,2,1.0,0.0,A,H,4.33,4.2,1.7,1.5,2.62
I1,2021-10-03,11:30:00,Bologna,Lazio,3,0,2.0,0.0,H,H,3.1,3.6,2.2,1.66,2.2
I1,2021-10-03,14:00:00,Sampdoria,Udinese,3,3,1.0,2.0,D,A,2.1,3.5,3.5,1.9,1.9
I1,2021-10-03,14:00:00,Verona,Spezia,4,0,3.0,0.0,H,H,1.65,4.0,5.25,1.66,2.2
I1,2021-10-03,17:00:00,Fiorentina,Napoli,1,2,1.0,1.0,A,D,3.9,3.5,1.95,1.72,2.1
I1,2021-10-03,17:00:00,Roma,Empoli,2,0,1.0,0.0,H,H,1.4,5.0,7.0,1.36,3.2
I1,2021-10-03,19:45:00,Atalanta,Milan,2,3,0.0,2.0,A,A,2.05,3.75,3.4,1.66,2.2
I1,2021-10-16,14:00:00,Spezia,Salernitana,2,1,0.0,1.0,H,A,2.1,3.4,3.5,1.9,1.9
I1,2021-10-16,17:00:00,Lazio,Inter,3,1,0.0,1.0,H,A,3.3,3.5,2.15,1.66,2.2
I1,2021-10-16,19:45:00,Milan,Verona,3,2,0.0,2.0,H,A,1.55,4.2,5.75,1.61,2.3
I1,2021-10-17,11:30:00,Cagliari,Sampdoria,3,1,1.0,0.0,H,H,2.55,3.4,2.75,1.72,2.1
I1,2021-10-17,14:00:00,Empoli,Atalanta,1,4,1.0,2.0,A,A,5.75,4.33,1.55,1.5,2.62
I1,2021-10-17,14:00:00,Genoa,Sassuolo,2,2,1.0,2.0,D,A,3.1,3.5,2.25,1.66,2.2
I1,2021-10-17,14:00:00,Udinese,Bologna,1,1,0.0,0.0,D,D,2.25,3.4,3.2,1.9,1.9
I1,2021-10-17,17:00:00,Napoli,Torino,1,0,0.0,0.0,H,D,1.4,4.5,8.5,1.66,2.2
I1,2021-10-17,19:45:00,Juventus,Roma,1,0,1.0,0.0,H,H,1.85,3.8,4.0,1.72,2.1
I1,2021-10-18,19:45:00,Venezia,Fiorentina,1,0,1.0,0.0,H,H,4.2,3.75,1.83,1.9,1.9
I1,2021-10-22,17:30:00,Torino,Genoa,3,2,2.0,0.0,H,H,1.7,3.7,5.0,1.9,1.9
I1,2021-10-22,19:45:00,Sampdoria,Spezia,2,1,2.0,0.0,H,H,1.8,3.8,4.2,1.61,2.3
I1,2021-10-23,14:00:00,Salernitana,Empoli,2,4,0.0,4.0,A,A,2.7,3.4,2.62,1.9,1.9
I1,2021-10-23,17:00:00,Sassuolo,Venezia,3,1,1.0,1.0,H,D,1.57,4.2,5.5,1.61,2.3
I1,2021-10-23,19:45:00,Bologna,Milan,2,4,0.0,2.0,A,A,3.35,3.6,2.1,1.72,2.1
I1,2021-10-24,11:30:00,Atalanta,Udinese,1,1,0.0,0.0,D,D,1.4,5.0,7.5,1.53,2.5
I1,2021-10-24,14:00:00,Fiorentina,Cagliari,3,0,2.0,0.0,H,H,1.65,4.0,5.25,1.72,2.1
I1,2021-10-24,14:00:00,Verona,Lazio,4,1,2.0,0.0,H,H,3.1,3.6,2.2,1.72,2.1
I1,2021-10-24,17:00:00,Roma,Napoli,0,0,0.0,0.0,D,D,2.87,3.5,2.4,1.66,2.2
I1,2021-10-24,19:45:00,Inter,Juventus,1,1,1.0,0.0,D,H,2.05,3.6,3.4,1.72,2.1
I1,2021-10-26,17:30:00,Spezia,Genoa,1,1,0.0,0.0,D,D,2.3,3.5,3.0,1.66,2.2
I1,2021-10-26,17:30:00,Venezia,Salernitana,1,2,1.0,0.0,A,H,1.95,3.4,4.0,2.0,1.8
I1,2021-10-26,19:45:00,Milan,Torino,1,0,1.0,0.0,H,H,1.6,4.0,5.5,1.72,2.1
I1,2021-10-27,17:30:00,Juventus,Sassuolo,1,2,0.0,1.0,A,A,1.44,4.75,6.5,1.53,2.5
I1,2021-10-27,17:30:00,Sampdoria,Atalanta,1,3,1.0,2.0,A,A,4.33,4.2,1.72,1.53,2.5
I1,2021-10-27,17:30:00,Udinese,Verona,1,1,1.0,0.0,D,H,2.4,3.4,2.9,1.9,1.9
I1,2021-10-27,19:45:00,Cagliari,Roma,1,2,0.0,0.0,A,D,5.0,4.2,1.61,1.57,2.37
I1,2021-10-27,19:45:00,Empoli,Inter,0,2,0.0,1.0,A,A,5.75,4.75,1.5,1.44,2.75
I1,2021-10-27,19:45:00,Lazio,Fiorentina,1,0,0.0,0.0,H,D,1.95,3.6,3.75,1.72,2.1
I1,2021-10-28,19:45:00,Napoli,Bologna,3,0,2.0,0.0,H,H,1.3,5.5,9.5,1.5,2.62
I1,2021-10-30,14:00:00,Atalanta,Lazio,2,2,1.0,1.0,D,D,1.9,3.8,3.8,1.57,2.37
I1,2021-10-30,17:00:00,Verona,Juventus,2,1,2.0,0.0,H,H,4.0,3.8,1.85,1.72,2.1
I1,2021-10-30,19:45:00,Torino,Sampdoria,3,0,1.0,0.0,H,H,1.9,3.75,3.8,1.72,2.1
I1,2021-10-31,11:30:00,Inter,Udinese,2,0,0.0,0.0,H,D,1.36,5.0,8.5,1.57,2.37
I1,2021-10-31,14:00:00,Fiorentina,Spezia,3,0,1.0,0.0,H,H,1.53,4.5,5.75,1.61,2.3
I1,2021-10-31,14:00:00,Genoa,Venezia,0,0,0.0,0.0,D,D,2.05,3.4,3.75,1.9,1.9
I1,2021-10-31,14:00:00,Sassuolo,Empoli,1,2,1.0,0.0,A,H,1.75,4.1,4.2,1.44,2.75
I1,2021-10-31,17:00:00,Salernitana,Napoli,0,1,0.0,0.0,A,D,10.0,5.5,1.3,1.53,2.5
I1,2021-10-31,19:45:00,Roma,Milan,1,2,0.0,1.0,A,A,2.3,3.5,3.0,1.72,2.1
I1,2021-11-01,19:45:00,Bologna,Cagliari,2,0,0.0,0.0,H,D,1.8,3.6,4.5,1.66,2.2
I1,2021-11-05,19:45:00,Empoli,Genoa,2,2,0.0,1.0,D,A,2.1,3.75,3.2,1.61,2.3
I1,2021-11-06,14:00:00,Spezia,Torino,1,0,0.0,0.0,H,D,3.6,3.6,2.0,1.72,2.1
I1,2021-11-06,17:00:00,Juventus,Fiorentina,1,0,0.0,0.0,H,D,1.57,4.2,5.5,1.72,2.1
I1,2021-11-06,19:45:00,Cagliari,Atalanta,1,2,1.0,2.0,A,A,6.0,4.5,1.5,1.53,2.5
I1,2021-11-07,11:30:00,Venezia,Roma,3,2,1.0,2.0,H,A,5.75,4.5,1.53,1.66,2.2
I1,2021-11-07,14:00:00,Sampdoria,Bologna,1,2,0.0,0.0,A,D,2.37,3.6,2.87,1.72,2.1
I1,2021-11-07,14:00:00,Udinese,Sassuolo,3,2,2.0,2.0,H,D,2.4,3.5,2.8,1.72,2.1
I1,2021-11-07,17:00:00,Lazio,Salernitana,3,0,2.0,0.0,H,H,1.3,5.5,9.5,1.53,2.5
I1,2021-11-07,17:00:00,Napoli,Verona,1,1,1.0,1.0,D,D,1.36,5.0,8.0,1.57,2.37
I1,2021-11-07,19:45:00,Milan,Inter,1,1,1.0,1.0,D,D,3.25,3.5,2.15,1.66,2.2
I1,2021-11-20,14:00:00,Atalanta,Spezia,5,2,3.0,1.0,H,H,1.25,6.5,9.5,1.36,3.2
I1,2021-11-20,17:00:00,Lazio,Juventus,0,2,0.0,1.0,A,A,3.0,3.4,2.35,1.94,1.96
I1,2021-11-20,19:45:00,Fiorentina,Milan,4,3,2.0,0.0,H,H,3.1,3.5,2.25,1.87,2.03
I1,2021-11-21,11:30:00,Sassuolo,Cagliari,2,2,1.0,1.0,D,D,1.6,4.2,5.25,1.57,2.37
I1,2021-11-21,14:00:00,Bologna,Venezia,0,1,0.0,0.0,A,D,1.61,4.0,5.5,1.72,2.1
I1,2021-11-21,14:00:00,Salernitana,Sampdoria,0,2,0.0,2.0,A,A,3.1,3.25,2.37,1.97,1.93
I1,2021-11-21,17:00:00,Inter,Napoli,3,2,2.0,1.0,H,H,2.2,3.5,3.25,1.72,2.1
I1,2021-11-21,19:45:00,Genoa,Roma,0,2,0.0,0.0,A,D,4.75,3.9,1.7,1.61,2.3
I1,2021-11-22,17:30:00,Verona,Empoli,2,1,0.0,0.0,H,D,1.7,4.0,4.5,1.57,2.37
I1,2021-11-22,19:45:00,Torino,Udinese,2,1,1.0,0.0,H,H,2.05,3.4,3.7,2.2,1.66
I1,2021-11-26,19:45:00,Cagliari,Salernitana,1,1,0.0,0.0,D,D,1.83,3.6,4.33,2.0,1.8
I1,2021-11-27,14:00:00,Empoli,Fiorentina,2,1,0.0,0.0,H,D,3.4,3.4,2.15,1.72,2.1
I1,2021-11-27,14:00:00,Sampdoria,Verona,3,1,0.0,1.0,H,A,2.9,3.5,2.37,1.88,2.02
I1,2021-11-27,17:00:00,Juventus,Atalanta,0,1,0.0,1.0,A,A,2.2,3.5,3.25,1.72,2.1
I1,2021-11-27,19:45:00,Venezia,Inter,0,2,0.0,1.0,A,A,8.0,5.0,1.36,1.66,2.2
I1,2021-11-28,11:30:00,Udinese,Genoa,0,0,0.0,0.0,D,D,1.75,3.6,4.75,2.03,1.87
I1,2021-11-28,14:00:00,Milan,Sassuolo,1,3,1.0,2.0,A,A,1.53,4.5,5.5,1.53,2.5
I1,2021-11-28,14:00:00,Spezia,Bologna,0,1,0.0,0.0,A,D,3.0,3.5,2.3,1.72,2.1
I1,2021-11-28,17:00:00,Roma,Torino,1,0,1.0,0.0,H,H,1.72,4.0,4.5,1.8,2.0
I1,2021-11-28,19:45:00,Napoli,Lazio,4,0,3.0,0.0,H,H,1.8,3.8,4.33,1.66,2.2
I1,2021-11-30,17:30:00,Atalanta,Venezia,4,0,2.0,0.0,H,H,1.22,6.0,12.0,1.53,2.5
I1,2021-11-30,17:30:00,Fiorentina,Sampdoria,3,1,3.0,1.0,H,H,1.7,3.8,5.0,1.72,2.1
I1,2021-11-30,19:45:00,Salernitana,Juventus,0,2,0.0,1.0,A,A,9.5,5.5,1.3,1.72,2.1
I1,2021-11-30,19:45:00,Verona,Cagliari,0,0,0.0,0.0,D,D,1.61,4.0,5.25,1.61,2.3
I1,2021-12-01,17:30:00,Bologna,Roma,1,0,1.0,0.0,H,H,3.1,3.6,2.2,1.72,2.1
I1,2021-12-01,17:30:00,Inter,Spezia,2,0,1.0,0.0,H,H,1.18,7.5,13.0,1.36,3.2
I1,2021-12-01,19:45:00,Genoa,Milan,0,3,0.0,2.0,A,A,5.0,4.0,1.66,1.72,2.1
I1,2021-12-01,19:45:00,Sassuolo,Napoli,2,2,0.0,0.0,D,D,4.0,3.9,1.8,1.57,2.37
I1,2021-12-02,17:30:00,Torino,Empoli,2,2,2.0,1.0,D,H,1.72,3.8,4.75,1.9,2.03
I1,2021-12-02,19:45:00,Lazio,Udinese,4,4,1.0,3.0,D,A,1.66,3.8,5.25,1.72,2.1
I1,2021-12-04,14:00:00,Milan,Salernitana,2,0,2.0,0.0,H,H,1.18,7.0,15.0,1.5,2.62
I1,2021-12-04,17:00:00,Roma,Inter,0,3,0.0,3.0,A,A,3.8,3.8,1.9,1.72,2.1
I1,2021-12-04,19:45:00,Napoli,Atalanta,2,3,1.0,1.0,A,D,2.45,3.5,2.8,1.66,2.2
I1,2021-12-05,11:30:00,Bologna,Fiorentina,2,3,1.0,1.0,A,D,2.87,3.3,2.5,1.87,2.03
I1,2021-12-05,14:00:00,Spezia,Sassuolo,2,2,1.0,0.0,D,H,3.3,3.75,2.05,1.57,2.37
I1,2021-12-05,14:00:00,Venezia,Verona,3,4,3.0,0.0,A,H,3.6,3.5,2.0,2.0,1.9
I1,2021-12-05,17:00:00,Sampdoria,Lazio,1,3,0.0,3.0,A,A,3.5,3.6,2.05,1.66,2.2
I1,2021-12-05,19:45:00,Juventus,Genoa,2,0,1.0,0.0,H,H,1.25,6.0,12.0,1.66,2.2
I1,2021-12-06,17:30:00,Empoli,Udinese,3,1,0.0,1.0,H,A,2.6,3.25,2.8,1.88,2.02
I1,2021-12-06,19:45:00,Cagliari,Torino,1,1,0.0,1.0,D,A,3.5,3.2,2.25,2.0,1.8
I1,2021-12-10,19:45:00,Genoa,Sampdoria,1,3,0.0,1.0,A,A,3.2,3.3,2.25,2.1,1.72
I1,2021-12-11,14:00:00,Fiorentina,Salernitana,4,0,1.0,0.0,H,H,1.3,5.5,9.5,1.66,2.2
I1,2021-12-11,17:00:00,Venezia,Juventus,1,1,0.0,1.0,D,A,9.0,4.75,1.36,1.72,2.1
I1,2021-12-11,19:45:00,Udinese,Milan,1,1,1.0,0.0,D,H,4.2,3.5,1.9,1.98,1.92
I1,2021-12-12,11:30:00,Torino,Bologna,2,1,1.0,0.0,H,H,2.2,3.25,3.5,2.1,1.72
I1,2021-12-12,14:00:00,Verona,Atalanta,1,2,1.0,1.0,A,D,3.8,3.8,1.9,1.53,2.5
I1,2021-12-12,17:00:00,Napoli,Empoli,0,1,0.0,0.0,A,D,1.33,5.0,10.0,1.44,2.75
I1,2021-12-12,17:00:00,Sassuolo,Lazio,2,1,0.0,1.0,H,A,2.7,3.5,2.5,1.53,2.5
I1,2021-12-12,19:45:00,Inter,Cagliari,4,0,1.0,0.0,H,H,1.16,8.0,15.0,1.36,3.2
I1,2021-12-13,19:45:00,Roma,Spezia,2,0,1.0,0.0,H,H,1.4,5.0,7.5,1.53,2.5
I1,2021-12-17,17:30:00,Lazio,Genoa,3,1,1.0,0.0,H,H,1.53,4.33,6.0,1.87,2.03
I1,2021-12-17,19:45:00,Salernitana,Inter,0,5,0.0,2.0,A,A,15.0,8.0,1.16,1.44,2.75
I1,2021-12-18,14:00:00,Atalanta,Roma,1,4,1.0,2.0,A,A,1.7,4.33,4.33,1.57,2.37
I1,2021-12-18,17:00:00,Bologna,Juventus,0,2,0.0,1.0,A,A,4.1,3.7,1.83,1.96,1.94
I1,2021-12-18,19:45:00,Cagliari,Udinese,0,4,0.0,2.0,A,A,3.0,3.25,2.4,1.98,1.92
I1,2021-12-19,11:30:00,Fiorentina,Sassuolo,2,2,0.0,2.0,D,A,1.85,3.8,3.9,1.53,2.5
I1,2021-12-19,14:00:00,Spezia,Empoli,1,1,0.0,0.0,D,D,2.62,3.75,2.45,1.57,2.37
I1,2021-12-19,17:00:00,Sampdoria,Venezia,1,1,1.0,0.0,D,H,1.8,3.8,4.33,1.72,2.1
I1,2021-12-19,17:00:00,Torino,Verona,1,0,1.0,0.0,H,H,2.2,3.4,3.3,1.98,1.92
I1,2021-12-19,19:45:00,Milan,Napoli,0,1,0.0,1.0,A,A,2.25,3.5,3.1,1.8,2.0
I1,2021-12-21,19:45:00,Genoa,Atalanta,0,0,0.0,0.0,D,D,7.5,5.25,1.36,1.53,2.5
I1,2021-12-21,19:45:00,Juventus,Cagliari,2,0,1.0,0.0,H,H,1.18,6.5,17.0,1.72,2.1
I1,2021-12-22,15:30:00,Sassuolo,Bologna,0,3,0.0,2.0,A,A,2.0,3.6,3.6,1.57,2.37
I1,2021-12-22,15:30:00,Venezia,Lazio,1,3,1.0,1.0,A,D,4.2,3.6,1.85,1.72,2.1
I1,2021-12-22,17:30:00,Inter,Torino,1,0,1.0,0.0,H,H,1.3,5.5,10.0,1.57,2.37
I1,2021-12-22,17:30:00,Roma,Sampdoria,1,1,0.0,0.0,D,D,1.55,4.33,5.5,1.61,2.3
I1,2021-12-22,17:30:00,Verona,Fiorentina,1,1,1.0,0.0,D,H,2.9,3.5,2.37,1.72,2.1
I1,2021-12-22,19:45:00,Empoli,Milan,2,4,1.0,2.0,A,A,4.5,3.9,1.75,1.57,2.37
I1,2021-12-22,19:45:00,Napoli,Spezia,0,1,0.0,1.0,A,A,1.22,6.5,12.0,1.44,2.75
I1,2022-01-06,11:30:00,Sampdoria,Cagliari,1,2,1.0,0.0,A,H,1.85,3.75,4.0,1.8,2.0
I1,2022-01-06,13:30:00,Lazio,Empoli,3,3,1.0,2.0,D,A,1.6,4.4,5.0,1.5,2.62
I1,2022-01-06,13:30:00,Spezia,Verona,1,2,0.0,0.0,A,D,3.5,3.5,2.05,1.8,2.0
I1,2022-01-06,15:30:00,Sassuolo,Genoa,1,1,0.0,1.0,D,A,1.57,4.33,5.25,1.66,2.2
I1,2022-01-06,17:30:00,Milan,Roma,3,1,2.0,1.0,H,H,1.9,3.7,3.8,1.72,2.1
I1,2022-01-06,19:45:00,Juventus,Napoli,1,1,0.0,1.0,D,A,1.9,3.6,4.0,2.04,1.86
I1,2022-01-09,11:30:00,Empoli,Sassuolo,1,5,1.0,2.0,A,A,2.5,3.8,2.55,1.44,2.75
I1,2022-01-09,11:30:00,Venezia,Milan,0,3,0.0,1.0,A,A,6.0,4.0,1.57,1.86,2.04
I1,2022-01-09,15:30:00,Napoli,Sampdoria,1,0,1.0,0.0,H,H,1.4,5.0,7.5,1.61,2.3
I1,2022-01-09,15:30:00,Udinese,Atalanta,2,6,0.0,3.0,A,A,3.5,3.6,2.05,1.66,2.2
I1,2022-01-09,17:30:00,Genoa,Spezia,0,1,0.0,1.0,A,A,2.1,3.3,3.6,2.1,1.72
I1,2022-01-09,17:30:00,Roma,Juventus,3,4,1.0,1.0,A,D,3.3,3.5,2.15,1.93,1.97
I1,2022-01-09,19:45:00,Inter,Lazio,2,1,1.0,1.0,H,D,1.4,5.0,7.0,1.53,2.5
I1,2022-01-09,19:45:00,Verona,Salernitana,1,2,0.0,1.0,A,A,1.36,5.0,8.0,1.66,2.2
I1,2022-01-10,16:00:00,Torino,Fiorentina,4,0,3.0,0.0,H,H,,,,,
I1,2022-01-11,19:45:00,Cagliari,Bologna,2,1,0.0,0.0,H,D,2.75,3.3,2.55,2.0,1.9
I1,2022-01-15,14:00:00,Sampdoria,Torino,1,2,1.0,1.0,A,D,3.0,3.2,2.45,2.03,1.87
I1,2022-01-15,17:00:00,Salernitana,Lazio,0,3,0.0,2.0,A,A,7.0,4.5,1.45,1.72,2.1
I1,2022-01-15,19:45:00,Juventus,Udinese,2,0,1.0,0.0,H,H,1.4,4.75,7.5,1.92,1.98
I1,2022-01-16,11:30:00,Sassuolo,Verona,2,4,0.0,2.0,A,A,2.2,3.5,3.2,1.57,2.37
I1,2022-01-16,14:00:00,Venezia,Empoli,1,1,0.0,1.0,D,A,2.62,3.5,2.55,1.72,2.1
I1,2022-01-16,17:00:00,Roma,Cagliari,1,0,1.0,0.0,H,H,1.36,5.0,8.5,1.61,2.3
I1,2022-01-16,19:45:00,Atalanta,Inter,0,0,0.0,0.0,D,D,2.87,3.75,2.3,1.61,2.3
I1,2022-01-17,17:30:00,Bologna,Napoli,0,2,0.0,1.0,A,A,4.0,3.4,1.95,2.01,1.89
I1,2022-01-17,17:30:00,Milan,Spezia,1,2,1.0,0.0,A,H,1.33,5.0,9.5,1.57,2.37
I1,2022-01-17,19:45:00,Fiorentina,Genoa,6,0,3.0,0.0,H,H,1.45,4.2,7.5,1.8,2.0
I1,2022-01-21,19:45:00,Verona,Bologna,2,1,1.0,1.0,H,D,1.95,3.6,3.8,1.72,2.1
I1,2022-01-22,14:00:00,Genoa,Udinese,0,0,0.0,0.0,D,D,3.5,3.3,2.15,2.1,1.72
I1,2022-01-22,17:00:00,Inter,Venezia,2,1,1.0,1.0,H,D,1.1,9.5,21.0,1.36,3.2
I1,2022-01-22,19:45:00,Lazio,Atalanta,0,0,0.0,0.0,D,D,3.2,3.5,2.2,1.57,2.37
I1,2022-01-23,11:30:00,Cagliari,Fiorentina,1,1,0.0,0.0,D,D,5.25,4.1,1.61,1.8,2.0
I1,2022-01-23,14:00:00,Napoli,Salernitana,4,1,2.0,1.0,H,H,1.14,8.0,17.0,1.44,2.75
I1,2022-01-23,14:00:00,Spezia,Sampdoria,1,0,0.0,0.0,H,D,2.7,3.3,2.62,1.93,1.97
I1,2022-01-23,14:00:00,Torino,Sassuolo,1,1,1.0,0.0,D,H,2.1,3.6,3.3,1.66,2.2
I1,2022-01-23,17:00:00,Empoli,Roma,2,4,0.0,4.0,A,A,4.0,4.2,1.8,1.5,2.62
I1,2022-01-23,19:45:00,Milan,Juventus,0,0,0.0,0.0,D,D,2.62,3.3,2.7,1.99,1.91
I1,2022-02-05,14:00:00,Roma,Genoa,0,0,0.0,0.0,D,D,1.36,5.5,7.5,1.61,2.3
I1,2022-02-05,17:00:00,Inter,Milan,1,2,1.0,0.0,A,H,1.8,3.75,4.5,1.66,2.2
I1,2022-02-05,19:45:00,Fiorentina,Lazio,0,3,0.0,0.0,A,D,2.37,3.5,2.9,1.72,2.1
I1,2022-02-06,11:30:00,Atalanta,Cagliari,1,2,0.0,0.0,A,D,1.25,6.5,11.0,1.44,2.75
I1,2022-02-06,14:00:00,Bologna,Empoli,0,0,0.0,0.0,D,D,2.0,3.6,3.6,1.61,2.3
I1,2022-02-06,14:00:00,Sampdoria,Sassuolo,4,0,2.0,0.0,H,H,2.8,3.8,2.3,1.61,2.3
I1,2022-02-06,14:00:00,Venezia,Napoli,0,2,0.0,0.0,A,D,7.5,4.75,1.4,1.66,2.2
I1,2022-02-06,17:00:00,Udinese,Torino,2,0,0.0,0.0,H,D,3.1,3.3,2.37,2.1,1.72
I1,2022-02-06,19:45:00,Juventus,Verona,2,0,1.0,0.0,H,H,1.53,4.33,6.0,1.72,2.1
I1,2022-02-07,19:45:00,Salernitana,Spezia,2,2,2.0,2.0,D,D,2.87,3.4,2.5,1.94,1.96
I1,2022-02-12,14:00:00,Lazio,Bologna,3,0,1.0,0.0,H,H,1.7,4.0,4.75,1.72,2.1
I1,2022-02-12,17:00:00,Napoli,Inter,1,1,1.0,0.0,D,H,2.75,3.4,2.55,1.9,2.0
I1,2022-02-12,19:45:00,Torino,Venezia,1,2,1.0,1.0,A,D,1.5,4.2,7.0,1.91,1.99
I1,2022-02-13,11:30:00,Milan,Sampdoria,1,0,1.0,0.0,H,H,1.4,4.75,7.5,1.66,2.2
I1,2022-02-13,14:00:00,Empoli,Cagliari,1,1,1.0,0.0,D,H,1.95,3.8,3.6,1.61,2.3
I1,2022-02-13,14:00:00,Genoa,Salernitana,1,1,1.0,1.0,D,D,1.83,3.75,4.33,2.04,1.86
I1,2022-02-13,14:00:00,Verona,Udinese,4,0,2.0,0.0,H,H,1.83,3.6,4.2,1.97,1.93
I1,2022-02-13,17:00:00,Sassuolo,Roma,2,2,0.0,1.0,D,A,3.4,3.9,2.0,1.57,2.37
I1,2022-02-13,19:45:00,Atalanta,Juventus,1,1,0.0,0.0,D,D,2.8,3.5,2.37,1.92,1.98
I1,2022-02-14,19:45:00,Spezia,Fiorentina,1,2,0.0,1.0,A,A,3.75,3.6,1.95,1.72,2.1
I1,2022-02-18,19:45:00,Juventus,Torino,1,1,1.0,0.0,D,H,1.57,3.75,6.5,2.1,1.72
I1,2022-02-19,14:00:00,Sampdoria,Empoli,2,0,2.0,0.0,H,H,2.2,3.4,3.2,1.72,2.1
I1,2022-02-19,17:00:00,Roma,Verona,2,2,0.0,2.0,D,A,1.95,3.75,3.6,1.72,2.1
I1,2022-02-19,19:45:00,Salernitana,Milan,2,2,1.0,1.0,D,D,9.0,5.0,1.36,1.66,2.2
I1,2022-02-20,11:30:00,Fiorentina,Atalanta,1,0,0.0,0.0,H,D,2.6,3.3,2.7,1.72,2.1
I1,2022-02-20,14:00:00,Venezia,Genoa,1,1,1.0,1.0,D,D,2.5,3.2,2.9,2.1,1.72
I1,2022-02-20,17:00:00,Inter,Sassuolo,0,2,0.0,2.0,A,A,1.28,6.0,9.0,1.36,3.2
I1,2022-02-20,19:45:00,Udinese,Lazio,1,1,1.0,1.0,D,D,2.9,3.3,2.45,2.0,1.9
I1,2022-02-21,18:00:00,Cagliari,Napoli,1,1,0.0,0.0,D,D,6.5,4.33,1.5,1.66,2.2
I1,2022-02-21,20:00:00,Bologna,Spezia,2,1,1.0,1.0,H,D,1.8,3.8,4.33,1.9,2.0
I1,2022-02-25,17:45:00,Milan,Udinese,1,1,1.0,0.0,D,H,1.5,4.0,7.0,1.94,1.96
I1,2022-02-25,20:00:00,Genoa,Inter,0,0,0.0,0.0,D,D,9.0,5.25,1.33,1.61,2.3
I1,2022-02-26,14:00:00,Salernitana,Bologna,1,1,0.0,1.0,D,A,3.5,3.4,2.15,1.95,1.95
I1,2022-02-26,17:00:00,Empoli,Juventus,2,3,1.0,2.0,A,A,5.0,4.0,1.65,1.72,2.1
I1,2022-02-26,19:45:00,Sassuolo,Fiorentina,2,1,1.0,0.0,H,H,2.7,3.6,2.45,1.61,2.3
I1,2022-02-27,11:30:00,Torino,Cagliari,1,2,0.0,1.0,A,A,1.65,3.8,5.5,2.01,1.89
I1,2022-02-27,14:00:00,Verona,Venezia,3,1,0.0,0.0,H,D,1.53,4.0,6.0,1.66,2.2
I1,2022-02-27,17:00:00,Spezia,Roma,0,1,0.0,0.0,A,D,4.5,3.6,1.8,1.8,2.0
I1,2022-02-27,19:45:00,Lazio,Napoli,1,2,0.0,0.0,A,D,2.75,3.4,2.5,1.96,1.94
I1,2022-02-28,19:45:00,Atalanta,Sampdoria,4,0,2.0,0.0,H,H,1.44,5.0,6.5,1.66,2.2
I1,2022-03-04,19:45:00,Inter,Salernitana,5,0,2.0,0.0,H,H,1.14,7.5,19.0,1.44,2.75
I1,2022-03-05,14:00:00,Udinese,Sampdoria,2,1,2.0,1.0,H,H,1.9,3.4,4.33,2.03,1.87
I1,2022-03-05,17:00:00,Roma,Atalanta,1,0,1.0,0.0,H,H,2.55,3.4,2.7,1.72,2.1
I1,2022-03-05,19:45:00,Cagliari,Lazio,0,3,0.0,2.0,A,A,3.6,3.2,2.1,1.98,1.92
I1,2022-03-06,11:30:00,Genoa,Empoli,0,0,0.0,0.0,D,D,2.5,3.2,2.87,1.88,2.02
I1,2022-03-06,14:00:00,Bologna,Torino,0,0,0.0,0.0,D,D,2.8,3.2,2.5,2.07,1.83
I1,2022-03-06,14:00:00,Fiorentina,Verona,1,1,1.0,1.0,D,D,1.95,3.5,3.6,1.72,2.1
I1,2022-03-06,14:00:00,Venezia,Sassuolo,1,4,1.0,3.0,A,A,3.25,3.4,2.2,1.66,2.2
I1,2022-03-06,17:00:00,Juventus,Spezia,1,0,1.0,0.0,H,H,1.22,6.25,13.0,1.66,2.2
I1,2022-03-06,19:45:00,Napoli,Milan,0,1,0.0,0.0,A,D,2.05,3.3,3.6,2.04,1.86
I1,2022-03-12,14:00:00,Salernitana,Sassuolo,2,2,1.0,2.0,D,A,3.8,4.2,1.8,1.53,2.5
I1,2022-03-12,14:00:00,Spezia,Cagliari,2,0,0.0,0.0,H,D,2.62,3.3,2.62,2.0,1.8
I1,2022-03-12,17:00:00,Sampdoria,Juventus,1,3,0.0,2.0,A,A,5.5,3.75,1.65,1.97,1.93
I1,2022-03-12,19:45:00,Milan,Empoli,1,0,1.0,0.0,H,H,1.36,5.25,7.5,1.53,2.5
I1,2022-03-13,11:30:00,Fiorentina,Bologna,1,0,0.0,0.0,H,D,1.61,4.0,5.5,1.72,2.1
I1,2022-03-13,14:00:00,Verona,Napoli,1,2,0.0,1.0,A,A,3.25,3.6,2.15,1.89,2.01
I1,2022-03-13,17:00:00,Atalanta,Genoa,0,0,0.0,0.0,D,D,1.33,5.25,9.0,1.8,2.0
I1,2022-03-13,17:00:00,Udinese,Roma,1,1,1.0,0.0,D,H,3.1,3.5,2.25,2.0,1.9
I1,2022-03-13,19:45:00,Torino,Inter,1,1,1.0,0.0,D,H,5.5,3.6,1.66,1.85,2.05
I1,2022-03-14,19:45:00,Lazio,Venezia,1,0,0.0,0.0,H,D,1.33,5.5,8.5,1.57,2.37
I1,2022-03-18,17:45:00,Sassuolo,Spezia,4,1,1.0,1.0,H,D,1.66,4.2,4.75,1.57,2.37
I1,2022-03-18,20:00:00,Genoa,Torino,1,0,1.0,0.0,H,H,3.2,3.1,2.4,2.37,1.57
I1,2022-03-19,14:00:00,Napoli,Udinese,2,1,0.0,1.0,H,A,1.44,4.5,7.0,1.8,2.0
I1,2022-03-19,17:00:00,Inter,Fiorentina,1,1,0.0,0.0,D,D,1.5,4.5,6.5,1.61,2.3
I1,2022-03-19,19:45:00,Cagliari,Milan,0,1,0.0,0.0,A,D,5.25,4.0,1.6,1.92,1.98
I1,2022-03-20,11:30:00,Venezia,Sampdoria,0,2,0.0,2.0,A,A,2.62,3.3,2.7,1.92,1.98
I1,2022-03-20,14:00:00,Empoli,Verona,1,1,1.0,0.0,D,H,2.62,3.5,2.55,1.72,2.1
I1,2022-03-20,14:00:00,Juventus,Salernitana,2,0,2.0,0.0,H,H,1.2,7.0,13.0,1.61,2.3
I1,2022-03-20,17:00:00,Roma,Lazio,3,0,3.0,0.0,H,H,2.55,3.4,2.75,1.92,1.98
I1,2022-03-20,19:45:00,Bologna,Atalanta,0,1,0.0,0.0,A,D,4.5,3.6,1.8,1.86,2.04
I1,2022-04-02,14:00:00,Spezia,Venezia,1,0,0.0,0.0,H,D,2.1,3.4,3.5,2.08,1.82
I1,2022-04-02,17:00:00,Lazio,Sassuolo,2,1,1.0,0.0,H,H,1.72,4.2,4.2,1.5,2.62
I1,2022-04-02,19:45:00,Salernitana,Torino,0,1,0.0,1.0,A,A,4.0,3.6,1.9,2.07,1.83
I1,2022-04-03,11:30:00,Fiorentina,Empoli,1,0,0.0,0.0,H,D,1.55,4.33,5.5,1.57,2.37
I1,2022-04-03,14:00:00,Atalanta,Napoli,1,3,0.0,2.0,A,A,2.4,3.3,3.0,1.94,1.96
I1,2022-04-03,14:00:00,Udinese,Cagliari,5,1,2.0,1.0,H,H,1.8,3.5,4.75,2.0,1.8
I1,2022-04-03,17:00:00,Sampdoria,Roma,0,1,0.0,1.0,A,A,4.0,3.8,1.85,1.91,1.99
I1,2022-04-03,19:45:00,Juventus,Inter,0,1,0.0,1.0,A,A,2.8,3.4,2.5,2.04,1.86
I1,2022-04-04,17:30:00,Verona,Genoa,1,0,1.0,0.0,H,H,1.83,3.4,4.75,2.0,1.8
I1,2022-04-04,19:45:00,Milan,Bologna,0,0,0.0,0.0,D,D,1.4,4.5,8.5,1.72,2.1
I1,2022-04-09,14:00:00,Empoli,Spezia,0,0,0.0,0.0,D,D,2.0,3.5,3.8,1.87,2.03
I1,2022-04-09,17:00:00,Inter,Verona,2,0,2.0,0.0,H,H,1.36,5.25,8.0,1.57,2.37
I1,2022-04-09,19:45:00,Cagliari,Juventus,1,2,1.0,1.0,A,D,6.0,4.0,1.6,2.05,1.85
I1,2022-04-10,11:30:00,Genoa,Lazio,1,4,0.0,2.0,A,A,4.2,3.5,1.9,2.02,1.88
I1,2022-04-10,14:00:00,Napoli,Fiorentina,2,3,0.0,1.0,A,A,1.75,3.8,4.5,1.85,2.05
I1,2022-04-10,14:00:00,Sassuolo,Atalanta,2,1,1.0,0.0,H,H,3.3,3.75,2.1,1.53,2.5
I1,2022-04-10,14:00:00,Venezia,Udinese,1,2,0.0,1.0,A,A,3.5,3.3,2.15,2.1,1.72
I1,2022-04-10,17:00:00,Roma,Salernitana,2,1,0.0,1.0,H,A,1.28,5.75,11.0,1.61,2.3
I1,2022-04-10,19:45:00,Torino,Milan,0,0,0.0,0.0,D,D,4.2,3.5,1.9,2.1,1.72
I1,2022-04-11,19:45:00,Bologna,Sampdoria,2,0,0.0,0.0,H,D,2.1,3.5,3.5,2.1,1.72
I1,2022-04-15,18:00:00,Spezia,Inter,1,3,0.0,1.0,A,A,9.5,5.5,1.3,1.61,2.3
I1,2022-04-15,20:00:00,Milan,Genoa,2,0,1.0,0.0,H,H,1.33,5.0,11.0,1.8,2.0
I1,2022-04-16,11:30:00,Cagliari,Sassuolo,1,0,1.0,0.0,H,H,2.87,3.6,2.37,1.57,2.37
I1,2022-04-16,13:30:00,Sampdoria,Salernitana,1,2,1.0,2.0,A,A,1.83,3.75,4.2,1.87,2.03
I1,2022-04-16,13:30:00,Udinese,Empoli,4,1,1.0,0.0,H,H,1.8,3.75,4.5,1.8,2.0
I1,2022-04-16,15:30:00,Fiorentina,Venezia,1,0,1.0,0.0,H,H,1.36,5.0,8.5,1.66,2.2
I1,2022-04-16,17:30:00,Juventus,Bologna,1,1,0.0,0.0,D,D,1.33,5.0,10.0,1.86,2.04
I1,2022-04-16,19:45:00,Lazio,Torino,1,1,0.0,0.0,D,D,1.65,3.8,5.5,2.04,1.86
I1,2022-04-18,18:00:00,Napoli,Roma,1,1,1.0,0.0,D,H,1.9,3.6,4.0,1.88,2.02
I1,2022-04-18,20:00:00,Atalanta,Verona,1,2,0.0,1.0,A,A,1.65,4.1,5.0,1.66,2.2
I1,2022-04-20,17:45:00,Udinese,Salernitana,0,1,0.0,0.0,A,D,1.5,4.5,6.0,1.72,2.1
I1,2022-04-23,14:00:00,Torino,Spezia,2,1,1.0,0.0,H,H,1.66,3.6,5.5,2.04,1.86
I1,2022-04-23,14:00:00,Venezia,Atalanta,1,3,0.0,1.0,A,A,6.5,4.33,1.5,1.66,2.2
I1,2022-04-23,17:00:00,Inter,Roma,3,1,2.0,0.0,H,H,1.61,4.0,5.5,1.72,2.1
I1,2022-04-23,19:45:00,Verona,Sampdoria,1,1,0.0,1.0,D,A,1.75,3.75,4.6,1.87,2.03
I1,2022-04-24,11:30:00,Salernitana,Fiorentina,2,1,1.0,0.0,H,H,5.5,3.8,1.66,1.72,2.1
I1,2022-04-24,14:00:00,Bologna,Udinese,2,2,1.0,1.0,D,D,2.8,3.25,2.6,1.98,1.92
I1,2022-04-24,14:00:00,Empoli,Napoli,3,2,0.0,1.0,H,A,5.5,4.0,1.6,1.61,2.3
I1,2022-04-24,17:00:00,Genoa,Cagliari,1,0,0.0,0.0,H,D,2.2,3.25,3.5,2.2,1.66
I1,2022-04-24,19:45:00,Lazio,Milan,1,2,1.0,0.0,A,H,2.9,3.4,2.45,1.91,1.99
I1,2022-04-25,19:45:00,Sassuolo,Juventus,1,2,1.0,1.0,A,D,4.2,3.9,1.8,1.66,2.2
I1,2022-04-27,17:00:00,Fiorentina,Udinese,0,4,0.0,2.0,A,A,1.7,4.0,4.75,1.72,2.1
I1,2022-04-27,19:15:00,Atalanta,Torino,4,4,2.0,2.0,D,D,1.6,4.0,5.75,1.8,2.0
I1,2022-04-27,19:15:00,Bologna,Inter,2,1,1.0,1.0,H,D,7.0,5.0,1.4,1.57,2.37
I1,2022-04-30,14:00:00,Cagliari,Verona,1,2,0.0,2.0,A,A,2.45,3.6,2.75,2.02,1.88
I1,2022-04-30,14:00:00,Napoli,Sassuolo,6,1,4.0,0.0,H,H,1.45,4.75,6.5,1.4,3.0
I1,2022-04-30,17:00:00,Sampdoria,Genoa,1,0,1.0,0.0,H,H,2.75,3.25,2.62,2.2,1.66
I1,2022-04-30,19:45:00,Spezia,Lazio,3,4,2.0,1.0,A,H,5.5,3.75,1.65,1.8,2.0
I1,2022-05-01,11:30:00,Juventus,Venezia,2,1,1.0,0.0,H,H,1.2,6.5,15.0,1.53,2.5
I1,2022-05-01,14:00:00,Empoli,Torino,1,3,0.0,0.0,A,D,2.7,3.4,2.55,1.83,2.07
I1,2022-05-01,14:00:00,Milan,Fiorentina,1,0,0.0,0.0,H,D,1.61,4.0,5.5,1.72,2.1
I1,2022-05-01,17:00:00,Udinese,Inter,1,2,0.0,2.0,A,A,6.0,4.2,1.55,1.66,2.2
I1,2022-05-01,19:45:00,Roma,Bologna,0,0,0.0,0.0,D,D,1.5,4.5,6.0,1.66,2.2
I1,2022-05-02,19:45:00,Atalanta,Salernitana,1,1,0.0,1.0,D,A,1.25,6.5,9.5,1.5,2.62
I1,2022-05-05,17:00:00,Salernitana,Venezia,2,1,1.0,0.0,H,H,1.75,3.6,4.5,1.9,2.0
I1,2022-05-06,17:45:00,Inter,Empoli,4,2,2.0,2.0,H,D,1.14,9.0,15.0,1.28,3.75
I1,2022-05-06,20:00:00,Genoa,Juventus,2,1,0.0,0.0,H,D,3.75,3.3,2.05,2.5,1.53
I1,2022-05-07,14:00:00,Torino,Napoli,0,1,0.0,0.0,A,D,3.6,3.5,2.05,1.8,2.0
I1,2022-05-07,17:00:00,Sassuolo,Udinese,1,1,1.0,0.0,D,H,2.3,3.6,2.87,1.5,2.62
I1,2022-05-07,19:45:00,Lazio,Sampdoria,2,0,1.0,0.0,H,H,1.44,4.75,6.5,1.61,2.3
I1,2022-05-08,11:30:00,Spezia,Atalanta,1,3,1.0,1.0,A,D,6.5,4.75,1.45,1.53,2.5
I1,2022-05-08,14:00:00,Venezia,Bologna,4,3,2.0,1.0,H,H,2.87,3.5,2.35,1.87,2.03
I1,2022-05-08,17:00:00,Salernitana,Cagliari,1,1,0.0,0.0,D,D,2.37,3.4,3.0,2.04,1.86
I1,2022-05-08,19:45:00,Verona,Milan,1,3,1.0,1.0,A,D,4.33,4.2,1.7,1.72,2.1
I1,2022-05-09,19:45:00,Fiorentina,Roma,2,0,2.0,0.0,H,H,2.37,3.3,3.0,1.91,1.99
I1,2022-05-14,14:00:00,Empoli,Salernitana,1,1,1.0,0.0,D,H,3.1,3.75,2.1,1.57,2.37
I1,2022-05-14,17:00:00,Udinese,Spezia,2,3,1.0,2.0,A,A,1.83,3.9,4.0,1.66,2.2
I1,2022-05-14,17:00:00,Verona,Torino,0,1,0.0,1.0,A,A,2.3,3.5,3.0,1.8,2.0
I1,2022-05-14,19:45:00,Roma,Venezia,1,1,0.0,1.0,D,A,1.25,6.5,11.0,1.4,3.0
I1,2022-05-15,11:30:00,Bologna,Sassuolo,1,3,0.0,1.0,A,A,2.4,3.8,2.62,1.44,2.75
I1,2022-05-15,14:00:00,Napoli,Genoa,3,0,1.0,0.0,H,H,1.8,4.0,3.8,1.72,2.1
I1,2022-05-15,17:00:00,Milan,Atalanta,2,0,0.0,0.0,H,D,1.75,4.2,4.2,1.57,2.37
I1,2022-05-15,19:45:00,Cagliari,Inter,1,3,0.0,1.0,A,A,7.0,5.25,1.4,1.5,2.62
I1,2022-05-16,17:30:00,Sampdoria,Fiorentina,4,1,2.0,0.0,H,H,3.75,3.8,1.9,1.72,2.1
I1,2022-05-16,19:45:00,Juventus,Lazio,2,2,2.0,0.0,D,H,2.25,3.6,2.9,1.72,2.1
I1,2022-05-20,19:45:00,Torino,Roma,0,3,0.0,2.0,A,A,3.3,3.6,2.1,1.72,2.1
I1,2022-05-21,16:15:00,Genoa,Bologna,0,1,0.0,0.0,A,D,2.25,3.6,3.0,1.66,2.2
I1,2022-05-21,19:45:00,Atalanta,Empoli,0,1,0.0,0.0,A,D,1.22,7.0,11.0,1.25,4.0
I1,2022-05-21,19:45:00,Fiorentina,Juventus,2,0,1.0,0.0,H,H,1.8,3.8,4.2,1.66,2.2
I1,2022-05-21,19:45:00,Lazio,Verona,3,3,2.0,2.0,D,D,1.75,4.0,4.33,1.53,2.5
I1,2022-05-22,11:30:00,Spezia,Napoli,0,3,0.0,3.0,A,A,5.75,4.5,1.53,1.44,2.75
I1,2022-05-22,17:00:00,Inter,Sampdoria,3,0,0.0,0.0,H,D,1.14,8.0,19.0,1.28,3.75
I1,2022-05-22,17:00:00,Sassuolo,Milan,0,3,0.0,3.0,A,A,6.5,4.75,1.45,1.5,2.62
I1,2022-05-22,20:00:00,Salernitana,Udinese,0,4,0.0,3.0,A,A,1.7,4.0,4.75,1.61,2.3
I1,2022-05-22,20:00:00,Venezia,Cagliari,0,0,0.0,0.0,D,D,4.5,3.8,1.72,1.72,2.1
I2,2021-08-20,19:30:00,Frosinone,Parma,2,2,1.0,1.0,D,D,3.0,3.1,2.45,2.15,1.66
I2,2021-08-21,17:00:00,Pordenone,Perugia,0,1,0.0,1.0,A,A,2.3,3.0,3.3,2.2,1.65
I2,2021-08-21,19:30:00,Cittadella,Vicenza,1,0,0.0,0.0,H,D,2.3,3.1,3.3,2.1,1.7
I2,2021-08-22,17:00:00,Reggina,Monza,0,0,0.0,0.0,D,D,3.1,3.1,2.37,2.3,1.6
I2,2021-08-22,17:00:00,Ternana,Brescia,0,2,0.0,2.0,A,A,2.87,3.25,2.45,2.0,1.8
I2,2021-08-22,19:30:00,Ascoli,Cosenza,1,0,1.0,0.0,H,H,1.61,3.6,6.0,1.88,1.98
I2,2021-08-22,19:30:00,Benevento,Alessandria,4,3,2.0,2.0,H,D,1.61,3.75,5.5,1.95,1.85
I2,2021-08-22,19:30:00,Cremonese,Lecce,3,0,0.0,0.0,H,D,3.0,3.2,2.4,2.0,1.85
I2,2021-08-22,19:30:00,Crotone,Como,2,2,0.0,0.0,D,D,1.65,3.75,5.25,1.93,1.93
I2,2021-08-22,19:30:00,Pisa,Spal,1,0,1.0,0.0,H,H,2.4,3.25,2.9,2.05,1.8
I2,2021-08-27,17:00:00,Pisa,Alessandria,2,0,0.0,0.0,H,D,2.1,3.1,3.6,2.15,1.66
I2,2021-08-27,19:30:00,Brescia,Cosenza,5,1,2.0,0.0,H,H,1.4,4.5,8.0,1.72,2.07
I2,2021-08-28,17:00:00,Vicenza,Frosinone,0,2,0.0,0.0,A,D,2.5,3.2,2.8,2.15,1.66
I2,2021-08-28,19:30:00,Perugia,Ascoli,2,3,1.0,1.0,A,D,2.37,3.2,3.0,2.2,1.65
I2,2021-08-29,17:00:00,Cittadella,Crotone,4,2,1.0,1.0,H,D,2.3,3.2,3.1,2.0,1.8
I2,2021-08-29,19:30:00,Lecce,Como,1,1,1.0,1.0,D,D,1.83,3.4,4.5,1.93,1.93
I2,2021-08-29,19:30:00,Monza,Cremonese,1,0,0.0,0.0,H,D,2.05,3.3,3.6,2.05,1.75
I2,2021-08-29,19:30:00,Parma,Benevento,1,0,0.0,0.0,H,D,2.4,3.2,3.0,2.0,1.8
I2,2021-08-29,19:30:00,Reggina,Ternana,3,2,0.0,1.0,H,A,2.1,3.1,3.75,2.2,1.65
I2,2021-08-29,19:30:00,Spal,Pordenone,5,0,3.0,0.0,H,H,2.0,3.4,3.8,2.07,1.72
I2,2021-09-10,19:30:00,Benevento,Lecce,0,0,0.0,0.0,D,D,2.2,3.1,3.3,1.8,2.0
I2,2021-09-11,13:00:00,Alessandria,Brescia,1,3,0.0,0.0,A,D,3.9,3.1,2.05,2.0,1.8
I2,2021-09-11,13:00:00,Como,Ascoli,0,1,0.0,0.0,A,D,2.2,3.0,3.3,2.05,1.75
I2,2021-09-11,13:00:00,Frosinone,Perugia,0,0,0.0,0.0,D,D,2.0,3.4,3.6,2.15,1.66
I2,2021-09-11,13:00:00,Spal,Monza,1,1,1.0,0.0,D,H,2.6,3.2,2.7,2.3,1.6
I2,2021-09-11,15:15:00,Ternana,Pisa,1,4,1.0,2.0,A,A,2.37,3.4,2.8,2.1,1.7
I2,2021-09-11,17:30:00,Crotone,Reggina,1,1,0.0,1.0,D,A,2.25,3.3,3.1,2.1,1.7
I2,2021-09-12,13:00:00,Cosenza,Vicenza,2,1,1.0,0.0,H,H,3.4,3.5,2.05,2.15,1.66
I2,2021-09-12,15:15:00,Cremonese,Cittadella,2,0,1.0,0.0,H,H,2.2,3.4,3.2,2.3,1.6
I2,2021-09-12,19:30:00,Pordenone,Parma,0,4,0.0,2.0,A,A,3.5,3.3,2.1,2.15,1.66
I2,2021-09-17,17:00:00,Como,Frosinone,0,2,0.0,2.0,A,A,3.1,3.1,2.37,2.35,1.57
I2,2021-09-17,19:30:00,Brescia,Crotone,2,2,1.0,0.0,D,H,1.9,3.6,3.75,1.7,2.1
I2,2021-09-18,13:00:00,Ascoli,Benevento,0,2,0.0,2.0,A,A,2.6,3.3,2.5,2.0,1.8
I2,2021-09-18,13:00:00,Lecce,Alessandria,3,2,1.0,1.0,H,D,1.57,3.8,5.75,1.75,2.05
I2,2021-09-18,13:00:00,Monza,Ternana,1,1,1.0,0.0,D,H,1.72,3.4,4.75,2.0,1.8
I2,2021-09-18,13:00:00,Perugia,Cosenza,1,1,0.0,0.0,D,D,1.8,3.3,4.33,2.0,1.8
I2,2021-09-18,13:00:00,Reggina,Spal,2,1,1.0,1.0,H,D,2.25,3.1,3.0,2.1,1.7
I2,2021-09-18,15:15:00,Vicenza,Pisa,1,3,1.0,1.0,A,D,2.5,3.1,2.75,2.05,1.75
I2,2021-09-18,17:30:00,Cittadella,Pordenone,1,0,0.0,0.0,H,D,2.05,3.1,4.0,2.1,1.7
I2,2021-09-19,19:30:00,Parma,Cremonese,1,2,0.0,2.0,A,A,1.95,3.3,3.75,1.95,1.85
I2,2021-09-20,19:30:00,Frosinone,Brescia,2,2,2.0,1.0,D,H,2.2,3.1,3.3,2.0,1.8
I2,2021-09-21,17:00:00,Alessandria,Ascoli,1,3,0.0,2.0,A,A,2.4,3.1,2.9,2.05,1.75
I2,2021-09-21,17:00:00,Benevento,Cittadella,4,1,1.0,1.0,H,D,2.0,3.2,4.0,2.0,1.8
I2,2021-09-21,19:30:00,Cosenza,Como,2,0,1.0,0.0,H,H,2.75,3.2,2.5,2.1,1.7
I2,2021-09-21,19:30:00,Crotone,Lecce,0,3,0.0,2.0,A,A,3.0,3.3,2.3,1.72,2.07
I2,2021-09-21,19:30:00,Pisa,Monza,2,1,1.0,0.0,H,H,2.8,2.9,2.6,2.15,1.66
I2,2021-09-21,19:30:00,Pordenone,Reggina,1,1,1.0,0.0,D,H,2.75,3.1,2.55,2.35,1.57
I2,2021-09-21,19:30:00,Spal,Vicenza,3,2,1.0,1.0,H,D,1.75,3.5,4.75,2.07,1.72
I2,2021-09-22,17:00:00,Ternana,Parma,3,1,0.0,0.0,H,D,2.8,3.2,2.37,2.05,1.75
I2,2021-09-22,19:30:00,Cremonese,Perugia,0,3,0.0,2.0,A,A,1.85,3.5,4.2,2.05,1.75
I2,2021-09-25,13:00:00,Ascoli,Brescia,2,3,2.0,1.0,A,H,2.8,3.1,2.6,2.02,1.83
I2,2021-09-25,13:00:00,Cittadella,Lecce,1,2,1.0,1.0,A,D,2.62,3.0,2.8,2.0,1.85
I2,2021-09-25,13:00:00,Como,Benevento,1,1,1.0,1.0,D,D,3.3,3.1,2.25,2.1,1.7
I2,2021-09-25,13:00:00,Monza,Pordenone,3,1,1.0,1.0,H,D,1.72,3.5,5.0,2.07,1.72
I2,2021-09-25,15:15:00,Reggina,Frosinone,0,0,0.0,0.0,D,D,2.35,3.2,3.1,2.15,1.66
I2,2021-09-25,17:30:00,Cosenza,Crotone,1,0,0.0,0.0,H,D,3.5,3.2,2.1,2.0,1.8
I2,2021-09-26,13:00:00,Perugia,Alessandria,1,1,1.0,1.0,D,D,1.7,3.6,5.0,2.07,1.72
I2,2021-09-26,15:15:00,Parma,Pisa,1,1,0.0,1.0,D,A,2.2,3.0,3.6,2.0,1.8
I2,2021-09-26,19:30:00,Ternana,Spal,1,0,1.0,0.0,H,H,2.7,3.2,2.62,2.05,1.75
I2,2021-09-26,19:30:00,Vicenza,Cremonese,0,1,0.0,1.0,A,A,2.9,3.0,2.5,2.05,1.75
I2,2021-10-01,19:30:00,Lecce,Monza,3,0,1.0,0.0,H,H,1.9,3.5,3.8,1.8,2.0
I2,2021-10-02,13:00:00,Alessandria,Cosenza,1,0,0.0,0.0,H,D,2.0,3.2,3.8,2.07,1.72
I2,2021-10-02,13:00:00,Cremonese,Ternana,2,0,1.0,0.0,H,H,1.95,3.4,3.5,2.0,1.8
I2,2021-10-02,13:00:00,Crotone,Ascoli,2,2,2.0,1.0,D,H,2.1,3.2,3.3,1.85,1.95
I2,2021-10-02,13:00:00,Frosinone,Cittadella,0,1,0.0,0.0,A,D,2.0,3.2,4.0,2.0,1.8
I2,2021-10-02,15:15:00,Pisa,Reggina,2,0,1.0,0.0,H,H,2.2,3.1,3.2,2.15,1.66
I2,2021-10-02,17:30:00,Spal,Parma,2,2,0.0,1.0,D,A,2.2,3.1,3.2,1.95,1.85
I2,2021-10-03,13:00:00,Brescia,Como,2,4,1.0,1.0,A,D,1.65,3.6,4.75,1.8,2.0
I2,2021-10-03,15:15:00,Pordenone,Vicenza,2,4,1.0,2.0,A,A,2.1,2.9,3.75,2.35,1.57
I2,2021-10-03,19:30:00,Benevento,Perugia,0,0,0.0,0.0,D,D,2.0,3.2,3.6,2.0,1.8
I2,2021-10-16,13:00:00,Ascoli,Lecce,1,1,0.0,1.0,D,A,3.3,3.3,2.15,1.88,1.98
I2,2021-10-16,13:00:00,Crotone,Pisa,2,1,2.0,1.0,H,H,2.4,3.2,2.9,1.88,1.98
I2,2021-10-16,13:00:00,Pordenone,Ternana,1,3,0.0,2.0,A,A,3.1,3.4,2.25,2.05,1.75
I2,2021-10-16,13:00:00,Vicenza,Reggina,0,1,0.0,1.0,A,A,2.55,2.87,3.0,2.25,1.61
I2,2021-10-16,15:15:00,Cosenza,Frosinone,1,1,1.0,0.0,D,H,3.5,3.4,2.05,2.15,1.66
I2,2021-10-16,15:15:00,Perugia,Brescia,1,0,1.0,0.0,H,H,2.7,3.25,2.6,1.95,1.85
I2,2021-10-16,17:30:00,Como,Alessandria,2,0,0.0,0.0,H,D,2.0,3.3,3.75,2.15,1.66
I2,2021-10-17,13:00:00,Cremonese,Benevento,1,1,0.0,1.0,D,A,2.2,3.1,3.4,2.05,1.75
I2,2021-10-17,15:15:00,Parma,Monza,0,0,0.0,0.0,D,D,2.1,3.3,3.5,2.0,1.85
I2,2021-10-17,19:30:00,Cittadella,Spal,0,0,0.0,0.0,D,D,2.1,3.3,3.3,1.95,1.85
I2,2021-10-22,19:30:00,Alessandria,Crotone,1,0,1.0,0.0,H,H,3.0,3.2,2.37,2.0,1.8
I2,2021-10-23,13:00:00,Benevento,Cosenza,3,0,1.0,0.0,H,H,1.5,3.8,7.0,2.05,1.75
I2,2021-10-23,13:00:00,Lecce,Perugia,0,0,0.0,0.0,D,D,1.75,3.5,4.2,1.85,1.95
I2,2021-10-23,13:00:00,Monza,Cittadella,1,0,0.0,0.0,H,D,1.95,3.3,3.5,2.0,1.8
I2,2021-10-23,13:00:00,Ternana,Vicenza,5,0,2.0,0.0,H,H,1.85,3.2,4.33,1.95,1.85
I2,2021-10-23,15:15:00,Frosinone,Ascoli,2,1,1.0,0.0,H,H,1.8,3.4,4.75,2.07,1.72
I2,2021-10-23,17:30:00,Brescia,Cremonese,1,0,0.0,0.0,H,D,2.2,3.4,3.0,1.85,1.95
I2,2021-10-24,13:00:00,Pisa,Pordenone,1,1,0.0,0.0,D,D,1.53,3.75,7.0,2.0,1.8
I2,2021-10-24,15:15:00,Reggina,Parma,2,1,1.0,0.0,H,H,2.6,3.2,2.7,2.1,1.7
I2,2021-10-24,19:30:00,Spal,Como,1,1,0.0,1.0,D,A,1.8,3.4,4.75,2.07,1.72
I2,2021-10-27,17:00:00,Cosenza,Ternana,3,1,2.0,1.0,H,H,3.2,3.25,2.25,2.0,1.8
I2,2021-10-27,19:30:00,Vicenza,Monza,1,1,0.0,1.0,D,A,3.25,3.1,2.3,2.2,1.65
I2,2021-10-28,17:00:00,Alessandria,Frosinone,1,1,0.0,0.0,D,D,3.2,3.25,2.25,2.1,1.7
I2,2021-10-28,17:00:00,Ascoli,Spal,0,1,0.0,0.0,A,D,2.7,3.1,2.7,2.05,1.75
I2,2021-10-28,17:00:00,Brescia,Lecce,1,1,0.0,0.0,D,D,2.5,3.2,2.8,1.85,1.95
I2,2021-10-28,19:30:00,Cittadella,Parma,1,2,0.0,1.0,A,A,2.5,3.2,2.8,1.9,1.9
I2,2021-10-28,19:30:00,Como,Pordenone,1,0,1.0,0.0,H,H,2.0,3.25,3.9,2.05,1.75
I2,2021-10-28,19:30:00,Cremonese,Pisa,1,1,0.0,1.0,D,A,2.2,3.25,3.25,2.0,1.8
I2,2021-10-28,19:30:00,Crotone,Benevento,0,2,0.0,1.0,A,A,2.62,3.25,2.62,1.9,1.9
I2,2021-10-28,19:30:00,Perugia,Reggina,0,2,0.0,2.0,A,A,2.25,3.2,3.25,2.15,1.66
I2,2021-11-01,11:30:00,Benevento,Brescia,0,1,0.0,0.0,A,D,2.1,3.25,3.5,1.65,2.2
I2,2021-11-01,14:00:00,Frosinone,Crotone,2,1,1.0,1.0,H,D,2.05,3.4,3.5,1.9,1.95
I2,2021-11-01,14:00:00,Lecce,Cosenza,3,1,2.0,0.0,H,H,1.4,4.5,8.0,1.66,2.15
I2,2021-11-01,14:00:00,Monza,Alessandria,1,0,1.0,0.0,H,H,1.53,4.2,6.0,2.0,1.85
I2,2021-11-01,14:00:00,Reggina,Cittadella,0,1,0.0,1.0,A,A,2.3,3.1,3.2,2.1,1.7
I2,2021-11-01,14:00:00,Spal,Perugia,1,2,1.0,1.0,A,D,2.15,3.2,3.5,2.07,1.72
I2,2021-11-01,14:00:00,Ternana,Como,1,2,0.0,1.0,A,A,1.75,3.5,5.0,1.75,2.05
I2,2021-11-01,17:00:00,Parma,Vicenza,1,0,1.0,0.0,H,H,1.6,3.75,5.75,1.72,2.07
I2,2021-11-01,17:00:00,Pisa,Ascoli,1,1,1.0,1.0,D,D,1.83,3.5,4.33,1.95,1.85
I2,2021-11-01,17:00:00,Pordenone,Cremonese,2,2,1.0,2.0,D,A,3.4,3.2,2.2,2.1,1.7
I2,2021-11-05,19:30:00,Cosenza,Reggina,0,1,0.0,0.0,A,D,4.0,3.1,2.05,2.3,1.6
I2,2021-11-06,13:00:00,Alessandria,Ternana,0,2,0.0,2.0,A,A,3.1,3.3,2.25,1.8,2.0
I2,2021-11-06,13:00:00,Ascoli,Vicenza,2,1,2.0,0.0,H,H,2.3,3.25,3.1,2.05,1.75
I2,2021-11-06,13:00:00,Como,Perugia,4,1,4.0,0.0,H,H,2.5,3.0,3.0,2.15,1.66
I2,2021-11-06,13:00:00,Cremonese,Spal,1,1,1.0,1.0,D,D,2.05,3.1,4.0,2.1,1.7
I2,2021-11-06,15:15:00,Brescia,Pordenone,1,0,0.0,0.0,H,D,1.57,4.0,5.5,1.72,2.07
I2,2021-11-06,17:30:00,Benevento,Frosinone,1,4,0.0,2.0,A,A,2.05,3.3,3.6,1.9,1.9
I2,2021-11-07,13:00:00,Lecce,Parma,4,0,4.0,0.0,H,H,2.0,3.3,3.8,1.8,2.0
I2,2021-11-07,15:15:00,Crotone,Monza,1,1,0.0,1.0,D,A,2.37,3.2,2.9,2.05,1.75
I2,2021-11-07,19:30:00,Cittadella,Pisa,2,0,0.0,0.0,H,D,2.25,3.1,3.4,2.15,1.66
I2,2021-11-20,13:00:00,Frosinone,Lecce,0,0,0.0,0.0,D,D,2.37,3.4,2.8,1.95,1.9
I2,2021-11-20,13:00:00,Pordenone,Ascoli,0,1,0.0,1.0,A,A,2.6,3.4,2.6,2.1,1.7
I2,2021-11-20,13:00:00,Spal,Alessandria,2,3,2.0,3.0,A,A,1.8,3.5,4.5,2.05,1.75
I2,2021-11-20,13:00:00,Ternana,Cittadella,1,1,0.0,1.0,D,A,2.05,3.4,3.3,1.9,1.95
I2,2021-11-20,15:15:00,Perugia,Crotone,2,0,1.0,0.0,H,H,2.1,3.4,3.4,2.02,1.83
I2,2021-11-20,17:30:00,Vicenza,Brescia,2,3,1.0,2.0,A,A,3.4,3.25,2.15,1.98,1.88
I2,2021-11-21,13:00:00,Parma,Cosenza,1,1,1.0,0.0,D,H,1.45,4.2,6.5,1.85,2.0
I2,2021-11-21,13:00:00,Reggina,Cremonese,1,2,1.0,0.0,A,H,2.3,3.1,3.2,2.35,1.57
I2,2021-11-21,15:15:00,Monza,Como,3,2,2.0,0.0,H,H,1.83,3.4,4.2,2.05,1.75
I2,2021-11-21,19:30:00,Pisa,Benevento,1,0,1.0,0.0,H,H,2.62,3.3,2.62,1.72,2.07
I2,2021-11-26,17:00:00,Crotone,Vicenza,0,1,0.0,0.0,A,D,2.1,3.3,3.5,2.0,1.85
I2,2021-11-26,19:30:00,Lecce,Ternana,3,3,2.0,1.0,D,H,1.66,4.0,5.0,1.72,2.07
I2,2021-11-27,13:00:00,Alessandria,Cremonese,1,0,0.0,0.0,H,D,3.3,3.1,2.2,2.1,1.7
I2,2021-11-27,13:00:00,Ascoli,Monza,1,1,1.0,1.0,D,D,2.6,3.1,2.8,2.15,1.66
I2,2021-11-27,13:00:00,Benevento,Reggina,4,0,2.0,0.0,H,H,2.1,3.2,3.75,2.1,1.7
I2,2021-11-27,13:00:00,Cosenza,Spal,0,1,0.0,0.0,A,D,3.25,3.2,2.25,2.05,1.75
I2,2021-11-27,13:00:00,Frosinone,Pordenone,2,2,0.0,0.0,D,D,1.6,3.6,6.0,2.07,1.72
I2,2021-11-27,15:15:00,Brescia,Pisa,0,1,0.0,0.0,A,D,2.0,3.4,3.75,2.0,1.85
I2,2021-11-27,17:30:00,Perugia,Cittadella,1,1,1.0,0.0,D,H,2.25,3.2,3.3,2.2,1.65
I2,2021-11-28,19:30:00,Como,Parma,1,1,0.0,0.0,D,D,2.7,3.3,2.6,1.85,2.0
I2,2021-11-29,19:30:00,Ternana,Crotone,1,0,1.0,0.0,H,H,,,,,
I2,2021-11-30,17:00:00,Cremonese,Frosinone,1,1,0.0,0.0,D,D,2.4,3.0,2.87,2.2,1.65
I2,2021-11-30,17:00:00,Pisa,Perugia,1,1,1.0,0.0,D,H,2.3,3.0,3.2,2.2,1.65
I2,2021-11-30,19:30:00,Monza,Cosenza,4,1,3.0,0.0,H,H,1.6,3.5,6.0,2.07,1.72
I2,2021-11-30,19:30:00,Pordenone,Alessandria,2,0,1.0,0.0,H,H,2.25,3.1,3.0,2.15,1.66
I2,2021-11-30,19:30:00,Reggina,Ascoli,1,2,1.0,1.0,A,D,2.1,3.1,3.5,2.07,1.72
I2,2021-11-30,19:30:00,Spal,Lecce,1,3,1.0,1.0,A,D,3.5,3.1,2.1,1.98,1.88
I2,2021-11-30,19:30:00,Vicenza,Benevento,2,3,0.0,1.0,A,A,3.0,3.25,2.3,2.02,1.83
I2,2021-12-01,17:00:00,Parma,Brescia,0,1,0.0,1.0,A,A,2.15,3.2,3.2,2.05,1.8
I2,2021-12-01,19:30:00,Cittadella,Como,2,2,1.0,0.0,D,H,1.83,3.1,4.33,2.0,1.85
I2,2021-12-03,19:30:00,Perugia,Vicenza,1,0,0.0,0.0,H,D,1.95,3.1,4.2,2.35,1.57
I2,2021-12-04,13:00:00,Benevento,Pordenone,2,1,0.0,0.0,H,D,1.53,3.8,5.75,2.02,1.83
I2,2021-12-04,13:00:00,Cosenza,Cremonese,0,2,0.0,1.0,A,A,3.6,3.2,2.0,2.05,1.75
I2,2021-12-04,13:00:00,Crotone,Spal,1,2,0.0,1.0,A,A,2.3,3.25,3.0,1.95,1.9
I2,2021-12-04,13:00:00,Frosinone,Ternana,1,1,1.0,0.0,D,H,1.75,3.5,4.2,1.88,1.98
I2,2021-12-04,15:15:00,Lecce,Reggina,2,0,1.0,0.0,H,H,1.65,3.75,4.75,1.88,1.98
I2,2021-12-05,13:00:00,Ascoli,Parma,0,0,0.0,0.0,D,D,2.62,3.1,2.55,2.1,1.7
I2,2021-12-05,13:00:00,Como,Pisa,0,1,0.0,1.0,A,A,2.5,3.1,2.75,2.02,1.83
I2,2021-12-05,15:15:00,Brescia,Monza,0,2,0.0,1.0,A,A,2.25,3.2,3.0,2.1,1.7
I2,2021-12-05,19:30:00,Alessandria,Cittadella,0,1,0.0,1.0,A,A,2.6,3.1,2.6,2.25,1.61
I2,2021-12-10,17:00:00,Cremonese,Crotone,3,2,1.0,1.0,H,D,1.7,3.7,4.75,1.98,1.88
I2,2021-12-10,19:30:00,Ternana,Benevento,0,2,0.0,2.0,A,A,2.55,3.4,2.62,1.66,2.15
I2,2021-12-11,13:00:00,Cittadella,Ascoli,2,0,1.0,0.0,H,H,2.0,3.1,4.2,2.15,1.66
I2,2021-12-11,13:00:00,Monza,Frosinone,3,2,0.0,0.0,H,D,2.37,3.3,3.0,2.02,1.83
I2,2021-12-11,13:00:00,Pordenone,Cosenza,1,1,1.0,0.0,D,H,2.15,3.3,3.3,2.1,1.7
I2,2021-12-11,13:00:00,Spal,Brescia,0,2,0.0,0.0,A,D,2.7,3.4,2.45,1.95,1.9
I2,2021-12-11,15:15:00,Pisa,Lecce,1,0,0.0,0.0,H,D,2.8,3.3,2.45,2.05,1.75
I2,2021-12-12,13:00:00,Parma,Perugia,1,1,1.0,0.0,D,H,2.2,3.2,3.4,2.2,1.65
I2,2021-12-12,15:15:00,Vicenza,Como,0,1,0.0,1.0,A,A,2.3,3.2,3.1,1.95,1.9
I2,2021-12-12,19:30:00,Reggina,Alessandria,0,4,0.0,2.0,A,A,2.2,3.0,3.6,2.2,1.65
I2,2021-12-18,13:00:00,Ascoli,Cremonese,1,4,1.0,2.0,A,A,2.87,3.1,2.3,2.1,1.7
I2,2021-12-18,13:00:00,Como,Reggina,1,1,0.0,1.0,D,A,2.3,3.0,3.0,2.1,1.7
I2,2021-12-18,13:00:00,Cosenza,Pisa,0,2,0.0,1.0,A,A,3.75,2.9,2.05,2.4,1.53
I2,2021-12-18,13:00:00,Crotone,Pordenone,4,1,2.0,1.0,H,H,1.95,3.2,3.75,2.1,1.7
I2,2021-12-18,15:15:00,Frosinone,Spal,4,0,3.0,0.0,H,H,1.65,3.5,5.0,2.07,1.72
I2,2021-12-19,13:00:00,Alessandria,Parma,0,2,0.0,2.0,A,A,2.87,3.1,2.3,2.1,1.7
I2,2021-12-19,13:00:00,Brescia,Cittadella,1,1,0.0,0.0,D,D,2.05,3.1,3.5,2.05,1.75
I2,2021-12-19,15:15:00,Perugia,Ternana,1,1,1.0,0.0,D,H,2.1,3.0,3.4,2.1,1.7
I2,2022-01-13,19:30:00,Benevento,Monza,3,1,2.0,0.0,H,H,2.0,3.1,3.8,1.98,1.88
I2,2022-01-14,19:30:00,Ternana,Ascoli,2,4,0.0,3.0,A,A,1.83,3.5,4.33,1.9,1.95
I2,2022-01-15,13:00:00,Cremonese,Como,2,0,1.0,0.0,H,H,1.72,3.5,5.0,2.02,1.83
I2,2022-01-15,13:00:00,Reggina,Brescia,0,2,0.0,2.0,A,A,3.0,3.2,2.4,2.07,1.72
I2,2022-01-15,15:15:00,Pisa,Frosinone,1,3,1.0,0.0,A,H,2.5,3.25,2.8,2.05,1.8
I2,2022-01-16,15:15:00,Monza,Perugia,2,2,1.0,0.0,D,H,2.15,3.25,3.4,2.1,1.7
I2,2022-01-16,15:15:00,Pordenone,Lecce,0,1,0.0,1.0,A,A,4.2,3.4,1.83,1.93,1.93
I2,2022-01-16,15:15:00,Spal,Benevento,1,1,0.0,1.0,D,A,3.2,3.3,2.25,1.88,1.98
I2,2022-01-21,19:30:00,Parma,Frosinone,0,1,0.0,0.0,A,D,2.45,3.2,2.7,2.1,1.7
I2,2022-01-22,13:00:00,Alessandria,Benevento,2,0,1.0,0.0,H,H,3.0,3.25,2.15,1.93,1.93
I2,2022-01-22,13:00:00,Brescia,Ternana,1,1,1.0,1.0,D,D,1.85,3.3,3.75,1.98,1.88
I2,2022-01-22,13:00:00,Como,Crotone,1,1,1.0,1.0,D,D,2.05,3.2,3.25,2.05,1.75
I2,2022-01-22,13:00:00,Cosenza,Ascoli,1,3,0.0,1.0,A,A,2.7,3.1,2.4,2.15,1.73
I2,2022-01-22,13:00:00,Monza,Reggina,1,0,0.0,0.0,H,D,1.72,3.3,4.5,2.1,1.7
I2,2022-01-22,13:00:00,Spal,Pisa,0,0,0.0,0.0,D,D,2.6,3.1,2.5,2.0,1.8
I2,2022-01-22,15:15:00,Perugia,Pordenone,0,1,0.0,0.0,A,D,1.65,3.4,4.75,2.1,1.7
I2,2022-01-23,15:15:00,Vicenza,Cittadella,3,3,2.0,2.0,D,D,2.8,3.1,2.37,2.1,1.7
I2,2022-01-23,17:30:00,Lecce,Cremonese,2,1,1.0,1.0,H,D,1.9,3.25,3.75,1.98,1.88
I2,2022-01-26,19:00:00,Lecce,Vicenza,2,1,2.0,0.0,H,H,1.4,4.5,6.5,1.72,2.07
I2,2022-01-30,13:30:00,Cittadella,Cosenza,1,1,1.0,1.0,D,D,1.45,4.0,7.5,2.1,1.7
I2,2022-01-30,13:30:00,Parma,Crotone,1,1,1.0,0.0,D,H,1.8,3.2,5.0,2.05,1.75
I2,2022-01-30,13:30:00,Vicenza,Alessandria,2,1,1.0,1.0,H,D,2.55,3.1,2.87,2.25,1.61
I2,2022-02-05,13:00:00,Alessandria,Pisa,1,1,1.0,1.0,D,D,2.8,2.9,2.62,2.2,1.65
I2,2022-02-05,13:00:00,Benevento,Parma,0,0,0.0,0.0,D,D,2.05,3.1,3.75,2.07,1.72
I2,2022-02-05,13:00:00,Como,Lecce,1,1,1.0,1.0,D,D,3.75,3.4,2.0,2.02,1.83
I2,2022-02-05,13:00:00,Cosenza,Brescia,0,0,0.0,0.0,D,D,4.33,3.2,1.85,2.02,1.83
I2,2022-02-05,13:00:00,Crotone,Cittadella,0,0,0.0,0.0,D,D,2.8,2.9,2.7,2.1,1.7
I2,2022-02-05,13:00:00,Ternana,Reggina,2,0,2.0,0.0,H,H,1.95,3.2,3.8,2.02,1.83
I2,2022-02-05,15:15:00,Frosinone,Vicenza,2,0,1.0,0.0,H,H,1.72,3.4,5.0,1.98,1.88
I2,2022-02-05,17:30:00,Ascoli,Perugia,0,1,0.0,1.0,A,A,2.8,2.9,2.62,2.2,1.65
I2,2022-02-06,15:15:00,Cremonese,Monza,3,2,1.0,0.0,H,H,1.9,3.25,4.0,2.0,1.85
I2,2022-02-06,15:15:00,Pordenone,Spal,1,1,1.0,0.0,D,H,2.8,3.0,2.6,2.1,1.7
I2,2022-02-12,13:00:00,Cittadella,Cremonese,0,2,0.0,1.0,A,A,2.62,3.0,2.62,2.1,1.7
I2,2022-02-12,13:00:00,Monza,Spal,4,0,1.0,0.0,H,H,1.85,3.3,4.0,2.07,1.72
I2,2022-02-12,13:00:00,Parma,Pordenone,4,1,0.0,1.0,H,A,1.53,3.75,6.0,2.1,1.7
I2,2022-02-12,13:00:00,Pisa,Ternana,0,0,0.0,0.0,D,D,2.15,3.2,3.2,2.07,1.72
I2,2022-02-12,13:00:00,Vicenza,Cosenza,0,0,0.0,0.0,D,D,2.1,3.2,3.3,2.1,1.7
I2,2022-02-12,15:15:00,Perugia,Frosinone,3,0,2.0,0.0,H,H,2.62,3.0,2.6,2.15,1.66
I2,2022-02-12,15:15:00,Reggina,Crotone,1,0,1.0,0.0,H,H,2.55,3.1,2.62,2.1,1.7
I2,2022-02-13,14:30:00,Ascoli,Como,1,1,1.0,0.0,D,H,2.2,3.1,3.1,2.05,1.75
I2,2022-02-13,14:30:00,Brescia,Alessandria,1,1,0.0,0.0,D,D,1.61,3.6,5.25,2.02,1.83
I2,2022-02-13,14:30:00,Lecce,Benevento,1,1,1.0,1.0,D,D,2.05,3.3,3.5,1.98,1.88
I2,2022-02-15,17:30:00,Cosenza,Perugia,1,2,0.0,1.0,A,A,3.6,3.2,2.0,2.25,1.61
I2,2022-02-15,17:30:00,Cremonese,Parma,3,1,1.0,0.0,H,H,2.1,3.2,3.75,2.15,1.66
I2,2022-02-15,17:30:00,Pisa,Vicenza,2,2,1.0,2.0,D,A,1.8,3.3,4.0,2.07,1.72
I2,2022-02-15,17:30:00,Pordenone,Cittadella,0,1,0.0,1.0,A,A,2.9,3.25,2.45,2.1,1.7
I2,2022-02-15,17:30:00,Spal,Reggina,1,3,1.0,1.0,A,D,1.9,3.3,3.75,2.15,1.66
I2,2022-02-15,17:30:00,Ternana,Monza,0,1,0.0,1.0,A,A,2.87,3.4,2.25,1.85,2.0
I2,2022-02-16,17:30:00,Alessandria,Lecce,1,1,0.0,0.0,D,D,4.0,3.25,1.9,1.9,1.9
I2,2022-02-16,17:30:00,Benevento,Ascoli,0,2,0.0,0.0,A,D,1.61,3.5,4.75,1.95,1.9
I2,2022-02-16,17:30:00,Crotone,Brescia,0,1,0.0,1.0,A,A,2.55,3.0,2.55,2.05,1.8
I2,2022-02-16,17:30:00,Frosinone,Como,1,2,1.0,2.0,A,A,1.61,3.4,4.75,1.95,1.9
I2,2022-02-19,13:00:00,Ascoli,Alessandria,3,0,1.0,0.0,H,H,2.25,2.87,3.5,2.07,1.72
I2,2022-02-19,13:00:00,Monza,Pisa,1,2,1.0,1.0,A,D,1.95,3.2,4.0,2.1,1.7
I2,2022-02-19,13:00:00,Parma,Ternana,2,3,2.0,2.0,A,D,2.05,3.2,3.5,2.05,1.75
I2,2022-02-19,13:00:00,Reggina,Pordenone,2,0,0.0,0.0,H,D,1.95,3.0,3.8,2.25,1.61
I2,2022-02-19,13:00:00,Vicenza,Spal,1,1,1.0,1.0,D,D,2.5,3.0,2.9,2.1,1.7
I2,2022-02-19,15:15:00,Perugia,Cremonese,0,0,0.0,0.0,D,D,2.87,2.62,2.9,2.15,1.66
I2,2022-02-20,14:30:00,Brescia,Frosinone,2,2,1.0,1.0,D,D,2.5,2.9,2.87,2.05,1.75
I2,2022-02-20,14:30:00,Cittadella,Benevento,0,1,0.0,0.0,A,D,2.8,2.9,2.55,2.1,1.7
I2,2022-02-20,14:30:00,Como,Cosenza,2,1,0.0,0.0,H,D,1.85,3.2,4.2,2.2,1.65
I2,2022-02-20,14:30:00,Lecce,Crotone,3,0,2.0,0.0,H,H,1.55,3.8,5.0,1.85,2.0
I2,2022-02-22,17:30:00,Alessandria,Perugia,1,2,1.0,1.0,A,D,3.0,2.87,2.37,2.4,1.53
I2,2022-02-22,17:30:00,Cremonese,Vicenza,0,0,0.0,0.0,D,D,1.61,3.5,5.5,1.98,1.88
I2,2022-02-22,17:30:00,Pisa,Parma,0,0,0.0,0.0,D,D,2.05,3.2,3.5,2.1,1.7
I2,2022-02-22,17:30:00,Pordenone,Monza,1,4,0.0,2.0,A,A,4.2,3.1,1.85,2.1,1.7
I2,2022-02-22,17:30:00,Spal,Ternana,5,1,2.0,0.0,H,H,2.6,3.0,2.62,1.98,1.88
I2,2022-02-23,17:30:00,Benevento,Como,5,0,3.0,0.0,H,H,1.72,3.4,4.33,2.02,1.83
I2,2022-02-23,17:30:00,Brescia,Ascoli,2,0,1.0,0.0,H,H,1.83,3.25,4.2,2.1,1.7
I2,2022-02-23,17:30:00,Crotone,Cosenza,3,3,0.0,2.0,D,A,1.85,3.1,4.33,2.2,1.65
I2,2022-02-23,17:30:00,Frosinone,Reggina,3,0,0.0,0.0,H,D,1.6,3.6,5.25,2.1,1.7
I2,2022-02-23,17:30:00,Lecce,Cittadella,1,2,0.0,1.0,A,A,1.72,3.5,4.33,2.0,1.85
I2,2022-02-26,13:00:00,Como,Brescia,1,1,1.0,0.0,D,H,3.0,3.1,2.3,2.05,1.75
I2,2022-02-26,13:00:00,Cosenza,Alessandria,2,1,0.0,1.0,H,A,2.7,2.87,2.7,2.3,1.6
I2,2022-02-26,13:00:00,Parma,Spal,4,0,2.0,0.0,H,H,1.9,3.25,4.0,2.05,1.75
I2,2022-02-26,13:00:00,Ternana,Cremonese,1,2,0.0,0.0,A,D,3.0,3.25,2.37,2.0,1.85
I2,2022-02-26,13:00:00,Vicenza,Pordenone,1,0,1.0,0.0,H,H,1.9,3.2,4.0,2.15,1.66
I2,2022-02-26,15:15:00,Perugia,Benevento,0,1,0.0,1.0,A,A,2.37,3.1,3.0,2.3,1.6
I2,2022-02-27,14:30:00,Ascoli,Crotone,2,1,0.0,0.0,H,D,2.15,3.2,3.3,2.25,1.61
I2,2022-02-27,14:30:00,Cittadella,Frosinone,3,0,3.0,0.0,H,H,2.5,3.2,2.7,2.1,1.7
I2,2022-02-27,14:30:00,Monza,Lecce,0,1,0.0,0.0,A,D,2.1,3.5,2.87,1.95,1.9
I2,2022-02-27,14:30:00,Reggina,Pisa,1,0,1.0,0.0,H,H,3.3,3.1,2.2,2.15,1.66
I2,2022-03-01,17:30:00,Benevento,Cremonese,1,1,1.0,1.0,D,D,2.37,2.9,3.4,2.15,1.66
I2,2022-03-01,17:30:00,Brescia,Perugia,2,1,0.0,1.0,H,A,2.25,3.0,3.6,2.2,1.65
I2,2022-03-01,17:30:00,Ternana,Pordenone,1,0,0.0,0.0,H,D,1.7,3.5,5.5,2.05,1.75
I2,2022-03-01,19:30:00,Alessandria,Como,1,1,0.0,1.0,D,A,2.25,3.0,3.75,2.25,1.61
I2,2022-03-02,17:30:00,Frosinone,Cosenza,1,0,0.0,0.0,H,D,1.44,4.2,8.0,1.95,1.9
I2,2022-03-02,17:30:00,Lecce,Ascoli,3,1,1.0,0.0,H,H,1.65,3.6,5.75,1.9,1.95
I2,2022-03-02,17:30:00,Monza,Parma,1,1,0.0,1.0,D,A,2.2,3.0,3.6,2.07,1.72
I2,2022-03-02,17:30:00,Pisa,Crotone,3,2,3.0,0.0,H,H,1.75,3.4,5.0,2.07,1.72
I2,2022-03-02,17:30:00,Reggina,Vicenza,3,1,2.0,0.0,H,H,2.25,3.1,3.4,2.2,1.65
I2,2022-03-02,17:30:00,Spal,Cittadella,0,0,0.0,0.0,D,D,2.37,3.0,3.3,2.2,1.65
I2,2022-03-05,13:00:00,Cittadella,Monza,1,2,1.0,1.0,A,D,2.62,3.1,2.62,2.2,1.65
I2,2022-03-05,13:00:00,Como,Spal,0,2,0.0,1.0,A,A,2.15,3.3,3.3,2.02,1.83
I2,2022-03-05,13:00:00,Parma,Reggina,1,1,1.0,0.0,D,H,1.61,3.6,5.5,2.07,1.72
I2,2022-03-05,13:00:00,Pordenone,Pisa,0,1,0.0,1.0,A,A,4.0,3.3,1.95,2.15,1.66
I2,2022-03-05,15:15:00,Cremonese,Brescia,2,1,1.0,1.0,H,D,2.25,3.1,3.2,2.05,1.75
I2,2022-03-06,14:30:00,Ascoli,Frosinone,1,1,1.0,0.0,D,H,2.9,3.1,2.37,2.15,1.66
I2,2022-03-06,14:30:00,Crotone,Alessandria,0,0,0.0,0.0,D,D,2.25,3.1,3.2,2.15,1.66
I2,2022-03-06,14:30:00,Perugia,Lecce,1,1,0.0,0.0,D,D,2.87,3.1,2.5,2.3,1.6
I2,2022-03-06,14:30:00,Vicenza,Ternana,3,1,3.0,0.0,H,H,2.45,3.2,2.8,2.0,1.85
I2,2022-03-11,19:30:00,Parma,Cittadella,1,1,0.0,1.0,D,A,1.95,3.5,4.0,2.05,1.75
I2,2022-03-12,13:00:00,Lecce,Brescia,1,1,1.0,1.0,D,D,2.15,3.2,3.75,2.07,1.72
I2,2022-03-12,13:00:00,Reggina,Perugia,0,1,0.0,0.0,A,D,3.2,3.2,2.2,2.25,1.61
I2,2022-03-12,13:00:00,Ternana,Cosenza,2,0,2.0,0.0,H,H,1.8,3.4,4.33,2.07,1.72
I2,2022-03-12,15:15:00,Benevento,Crotone,3,1,2.0,1.0,H,H,1.5,3.8,6.5,2.05,1.75
I2,2022-03-12,15:15:00,Frosinone,Alessandria,3,0,1.0,0.0,H,H,1.5,4.0,6.5,2.02,1.83
I2,2022-03-12,15:15:00,Monza,Vicenza,4,0,1.0,0.0,H,H,1.65,3.75,5.25,1.83,2.02
I2,2022-03-12,15:15:00,Pordenone,Como,1,1,1.0,0.0,D,H,2.87,3.2,2.45,2.07,1.72
I2,2022-03-12,15:15:00,Spal,Ascoli,1,2,0.0,1.0,A,A,2.5,3.2,2.5,2.15,1.66
I2,2022-03-13,14:30:00,Pisa,Cremonese,3,0,1.0,0.0,H,H,2.25,3.0,3.25,2.25,1.61
I2,2022-03-15,17:30:00,Brescia,Benevento,2,2,2.0,1.0,D,H,2.15,3.1,3.6,2.15,1.66
I2,2022-03-15,17:30:00,Cittadella,Reggina,0,0,0.0,0.0,D,D,1.72,3.3,5.25,2.35,1.57
I2,2022-03-15,17:30:00,Como,Ternana,1,1,1.0,0.0,D,H,2.9,3.4,2.37,1.75,2.05
I2,2022-03-15,17:30:00,Cosenza,Lecce,2,2,1.0,1.0,D,D,5.0,3.5,1.7,2.07,1.72
I2,2022-03-15,17:30:00,Crotone,Frosinone,2,0,1.0,0.0,H,H,3.0,3.3,2.3,2.02,1.83
I2,2022-03-15,17:30:00,Vicenza,Parma,0,1,0.0,1.0,A,A,2.87,3.3,2.37,2.05,1.8
I2,2022-03-15,19:30:00,Alessandria,Monza,0,3,0.0,1.0,A,A,3.75,3.25,2.0,2.1,1.7
I2,2022-03-16,17:30:00,Ascoli,Pisa,2,0,2.0,0.0,H,H,2.9,3.1,2.55,2.25,1.61
I2,2022-03-16,17:30:00,Cremonese,Pordenone,2,1,0.0,0.0,H,D,1.36,4.33,8.5,2.02,1.83
I2,2022-03-16,17:30:00,Perugia,Spal,1,1,0.0,0.0,D,D,1.9,3.4,4.0,2.2,1.65
I2,2022-03-19,13:00:00,Monza,Crotone,1,0,0.0,0.0,H,D,1.53,3.8,5.0,1.88,1.98
I2,2022-03-19,13:00:00,Parma,Lecce,0,0,0.0,0.0,D,D,2.62,3.1,2.45,1.98,1.88
I2,2022-03-19,13:00:00,Reggina,Cosenza,1,0,1.0,0.0,H,H,2.0,2.9,3.75,2.35,1.57
I2,2022-03-19,13:00:00,Ternana,Alessandria,3,0,1.0,0.0,H,H,1.75,3.3,4.0,2.05,1.75
I2,2022-03-19,15:15:00,Frosinone,Benevento,2,0,1.0,0.0,H,H,2.15,3.1,3.1,2.1,1.7
I2,2022-03-20,13:00:00,Perugia,Como,0,1,0.0,0.0,A,D,1.65,3.2,5.0,2.1,1.7
I2,2022-03-20,13:00:00,Pisa,Cittadella,1,0,1.0,0.0,H,H,1.9,3.2,4.0,2.3,1.6
I2,2022-03-20,13:00:00,Vicenza,Ascoli,2,0,0.0,0.0,H,D,2.2,3.1,3.25,2.1,1.7
I2,2022-03-20,15:15:00,Pordenone,Brescia,1,1,1.0,1.0,D,D,4.75,3.25,1.75,2.05,1.75
I2,2022-03-20,15:15:00,Spal,Cremonese,0,2,0.0,1.0,A,A,3.1,3.2,2.2,2.2,1.65
I2,2022-04-02,13:00:00,Alessandria,Spal,2,2,1.0,1.0,D,D,2.45,3.0,2.9,2.15,1.66
I2,2022-04-02,13:00:00,Ascoli,Pordenone,1,0,0.0,0.0,H,D,1.7,3.5,4.5,2.1,1.7
I2,2022-04-02,13:00:00,Cittadella,Ternana,1,2,0.0,1.0,A,A,2.25,3.1,3.1,2.0,1.85
I2,2022-04-02,13:00:00,Cosenza,Parma,1,3,0.0,1.0,A,A,3.3,3.2,2.25,2.1,1.7
I2,2022-04-02,13:00:00,Cremonese,Reggina,1,1,0.0,0.0,D,D,1.57,3.75,5.75,2.0,1.85
I2,2022-04-02,13:00:00,Lecce,Frosinone,1,0,1.0,0.0,H,H,1.85,3.3,4.1,2.02,1.83
I2,2022-04-02,15:15:00,Benevento,Pisa,5,1,2.0,0.0,H,H,2.3,3.0,3.2,2.25,1.61
I2,2022-04-03,14:30:00,Brescia,Vicenza,2,0,2.0,0.0,H,H,1.65,3.75,4.75,1.88,1.98
I2,2022-04-03,14:30:00,Como,Monza,2,0,0.0,0.0,H,D,4.33,3.75,1.7,1.9,1.95
I2,2022-04-03,14:30:00,Crotone,Perugia,1,1,0.0,1.0,D,A,2.7,3.1,2.55,2.1,1.7
I2,2022-04-05,18:00:00,Cremonese,Alessandria,2,1,1.0,0.0,H,H,1.7,3.8,4.75,1.93,1.93
I2,2022-04-05,18:00:00,Pordenone,Frosinone,2,0,1.0,0.0,H,H,5.25,3.4,1.72,2.1,1.7
I2,2022-04-05,18:00:00,Reggina,Benevento,0,3,0.0,1.0,A,A,3.6,3.2,2.15,2.25,1.61
I2,2022-04-05,18:00:00,Spal,Cosenza,2,2,0.0,1.0,D,A,1.83,3.4,4.33,2.05,1.75
I2,2022-04-05,18:00:00,Ternana,Lecce,1,4,1.0,2.0,A,A,3.4,3.4,2.05,1.88,1.98
I2,2022-04-06,13:00:00,Parma,Como,4,3,1.0,0.0,H,H,1.6,3.75,5.5,1.9,1.95
I2,2022-04-06,18:00:00,Cittadella,Perugia,0,0,0.0,0.0,D,D,2.55,3.1,2.75,2.4,1.53
I2,2022-04-06,18:00:00,Monza,Ascoli,2,0,2.0,0.0,H,H,1.53,3.8,6.0,2.0,1.85
I2,2022-04-06,18:00:00,Pisa,Brescia,0,0,0.0,0.0,D,D,2.55,3.0,2.8,2.25,1.61
I2,2022-04-06,18:00:00,Vicenza,Crotone,1,1,1.0,1.0,D,D,2.1,3.4,3.2,2.0,1.85
I2,2022-04-09,13:00:00,Alessandria,Pordenone,2,0,1.0,0.0,H,H,1.7,3.4,4.75,2.15,1.66
I2,2022-04-09,13:00:00,Como,Cittadella,1,2,1.0,2.0,A,A,2.7,3.1,2.5,2.1,1.7
I2,2022-04-09,13:00:00,Lecce,Spal,1,0,0.0,0.0,H,D,1.53,3.75,6.0,1.98,1.88
I2,2022-04-09,15:15:00,Frosinone,Cremonese,2,1,2.0,1.0,H,H,2.45,3.1,2.75,2.07,1.72
I2,2022-04-10,13:30:00,Benevento,Vicenza,1,0,0.0,0.0,H,D,1.57,3.6,5.25,1.9,1.95
I2,2022-04-10,14:30:00,Ascoli,Reggina,2,0,0.0,0.0,H,D,1.95,3.1,3.8,2.4,1.53
I2,2022-04-10,14:30:00,Cosenza,Monza,0,2,0.0,1.0,A,A,4.75,3.25,1.75,2.07,1.72
I2,2022-04-10,14:30:00,Crotone,Ternana,1,2,1.0,1.0,A,D,2.3,3.1,2.9,2.02,1.83
I2,2022-04-10,17:00:00,Perugia,Pisa,1,1,0.0,1.0,D,A,2.45,2.9,2.8,2.5,1.5
I2,2022-04-11,19:30:00,Brescia,Parma,1,0,0.0,0.0,H,D,1.95,3.25,4.2,2.05,1.75
I2,2022-04-14,19:00:00,Cosenza,Benevento,1,0,0.0,0.0,H,D,3.75,3.4,1.95,2.1,1.7
I2,2022-04-18,11:30:00,Spal,Crotone,1,1,0.0,1.0,D,A,1.85,3.3,3.8,2.05,1.75
I2,2022-04-18,14:00:00,Cremonese,Cosenza,3,1,3.0,1.0,H,H,1.45,4.0,6.5,1.95,1.9
I2,2022-04-18,14:00:00,Pordenone,Benevento,1,4,0.0,2.0,A,A,5.25,3.5,1.65,2.02,1.83
I2,2022-04-18,14:00:00,Reggina,Lecce,1,0,1.0,0.0,H,H,6.0,3.5,1.55,2.15,1.66
I2,2022-04-18,14:00:00,Vicenza,Perugia,1,2,1.0,1.0,A,D,2.87,3.0,2.45,2.4,1.53
I2,2022-04-18,17:00:00,Cittadella,Alessandria,1,2,0.0,2.0,A,A,1.95,3.25,3.75,2.2,1.65
I2,2022-04-18,17:00:00,Parma,Ascoli,0,1,0.0,1.0,A,A,2.05,3.2,3.5,2.1,1.7
I2,2022-04-18,17:00:00,Pisa,Como,3,1,1.0,0.0,H,H,1.6,3.6,5.25,2.02,1.83
I2,2022-04-18,17:00:00,Ternana,Frosinone,4,4,2.0,2.0,D,D,2.7,3.2,2.5,2.02,1.83
I2,2022-04-18,19:30:00,Monza,Brescia,1,1,0.0,0.0,D,D,2.1,3.2,3.3,2.05,1.75
I2,2022-04-25,11:30:00,Ascoli,Cittadella,0,0,0.0,0.0,D,D,1.83,3.0,4.0,2.15,1.66
I2,2022-04-25,14:00:00,Alessandria,Reggina,0,0,0.0,0.0,D,D,1.72,3.2,4.5,2.25,1.61
I2,2022-04-25,14:00:00,Cosenza,Pordenone,3,1,2.0,1.0,H,H,1.5,3.75,5.75,2.1,1.7
I2,2022-04-25,14:00:00,Crotone,Cremonese,3,1,3.0,0.0,H,H,4.5,3.5,1.7,1.98,1.88
I2,2022-04-25,14:00:00,Frosinone,Monza,4,1,2.0,1.0,H,H,2.5,3.1,2.55,2.1,1.7
I2,2022-04-25,14:00:00,Lecce,Pisa,2,0,1.0,0.0,H,H,1.8,3.1,4.2,2.07,1.72
I2,2022-04-25,17:00:00,Benevento,Ternana,1,2,1.0,0.0,A,H,1.53,3.75,5.5,1.72,2.07
I2,2022-04-25,17:00:00,Brescia,Spal,1,1,0.0,0.0,D,D,1.55,3.75,5.0,1.98,1.88
I2,2022-04-25,17:00:00,Como,Vicenza,0,2,0.0,1.0,A,A,2.87,3.25,2.15,2.0,1.85
I2,2022-04-25,19:30:00,Perugia,Parma,2,1,2.0,0.0,H,H,1.9,3.2,3.6,2.3,1.6
I2,2022-04-30,13:00:00,Cittadella,Brescia,1,0,0.0,0.0,H,D,4.33,3.25,1.9,2.1,1.7
I2,2022-04-30,13:00:00,Cremonese,Ascoli,0,1,0.0,0.0,A,D,1.8,3.6,4.33,2.05,1.8
I2,2022-04-30,13:00:00,Monza,Benevento,3,0,0.0,0.0,H,D,2.05,3.4,3.6,1.95,1.9
I2,2022-04-30,13:00:00,Parma,Alessandria,2,2,1.0,1.0,D,D,2.05,3.4,3.6,1.98,1.88
I2,2022-04-30,13:00:00,Pisa,Cosenza,1,1,1.0,0.0,D,H,1.5,4.0,7.0,1.98,1.88
I2,2022-04-30,13:00:00,Pordenone,Crotone,3,3,0.0,1.0,D,A,3.25,3.25,2.25,1.95,1.85
I2,2022-04-30,13:00:00,Spal,Frosinone,3,0,2.0,0.0,H,H,2.62,3.2,2.7,2.0,1.85
I2,2022-04-30,13:00:00,Ternana,Perugia,1,0,1.0,0.0,H,H,2.55,3.1,2.6,1.95,1.9
I2,2022-04-30,13:00:00,Vicenza,Lecce,2,1,0.0,0.0,H,D,4.5,3.3,1.66,1.93,1.93
I2,2022-04-30,15:15:00,Reggina,Como,1,4,0.0,2.0,A,A,2.1,3.25,3.2,2.02,1.83
I2,2022-05-06,17:15:00,Crotone,Parma,0,1,0.0,1.0,A,A,2.45,3.2,2.62,1.83,2.02
I2,2022-05-06,19:30:00,Alessandria,Vicenza,0,1,0.0,1.0,A,A,2.3,3.2,3.0,1.95,1.9
I2,2022-05-06,19:30:00,Ascoli,Ternana,4,1,2.0,0.0,H,H,1.7,3.75,4.33,1.6,2.3
I2,2022-05-06,19:30:00,Benevento,Spal,1,2,0.0,1.0,A,A,1.57,3.8,5.5,1.57,2.35
I2,2022-05-06,19:30:00,Brescia,Reggina,3,0,1.0,0.0,H,H,1.2,5.75,12.0,1.6,2.3
I2,2022-05-06,19:30:00,Como,Cremonese,1,2,0.0,1.0,A,A,5.0,4.0,1.55,1.57,2.35
I2,2022-05-06,19:30:00,Cosenza,Cittadella,1,0,0.0,0.0,H,D,1.85,3.4,4.0,2.07,1.72
I2,2022-05-06,19:30:00,Frosinone,Pisa,1,2,0.0,2.0,A,A,2.0,3.3,3.3,1.98,1.88
I2,2022-05-06,19:30:00,Lecce,Pordenone,1,0,0.0,0.0,H,D,1.14,6.5,17.0,1.5,2.5
I2,2022-05-06,19:30:00,Perugia,Monza,1,0,0.0,0.0,H,D,3.5,3.75,1.85,1.85,2.0
F1,2021-08-06,20:00:00,Monaco,Nantes,1,1,1.0,1.0,D,D,1.44,4.33,7.0,1.66,2.2
F1,2021-08-07,16:00:00,Lyon,Brest,1,1,0.0,1.0,D,A,1.33,5.0,8.5,1.36,3.2
F1,2021-08-07,20:00:00,Troyes,Paris SG,1,2,1.0,2.0,A,A,11.0,6.0,1.25,1.57,2.37
F1,2021-08-08,12:00:00,Rennes,Lens,1,1,1.0,1.0,D,D,2.0,3.4,3.75,2.0,1.8
F1,2021-08-08,14:00:00,Bordeaux,Clermont,0,2,0.0,0.0,A,D,2.0,3.4,3.75,2.1,1.72
F1,2021-08-08,14:00:00,Nice,Reims,0,0,0.0,0.0,D,D,1.85,3.5,4.2,2.0,1.8
F1,2021-08-08,14:00:00,St Etienne,Lorient,1,1,0.0,0.0,D,D,2.25,3.25,3.2,1.93,1.93
F1,2021-08-08,14:00:00,Strasbourg,Angers,0,2,0.0,0.0,A,D,2.0,3.2,4.0,2.2,1.66
F1,2021-08-08,16:00:00,Metz,Lille,3,3,2.0,1.0,D,H,5.25,3.4,1.72,2.3,1.61
F1,2021-08-08,19:45:00,Montpellier,Marseille,2,3,2.0,0.0,A,H,3.2,3.4,2.2,1.9,1.9
F1,2021-08-13,20:00:00,Lorient,Monaco,1,0,1.0,0.0,H,H,4.0,3.75,1.85,2.01,1.92
F1,2021-08-14,16:00:00,Lille,Nice,0,4,0.0,3.0,A,A,1.8,3.5,4.75,2.1,1.72
F1,2021-08-14,20:00:00,Paris SG,Strasbourg,4,2,3.0,0.0,H,H,1.2,7.0,13.0,1.4,3.0
F1,2021-08-15,12:00:00,Angers,Lyon,3,0,1.0,0.0,H,H,4.5,3.8,1.75,1.72,2.1
F1,2021-08-15,14:00:00,Brest,Rennes,1,1,0.0,0.0,D,D,3.1,3.4,2.3,1.89,2.04
F1,2021-08-15,14:00:00,Clermont,Troyes,2,0,0.0,0.0,H,D,2.0,3.4,3.8,2.1,1.72
F1,2021-08-15,14:00:00,Nantes,Metz,2,0,1.0,0.0,H,H,2.3,3.2,3.25,2.3,1.61
F1,2021-08-15,14:00:00,Reims,Montpellier,3,3,2.0,3.0,D,A,2.6,3.3,2.75,2.0,1.8
F1,2021-08-15,16:00:00,Lens,St Etienne,2,2,1.0,1.0,D,D,2.0,3.5,3.75,1.9,1.9
F1,2021-08-15,19:45:00,Marseille,Bordeaux,2,2,2.0,0.0,D,H,1.53,4.2,6.0,1.9,1.9
F1,2021-08-20,20:00:00,Brest,Paris SG,2,4,1.0,2.0,A,A,9.5,5.75,1.25,1.4,3.0
F1,2021-08-21,16:00:00,Monaco,Lens,0,2,0.0,0.0,A,D,1.7,3.75,4.75,1.8,2.0
F1,2021-08-21,20:00:00,St Etienne,Lille,1,1,0.0,1.0,D,A,3.1,3.2,2.4,2.1,1.72
F1,2021-08-22,12:00:00,Lyon,Clermont,3,3,3.0,1.0,D,H,1.55,4.5,5.25,1.66,2.2
F1,2021-08-22,14:00:00,Bordeaux,Angers,1,1,1.0,1.0,D,D,2.87,3.2,2.62,2.1,1.72
F1,2021-08-22,14:00:00,Metz,Reims,1,1,1.0,1.0,D,D,2.25,3.2,3.4,2.3,1.61
F1,2021-08-22,14:00:00,Montpellier,Lorient,3,1,0.0,1.0,H,A,2.1,3.4,3.5,1.8,2.0
F1,2021-08-22,14:00:00,Strasbourg,Troyes,1,1,0.0,1.0,D,A,2.0,3.4,3.75,2.1,1.72
F1,2021-08-22,16:00:00,Rennes,Nantes,1,0,0.0,0.0,H,D,1.85,3.6,4.2,2.0,1.8
F1,2021-08-27,20:00:00,Nantes,Lyon,0,1,0.0,1.0,A,A,4.5,4.0,1.66,1.72,2.1
F1,2021-08-28,16:00:00,Nice,Bordeaux,4,0,3.0,0.0,H,H,1.6,4.2,5.25,1.9,1.9
F1,2021-08-28,20:00:00,Marseille,St Etienne,3,1,1.0,1.0,H,D,1.7,3.8,4.75,1.9,1.9
F1,2021-08-29,12:00:00,Troyes,Monaco,1,2,0.0,1.0,A,A,4.33,3.6,1.83,1.9,1.9
F1,2021-08-29,14:00:00,Angers,Rennes,2,0,0.0,0.0,H,D,2.9,3.25,2.5,2.2,1.66
F1,2021-08-29,14:00:00,Clermont,Metz,2,2,1.0,2.0,D,A,1.72,3.75,4.75,2.1,1.72
F1,2021-08-29,14:00:00,Lens,Lorient,2,2,1.0,2.0,D,A,1.75,3.6,5.0,1.9,1.9
F1,2021-08-29,14:00:00,Strasbourg,Brest,3,1,2.0,1.0,H,H,2.0,3.3,4.0,1.8,2.0
F1,2021-08-29,16:00:00,Lille,Montpellier,2,1,1.0,1.0,H,D,1.66,4.0,5.0,1.72,2.1
F1,2021-08-29,19:45:00,Reims,Paris SG,0,2,0.0,1.0,A,A,17.0,8.0,1.14,1.36,3.2
F1,2021-09-10,20:00:00,Lorient,Lille,2,1,1.0,1.0,H,D,3.4,3.4,2.15,2.1,1.72
F1,2021-09-11,16:00:00,Paris SG,Clermont,4,0,2.0,0.0,H,H,1.25,6.5,10.0,1.44,2.75
F1,2021-09-11,20:00:00,Monaco,Marseille,0,2,0.0,1.0,A,A,2.0,3.6,3.6,1.85,2.0
F1,2021-09-12,12:00:00,Montpellier,St Etienne,2,0,1.0,0.0,H,H,2.55,3.5,2.7,1.8,2.0
F1,2021-09-12,14:00:00,Bordeaux,Lens,2,3,0.0,2.0,A,A,3.3,3.5,2.15,2.0,1.8
F1,2021-09-12,14:00:00,Brest,Angers,1,1,0.0,0.0,D,D,2.6,3.4,2.7,2.0,1.8
F1,2021-09-12,14:00:00,Metz,Troyes,0,2,0.0,0.0,A,D,2.25,3.3,3.25,2.2,1.66
F1,2021-09-12,14:00:00,Rennes,Reims,0,2,0.0,1.0,A,A,1.65,3.75,5.75,2.1,1.72
F1,2021-09-12,16:00:00,Nantes,Nice,0,2,0.0,0.0,A,D,3.3,3.4,2.2,2.1,1.72
F1,2021-09-12,19:45:00,Lyon,Strasbourg,3,1,1.0,0.0,H,H,1.53,4.5,5.75,1.57,2.37
F1,2021-09-17,20:00:00,Strasbourg,Metz,3,0,3.0,0.0,H,H,1.85,3.6,4.2,2.1,1.72
F1,2021-09-18,16:00:00,Lens,Lille,1,0,0.0,0.0,H,D,2.55,3.2,2.87,2.1,1.72
F1,2021-09-18,20:00:00,St Etienne,Bordeaux,1,2,0.0,1.0,A,A,1.95,3.25,4.2,2.0,1.8
F1,2021-09-19,12:00:00,Nice,Monaco,2,2,0.0,1.0,D,A,2.62,3.5,2.62,2.0,1.8
F1,2021-09-19,14:00:00,Angers,Nantes,1,4,1.0,3.0,A,A,2.1,3.3,3.6,2.2,1.66
F1,2021-09-19,14:00:00,Clermont,Brest,1,1,0.0,0.0,D,D,1.8,3.75,4.33,1.72,2.1
F1,2021-09-19,14:00:00,Reims,Lorient,0,0,0.0,0.0,D,D,2.15,3.3,3.4,2.2,1.66
F1,2021-09-19,14:00:00,Troyes,Montpellier,1,1,1.0,0.0,D,H,2.45,3.5,2.8,1.72,2.1
F1,2021-09-19,16:00:00,Marseille,Rennes,2,0,0.0,0.0,H,D,1.9,3.6,3.8,2.0,1.8
F1,2021-09-19,19:45:00,Paris SG,Lyon,2,1,0.0,0.0,H,D,1.3,5.75,9.0,1.4,3.0
F1,2021-09-22,18:00:00,Lille,Reims,2,1,2.0,0.0,H,H,1.66,3.6,5.25,2.2,1.66
F1,2021-09-22,18:00:00,Monaco,St Etienne,3,1,1.0,1.0,H,D,1.53,4.0,6.5,1.8,2.0
F1,2021-09-22,18:00:00,Montpellier,Bordeaux,3,3,1.0,2.0,D,A,1.9,3.6,3.8,1.72,2.1
F1,2021-09-22,18:00:00,Nantes,Brest,3,1,1.0,0.0,H,H,2.05,3.5,3.4,2.0,1.8
F1,2021-09-22,18:00:00,Rennes,Clermont,6,0,2.0,0.0,H,H,1.95,3.6,3.8,1.9,1.9
F1,2021-09-22,20:00:00,Angers,Marseille,0,0,0.0,0.0,D,D,3.75,3.25,2.05,2.0,1.8
F1,2021-09-22,20:00:00,Lens,Strasbourg,0,1,0.0,0.0,A,D,1.95,3.6,3.75,1.9,1.9
F1,2021-09-22,20:00:00,Lorient,Nice,1,0,1.0,0.0,H,H,3.3,3.5,2.15,2.0,1.8
F1,2021-09-22,20:00:00,Lyon,Troyes,3,1,0.0,1.0,H,A,1.4,4.5,8.5,1.53,2.5
F1,2021-09-22,20:00:00,Metz,Paris SG,1,2,1.0,1.0,A,D,11.0,7.0,1.22,1.4,3.0
F1,2021-09-25,16:00:00,St Etienne,Nice,0,3,0.0,1.0,A,A,3.3,3.3,2.25,1.9,1.9
F1,2021-09-25,18:00:00,Strasbourg,Lille,1,2,0.0,1.0,A,A,2.8,3.2,2.62,2.1,1.72
F1,2021-09-25,20:00:00,Lyon,Lorient,1,1,0.0,1.0,D,A,1.33,5.25,8.5,1.57,2.37
F1,2021-09-25,20:00:00,Paris SG,Montpellier,2,0,1.0,0.0,H,H,1.18,8.0,12.0,1.33,3.4
F1,2021-09-26,12:00:00,Bordeaux,Rennes,1,1,0.0,0.0,D,D,3.4,3.4,2.15,2.0,1.8
F1,2021-09-26,14:00:00,Brest,Metz,1,2,0.0,1.0,A,A,2.0,3.5,3.75,2.0,1.8
F1,2021-09-26,14:00:00,Reims,Nantes,3,1,0.0,0.0,H,D,2.55,3.1,2.9,2.37,1.57
F1,2021-09-26,14:00:00,Troyes,Angers,1,1,1.0,0.0,D,H,2.75,3.2,2.7,2.3,1.61
F1,2021-09-26,16:00:00,Clermont,Monaco,1,3,1.0,1.0,A,D,3.8,3.5,2.0,1.85,2.0
F1,2021-09-26,19:45:00,Marseille,Lens,2,3,2.0,2.0,A,D,1.72,3.75,5.0,1.9,1.9
F1,2021-10-01,20:00:00,Lens,Reims,2,0,1.0,0.0,H,H,1.72,3.5,5.0,2.1,1.72
F1,2021-10-02,16:00:00,Montpellier,Strasbourg,1,1,1.0,1.0,D,D,2.4,3.6,2.8,1.72,2.1
F1,2021-10-02,20:00:00,Nice,Brest,2,1,1.0,0.0,H,H,1.55,4.5,5.5,1.66,2.2
F1,2021-10-03,12:00:00,Rennes,Paris SG,2,0,1.0,0.0,H,H,5.5,4.5,1.55,1.57,2.37
F1,2021-10-03,14:00:00,Angers,Metz,3,2,0.0,1.0,H,A,1.95,3.3,4.2,2.3,1.61
F1,2021-10-03,14:00:00,Lorient,Clermont,1,1,0.0,1.0,D,A,2.4,3.5,2.8,1.9,1.9
F1,2021-10-03,14:00:00,Monaco,Bordeaux,3,0,1.0,0.0,H,H,1.36,5.0,8.0,1.66,2.2
F1,2021-10-03,14:00:00,Nantes,Troyes,2,0,0.0,0.0,H,D,1.75,3.5,5.0,2.1,1.72
F1,2021-10-03,16:00:00,Lille,Marseille,2,0,1.0,0.0,H,H,2.45,3.3,3.0,2.0,1.8
F1,2021-10-03,19:45:00,St Etienne,Lyon,1,1,0.0,1.0,D,A,4.33,4.0,1.75,1.57,2.37
F1,2021-10-15,20:00:00,Paris SG,Angers,2,1,0.0,1.0,H,A,1.33,5.5,8.0,1.57,2.37
F1,2021-10-16,16:00:00,Clermont,Lille,1,0,1.0,0.0,H,H,3.3,3.3,2.25,2.0,1.8
F1,2021-10-16,20:00:00,Lyon,Monaco,2,0,0.0,0.0,H,D,2.15,3.6,3.25,1.66,2.2
F1,2021-10-17,12:00:00,Troyes,Nice,1,0,1.0,0.0,H,H,4.33,3.6,1.85,1.83,2.02
F1,2021-10-17,14:00:00,Bordeaux,Nantes,1,1,0.0,0.0,D,D,2.8,3.3,2.55,2.1,1.72
F1,2021-10-17,14:00:00,Brest,Reims,1,1,0.0,1.0,D,A,2.3,3.2,3.3,2.1,1.72
F1,2021-10-17,14:00:00,Metz,Rennes,0,3,0.0,3.0,A,A,4.33,3.6,1.83,2.1,1.72
F1,2021-10-17,14:00:00,Strasbourg,St Etienne,5,1,2.0,1.0,H,H,2.05,3.4,3.6,1.9,1.9
F1,2021-10-17,16:00:00,Montpellier,Lens,1,0,0.0,0.0,H,D,3.1,3.5,2.25,1.66,2.2
F1,2021-10-17,19:45:00,Marseille,Lorient,4,1,1.0,1.0,H,D,1.5,4.33,6.5,1.72,2.1
F1,2021-10-22,20:00:00,St Etienne,Angers,2,2,0.0,1.0,D,A,2.8,3.3,2.55,1.9,1.9
F1,2021-10-23,16:00:00,Nantes,Clermont,2,1,1.0,0.0,H,H,2.2,3.5,3.2,2.0,1.8
F1,2021-10-23,20:00:00,Lille,Brest,1,1,1.0,1.0,D,D,1.55,4.2,5.75,1.9,1.9
F1,2021-10-24,12:00:00,Nice,Lyon,3,2,0.0,1.0,H,A,2.5,3.4,2.7,1.61,2.3
F1,2021-10-24,14:00:00,Lens,Metz,4,1,2.0,1.0,H,H,1.6,4.2,5.25,1.9,1.9
F1,2021-10-24,14:00:00,Lorient,Bordeaux,1,1,0.0,0.0,D,D,2.0,3.5,3.8,2.0,1.8
F1,2021-10-24,14:00:00,Reims,Troyes,1,2,1.0,1.0,A,D,2.15,3.3,3.5,2.3,1.61
F1,2021-10-24,14:00:00,Rennes,Strasbourg,1,0,0.0,0.0,H,D,1.8,3.6,4.5,1.9,1.9
F1,2021-10-24,16:00:00,Monaco,Montpellier,3,1,2.0,0.0,H,H,1.44,5.0,6.0,1.61,2.3
F1,2021-10-24,19:45:00,Marseille,Paris SG,0,0,0.0,0.0,D,D,5.0,4.5,1.57,1.53,2.5
F1,2021-10-27,20:00:00,Nice,Marseille,1,1,1.0,1.0,D,D,2.37,3.5,2.87,1.9,1.9
F1,2021-10-29,20:00:00,Paris SG,Lille,2,1,0.0,1.0,H,A,1.33,5.25,8.5,1.61,2.3
F1,2021-10-30,16:00:00,Metz,St Etienne,1,1,1.0,1.0,D,D,2.6,3.3,2.75,1.9,1.9
F1,2021-10-30,20:00:00,Lyon,Lens,2,1,2.0,0.0,H,H,1.66,4.2,4.75,1.53,2.5
F1,2021-10-31,12:00:00,Angers,Nice,1,2,1.0,0.0,A,H,2.87,3.4,2.45,2.0,1.8
F1,2021-10-31,14:00:00,Bordeaux,Reims,3,2,0.0,1.0,H,A,2.55,3.2,2.9,2.3,1.61
F1,2021-10-31,14:00:00,Montpellier,Nantes,2,0,0.0,0.0,H,D,2.3,3.5,3.0,1.9,1.9
F1,2021-10-31,14:00:00,Strasbourg,Lorient,4,0,3.0,0.0,H,H,1.95,3.5,4.0,2.0,1.8
F1,2021-10-31,14:00:00,Troyes,Rennes,2,2,2.0,1.0,D,H,3.8,3.6,1.95,2.0,1.8
F1,2021-10-31,16:00:00,Brest,Monaco,2,0,1.0,0.0,H,H,4.5,3.9,1.75,1.8,2.0
F1,2021-10-31,19:45:00,Clermont,Marseille,0,1,0.0,1.0,A,A,2.87,3.75,2.25,1.8,2.0
F1,2021-11-05,20:00:00,Lens,Troyes,4,0,3.0,0.0,H,H,1.6,4.0,5.5,1.72,2.1
F1,2021-11-06,16:00:00,Lille,Angers,1,1,1.0,0.0,D,H,1.72,3.75,5.0,2.1,1.72
F1,2021-11-06,20:00:00,Bordeaux,Paris SG,2,3,0.0,2.0,A,A,8.0,5.75,1.33,1.44,2.75
F1,2021-11-07,12:00:00,Marseille,Metz,0,0,0.0,0.0,D,D,1.4,4.75,7.5,1.66,2.2
F1,2021-11-07,14:00:00,Lorient,Brest,1,2,1.0,0.0,A,H,2.4,3.4,2.9,1.93,1.93
F1,2021-11-07,14:00:00,Nantes,Strasbourg,2,2,1.0,1.0,D,D,2.37,3.4,3.0,2.1,1.72
F1,2021-11-07,14:00:00,Reims,Monaco,0,0,0.0,0.0,D,D,4.0,3.6,1.9,2.1,1.72
F1,2021-11-07,14:00:00,St Etienne,Clermont,3,2,0.0,0.0,H,D,2.5,3.3,2.9,1.8,2.0
F1,2021-11-07,16:00:00,Nice,Montpellier,0,1,0.0,0.0,A,D,1.53,4.5,5.5,1.61,2.3
F1,2021-11-07,19:45:00,Rennes,Lyon,4,1,1.0,0.0,H,H,2.6,3.6,2.55,1.61,2.3
F1,2021-11-19,20:00:00,Monaco,Lille,2,2,1.0,2.0,D,A,2.1,3.4,3.5,2.2,1.66
F1,2021-11-20,16:00:00,Paris SG,Nantes,3,1,1.0,0.0,H,H,1.22,6.5,12.0,1.53,2.5
F1,2021-11-20,20:00:00,Rennes,Montpellier,2,0,2.0,0.0,H,H,1.5,4.33,6.5,1.66,2.2
F1,2021-11-21,12:00:00,Brest,Lens,4,0,3.0,0.0,H,H,3.1,3.5,2.2,1.8,2.0
F1,2021-11-21,14:00:00,Angers,Lorient,1,0,0.0,0.0,H,D,1.9,3.25,4.5,2.1,1.72
F1,2021-11-21,14:00:00,Metz,Bordeaux,3,3,1.0,2.0,D,A,2.37,3.4,2.9,2.02,1.83
F1,2021-11-21,14:00:00,Strasbourg,Reims,1,1,0.0,1.0,D,A,2.05,3.2,4.0,2.37,1.57
F1,2021-11-21,14:00:00,Troyes,St Etienne,0,1,0.0,0.0,A,D,2.37,3.25,3.1,1.9,1.95
F1,2021-11-21,16:00:00,Clermont,Nice,1,2,1.0,0.0,A,H,3.25,3.6,2.15,1.93,1.93
F1,2021-11-26,20:00:00,Lens,Angers,2,2,0.0,1.0,D,A,1.75,3.5,4.8,2.1,1.72
F1,2021-11-27,16:00:00,Lille,Nantes,1,1,1.0,1.0,D,D,1.66,3.8,5.25,2.05,1.88
F1,2021-11-27,20:00:00,Nice,Metz,0,1,0.0,1.0,A,A,1.4,4.75,7.5,1.72,2.1
F1,2021-11-28,12:00:00,St Etienne,Paris SG,1,3,1.0,1.0,A,D,8.5,5.5,1.33,1.4,3.0
F1,2021-11-28,14:00:00,Bordeaux,Brest,1,2,1.0,0.0,A,H,2.4,3.5,2.9,1.8,2.0
F1,2021-11-28,14:00:00,Lorient,Rennes,0,2,0.0,0.0,A,D,4.33,4.0,1.72,1.8,2.0
F1,2021-11-28,14:00:00,Monaco,Strasbourg,1,1,1.0,0.0,D,H,1.65,4.2,4.75,1.89,2.04
F1,2021-11-28,14:00:00,Reims,Clermont,1,0,0.0,0.0,H,D,2.45,3.1,3.1,2.3,1.61
F1,2021-11-28,16:00:00,Montpellier,Lyon,0,1,0.0,1.0,A,A,4.2,4.33,1.72,1.5,2.62
F1,2021-11-28,19:45:00,Marseille,Troyes,1,0,0.0,0.0,H,D,1.53,4.33,6.0,1.72,2.1
F1,2021-12-01,18:00:00,Angers,Monaco,1,3,0.0,2.0,A,A,3.3,3.25,2.25,2.1,1.72
F1,2021-12-01,18:00:00,Brest,St Etienne,1,0,0.0,0.0,H,D,2.05,3.4,3.6,1.72,2.1
F1,2021-12-01,18:00:00,Metz,Montpellier,1,3,0.0,2.0,A,A,2.6,3.3,2.75,1.93,1.93
F1,2021-12-01,18:00:00,Strasbourg,Bordeaux,5,2,3.0,1.0,H,H,1.7,3.8,4.75,1.8,2.0
F1,2021-12-01,18:00:00,Troyes,Lorient,2,0,2.0,0.0,H,H,2.37,3.3,3.0,2.1,1.72
F1,2021-12-01,20:00:00,Clermont,Lens,2,2,1.0,1.0,D,D,2.8,3.4,2.5,1.8,2.0
F1,2021-12-01,20:00:00,Lyon,Reims,1,2,0.0,0.0,A,D,1.45,5.0,6.5,1.66,2.2
F1,2021-12-01,20:00:00,Nantes,Marseille,0,1,0.0,1.0,A,A,3.25,3.25,2.3,1.95,1.9
F1,2021-12-01,20:00:00,Paris SG,Nice,0,0,0.0,0.0,D,D,1.44,4.75,7.0,1.53,2.5
F1,2021-12-01,20:00:00,Rennes,Lille,1,2,0.0,2.0,A,A,2.05,3.4,3.75,1.95,1.9
F1,2021-12-04,16:00:00,Marseille,Brest,1,2,1.0,0.0,A,H,1.57,4.33,5.25,1.72,2.1
F1,2021-12-04,18:00:00,Lille,Troyes,2,1,0.0,1.0,H,A,1.44,4.5,7.5,1.8,2.0
F1,2021-12-04,20:00:00,Lens,Paris SG,1,1,0.0,0.0,D,D,5.0,4.33,1.61,1.53,2.5
F1,2021-12-05,12:00:00,St Etienne,Rennes,0,5,0.0,3.0,A,A,4.2,3.75,1.85,1.8,2.0
F1,2021-12-05,14:00:00,Lorient,Nantes,0,1,0.0,0.0,A,D,2.8,3.2,2.6,2.2,1.66
F1,2021-12-05,14:00:00,Monaco,Metz,4,0,2.0,0.0,H,H,1.4,4.75,8.0,1.72,2.1
F1,2021-12-05,14:00:00,Montpellier,Clermont,1,0,1.0,0.0,H,H,2.1,3.7,3.3,1.66,2.2
F1,2021-12-05,14:00:00,Reims,Angers,1,2,0.0,0.0,A,D,2.4,3.0,3.3,2.5,1.53
F1,2021-12-05,16:00:00,Nice,Strasbourg,0,3,0.0,1.0,A,A,1.85,3.6,4.33,1.95,1.9
F1,2021-12-05,19:45:00,Bordeaux,Lyon,2,2,1.0,2.0,D,A,4.75,4.0,1.66,1.5,2.62
F1,2021-12-10,20:00:00,Nantes,Lens,3,2,0.0,2.0,H,A,2.7,3.4,2.6,2.2,1.66
F1,2021-12-11,16:00:00,Brest,Montpellier,0,4,0.0,1.0,A,A,2.05,3.5,3.5,1.8,2.0
F1,2021-12-11,20:00:00,Reims,St Etienne,2,0,1.0,0.0,H,H,2.15,3.2,3.6,2.3,1.61
F1,2021-12-12,12:00:00,Lille,Lyon,0,0,0.0,0.0,D,D,2.3,3.6,2.9,1.72,2.1
F1,2021-12-12,14:00:00,Angers,Clermont,0,1,0.0,0.0,A,D,2.05,3.4,3.75,2.1,1.72
F1,2021-12-12,14:00:00,Metz,Lorient,4,1,3.0,0.0,H,H,2.45,3.2,3.0,2.1,1.72
F1,2021-12-12,14:00:00,Rennes,Nice,1,2,0.0,1.0,A,A,1.95,3.6,3.8,1.95,1.98
F1,2021-12-12,14:00:00,Troyes,Bordeaux,1,2,1.0,1.0,A,D,2.2,3.5,3.2,1.86,2.07
F1,2021-12-12,16:00:00,Strasbourg,Marseille,0,2,0.0,0.0,A,D,2.5,3.3,2.87,2.01,1.92
F1,2021-12-12,19:45:00,Paris SG,Monaco,2,0,2.0,0.0,H,H,1.44,5.0,6.5,1.53,2.5
F1,2021-12-22,20:00:00,Bordeaux,Lille,2,3,2.0,1.0,A,H,4.33,3.8,1.75,1.8,2.0
F1,2021-12-22,20:00:00,Lorient,Paris SG,1,1,1.0,0.0,D,H,7.5,5.25,1.4,1.53,2.5
F1,2021-12-22,20:00:00,Lyon,Metz,1,1,0.0,0.0,D,D,1.36,5.25,8.0,1.44,2.75
F1,2021-12-22,20:00:00,Marseille,Reims,1,1,0.0,0.0,D,D,1.66,3.6,5.75,2.2,1.66
F1,2021-12-22,20:00:00,Monaco,Rennes,2,1,1.0,1.0,H,D,2.2,3.5,3.25,1.9,2.0
F1,2021-12-22,20:00:00,Montpellier,Angers,4,1,2.0,1.0,H,H,2.2,3.3,3.4,2.02,1.88
F1,2021-12-22,20:00:00,Nice,Lens,2,1,0.0,1.0,H,A,2.1,3.5,3.5,1.87,2.03
F1,2021-12-22,20:00:00,St Etienne,Nantes,0,1,0.0,0.0,A,D,2.6,3.25,2.8,2.05,1.85
F1,2021-12-22,20:00:00,Troyes,Brest,1,1,0.0,1.0,D,A,2.5,3.4,2.8,1.93,1.97
F1,2022-01-07,20:00:00,Bordeaux,Marseille,0,1,0.0,1.0,A,A,5.0,4.33,1.57,1.57,2.37
F1,2022-01-08,20:00:00,Lens,Rennes,1,0,0.0,0.0,H,D,2.75,3.4,2.55,1.92,1.98
F1,2022-01-09,12:00:00,Brest,Nice,0,3,0.0,1.0,A,A,2.87,3.5,2.4,1.94,1.96
F1,2022-01-09,14:00:00,Clermont,Reims,0,0,0.0,0.0,D,D,2.45,3.1,3.1,2.5,1.53
F1,2022-01-09,14:00:00,Metz,Strasbourg,0,2,0.0,0.0,A,D,4.75,4.0,1.7,1.99,1.91
F1,2022-01-09,16:05:00,Nantes,Monaco,0,0,0.0,0.0,D,D,3.4,3.3,2.2,2.1,1.72
F1,2022-01-09,19:45:00,Lyon,Paris SG,1,1,1.0,0.0,D,H,3.6,4.2,1.83,1.5,2.62
F1,2022-01-14,20:00:00,Nice,Nantes,2,1,1.0,1.0,H,D,1.7,3.75,5.0,2.1,1.72
F1,2022-01-15,16:00:00,St Etienne,Lens,1,2,1.0,0.0,A,H,4.0,3.5,1.95,1.94,1.96
F1,2022-01-15,20:00:00,Paris SG,Brest,2,0,1.0,0.0,H,H,1.22,7.5,9.5,1.36,3.2
F1,2022-01-16,12:00:00,Rennes,Bordeaux,6,0,2.0,0.0,H,H,1.4,5.0,7.0,1.53,2.5
F1,2022-01-16,14:00:00,Lorient,Angers,0,0,0.0,0.0,D,D,2.37,3.25,3.1,2.1,1.72
F1,2022-01-16,14:00:00,Monaco,Clermont,4,0,1.0,0.0,H,H,1.45,4.5,6.5,1.72,2.1
F1,2022-01-16,14:00:00,Reims,Metz,0,1,0.0,0.0,A,D,1.8,3.5,5.0,2.3,1.61
F1,2022-01-16,14:00:00,Strasbourg,Montpellier,3,1,0.0,1.0,H,A,2.0,3.5,3.6,1.85,2.05
F1,2022-01-16,16:05:00,Troyes,Lyon,0,1,0.0,1.0,A,A,5.25,4.0,1.65,1.8,2.0
F1,2022-01-16,19:45:00,Marseille,Lille,1,1,0.0,1.0,D,A,2.3,3.4,3.1,2.04,1.86
F1,2022-01-19,18:00:00,Clermont,Strasbourg,0,2,0.0,1.0,A,A,3.1,3.5,2.25,1.98,1.92
F1,2022-01-19,18:00:00,Lille,Lorient,3,1,3.0,0.0,H,H,1.53,4.2,6.0,1.88,2.02
F1,2022-01-19,18:00:00,Montpellier,Troyes,0,1,0.0,0.0,A,D,1.75,4.0,4.5,1.85,2.05
F1,2022-01-21,20:00:00,Lyon,St Etienne,1,0,1.0,0.0,H,H,1.36,5.25,8.0,1.57,2.37
F1,2022-01-22,16:00:00,Brest,Lille,2,0,1.0,0.0,H,H,3.3,3.3,2.25,1.88,2.02
F1,2022-01-22,20:00:00,Lens,Marseille,0,2,0.0,1.0,A,A,2.5,3.6,2.7,1.94,1.96
F1,2022-01-23,12:00:00,Metz,Nice,0,2,0.0,0.0,A,D,5.0,3.75,1.72,1.84,2.06
F1,2022-01-23,14:00:00,Angers,Troyes,2,1,2.0,1.0,H,H,2.05,3.1,4.2,2.3,1.61
F1,2022-01-23,14:00:00,Bordeaux,Strasbourg,4,3,3.0,1.0,H,H,3.75,3.6,1.95,1.66,2.2
F1,2022-01-23,14:00:00,Clermont,Rennes,2,1,0.0,1.0,H,A,3.8,3.8,1.85,1.88,2.02
F1,2022-01-23,14:00:00,Nantes,Lorient,4,2,1.0,0.0,H,H,2.15,3.1,3.8,2.3,1.61
F1,2022-01-23,16:05:00,Montpellier,Monaco,3,2,2.0,1.0,H,H,3.8,3.5,2.0,1.88,2.02
F1,2022-01-23,19:45:00,Paris SG,Reims,4,0,1.0,0.0,H,H,1.22,6.5,13.0,1.53,2.5
F1,2022-01-26,18:00:00,Angers,St Etienne,0,1,0.0,1.0,A,A,2.15,3.5,3.3,2.2,1.66
F1,2022-02-01,20:00:00,Lyon,Marseille,2,1,0.0,1.0,H,A,2.75,3.3,2.6,2.04,1.86
F1,2022-02-04,20:00:00,Marseille,Angers,5,2,2.0,2.0,H,D,1.5,4.0,7.0,2.06,1.84
F1,2022-02-05,16:00:00,St Etienne,Montpellier,3,1,0.0,1.0,H,A,2.7,3.4,2.62,1.99,1.91
F1,2022-02-05,20:00:00,Monaco,Lyon,2,0,2.0,0.0,H,H,1.95,3.6,3.75,1.72,2.1
F1,2022-02-06,12:00:00,Lorient,Lens,2,0,1.0,0.0,H,H,3.3,3.5,2.15,1.97,1.93
F1,2022-02-06,14:00:00,Nice,Clermont,0,1,0.0,0.0,A,D,1.55,4.2,6.0,1.86,2.04
F1,2022-02-06,14:00:00,Reims,Bordeaux,5,0,1.0,0.0,H,H,2.05,3.6,3.5,2.09,1.81
F1,2022-02-06,14:00:00,Strasbourg,Nantes,1,0,0.0,0.0,H,D,1.75,3.75,4.5,2.06,1.84
F1,2022-02-06,14:00:00,Troyes,Metz,0,0,0.0,0.0,D,D,2.0,3.3,4.0,2.1,1.72
F1,2022-02-06,16:00:00,Rennes,Brest,2,0,1.0,0.0,H,H,1.5,4.2,7.0,1.72,2.1
F1,2022-02-06,19:45:00,Lille,Paris SG,1,5,1.0,3.0,A,A,4.2,3.6,1.85,1.8,2.0
F1,2022-02-11,20:00:00,Paris SG,Rennes,1,0,0.0,0.0,H,D,1.55,4.33,5.75,1.61,2.3
F1,2022-02-12,16:00:00,Montpellier,Lille,0,1,0.0,0.0,A,D,3.1,3.5,2.25,1.89,2.01
F1,2022-02-12,20:00:00,Lyon,Nice,2,0,1.0,0.0,H,H,1.9,3.75,3.75,1.72,2.1
F1,2022-02-13,12:00:00,Monaco,Lorient,0,0,0.0,0.0,D,D,1.4,4.75,8.0,1.87,2.03
F1,2022-02-13,14:00:00,Angers,Strasbourg,0,1,0.0,1.0,A,A,3.0,3.3,2.3,2.08,1.82
F1,2022-02-13,14:00:00,Brest,Troyes,5,1,2.0,1.0,H,H,1.9,3.4,4.0,2.1,1.72
F1,2022-02-13,14:00:00,Clermont,St Etienne,1,2,1.0,0.0,A,H,2.25,3.4,3.25,2.1,1.72
F1,2022-02-13,14:00:00,Nantes,Reims,1,0,1.0,0.0,H,H,2.15,3.25,3.6,2.5,1.53
F1,2022-02-13,16:05:00,Lens,Bordeaux,3,2,3.0,1.0,H,H,1.45,4.75,6.5,1.57,2.37
F1,2022-02-13,19:45:00,Metz,Marseille,1,2,0.0,1.0,A,A,5.0,4.0,1.66,1.91,1.99
F1,2022-02-18,20:00:00,Lille,Metz,0,0,0.0,0.0,D,D,1.53,4.0,6.5,2.04,1.86
F1,2022-02-19,16:00:00,Lens,Lyon,1,1,1.0,1.0,D,D,2.9,3.4,2.4,1.84,2.06
F1,2022-02-19,20:00:00,Nantes,Paris SG,3,1,3.0,0.0,H,H,6.5,4.33,1.5,1.61,2.3
F1,2022-02-20,12:00:00,Nice,Angers,1,0,1.0,0.0,H,H,1.7,3.6,5.5,2.01,1.89
F1,2022-02-20,14:00:00,Lorient,Montpellier,0,1,0.0,0.0,A,D,2.3,3.25,3.2,2.0,1.8
F1,2022-02-20,14:00:00,Reims,Brest,1,1,1.0,1.0,D,D,2.37,3.2,3.2,2.1,1.72
F1,2022-02-20,14:00:00,Rennes,Troyes,4,1,2.0,1.0,H,H,1.36,4.5,9.5,1.8,2.0
F1,2022-02-20,14:00:00,St Etienne,Strasbourg,2,2,2.0,2.0,D,D,3.0,3.4,2.4,1.98,1.92
F1,2022-02-20,16:05:00,Bordeaux,Monaco,1,1,1.0,0.0,D,H,4.75,4.2,1.66,1.61,2.3
F1,2022-02-20,19:45:00,Marseille,Clermont,0,2,0.0,1.0,A,A,1.5,4.2,7.5,1.72,2.1
F1,2022-02-25,20:00:00,Montpellier,Rennes,2,4,2.0,2.0,A,D,4.33,3.8,1.75,1.92,1.98
F1,2022-02-26,16:00:00,Strasbourg,Nice,0,0,0.0,0.0,D,D,2.2,3.3,3.4,2.04,1.86
F1,2022-02-26,20:00:00,Paris SG,St Etienne,3,1,1.0,1.0,H,D,1.14,8.0,19.0,1.33,3.4
F1,2022-02-27,12:00:00,Monaco,Reims,1,2,0.0,0.0,A,D,1.44,4.33,8.0,2.03,1.87
F1,2022-02-27,14:00:00,Angers,Lens,1,2,0.0,0.0,A,D,2.9,3.1,2.6,2.1,1.72
F1,2022-02-27,14:00:00,Brest,Lorient,0,1,0.0,0.0,A,D,2.0,3.3,3.75,2.0,1.8
F1,2022-02-27,14:00:00,Clermont,Bordeaux,1,1,1.0,1.0,D,D,1.9,3.5,4.0,1.9,2.0
F1,2022-02-27,14:00:00,Metz,Nantes,0,0,0.0,0.0,D,D,3.0,3.1,2.5,2.3,1.61
F1,2022-02-27,16:05:00,Troyes,Marseille,1,1,0.0,1.0,D,A,4.5,3.75,1.75,1.94,1.96
F1,2022-02-27,19:45:00,Lyon,Lille,0,1,0.0,1.0,A,A,1.8,3.75,4.5,1.8,2.0
F1,2022-03-04,20:00:00,Lorient,Lyon,1,4,0.0,2.0,A,A,4.33,3.8,1.8,1.93,1.97
F1,2022-03-05,16:00:00,Lens,Brest,0,1,0.0,0.0,A,D,1.66,3.6,5.0,1.8,2.0
F1,2022-03-05,20:00:00,Nice,Paris SG,1,0,0.0,0.0,H,D,4.0,3.8,1.85,1.66,2.2
F1,2022-03-06,12:00:00,St Etienne,Metz,1,0,0.0,0.0,H,D,1.85,3.2,4.5,2.2,1.66
F1,2022-03-06,14:00:00,Bordeaux,Troyes,0,2,0.0,1.0,A,A,2.25,3.3,3.3,2.0,1.8
F1,2022-03-06,14:00:00,Nantes,Montpellier,2,0,0.0,0.0,H,D,2.1,3.1,3.75,2.1,1.72
F1,2022-03-06,14:00:00,Reims,Strasbourg,1,1,0.0,0.0,D,D,3.6,3.0,2.2,2.2,1.66
F1,2022-03-06,14:00:00,Rennes,Angers,2,0,1.0,0.0,H,H,1.4,4.5,9.5,1.8,2.0
F1,2022-03-06,16:05:00,Lille,Clermont,4,0,1.0,0.0,H,H,1.7,3.5,5.25,2.08,1.82
F1,2022-03-06,19:45:00,Marseille,Monaco,0,1,0.0,0.0,A,D,2.3,3.2,3.3,1.97,1.93
F1,2022-03-11,20:00:00,Lille,St Etienne,0,0,0.0,0.0,D,D,1.66,3.75,5.5,2.0,1.9
F1,2022-03-12,16:00:00,Montpellier,Nice,0,0,0.0,0.0,D,D,3.0,3.5,2.3,2.04,1.86
F1,2022-03-12,20:00:00,Troyes,Nantes,1,0,1.0,0.0,H,H,2.9,3.2,2.5,2.37,1.57
F1,2022-03-13,12:00:00,Paris SG,Bordeaux,3,0,1.0,0.0,H,H,1.14,8.5,17.0,1.36,3.2
F1,2022-03-13,14:00:00,Angers,Reims,0,1,0.0,1.0,A,A,2.3,2.9,3.6,2.62,1.5
F1,2022-03-13,14:00:00,Clermont,Lorient,0,2,0.0,0.0,A,D,2.3,2.9,3.6,2.2,1.66
F1,2022-03-13,14:00:00,Metz,Lens,0,0,0.0,0.0,D,D,3.6,3.4,2.05,2.2,1.66
F1,2022-03-13,14:00:00,Strasbourg,Monaco,1,0,1.0,0.0,H,H,2.55,3.0,3.0,2.1,1.72
F1,2022-03-13,16:05:00,Lyon,Rennes,2,4,0.0,3.0,A,A,2.05,3.6,3.4,1.72,2.1
F1,2022-03-13,19:45:00,Brest,Marseille,1,4,0.0,1.0,A,A,3.4,3.3,2.2,1.91,1.99
F1,2022-03-18,20:00:00,St Etienne,Troyes,1,1,0.0,1.0,D,A,1.9,3.5,4.2,2.2,1.66
F1,2022-03-19,16:00:00,Lens,Clermont,3,1,2.0,1.0,H,H,1.65,3.8,5.5,2.03,1.87
F1,2022-03-19,20:00:00,Nantes,Lille,0,1,0.0,1.0,A,A,3.0,2.8,2.75,2.37,1.57
F1,2022-03-20,12:00:00,Monaco,Paris SG,3,0,1.0,0.0,H,H,3.75,3.8,1.9,1.61,2.3
F1,2022-03-20,14:00:00,Angers,Brest,1,0,1.0,0.0,H,H,2.2,3.2,3.5,2.1,1.72
F1,2022-03-20,14:00:00,Bordeaux,Montpellier,0,2,0.0,2.0,A,A,2.45,3.5,2.8,1.9,2.0
F1,2022-03-20,14:00:00,Lorient,Strasbourg,0,0,0.0,0.0,D,D,3.4,3.3,2.2,2.2,1.66
F1,2022-03-20,14:00:00,Rennes,Metz,6,1,3.0,0.0,H,H,1.28,5.0,13.0,1.8,2.0
F1,2022-03-20,16:05:00,Reims,Lyon,0,0,0.0,0.0,D,D,4.33,3.6,1.83,2.03,1.87
F1,2022-03-20,19:45:00,Marseille,Nice,2,1,1.0,0.0,H,H,2.15,3.3,3.5,2.1,1.72
F1,2022-04-02,16:00:00,Nice,Rennes,1,1,0.0,0.0,D,D,3.1,3.4,2.3,2.03,1.87
F1,2022-04-02,18:00:00,Lille,Bordeaux,0,0,0.0,0.0,D,D,1.5,4.2,7.0,1.8,2.0
F1,2022-04-03,12:00:00,Strasbourg,Lens,1,0,0.0,0.0,H,D,2.1,3.4,3.5,2.1,1.72
F1,2022-04-03,14:00:00,Clermont,Nantes,2,3,0.0,1.0,A,A,2.55,3.2,2.87,2.3,1.61
F1,2022-04-03,14:00:00,Metz,Monaco,1,2,0.0,0.0,A,D,6.0,4.0,1.57,2.04,1.86
F1,2022-04-03,14:00:00,Montpellier,Brest,1,2,0.0,0.0,A,D,2.0,3.5,3.5,1.8,2.0
F1,2022-04-03,14:00:00,St Etienne,Marseille,2,4,1.0,1.0,A,D,3.5,3.4,2.1,2.1,1.72
F1,2022-04-03,14:00:00,Troyes,Reims,1,0,0.0,0.0,H,D,2.45,3.1,3.1,2.62,1.5
F1,2022-04-03,16:05:00,Lyon,Angers,3,2,1.0,0.0,H,H,1.4,4.75,8.0,1.72,2.1
F1,2022-04-03,19:45:00,Paris SG,Lorient,5,1,2.0,0.0,H,H,1.18,7.5,13.0,1.36,3.2
F1,2022-04-08,20:00:00,Lorient,St Etienne,6,2,2.0,2.0,H,D,2.15,3.1,3.8,2.5,1.53
F1,2022-04-09,16:00:00,Reims,Rennes,2,3,0.0,2.0,A,A,4.5,3.5,1.8,2.1,1.72
F1,2022-04-09,20:00:00,Clermont,Paris SG,1,6,1.0,2.0,A,A,8.5,5.5,1.33,1.53,2.5
F1,2022-04-10,12:00:00,Bordeaux,Metz,3,1,0.0,1.0,H,A,1.9,3.5,4.2,2.1,1.72
F1,2022-04-10,14:00:00,Angers,Lille,1,1,0.0,0.0,D,D,3.3,3.2,2.3,2.3,1.61
F1,2022-04-10,14:00:00,Brest,Nantes,1,1,0.0,1.0,D,A,2.6,3.2,2.87,2.2,1.66
F1,2022-04-10,14:00:00,Monaco,Troyes,2,1,1.0,1.0,H,D,1.33,5.25,9.0,1.72,2.1
F1,2022-04-10,16:05:00,Lens,Nice,3,0,0.0,0.0,H,D,2.3,3.4,3.1,2.07,1.83
F1,2022-04-10,18:00:00,Strasbourg,Lyon,1,1,1.0,0.0,D,H,2.5,3.3,2.87,1.9,2.0
F1,2022-04-10,20:00:00,Marseille,Montpellier,2,0,2.0,0.0,H,H,1.5,4.5,6.25,1.72,2.1
F1,2022-04-15,20:00:00,Rennes,Monaco,2,3,1.0,1.0,A,D,2.1,3.5,3.6,1.87,2.03
F1,2022-04-16,16:00:00,St Etienne,Brest,2,1,2.0,1.0,H,H,2.2,3.3,3.5,2.1,1.72
F1,2022-04-16,20:00:00,Lille,Lens,1,2,1.0,2.0,A,A,2.05,3.4,3.75,2.06,1.84
F1,2022-04-17,12:00:00,Nice,Lorient,2,1,0.0,0.0,H,D,1.75,3.75,4.75,2.1,1.72
F1,2022-04-17,14:00:00,Metz,Clermont,1,1,1.0,1.0,D,D,2.8,3.1,2.7,2.2,1.66
F1,2022-04-17,14:00:00,Montpellier,Reims,0,0,0.0,0.0,D,D,2.25,3.1,3.5,2.2,1.66
F1,2022-04-17,14:00:00,Nantes,Angers,1,1,0.0,1.0,D,A,1.95,3.4,4.2,2.2,1.66
F1,2022-04-17,14:00:00,Troyes,Strasbourg,1,1,0.0,0.0,D,D,3.75,3.3,2.1,2.2,1.66
F1,2022-04-17,16:05:00,Lyon,Bordeaux,6,1,3.0,0.0,H,H,1.28,6.0,9.5,1.44,2.75
F1,2022-04-17,19:45:00,Paris SG,Marseille,2,1,2.0,1.0,H,H,1.36,5.5,7.5,1.44,2.75
F1,2022-04-20,18:00:00,Bordeaux,St Etienne,2,2,2.0,1.0,D,H,2.3,3.25,3.1,1.91,1.99
F1,2022-04-20,18:00:00,Lorient,Metz,1,0,0.0,0.0,H,D,1.75,3.5,5.0,2.1,1.72
F1,2022-04-20,18:00:00,Monaco,Nice,1,0,1.0,0.0,H,H,1.83,3.5,4.33,1.84,2.06
F1,2022-04-20,18:00:00,Reims,Lille,2,1,1.0,0.0,H,H,3.7,3.1,2.15,2.5,1.53
F1,2022-04-20,18:00:00,Troyes,Clermont,0,1,0.0,0.0,A,D,2.3,3.25,3.3,2.2,1.66
F1,2022-04-20,20:00:00,Angers,Paris SG,0,3,0.0,2.0,A,A,7.5,5.5,1.36,1.57,2.37
F1,2022-04-20,20:00:00,Brest,Lyon,2,1,1.0,0.0,H,H,4.0,4.33,1.75,1.66,2.2
F1,2022-04-20,20:00:00,Lens,Montpellier,2,0,1.0,0.0,H,H,1.75,3.6,5.0,1.72,2.1
F1,2022-04-20,20:00:00,Marseille,Nantes,3,2,1.0,2.0,H,A,1.61,4.0,5.5,1.97,1.93
F1,2022-04-20,20:00:00,Strasbourg,Rennes,2,1,1.0,0.0,H,H,2.55,3.5,2.7,1.96,1.94
F1,2022-04-23,16:00:00,Lyon,Montpellier,5,2,2.0,2.0,H,D,1.33,5.5,8.5,1.44,2.75
F1,2022-04-23,18:00:00,St Etienne,Monaco,1,4,1.0,2.0,A,A,4.2,3.8,1.83,1.85,2.05
F1,2022-04-23,20:00:00,Paris SG,Lens,1,1,0.0,0.0,D,D,1.3,6.0,8.5,1.44,2.75
F1,2022-04-24,12:00:00,Rennes,Lorient,5,0,2.0,0.0,H,H,1.45,4.75,6.5,1.66,2.2
F1,2022-04-24,14:00:00,Clermont,Angers,2,2,0.0,2.0,D,A,2.3,3.3,3.2,2.1,1.72
F1,2022-04-24,14:00:00,Metz,Brest,0,1,0.0,1.0,A,A,2.87,3.2,2.55,2.2,1.66
F1,2022-04-24,14:00:00,Nantes,Bordeaux,5,3,0.0,2.0,H,A,1.75,3.75,4.75,1.96,1.94
F1,2022-04-24,14:00:00,Nice,Troyes,1,0,0.0,0.0,H,D,1.61,4.0,5.5,2.02,1.88
F1,2022-04-24,16:05:00,Lille,Strasbourg,1,0,0.0,0.0,H,D,2.25,3.3,3.3,2.2,1.66
F1,2022-04-24,19:45:00,Reims,Marseille,0,1,0.0,0.0,A,D,3.8,3.3,2.05,2.2,1.66
F1,2022-04-29,20:00:00,Strasbourg,Paris SG,3,3,1.0,1.0,D,D,3.75,3.8,1.9,1.66,2.2
F1,2022-04-30,16:00:00,Lens,Nantes,2,2,0.0,2.0,D,A,1.65,3.8,5.5,1.86,2.04
F1,2022-04-30,20:00:00,Rennes,St Etienne,2,0,1.0,0.0,H,H,1.33,5.5,8.0,1.5,2.62
F1,2022-05-01,12:00:00,Troyes,Lille,3,0,1.0,0.0,H,H,3.6,3.25,2.15,2.2,1.66
F1,2022-05-01,14:00:00,Brest,Clermont,2,0,0.0,0.0,H,D,2.3,3.4,3.1,1.99,1.91
F1,2022-05-01,14:00:00,Lorient,Reims,1,2,1.0,1.0,A,D,2.25,3.2,3.4,2.3,1.61
F1,2022-05-01,14:00:00,Monaco,Angers,2,0,1.0,0.0,H,H,1.4,4.75,8.0,1.66,2.2
F1,2022-05-01,14:00:00,Montpellier,Metz,2,2,0.0,1.0,D,A,1.72,3.6,5.0,1.87,2.03
F1,2022-05-01,16:05:00,Bordeaux,Nice,0,1,0.0,0.0,A,D,3.75,3.6,1.95,1.72,2.1
F1,2022-05-01,19:45:00,Marseille,Lyon,0,3,0.0,0.0,A,D,2.25,3.5,3.0,1.61,2.3
F1,2022-05-06,20:00:00,Lille,Monaco,1,2,0.0,1.0,A,A,3.75,3.6,1.95,1.8,2.0
F1,2022-05-07,16:00:00,Brest,Strasbourg,0,1,0.0,0.0,A,D,5.0,3.8,1.7,1.93,1.97
F1,2022-05-08,12:00:00,Metz,Lyon,3,2,2.0,1.0,H,H,7.0,5.0,1.4,1.53,2.5
F1,2022-05-08,14:00:00,Angers,Bordeaux,4,1,2.0,0.0,H,H,2.1,3.5,3.4,2.01,1.89
F1,2022-05-08,14:00:00,Clermont,Montpellier,2,1,1.0,1.0,H,D,1.9,3.8,3.8,1.72,2.1
F1,2022-05-08,14:00:00,Reims,Lens,1,2,1.0,0.0,A,H,3.3,3.3,2.25,2.06,1.84
F1,2022-05-08,16:05:00,Lorient,Marseille,0,3,0.0,1.0,A,A,3.8,3.8,1.85,1.85,2.05
F1,2022-05-08,19:45:00,Paris SG,Troyes,2,2,2.0,1.0,D,H,1.16,7.0,17.0,1.4,3.0
F1,2022-05-11,18:00:00,Nice,St Etienne,4,2,0.0,2.0,H,A,1.57,4.0,5.75,1.86,2.04
F1,2022-05-11,20:00:00,Nantes,Rennes,2,1,1.0,1.0,H,D,4.75,4.0,1.66,1.72,2.1
F1,2022-05-14,20:00:00,Bordeaux,Lorient,0,0,0.0,0.0,D,D,2.4,3.6,2.8,1.66,2.2
F1,2022-05-14,20:00:00,Lyon,Nantes,3,2,1.0,0.0,H,H,1.44,5.25,5.75,1.36,3.2
F1,2022-05-14,20:00:00,Metz,Angers,1,0,0.0,0.0,H,D,1.9,3.8,3.75,1.87,2.03
F1,2022-05-14,20:00:00,Monaco,Brest,4,2,1.0,2.0,H,A,1.25,6.5,10.0,1.44,2.75
F1,2022-05-14,20:00:00,Montpellier,Paris SG,0,4,0.0,3.0,A,A,7.5,5.5,1.36,1.33,3.4
F1,2022-05-14,20:00:00,Nice,Lille,1,3,1.0,0.0,A,H,1.72,4.0,4.5,1.72,2.1
F1,2022-05-14,20:00:00,Rennes,Marseille,2,0,2.0,0.0,H,H,2.0,3.6,3.6,1.66,2.2
F1,2022-05-14,20:00:00,St Etienne,Reims,1,2,1.0,1.0,A,D,1.72,4.0,4.5,1.8,2.1
F1,2022-05-14,20:00:00,Strasbourg,Clermont,1,0,1.0,0.0,H,H,1.45,4.75,6.5,1.66,2.2
F1,2022-05-14,20:00:00,Troyes,Lens,1,3,1.0,2.0,A,A,3.4,3.6,2.1,1.72,2.1
F1,2022-05-21,20:00:00,Angers,Montpellier,2,0,1.0,0.0,H,H,2.0,3.75,3.5,1.61,2.3
F1,2022-05-21,20:00:00,Brest,Bordeaux,2,4,2.0,2.0,A,D,1.9,4.0,3.5,1.5,2.62
F1,2022-05-21,20:00:00,Clermont,Lyon,1,2,0.0,1.0,A,A,4.0,4.0,1.8,1.44,2.75
F1,2022-05-21,20:00:00,Lens,Monaco,2,2,1.0,1.0,D,D,3.3,4.0,2.0,1.57,2.37
F1,2022-05-21,20:00:00,Lille,Rennes,2,2,1.0,1.0,D,D,4.33,3.75,1.8,1.61,2.3
F1,2022-05-21,20:00:00,Lorient,Troyes,1,1,0.0,1.0,D,A,2.15,3.5,3.4,1.72,2.1
F1,2022-05-21,20:00:00,Marseille,Strasbourg,4,0,1.0,0.0,H,H,2.05,3.6,3.6,1.72,2.1
F1,2022-05-21,20:00:00,Nantes,St Etienne,1,1,1.0,0.0,D,H,2.6,3.5,2.62,1.61,2.3
F1,2022-05-21,20:00:00,Paris SG,Metz,5,0,3.0,0.0,H,H,1.2,8.5,10.0,1.22,4.33
F1,2022-05-21,20:00:00,Reims,Nice,2,3,2.0,0.0,A,H,4.0,3.75,1.85,1.66,2.2
F2,2021-07-24,14:00:00,Bastia,Nimes,1,1,0.0,1.0,D,A,3.0,3.2,2.4,2.25,1.61
F2,2021-07-24,18:00:00,Amiens,Auxerre,1,2,1.0,0.0,A,H,2.7,3.1,2.8,2.4,1.53
F2,2021-07-24,18:00:00,Caen,Rodez,4,0,3.0,0.0,H,H,2.37,3.1,3.1,2.5,1.5
F2,2021-07-24,18:00:00,Dunkerque,Quevilly Rouen,1,1,1.0,1.0,D,D,2.2,3.2,3.4,2.35,1.57
F2,2021-07-24,18:00:00,Grenoble,Paris FC,0,4,0.0,1.0,A,A,2.7,3.1,2.75,2.4,1.53
F2,2021-07-24,18:00:00,Le Havre,Guingamp,0,0,0.0,0.0,D,D,2.4,3.2,3.0,2.35,1.57
F2,2021-07-24,18:00:00,Pau FC,Nancy,2,1,1.0,0.0,H,H,2.5,3.0,3.0,2.5,1.5
F2,2021-07-24,18:00:00,Toulouse,Ajaccio,2,2,1.0,1.0,D,D,2.0,3.1,4.2,2.2,1.65
F2,2021-07-24,18:00:00,Valenciennes,Niort,0,0,0.0,0.0,D,D,2.15,3.0,3.75,2.25,1.61
F2,2021-07-26,19:45:00,Dijon,Sochaux,1,3,0.0,0.0,A,D,2.15,3.4,3.25,2.15,1.66
F2,2021-07-31,14:00:00,Nimes,Dijon,2,1,1.0,0.0,H,H,2.0,3.4,3.8,2.05,1.75
F2,2021-07-31,18:00:00,Ajaccio,Amiens,3,1,2.0,0.0,H,H,1.9,3.25,4.2,2.25,1.61
F2,2021-07-31,18:00:00,Guingamp,Valenciennes,1,1,0.0,0.0,D,D,1.85,3.4,4.5,2.2,1.65
F2,2021-07-31,18:00:00,Nancy,Toulouse,0,4,0.0,3.0,A,A,3.6,3.4,2.05,1.95,1.85
F2,2021-07-31,18:00:00,Niort,Caen,0,1,0.0,0.0,A,D,2.6,3.2,2.7,2.07,1.72
F2,2021-07-31,18:00:00,Paris FC,Dunkerque,2,1,1.0,1.0,H,D,1.61,3.75,6.0,2.15,1.66
F2,2021-07-31,18:00:00,Rodez,Pau FC,1,0,1.0,0.0,H,H,2.5,3.2,2.9,2.15,1.66
F2,2021-07-31,18:00:00,Sochaux,Le Havre,0,2,0.0,2.0,A,A,2.25,3.3,3.2,2.35,1.57
F2,2021-08-02,19:45:00,Auxerre,Grenoble,3,0,2.0,0.0,H,H,1.95,3.4,3.8,2.07,1.72
F2,2021-08-07,14:00:00,Caen,Sochaux,1,2,0.0,0.0,A,D,2.5,3.1,3.0,2.4,1.53
F2,2021-08-07,18:00:00,Amiens,Quevilly Rouen,1,3,1.0,2.0,A,A,2.0,3.4,3.75,2.35,1.57
F2,2021-08-07,18:00:00,Auxerre,Ajaccio,0,0,0.0,0.0,D,D,2.25,3.1,3.4,2.1,1.7
F2,2021-08-07,18:00:00,Dijon,Rodez,1,1,0.0,0.0,D,D,2.25,3.2,3.2,2.25,1.61
F2,2021-08-07,18:00:00,Dunkerque,Niort,1,2,1.0,1.0,A,D,2.37,3.1,3.1,2.15,1.66
F2,2021-08-07,18:00:00,Grenoble,Guingamp,0,0,0.0,0.0,D,D,2.5,3.2,2.87,2.05,1.75
F2,2021-08-07,18:00:00,Le Havre,Paris FC,1,2,0.0,1.0,A,A,3.0,3.3,2.35,2.15,1.66
F2,2021-08-07,18:00:00,Pau FC,Toulouse,0,1,0.0,1.0,A,A,4.2,3.1,2.0,2.0,1.85
F2,2021-08-07,18:00:00,Valenciennes,Nimes,0,3,0.0,0.0,A,D,2.6,3.1,2.8,2.1,1.7
F2,2021-08-11,18:00:00,Bastia,Nancy,1,1,1.0,0.0,D,H,2.15,3.3,3.4,2.25,1.61
F2,2021-08-14,14:00:00,Toulouse,Bastia,1,0,1.0,0.0,H,H,,,,,
F2,2021-08-14,18:00:00,Guingamp,Amiens,0,2,0.0,1.0,A,A,1.85,3.3,4.33,2.4,1.53
F2,2021-08-14,18:00:00,Nancy,Valenciennes,0,1,0.0,0.0,A,D,2.2,3.25,3.3,2.07,1.72
F2,2021-08-14,18:00:00,Nimes,Pau FC,0,0,0.0,0.0,D,D,1.85,3.4,4.5,2.15,1.66
F2,2021-08-14,18:00:00,Niort,Grenoble,1,0,1.0,0.0,H,H,2.37,3.3,3.0,2.2,1.65
F2,2021-08-14,18:00:00,Quevilly Rouen,Dijon,2,1,1.0,0.0,H,H,2.7,3.2,2.4,2.15,1.66
F2,2021-08-14,18:00:00,Rodez,Le Havre,0,0,0.0,0.0,D,D,2.9,3.1,2.5,2.25,1.61
F2,2021-08-14,18:00:00,Sochaux,Dunkerque,1,0,1.0,0.0,H,H,1.65,3.6,6.0,2.25,1.61
F2,2021-08-16,19:45:00,Paris FC,Auxerre,1,1,0.0,0.0,D,D,,,,,
F2,2021-08-18,18:00:00,Quevilly Rouen,Bastia,1,2,0.0,1.0,A,A,3.0,3.1,2.45,2.2,1.65
F2,2021-08-21,14:00:00,Dijon,Toulouse,2,4,1.0,1.0,A,D,4.0,3.5,1.9,2.05,1.75
F2,2021-08-21,18:00:00,Amiens,Sochaux,0,0,0.0,0.0,D,D,3.0,3.2,2.45,2.35,1.57
F2,2021-08-21,18:00:00,Caen,Nancy,1,0,1.0,0.0,H,H,2.1,3.2,3.6,2.15,1.66
F2,2021-08-21,18:00:00,Dunkerque,Nimes,0,2,0.0,0.0,A,D,3.3,3.1,2.25,2.35,1.57
F2,2021-08-21,18:00:00,Grenoble,Quevilly Rouen,2,0,1.0,0.0,H,H,2.05,3.3,3.6,2.1,1.7
F2,2021-08-21,18:00:00,Le Havre,Niort,2,1,1.0,0.0,H,H,2.0,3.4,3.8,2.15,1.66
F2,2021-08-21,18:00:00,Pau FC,Bastia,2,0,1.0,0.0,H,H,2.37,3.1,3.1,2.15,1.66
F2,2021-08-21,18:00:00,Valenciennes,Rodez,1,4,1.0,1.0,A,D,2.4,3.2,3.0,2.15,1.66
F2,2021-08-23,19:45:00,Auxerre,Guingamp,1,2,0.0,1.0,A,A,2.0,3.4,3.75,2.1,1.7
F2,2021-08-25,18:00:00,Ajaccio,Caen,2,0,1.0,0.0,H,H,2.3,3.1,3.2,2.4,1.53
F2,2021-08-28,14:00:00,Nimes,Caen,0,0,0.0,0.0,D,D,2.0,3.4,3.8,2.25,1.61
F2,2021-08-28,14:00:00,Toulouse,Valenciennes,1,0,1.0,0.0,H,H,1.45,4.33,7.5,1.65,2.2
F2,2021-08-28,18:00:00,Bastia,Le Havre,0,0,0.0,0.0,D,D,2.25,3.2,3.25,2.15,1.66
F2,2021-08-28,18:00:00,Guingamp,Ajaccio,1,1,0.0,1.0,D,A,2.37,3.1,3.1,2.35,1.57
F2,2021-08-28,18:00:00,Nancy,Auxerre,1,4,0.0,2.0,A,A,3.3,3.3,2.15,1.85,1.95
F2,2021-08-28,18:00:00,Niort,Amiens,0,0,0.0,0.0,D,D,2.55,3.1,2.9,2.35,1.57
F2,2021-08-28,18:00:00,Pau FC,Dijon,2,0,1.0,0.0,H,H,2.05,3.3,3.6,2.15,1.66
F2,2021-08-28,18:00:00,Quevilly Rouen,Paris FC,0,1,0.0,0.0,A,D,4.0,3.4,1.9,1.95,1.85
F2,2021-08-28,18:00:00,Rodez,Dunkerque,2,2,0.0,1.0,D,A,2.0,3.3,3.8,2.4,1.53
F2,2021-08-28,18:00:00,Sochaux,Grenoble,1,0,1.0,0.0,H,H,1.8,3.5,4.5,2.2,1.65
F2,2021-09-11,14:00:00,Paris FC,Guingamp,0,1,0.0,1.0,A,A,1.8,3.4,4.75,2.15,1.66
F2,2021-09-11,18:00:00,Ajaccio,Sochaux,1,0,0.0,0.0,H,D,2.55,3.0,3.0,2.6,1.47
F2,2021-09-11,18:00:00,Amiens,Rodez,0,1,0.0,1.0,A,A,2.5,2.9,3.1,2.6,1.47
F2,2021-09-11,18:00:00,Auxerre,Niort,4,0,1.0,0.0,H,H,1.65,3.75,5.5,2.05,1.75
F2,2021-09-11,18:00:00,Caen,Pau FC,1,2,1.0,1.0,A,D,2.15,3.1,3.5,2.4,1.53
F2,2021-09-11,18:00:00,Dijon,Bastia,2,1,0.0,0.0,H,D,2.7,3.0,2.8,2.3,1.6
F2,2021-09-11,18:00:00,Dunkerque,Nancy,0,0,0.0,0.0,D,D,2.3,3.1,3.25,2.25,1.61
F2,2021-09-11,18:00:00,Grenoble,Nimes,2,1,0.0,1.0,H,A,3.1,3.1,2.45,2.3,1.6
F2,2021-09-11,18:00:00,Valenciennes,Quevilly Rouen,1,2,1.0,0.0,A,H,2.0,3.2,4.0,2.1,1.7
F2,2021-09-13,19:45:00,Le Havre,Toulouse,1,1,0.0,1.0,D,A,3.8,3.2,2.05,2.2,1.65
F2,2021-09-14,18:00:00,Ajaccio,Paris FC,1,0,0.0,0.0,H,D,3.1,3.1,2.37,2.3,1.6
F2,2021-09-18,14:00:00,Sochaux,Paris FC,2,0,1.0,0.0,H,H,2.45,3.2,3.0,2.25,1.61
F2,2021-09-18,14:00:00,Toulouse,Grenoble,4,1,2.0,0.0,H,H,1.61,3.75,5.75,1.95,1.85
F2,2021-09-18,18:00:00,Bastia,Caen,1,1,1.0,0.0,D,H,2.25,3.1,3.3,2.25,1.61
F2,2021-09-18,18:00:00,Dijon,Dunkerque,2,0,0.0,0.0,H,D,2.05,3.25,3.75,2.0,1.8
F2,2021-09-18,18:00:00,Nancy,Le Havre,1,1,0.0,0.0,D,D,2.75,3.3,2.55,2.05,1.75
F2,2021-09-18,18:00:00,Nimes,Amiens,3,3,2.0,0.0,D,H,1.9,3.3,4.2,2.25,1.61
F2,2021-09-18,18:00:00,Niort,Guingamp,2,0,1.0,0.0,H,H,2.7,3.1,2.7,2.35,1.57
F2,2021-09-18,18:00:00,Pau FC,Valenciennes,1,1,1.0,1.0,D,D,2.0,3.2,4.0,2.1,1.7
F2,2021-09-18,18:00:00,Quevilly Rouen,Auxerre,0,0,0.0,0.0,D,D,3.8,3.5,1.95,1.8,2.0
F2,2021-09-18,18:00:00,Rodez,Ajaccio,0,2,0.0,1.0,A,A,2.45,3.2,2.9,2.5,1.5
F2,2021-09-21,19:00:00,Ajaccio,Niort,0,0,0.0,0.0,D,D,1.7,3.5,5.25,2.3,1.6
F2,2021-09-21,19:00:00,Amiens,Pau FC,2,2,1.0,1.0,D,D,2.37,3.1,3.1,2.6,1.47
F2,2021-09-21,19:00:00,Auxerre,Rodez,1,0,1.0,0.0,H,H,1.85,3.5,4.2,2.05,1.75
F2,2021-09-21,19:00:00,Caen,Dijon,0,1,0.0,1.0,A,A,2.05,3.3,3.6,2.05,1.75
F2,2021-09-21,19:00:00,Dunkerque,Toulouse,0,2,0.0,1.0,A,A,5.25,3.75,1.66,2.05,1.75
F2,2021-09-21,19:00:00,Grenoble,Nancy,4,1,1.0,1.0,H,D,2.0,3.3,3.75,2.0,1.8
F2,2021-09-21,19:00:00,Guingamp,Sochaux,1,2,1.0,0.0,A,H,3.1,3.1,2.3,2.7,1.44
F2,2021-09-21,19:00:00,Le Havre,Quevilly Rouen,1,0,1.0,0.0,H,H,2.0,3.5,3.75,2.05,1.75
F2,2021-09-21,19:00:00,Paris FC,Nimes,2,0,0.0,0.0,H,D,1.95,3.4,4.0,2.07,1.72
F2,2021-09-21,19:00:00,Valenciennes,Bastia,2,1,1.0,1.0,H,D,2.8,3.2,2.5,2.05,1.75
F2,2021-09-24,20:00:00,Dijon,Valenciennes,0,1,0.0,1.0,A,A,1.75,4.0,4.5,2.0,1.8
F2,2021-09-24,20:00:00,Nancy,Amiens,1,1,0.0,1.0,D,A,2.55,3.3,2.55,2.15,1.66
F2,2021-09-24,20:00:00,Nimes,Le Havre,0,1,0.0,0.0,A,D,2.0,3.2,4.2,2.07,1.72
F2,2021-09-24,20:00:00,Niort,Paris FC,4,1,2.0,0.0,H,H,3.75,2.87,2.1,2.2,1.65
F2,2021-09-24,20:00:00,Pau FC,Dunkerque,1,2,0.0,2.0,A,A,1.75,3.4,4.75,2.25,1.61
F2,2021-09-24,20:00:00,Quevilly Rouen,Guingamp,2,2,2.0,2.0,D,D,2.6,3.0,2.8,2.25,1.61
F2,2021-09-24,20:00:00,Rodez,Grenoble,1,1,0.0,1.0,D,A,2.05,3.0,4.0,2.4,1.53
F2,2021-09-24,20:00:00,Sochaux,Auxerre,0,0,0.0,0.0,D,D,2.45,3.0,3.2,2.15,1.66
F2,2021-09-25,14:00:00,Bastia,Ajaccio,2,0,0.0,0.0,H,D,2.62,3.0,2.62,2.35,1.57
F2,2021-09-27,19:45:00,Toulouse,Caen,2,3,2.0,3.0,A,A,1.53,4.0,6.0,2.05,1.8
F2,2021-10-02,14:00:00,Amiens,Toulouse,0,0,0.0,0.0,D,D,4.5,3.5,1.8,2.15,1.66
F2,2021-10-02,14:00:00,Auxerre,Nimes,2,2,1.0,0.0,D,H,1.72,3.6,4.33,2.1,1.7
F2,2021-10-02,18:00:00,Ajaccio,Quevilly Rouen,0,1,0.0,0.0,A,D,1.66,3.5,4.5,2.25,1.61
F2,2021-10-02,18:00:00,Caen,Valenciennes,1,2,0.0,2.0,A,A,2.0,3.3,3.6,2.15,1.66
F2,2021-10-02,18:00:00,Dunkerque,Bastia,2,0,0.0,0.0,H,D,3.1,2.8,2.4,2.4,1.53
F2,2021-10-02,18:00:00,Grenoble,Pau FC,2,0,2.0,0.0,H,H,2.3,3.2,3.0,2.1,1.7
F2,2021-10-02,18:00:00,Guingamp,Rodez,2,1,1.0,1.0,H,D,2.3,3.0,3.0,2.5,1.5
F2,2021-10-02,18:00:00,Le Havre,Dijon,2,0,1.0,0.0,H,H,2.3,3.25,2.87,2.35,1.57
F2,2021-10-02,18:00:00,Paris FC,Nancy,1,1,1.0,0.0,D,H,1.66,3.75,4.75,2.05,1.75
F2,2021-10-02,18:00:00,Sochaux,Niort,1,0,0.0,0.0,H,D,1.66,3.5,4.75,2.25,1.61
F2,2021-10-16,14:00:00,Toulouse,Auxerre,6,0,3.0,0.0,H,H,2.05,3.3,3.6,1.93,1.93
F2,2021-10-16,18:00:00,Bastia,Grenoble,0,0,0.0,0.0,D,D,2.0,3.1,4.33,2.5,1.5
F2,2021-10-16,18:00:00,Caen,Le Havre,2,2,1.0,1.0,D,D,2.45,2.9,3.2,2.3,1.6
F2,2021-10-16,18:00:00,Dijon,Amiens,1,0,0.0,0.0,H,D,2.05,3.3,3.6,2.3,1.6
F2,2021-10-16,18:00:00,Nancy,Guingamp,2,1,0.0,1.0,H,A,2.6,3.1,2.8,2.2,1.65
F2,2021-10-16,18:00:00,Pau FC,Paris FC,1,0,1.0,0.0,H,H,2.87,3.25,2.5,2.15,1.66
F2,2021-10-16,18:00:00,Quevilly Rouen,Niort,0,3,0.0,2.0,A,A,2.15,3.0,3.75,2.25,1.61
F2,2021-10-16,18:00:00,Rodez,Sochaux,0,1,0.0,0.0,A,D,3.2,3.0,2.37,2.87,1.4
F2,2021-10-16,18:00:00,Valenciennes,Dunkerque,1,3,0.0,2.0,A,A,2.05,3.3,3.8,2.25,1.61
F2,2021-10-18,19:45:00,Nimes,Ajaccio,0,2,0.0,2.0,A,A,2.2,3.1,3.5,2.6,1.47
F2,2021-10-23,14:00:00,Paris FC,Toulouse,2,2,2.0,0.0,D,H,3.25,3.2,2.3,2.05,1.75
F2,2021-10-23,18:00:00,Ajaccio,Nancy,2,0,1.0,0.0,H,H,1.8,3.3,4.5,2.15,1.66
F2,2021-10-23,18:00:00,Amiens,Valenciennes,3,0,1.0,0.0,H,H,2.15,3.0,3.6,2.3,1.6
F2,2021-10-23,18:00:00,Dunkerque,Caen,1,1,0.0,0.0,D,D,3.0,3.0,2.45,2.5,1.5
F2,2021-10-23,18:00:00,Grenoble,Dijon,1,2,1.0,0.0,A,H,2.37,3.0,3.0,2.25,1.61
F2,2021-10-23,18:00:00,Guingamp,Nimes,3,1,1.0,0.0,H,H,2.55,3.0,2.8,2.5,1.5
F2,2021-10-23,18:00:00,Le Havre,Pau FC,1,0,1.0,0.0,H,H,2.37,3.0,3.25,2.4,1.53
F2,2021-10-23,18:00:00,Niort,Rodez,0,2,0.0,1.0,A,A,2.75,2.8,2.75,2.5,1.5
F2,2021-10-23,18:00:00,Sochaux,Quevilly Rouen,1,1,0.0,1.0,D,A,1.65,3.4,5.0,2.25,1.61
F2,2021-10-25,19:45:00,Auxerre,Bastia,1,0,1.0,0.0,H,H,1.75,3.4,4.5,2.0,1.8
F2,2021-10-30,14:00:00,Toulouse,Guingamp,2,2,0.0,1.0,D,A,1.57,3.6,5.5,1.85,1.95
F2,2021-10-30,18:00:00,Bastia,Amiens,0,0,0.0,0.0,D,D,2.0,3.3,3.8,2.25,1.61
F2,2021-10-30,18:00:00,Caen,Grenoble,0,1,0.0,1.0,A,A,2.0,3.3,3.4,2.25,1.61
F2,2021-10-30,18:00:00,Dijon,Paris FC,0,1,0.0,1.0,A,A,2.4,3.0,2.87,2.15,1.66
F2,2021-10-30,18:00:00,Dunkerque,Le Havre,1,0,0.0,0.0,H,D,2.87,2.9,2.5,2.5,1.5
F2,2021-10-30,18:00:00,Nancy,Sochaux,0,0,0.0,0.0,D,D,3.25,3.1,2.15,2.35,1.57
F2,2021-10-30,18:00:00,Nimes,Niort,1,2,0.0,1.0,A,A,1.9,3.1,4.0,2.25,1.61
F2,2021-10-30,18:00:00,Pau FC,Ajaccio,1,0,0.0,0.0,H,D,2.45,3.1,2.75,2.35,1.57
F2,2021-10-30,18:00:00,Rodez,Quevilly Rouen,3,0,0.0,0.0,H,D,1.72,3.3,4.75,2.35,1.57
F2,2021-11-01,19:45:00,Valenciennes,Auxerre,1,2,0.0,0.0,A,D,3.2,3.2,2.25,2.1,1.7
F2,2021-11-06,14:00:00,Auxerre,Pau FC,4,1,1.0,0.0,H,H,1.83,3.5,4.33,2.07,1.72
F2,2021-11-06,14:00:00,Sochaux,Nimes,0,1,0.0,0.0,A,D,1.75,3.5,4.5,2.25,1.61
F2,2021-11-06,18:00:00,Ajaccio,Dijon,1,0,0.0,0.0,H,D,2.05,3.1,4.0,2.5,1.5
F2,2021-11-06,18:00:00,Amiens,Caen,0,0,0.0,0.0,D,D,2.8,2.9,2.6,,
F2,2021-11-06,18:00:00,Grenoble,Dunkerque,1,0,0.0,0.0,H,D,2.0,3.1,3.8,2.4,1.53
F2,2021-11-06,18:00:00,Guingamp,Bastia,2,3,0.0,1.0,A,A,2.25,3.1,3.25,2.25,1.61
F2,2021-11-06,18:00:00,Le Havre,Valenciennes,0,0,0.0,0.0,D,D,2.0,3.25,3.75,2.3,1.6
F2,2021-11-06,18:00:00,Niort,Nancy,1,3,0.0,1.0,A,A,2.37,3.1,3.0,2.15,1.66
F2,2021-11-06,18:00:00,Paris FC,Rodez,1,0,1.0,0.0,H,H,1.9,3.2,4.33,2.35,1.57
F2,2021-11-06,18:00:00,Quevilly Rouen,Toulouse,0,0,0.0,0.0,D,D,5.5,3.6,1.65,2.05,1.75
F2,2021-11-20,14:00:00,Toulouse,Sochaux,4,1,1.0,1.0,H,D,1.75,3.75,4.5,2.15,1.66
F2,2021-11-20,18:00:00,Bastia,Niort,2,0,2.0,0.0,H,H,1.85,3.4,4.5,2.2,1.65
F2,2021-11-20,18:00:00,Caen,Paris FC,0,1,0.0,0.0,A,D,2.7,3.1,2.8,2.25,1.61
F2,2021-11-20,18:00:00,Dunkerque,Ajaccio,0,1,0.0,0.0,A,D,3.6,3.0,2.25,2.5,1.5
F2,2021-11-20,18:00:00,Le Havre,Amiens,1,1,1.0,0.0,D,H,2.0,3.25,3.8,2.4,1.53
F2,2021-11-20,18:00:00,Nancy,Rodez,0,2,0.0,2.0,A,A,2.7,3.1,2.75,2.4,1.53
F2,2021-11-20,18:00:00,Nimes,Quevilly Rouen,2,1,1.0,1.0,H,D,2.0,3.25,4.2,2.15,1.66
F2,2021-11-20,18:00:00,Pau FC,Guingamp,2,0,1.0,0.0,H,H,2.2,3.2,3.5,2.25,1.61
F2,2021-11-20,18:00:00,Valenciennes,Grenoble,1,0,1.0,0.0,H,H,2.5,3.1,3.0,2.15,1.66
F2,2021-11-22,19:45:00,Dijon,Auxerre,3,1,2.0,0.0,H,H,2.7,3.2,2.6,2.15,1.66
F2,2021-12-03,20:00:00,Ajaccio,Valenciennes,0,0,0.0,0.0,D,D,1.75,3.1,5.75,2.7,1.44
F2,2021-12-03,20:00:00,Amiens,Dunkerque,3,0,1.0,0.0,H,H,2.05,3.0,4.0,2.7,1.44
F2,2021-12-03,20:00:00,Grenoble,Le Havre,1,2,0.0,1.0,A,A,2.6,2.9,3.0,2.87,1.4
F2,2021-12-03,20:00:00,Guingamp,Dijon,3,2,0.0,1.0,H,A,2.37,3.2,3.0,2.25,1.61
F2,2021-12-03,20:00:00,Paris FC,Bastia,1,0,0.0,0.0,H,D,2.2,3.0,3.6,2.4,1.53
F2,2021-12-03,20:00:00,Quevilly Rouen,Nancy,2,1,1.0,1.0,H,D,2.8,3.0,2.7,2.6,1.47
F2,2021-12-03,20:00:00,Rodez,Nimes,1,0,1.0,0.0,H,H,2.2,3.1,3.5,2.4,1.53
F2,2021-12-03,20:00:00,Sochaux,Pau FC,2,1,0.0,0.0,H,D,2.0,3.1,4.0,2.5,1.5
F2,2021-12-04,14:00:00,Auxerre,Caen,2,2,1.0,1.0,D,D,1.75,3.4,5.0,2.15,1.66
F2,2021-12-06,19:45:00,Niort,Toulouse,2,1,0.0,0.0,H,D,4.75,3.5,1.72,2.15,1.66
F2,2021-12-11,14:00:00,Le Havre,Ajaccio,0,1,0.0,0.0,A,D,3.4,2.9,2.37,3.1,1.36
F2,2021-12-11,18:00:00,Amiens,Grenoble,4,1,2.0,0.0,H,H,2.25,3.1,3.3,2.7,1.44
F2,2021-12-11,18:00:00,Bastia,Sochaux,2,2,2.0,0.0,D,H,2.7,3.0,2.8,2.6,1.47
F2,2021-12-11,18:00:00,Caen,Guingamp,2,0,1.0,0.0,H,H,2.55,3.1,2.8,2.25,1.61
F2,2021-12-11,18:00:00,Dijon,Niort,2,2,0.0,2.0,D,A,1.75,3.4,4.75,2.3,1.6
F2,2021-12-11,18:00:00,Dunkerque,Auxerre,0,2,0.0,0.0,A,D,3.75,3.4,2.0,2.05,1.8
F2,2021-12-11,18:00:00,Nimes,Nancy,2,1,2.0,1.0,H,H,1.9,3.25,4.2,2.25,1.61
F2,2021-12-11,18:00:00,Pau FC,Quevilly Rouen,1,2,0.0,0.0,A,D,1.9,3.2,4.5,2.35,1.57
F2,2021-12-11,18:00:00,Valenciennes,Paris FC,1,4,0.0,3.0,A,A,3.5,3.2,2.15,2.15,1.66
F2,2021-12-13,19:45:00,Toulouse,Rodez,1,1,1.0,0.0,D,H,1.6,3.75,6.0,2.02,1.83
F2,2021-12-21,19:45:00,Ajaccio,Grenoble,1,0,0.0,0.0,H,D,1.61,3.3,5.5,2.87,1.4
F2,2021-12-21,19:45:00,Auxerre,Le Havre,2,3,1.0,2.0,A,A,1.75,3.3,4.2,2.07,1.72
F2,2021-12-21,19:45:00,Guingamp,Dunkerque,2,1,0.0,0.0,H,D,1.75,3.3,4.0,2.2,1.65
F2,2021-12-21,19:45:00,Nancy,Dijon,0,3,0.0,1.0,A,A,2.6,3.0,2.55,2.25,1.61
F2,2021-12-21,19:45:00,Nimes,Toulouse,1,2,0.0,1.0,A,A,4.0,3.5,1.75,1.9,1.95
F2,2021-12-21,19:45:00,Niort,Pau FC,3,0,0.0,0.0,H,D,2.62,3.0,2.62,2.2,1.65
F2,2021-12-21,19:45:00,Paris FC,Amiens,1,0,1.0,0.0,H,H,1.83,3.25,4.0,2.3,1.6
F2,2021-12-21,19:45:00,Quevilly Rouen,Caen,2,2,0.0,1.0,D,A,2.8,2.87,2.45,2.5,1.5
F2,2021-12-21,19:45:00,Rodez,Bastia,0,0,0.0,0.0,D,D,2.3,2.87,3.0,2.87,1.4
F2,2021-12-21,19:45:00,Sochaux,Valenciennes,1,1,0.0,1.0,D,A,1.8,3.2,4.2,2.25,1.61
F2,2022-01-08,14:00:00,Le Havre,Sochaux,0,1,0.0,0.0,A,D,2.55,3.0,2.55,2.4,1.53
F2,2022-01-08,18:00:00,Bastia,Quevilly Rouen,3,0,1.0,0.0,H,H,1.8,3.25,4.0,2.25,1.61
F2,2022-01-08,18:00:00,Dijon,Nimes,1,2,0.0,2.0,A,A,2.05,3.3,3.25,2.02,1.83
F2,2022-01-08,18:00:00,Grenoble,Auxerre,0,1,0.0,1.0,A,A,2.9,3.0,2.37,2.25,1.61
F2,2022-01-08,18:00:00,Pau FC,Rodez,4,0,0.0,0.0,H,D,1.9,3.2,3.75,2.3,1.6
F2,2022-01-08,18:00:00,Valenciennes,Guingamp,1,1,1.0,0.0,D,H,2.87,3.0,2.3,2.15,1.66
F2,2022-01-15,18:00:00,Guingamp,Grenoble,0,0,0.0,0.0,D,D,1.85,3.3,4.0,2.25,1.61
F2,2022-01-15,18:00:00,Nancy,Bastia,2,1,1.0,0.0,H,H,2.7,3.1,2.5,2.3,1.6
F2,2022-01-15,18:00:00,Rodez,Dijon,0,2,0.0,1.0,A,A,2.25,3.1,3.1,2.3,1.6
F2,2022-01-15,18:00:00,Sochaux,Caen,3,2,0.0,2.0,H,A,1.66,3.3,5.25,2.25,1.61
F2,2022-01-15,18:00:00,Toulouse,Pau FC,1,1,0.0,0.0,D,D,1.45,3.8,6.5,1.85,2.0
F2,2022-01-17,19:45:00,Paris FC,Le Havre,2,2,2.0,0.0,D,H,1.9,3.25,3.8,2.2,1.65
F2,2022-01-19,18:00:00,Amiens,Ajaccio,0,1,0.0,1.0,A,A,3.0,3.0,2.3,2.5,1.5
F2,2022-01-19,18:00:00,Toulouse,Nancy,4,0,2.0,0.0,H,H,1.36,4.75,7.0,1.53,2.4
F2,2022-01-22,18:00:00,Amiens,Guingamp,3,0,0.0,0.0,H,D,2.4,3.0,2.8,2.25,1.61
F2,2022-01-22,18:00:00,Bastia,Toulouse,0,0,0.0,0.0,D,D,3.5,3.1,2.05,2.05,1.75
F2,2022-01-22,18:00:00,Dijon,Quevilly Rouen,1,0,0.0,0.0,H,D,1.9,3.3,3.75,2.05,1.75
F2,2022-01-22,18:00:00,Dunkerque,Sochaux,0,0,0.0,0.0,D,D,3.6,3.2,1.95,2.15,1.66
F2,2022-01-22,18:00:00,Le Havre,Rodez,0,0,0.0,0.0,D,D,2.25,3.0,3.0,2.5,1.5
F2,2022-01-24,19:45:00,Caen,Ajaccio,2,0,0.0,0.0,H,D,2.62,2.9,2.62,2.5,1.5
F2,2022-01-26,18:00:00,Quevilly Rouen,Amiens,1,1,0.0,1.0,D,A,2.75,3.0,2.45,2.15,1.66
F2,2022-01-28,18:00:00,Ajaccio,Auxerre,0,0,0.0,0.0,D,D,2.25,3.1,3.0,2.4,1.53
F2,2022-01-28,18:00:00,Caen,Niort,0,2,0.0,1.0,A,A,2.0,3.0,3.8,2.4,1.53
F2,2022-01-28,18:00:00,Dunkerque,Paris FC,1,1,0.0,0.0,D,D,3.75,3.2,1.85,2.4,1.53
F2,2022-01-28,18:00:00,Nimes,Valenciennes,2,1,2.0,0.0,H,H,2.15,3.1,3.25,2.05,1.75
F2,2022-02-01,18:00:00,Auxerre,Paris FC,1,2,1.0,1.0,A,D,2.1,3.5,3.0,2.05,1.8
F2,2022-02-01,18:00:00,Niort,Dunkerque,2,0,0.0,0.0,H,D,1.85,3.4,3.5,2.35,1.57
F2,2022-02-01,18:00:00,Pau FC,Nimes,0,3,0.0,0.0,A,D,2.25,2.9,3.1,2.07,1.72
F2,2022-02-01,18:00:00,Valenciennes,Nancy,6,1,5.0,1.0,H,H,2.3,3.2,3.1,2.1,1.7
F2,2022-02-05,14:00:00,Toulouse,Dijon,4,1,2.0,1.0,H,H,1.65,4.2,4.5,1.75,2.05
F2,2022-02-05,18:00:00,Bastia,Pau FC,1,1,0.0,0.0,D,D,2.0,3.3,3.8,2.35,1.57
F2,2022-02-05,18:00:00,Guingamp,Auxerre,1,1,0.0,0.0,D,D,2.6,3.3,2.62,1.98,1.88
F2,2022-02-05,18:00:00,Nancy,Caen,1,1,0.0,0.0,D,D,2.55,3.3,2.7,2.05,1.75
F2,2022-02-05,18:00:00,Nimes,Dunkerque,0,1,0.0,0.0,A,D,1.83,3.4,4.5,2.25,1.61
F2,2022-02-05,18:00:00,Niort,Le Havre,0,0,0.0,0.0,D,D,2.5,3.2,2.87,2.25,1.61
F2,2022-02-05,18:00:00,Quevilly Rouen,Grenoble,1,0,0.0,0.0,H,D,2.5,3.1,2.9,2.4,1.53
F2,2022-02-05,18:00:00,Rodez,Valenciennes,0,0,0.0,0.0,D,D,2.1,3.2,3.75,2.35,1.57
F2,2022-02-05,18:00:00,Sochaux,Amiens,1,1,1.0,1.0,D,D,1.8,3.4,4.75,2.35,1.57
F2,2022-02-07,19:45:00,Paris FC,Ajaccio,2,0,0.0,0.0,H,D,2.3,3.1,3.2,2.6,1.47
F2,2022-02-12,14:00:00,Valenciennes,Toulouse,1,3,0.0,1.0,A,A,4.33,3.5,1.75,1.88,1.98
F2,2022-02-12,18:00:00,Ajaccio,Guingamp,0,1,0.0,0.0,A,D,2.0,3.1,3.8,2.7,1.44
F2,2022-02-12,18:00:00,Amiens,Niort,3,1,2.0,0.0,H,H,1.85,3.25,4.2,2.25,1.61
F2,2022-02-12,18:00:00,Auxerre,Nancy,1,1,1.0,1.0,D,D,1.66,3.6,4.5,2.05,1.75
F2,2022-02-12,18:00:00,Caen,Nimes,4,0,3.0,0.0,H,H,2.25,3.0,3.25,2.4,1.53
F2,2022-02-12,18:00:00,Dijon,Pau FC,0,1,0.0,0.0,A,D,1.95,3.2,3.75,2.15,1.66
F2,2022-02-12,18:00:00,Dunkerque,Rodez,2,0,2.0,0.0,H,H,3.0,2.8,2.55,2.87,1.4
F2,2022-02-12,18:00:00,Grenoble,Sochaux,1,3,1.0,1.0,A,D,3.4,3.0,2.15,2.6,1.47
F2,2022-02-12,18:00:00,Paris FC,Quevilly Rouen,3,0,2.0,0.0,H,H,1.5,3.8,6.0,2.05,1.75
F2,2022-02-14,19:45:00,Le Havre,Bastia,2,4,2.0,2.0,A,D,2.5,2.87,2.9,2.6,1.47
F2,2022-02-15,18:00:00,Grenoble,Niort,1,0,0.0,0.0,H,D,2.4,2.9,3.0,2.5,1.5
F2,2022-02-19,14:00:00,Sochaux,Ajaccio,0,1,0.0,0.0,A,D,2.2,3.0,3.4,2.7,1.44
F2,2022-02-19,18:00:00,Bastia,Dijon,0,0,0.0,0.0,D,D,2.37,3.0,2.9,2.25,1.61
F2,2022-02-19,18:00:00,Guingamp,Paris FC,1,1,0.0,0.0,D,D,2.8,3.1,2.4,2.25,1.61
F2,2022-02-19,18:00:00,Nancy,Dunkerque,2,0,1.0,0.0,H,H,2.05,3.1,3.4,2.25,1.61
F2,2022-02-19,18:00:00,Nimes,Grenoble,3,1,1.0,0.0,H,H,1.95,3.1,3.75,2.25,1.61
F2,2022-02-19,18:00:00,Niort,Auxerre,0,1,0.0,1.0,A,A,2.8,3.2,2.37,2.25,1.61
F2,2022-02-19,18:00:00,Pau FC,Caen,1,0,0.0,0.0,H,D,2.2,3.0,3.2,2.4,1.53
F2,2022-02-19,18:00:00,Quevilly Rouen,Valenciennes,1,1,1.0,1.0,D,D,2.3,3.1,2.87,2.15,1.66
F2,2022-02-19,18:00:00,Rodez,Amiens,1,1,1.0,1.0,D,D,2.5,3.0,2.75,2.5,1.5
F2,2022-02-21,19:45:00,Toulouse,Le Havre,4,0,2.0,0.0,H,H,1.57,3.6,5.75,2.0,1.85
F2,2022-02-26,14:00:00,Paris FC,Sochaux,3,1,0.0,1.0,H,A,2.55,3.0,2.87,2.7,1.44
F2,2022-02-26,18:00:00,Ajaccio,Rodez,2,1,2.0,1.0,H,H,1.75,3.1,5.5,3.1,1.36
F2,2022-02-26,18:00:00,Amiens,Nimes,3,0,1.0,0.0,H,H,2.15,3.1,3.4,2.2,1.65
F2,2022-02-26,18:00:00,Auxerre,Quevilly Rouen,1,0,1.0,0.0,H,H,1.61,3.75,5.0,2.05,1.75
F2,2022-02-26,18:00:00,Caen,Bastia,2,1,1.0,1.0,H,D,2.37,2.9,3.0,2.5,1.5
F2,2022-02-26,18:00:00,Dunkerque,Dijon,2,1,1.0,0.0,H,H,3.25,3.1,2.15,2.4,1.53
F2,2022-02-26,18:00:00,Guingamp,Niort,1,0,0.0,0.0,H,D,2.0,3.1,3.6,2.35,1.57
F2,2022-02-26,18:00:00,Le Havre,Nancy,1,0,1.0,0.0,H,H,1.85,3.2,3.8,2.4,1.53
F2,2022-02-26,18:00:00,Valenciennes,Pau FC,1,0,0.0,0.0,H,D,2.2,3.3,3.1,2.15,1.66
F2,2022-02-28,19:45:00,Grenoble,Toulouse,0,2,0.0,0.0,A,D,3.8,3.4,1.85,2.1,1.7
F2,2022-03-05,14:00:00,Nimes,Paris FC,1,1,1.0,1.0,D,D,3.0,3.2,2.4,2.2,1.65
F2,2022-03-05,18:00:00,Bastia,Valenciennes,1,1,1.0,1.0,D,D,1.95,3.1,4.75,2.25,1.61
F2,2022-03-05,18:00:00,Dijon,Caen,1,0,1.0,0.0,H,H,2.25,3.2,3.25,2.5,1.5
F2,2022-03-05,18:00:00,Nancy,Grenoble,0,1,0.0,0.0,A,D,2.15,3.1,3.75,2.4,1.53
F2,2022-03-05,18:00:00,Niort,Ajaccio,0,1,0.0,0.0,A,D,3.0,2.9,2.6,2.87,1.4
F2,2022-03-05,18:00:00,Pau FC,Amiens,2,1,0.0,1.0,H,A,2.55,3.0,3.0,2.25,1.61
F2,2022-03-05,18:00:00,Quevilly Rouen,Le Havre,0,2,0.0,1.0,A,A,3.1,2.9,2.55,2.6,1.47
F2,2022-03-05,18:00:00,Rodez,Auxerre,1,3,0.0,1.0,A,A,3.0,2.9,2.6,2.4,1.53
F2,2022-03-05,18:00:00,Sochaux,Guingamp,1,0,0.0,0.0,H,D,1.9,3.3,4.2,2.4,1.53
F2,2022-03-07,19:45:00,Toulouse,Dunkerque,2,0,1.0,0.0,H,H,1.33,4.75,11.0,1.85,2.0
F2,2022-03-12,14:00:00,Ajaccio,Bastia,0,1,0.0,1.0,A,A,2.05,3.25,3.6,3.1,1.36
F2,2022-03-12,14:00:00,Auxerre,Sochaux,3,2,2.0,1.0,H,H,2.62,3.1,2.8,2.35,1.57
F2,2022-03-12,18:00:00,Amiens,Nancy,1,0,0.0,0.0,H,D,2.05,3.4,3.6,2.15,1.66
F2,2022-03-12,18:00:00,Caen,Toulouse,4,1,2.0,0.0,H,H,4.0,3.25,1.95,2.2,1.65
F2,2022-03-12,18:00:00,Dunkerque,Pau FC,1,0,1.0,0.0,H,H,2.8,2.9,2.75,2.6,1.47
F2,2022-03-12,18:00:00,Grenoble,Rodez,0,0,0.0,0.0,D,D,2.87,2.75,2.8,3.4,1.33
F2,2022-03-12,18:00:00,Guingamp,Quevilly Rouen,1,1,1.0,1.0,D,D,1.83,3.5,4.2,2.25,1.61
F2,2022-03-12,18:00:00,Le Havre,Nimes,0,1,0.0,1.0,A,A,2.25,3.1,3.4,2.4,1.53
F2,2022-03-12,18:00:00,Paris FC,Niort,2,0,1.0,0.0,H,H,1.66,3.4,5.75,2.15,1.66
F2,2022-03-12,18:00:00,Valenciennes,Dijon,0,0,0.0,0.0,D,D,2.62,3.2,2.62,2.25,1.61
F2,2022-03-15,18:00:00,Bastia,Dunkerque,1,0,1.0,0.0,H,H,1.8,3.3,4.75,2.5,1.5
F2,2022-03-15,18:00:00,Dijon,Le Havre,2,0,0.0,0.0,H,D,2.1,3.1,3.5,2.6,1.47
F2,2022-03-15,18:00:00,Nancy,Paris FC,3,0,3.0,0.0,H,H,3.3,3.3,2.15,2.2,1.65
F2,2022-03-15,18:00:00,Nimes,Auxerre,1,2,1.0,2.0,A,A,3.1,3.2,2.37,2.1,1.7
F2,2022-03-15,18:00:00,Niort,Sochaux,1,1,0.0,1.0,D,A,3.4,3.1,2.25,2.5,1.5
F2,2022-03-15,18:00:00,Pau FC,Grenoble,0,1,0.0,1.0,A,A,2.0,3.2,3.8,2.5,1.5
F2,2022-03-15,18:00:00,Quevilly Rouen,Ajaccio,0,0,0.0,0.0,D,D,4.0,3.0,2.05,3.1,1.36
F2,2022-03-15,18:00:00,Rodez,Guingamp,1,1,0.0,1.0,D,A,3.0,2.87,2.55,2.87,1.4
F2,2022-03-15,18:00:00,Toulouse,Amiens,6,0,3.0,0.0,H,H,1.55,4.0,5.75,1.95,1.9
F2,2022-03-15,18:00:00,Valenciennes,Caen,1,1,1.0,1.0,D,D,2.62,3.2,2.62,2.3,1.6
F2,2022-03-19,14:00:00,Auxerre,Toulouse,1,2,0.0,2.0,A,A,2.8,3.1,2.4,1.95,1.9
F2,2022-03-19,14:00:00,Le Havre,Caen,2,4,0.0,1.0,A,A,2.5,2.8,2.87,2.87,1.4
F2,2022-03-19,18:00:00,Ajaccio,Nimes,1,0,0.0,0.0,H,D,1.9,3.0,4.33,2.7,1.44
F2,2022-03-19,18:00:00,Amiens,Dijon,1,1,0.0,0.0,D,D,2.5,2.9,2.9,2.4,1.53
F2,2022-03-19,18:00:00,Dunkerque,Valenciennes,1,2,0.0,1.0,A,A,2.55,2.9,2.7,2.6,1.47
F2,2022-03-19,18:00:00,Grenoble,Bastia,1,1,0.0,0.0,D,D,2.87,2.87,2.5,2.6,1.47
F2,2022-03-19,18:00:00,Guingamp,Nancy,3,1,2.0,0.0,H,H,1.85,3.2,4.0,2.4,1.53
F2,2022-03-19,18:00:00,Niort,Quevilly Rouen,2,0,1.0,0.0,H,H,1.95,3.1,3.75,2.4,1.53
F2,2022-03-19,18:00:00,Paris FC,Pau FC,1,1,0.0,0.0,D,D,1.7,3.3,4.33,2.15,1.66
F2,2022-03-19,18:00:00,Sochaux,Rodez,2,0,2.0,0.0,H,H,1.75,3.1,4.75,2.6,1.47
F2,2022-04-02,14:00:00,Toulouse,Paris FC,2,1,0.0,1.0,H,A,1.75,3.25,4.5,1.95,1.9
F2,2022-04-02,18:00:00,Bastia,Auxerre,1,1,1.0,0.0,D,H,2.6,3.0,2.62,2.25,1.61
F2,2022-04-02,18:00:00,Caen,Dunkerque,2,1,1.0,0.0,H,H,1.6,3.6,5.5,2.35,1.57
F2,2022-04-02,18:00:00,Dijon,Grenoble,1,0,0.0,0.0,H,D,1.75,3.3,4.75,2.35,1.57
F2,2022-04-02,18:00:00,Nimes,Guingamp,0,2,0.0,0.0,A,D,2.6,2.8,2.9,2.4,1.53
F2,2022-04-02,18:00:00,Pau FC,Le Havre,2,1,1.0,1.0,H,D,2.6,2.87,2.9,2.6,1.47
F2,2022-04-02,18:00:00,Quevilly Rouen,Sochaux,0,2,0.0,1.0,A,A,4.2,3.0,1.95,2.5,1.5
F2,2022-04-02,18:00:00,Rodez,Niort,1,1,1.0,1.0,D,D,2.4,2.9,3.0,2.87,1.4
F2,2022-04-02,18:00:00,Valenciennes,Amiens,0,2,0.0,2.0,A,A,2.45,3.0,2.87,2.25,1.61
F2,2022-04-04,19:45:00,Nancy,Ajaccio,0,2,0.0,0.0,A,D,3.8,2.7,2.2,2.87,1.4
F2,2022-04-09,14:00:00,Guingamp,Toulouse,2,4,2.0,2.0,A,D,3.6,3.3,1.95,2.02,1.83
F2,2022-04-09,18:00:00,Ajaccio,Pau FC,2,1,0.0,0.0,H,D,1.8,3.1,5.0,2.6,1.47
F2,2022-04-09,18:00:00,Amiens,Bastia,0,0,0.0,0.0,D,D,2.5,2.8,2.9,2.5,1.5
F2,2022-04-09,18:00:00,Auxerre,Valenciennes,1,0,1.0,0.0,H,H,1.75,3.4,4.5,2.15,1.66
F2,2022-04-09,18:00:00,Grenoble,Caen,0,2,0.0,0.0,A,D,,,,,
F2,2022-04-09,18:00:00,Le Havre,Dunkerque,2,1,1.0,0.0,H,H,1.95,3.0,4.2,2.6,1.47
F2,2022-04-09,18:00:00,Niort,Nimes,0,0,0.0,0.0,D,D,2.2,3.1,3.25,2.15,1.66
F2,2022-04-09,18:00:00,Quevilly Rouen,Rodez,2,0,2.0,0.0,H,H,2.62,2.8,2.9,2.7,1.44
F2,2022-04-09,18:00:00,Sochaux,Nancy,1,0,1.0,0.0,H,H,1.7,3.5,4.75,2.2,1.65
F2,2022-04-11,19:45:00,Paris FC,Dijon,2,2,0.0,1.0,D,A,1.9,3.4,3.8,2.25,1.61
F2,2022-04-16,14:00:00,Pau FC,Auxerre,1,4,1.0,2.0,A,A,3.1,3.2,2.25,2.07,1.72
F2,2022-04-16,14:00:00,Toulouse,Quevilly Rouen,2,0,0.0,0.0,H,D,1.25,5.0,11.0,1.7,2.1
F2,2022-04-16,18:00:00,Bastia,Guingamp,1,2,0.0,0.0,A,D,2.7,2.8,2.8,2.7,1.44
F2,2022-04-16,18:00:00,Caen,Amiens,1,1,0.0,0.0,D,D,1.9,3.3,4.0,2.25,1.61
F2,2022-04-16,18:00:00,Dijon,Ajaccio,0,3,0.0,1.0,A,A,2.9,2.9,2.55,2.6,1.47
F2,2022-04-16,18:00:00,Dunkerque,Grenoble,0,3,0.0,2.0,A,A,2.15,2.87,3.6,2.87,1.4
F2,2022-04-16,18:00:00,Nancy,Niort,0,2,0.0,0.0,A,D,2.2,3.1,3.25,2.3,1.6
F2,2022-04-16,18:00:00,Nimes,Sochaux,1,3,1.0,1.0,A,D,3.1,3.0,2.37,2.2,1.65
F2,2022-04-16,18:00:00,Rodez,Paris FC,0,1,0.0,1.0,A,A,3.2,3.1,2.25,2.4,1.53
F2,2022-04-16,18:00:00,Valenciennes,Le Havre,0,1,0.0,1.0,A,A,2.3,2.87,3.3,2.5,1.5
F2,2022-04-19,19:00:00,Ajaccio,Dunkerque,2,1,2.0,0.0,H,H,1.4,3.8,8.5,2.5,1.5
F2,2022-04-19,19:00:00,Amiens,Le Havre,0,2,0.0,0.0,A,D,2.05,3.2,3.4,2.15,1.66
F2,2022-04-19,19:00:00,Auxerre,Dijon,2,1,2.0,0.0,H,H,1.85,3.3,4.0,2.1,1.7
F2,2022-04-19,19:00:00,Grenoble,Valenciennes,3,0,1.0,0.0,H,H,2.8,2.8,2.6,2.7,1.44
F2,2022-04-19,19:00:00,Guingamp,Pau FC,3,0,2.0,0.0,H,H,1.85,3.3,4.0,2.05,1.75
F2,2022-04-19,19:00:00,Niort,Bastia,1,1,0.0,1.0,D,A,2.5,2.8,2.9,2.87,1.4
F2,2022-04-19,19:00:00,Paris FC,Caen,1,0,1.0,0.0,H,H,2.25,3.1,3.1,2.25,1.61
F2,2022-04-19,19:00:00,Quevilly Rouen,Nimes,0,1,0.0,1.0,A,A,2.45,3.0,3.0,2.3,1.6
F2,2022-04-19,19:00:00,Rodez,Nancy,1,1,0.0,0.0,D,D,2.05,3.0,3.6,2.5,1.5
F2,2022-04-19,19:00:00,Sochaux,Toulouse,1,1,1.0,0.0,D,H,3.3,3.1,2.15,2.1,1.7
F2,2022-04-22,20:00:00,Bastia,Paris FC,2,1,2.0,0.0,H,H,2.75,2.8,2.55,2.6,1.47
F2,2022-04-22,20:00:00,Dijon,Guingamp,3,3,3.0,0.0,D,H,2.6,3.1,2.6,2.1,1.7
F2,2022-04-22,20:00:00,Dunkerque,Amiens,0,0,0.0,0.0,D,D,2.6,3.0,2.6,2.3,1.6
F2,2022-04-22,20:00:00,Le Havre,Grenoble,0,1,0.0,0.0,A,D,2.0,3.1,3.75,2.6,1.47
F2,2022-04-22,20:00:00,Nancy,Quevilly Rouen,0,3,,,A,,2.15,3.1,3.2,2.15,1.66
F2,2022-04-22,20:00:00,Nimes,Rodez,3,2,2.0,0.0,H,H,2.87,2.9,2.45,2.5,1.5
F2,2022-04-22,20:00:00,Pau FC,Sochaux,0,1,0.0,1.0,A,A,4.75,3.4,1.66,2.07,1.72
F2,2022-04-22,20:00:00,Valenciennes,Ajaccio,0,0,0.0,0.0,D,D,4.2,2.8,2.0,3.1,1.36
F2,2022-04-23,14:00:00,Caen,Auxerre,1,1,0.0,1.0,D,A,2.62,3.0,2.55,2.25,1.61
F2,2022-04-25,19:45:00,Toulouse,Niort,2,0,1.0,0.0,H,H,1.33,4.5,7.5,1.75,2.05
F2,2022-04-30,14:00:00,Auxerre,Dunkerque,1,0,0.0,0.0,H,D,1.44,4.0,7.0,2.05,1.75
F2,2022-04-30,18:00:00,Ajaccio,Le Havre,2,1,2.0,1.0,H,H,1.5,3.75,6.0,2.4,1.53
F2,2022-04-30,18:00:00,Grenoble,Amiens,1,1,1.0,0.0,D,H,2.25,3.1,2.9,2.25,1.61
F2,2022-04-30,18:00:00,Guingamp,Caen,2,1,0.0,1.0,H,A,2.25,3.1,2.9,2.25,1.61
F2,2022-04-30,18:00:00,Nancy,Nimes,1,3,0.0,1.0,A,A,2.75,3.25,2.37,2.1,1.7
F2,2022-04-30,18:00:00,Niort,Dijon,1,3,1.0,1.0,A,D,2.4,3.1,2.75,2.2,1.65
F2,2022-04-30,18:00:00,Paris FC,Valenciennes,1,1,1.0,1.0,D,D,1.65,3.3,4.75,2.25,1.61
F2,2022-04-30,18:00:00,Quevilly Rouen,Pau FC,1,2,1.0,0.0,A,H,2.0,3.0,3.5,2.25,1.61
F2,2022-04-30,18:00:00,Sochaux,Bastia,2,1,0.0,0.0,H,D,1.7,3.4,4.33,2.5,1.5
F2,2022-05-02,19:45:00,Rodez,Toulouse,1,0,0.0,0.0,H,D,4.75,3.3,1.66,2.1,1.7
F2,2022-05-07,18:00:00,Amiens,Paris FC,1,2,0.0,0.0,A,D,2.55,3.1,2.62,2.07,1.72
F2,2022-05-07,18:00:00,Bastia,Rodez,0,1,0.0,0.0,A,D,2.25,3.2,3.1,2.25,1.61
F2,2022-05-07,18:00:00,Caen,Quevilly Rouen,2,0,0.0,0.0,H,D,1.9,3.3,3.8,2.1,1.7
F2,2022-05-07,18:00:00,Dijon,Nancy,2,3,1.0,0.0,A,H,1.83,3.5,3.8,1.88,1.98
F2,2022-05-07,18:00:00,Dunkerque,Guingamp,1,3,0.0,3.0,A,A,2.8,3.2,2.3,2.05,1.75
F2,2022-05-07,18:00:00,Grenoble,Ajaccio,1,1,1.0,0.0,D,H,5.0,3.3,1.7,2.25,1.61
F2,2022-05-07,18:00:00,Le Havre,Auxerre,1,2,1.0,0.0,A,H,3.8,3.4,1.85,1.95,1.9
F2,2022-05-07,18:00:00,Pau FC,Niort,2,2,1.0,2.0,D,A,2.25,3.3,2.87,2.05,1.75
F2,2022-05-07,18:00:00,Toulouse,Nimes,2,1,0.0,1.0,H,A,1.3,4.75,9.0,1.61,2.25
F2,2022-05-07,18:00:00,Valenciennes,Sochaux,1,0,0.0,0.0,H,D,3.0,3.2,2.25,2.05,1.75
F2,2022-05-14,18:00:00,Ajaccio,Toulouse,1,0,1.0,0.0,H,H,1.57,4.0,5.5,1.85,2.0
F2,2022-05-14,18:00:00,Auxerre,Amiens,2,1,1.0,0.0,H,H,1.44,4.5,6.5,1.65,2.2
F2,2022-05-14,18:00:00,Guingamp,Le Havre,2,1,1.0,1.0,H,D,1.95,3.75,3.2,1.57,2.35
F2,2022-05-14,18:00:00,Nancy,Pau FC,2,3,2.0,3.0,A,A,2.37,3.5,2.75,1.61,2.25
F2,2022-05-14,18:00:00,Nimes,Bastia,0,2,0.0,0.0,A,D,2.75,3.25,2.5,1.8,2.05
F2,2022-05-14,18:00:00,Niort,Valenciennes,1,2,1.0,1.0,A,D,2.5,3.25,2.7,1.85,2.0
F2,2022-05-14,18:00:00,Paris FC,Grenoble,2,0,0.0,0.0,H,D,1.61,3.6,5.25,1.9,1.95
F2,2022-05-14,18:00:00,Quevilly Rouen,Dunkerque,3,1,1.0,1.0,H,D,1.8,3.6,4.0,1.83,2.02
F2,2022-05-14,18:00:00,Rodez,Caen,2,0,0.0,0.0,H,D,2.4,3.3,2.7,1.95,1.9
F2,2022-05-14,18:00:00,Sochaux,Dijon,2,2,1.0,0.0,D,H,1.65,3.75,5.0,1.72,2.07
